Title,URL
Feynn Labs | LinkedIn,https://in.linkedin.com/company/feynn-labs
Best Data Science and Machine Learning Course Online - IIT ...,https://www.theiotacademy.co/online-certification-in-applied-data-science-machine-learning-edge-ai-by-eict-academy-iit-guwahati
jainendra kumar - Senior Machine Learning Engineer - Jobiak ...,https://in.linkedin.com/in/jainendra15
Post Graduate Certificate in Deep Learning for Computer Vision and ...,https://www.coursera.org/certificates/deep-learning-computer-vision-xr-iitguwahati
Machine Learning Course Training in Guwahati - 360DigiTMG,https://360digitmg.com/india/machine-learning-course-training-in-guwahati
Certification in Artificial Intelligence and Machine Learning by E&ICT ...,https://www.eckovation.com/course/certification-in-artificial-intelligence-and-machine-learning-by-e-ict-academy-iit-guwahati
Machine Learning Jobs In Ahmedabad Guwahati Assam - 669 ...,https://www.naukri.com/machine-learning-jobs-in-ahmedabad-guwahati-assam
Certification in Artificial Intelligence and Machine Learning by E&ICT ...,https://imarticus.org/certification-in-artificial-intelligence-and-machine-learning-by-e-ict-iit-guwahati/
Techniche- IIT Guwahati Careers | Wellfound (formerly AngelList ...,https://angel.co/techniche-iit-guwahati
Amartya Mandal - Machine Learning Engineer - Joulea | LinkedIn,https://www.linkedin.com/in/mandalamartya
Amazon.in | Amazon.jobs,https://www.amazon.jobs/en/teams/in
Salil Kanetkar - Machine Learning Engineer - Armorblox | LinkedIn,https://www.linkedin.com/in/salil-kanetkar-720077a4
Data Science Course in Guwahati [#1 Training Institute],https://www.simplilearn.com/data-science-training-course-guwahati-city
Harshith Padigela - Senior Machine Learning Engineer - PathAI ...,https://www.linkedin.com/in/harshithpadigela
How much are the Data Science Course Fees in Guwahati?,https://datamites.com/blog/how-much-are-the-data-science-course-fees-in-guwahati/
Atishay Jain - Machine Learning Engineer - Roku | LinkedIn,https://www.linkedin.com/in/atishay-jain-bb4654101
IIT Guwahati PG Certificate Programs In Cybersecurity- Artificial ...,https://unstop.com/blog/iit-guwahati-pg-certificate-programs-in-cybersecurity-artificial-intelligence-and-deep-learning
Best Data Science Certification Course Online with IIT Guwahati,https://www.edureka.co/executive-programs/advanced-program-data-science-course-iitg
Samsung Partners IIT-Guwahati to Set Up Samsung Innovation Lab ...,https://news.samsung.com/in/samsung-partners-iit-guwahati-to-set-up-samsung-innovation-labs-under-its-digital-academy-initiative
Advanced Professional Certification Programme in Data Science ...,https://www.jaroeducation.com/advanced-professional-certification-programme-in-data-science-machine-learning-iit-guwahati/
All jobs - Careers at Airbnb,https://careers.airbnb.com/positions/
Advanced Certification in Big Data Analytics - EICT IIT Guwahati,https://intellipaat.com/big-data-analytics-course-eict-iit-guwahati/
Data Science Course With Python Machine Learning in Guwahati ...,https://www.apponix.com/data-science-course-in-guwahati
IIT Guwahati to offer PG courses in Cybersecurity- AI- and Deep ...,https://analyticsdrift.com/iit-guwahati-to-offer-pg-courses-in-cybersecurity-ai-and-deep-learning/
IIT Guwahati and TPL jointly launch two Post Graduate Certificate ...,https://m.economictimes.com/industry/services/education/iit-guwahati-and-tpl-jointly-launch-two-post-graduate-certificate-programmes-in-cybersecurity-and-artificial-intelligence-deep-learning/articleshow/88831563.cms
Announcing 2 master's degrees and 13 credentials from leading ...,https://blog.coursera.org/announcing-masters-degrees-and-credentials/
1Stop I Live Projects | Internship | Certificates,https://www.1stop.ai/
Indian Institute of Information Technology Guwahati,https://www.iiitg.ac.in/faculty_cse.php
IIT Guwahati opens applications for 3 new PG certificate ...,https://news.careers360.com/iit-guwahati-opens-applications-3-new-pg-certificate-programmes-coursera-could-computing
Aditya Sharma - Software Engineer - Coalition- Inc. | LinkedIn,https://ca.linkedin.com/in/adityashrm21
11 Best Freelance Animators For Hire Near Guwahati- IN - Upwork™,https://www.upwork.com/l/in/animators-in-guwahati/
How IIT Guwahati Leads Cutting-Edge Research In AI & Data Science,https://analyticsindiamag.com/how-iit-guwahati-leads-cutting-edge-research-in-ai-data-science/
M. Tech in Data Science,https://www.iitg.ac.in/ds/
HR internship in Guwahati with job offer,https://internshala.com/internships/hr-internship-in-guwahati/ppo-true/
I got an opportunity from IIT Guwahati for AI and machine learning ...,https://www.quora.com/I-got-an-opportunity-from-IIT-Guwahati-for-AI-and-machine-learning-course-for-8-months-with-no-placement-guarantee-but-with-placement-recommendation-only-Should-I-apply-for-the-course
PG Certificate Program in Artificial Intelligence & Deep Learning | IIT ...,https://executive.timespro.com/course/technology-and-analytics/iit-guwahati-post-graduate-certificate-program-in-artificial-intelligence-deep-learning/
Data Scientist Salary in Guwahati | AmbitionBox,https://www.ambitionbox.com/profile/data-scientist-salary/guwahati-location
IIT Guwahati and TPL jointly launch two Post Graduate Certificate ...,https://economictimes.indiatimes.com/industry/services/education/iit-guwahati-and-tpl-jointly-launch-two-post-graduate-certificate-programmes-in-cybersecurity-and-artificial-intelligence-deep-learning/articleshow/88831563.cms
Data Science & Analytics - Uber Careers Job search,https://www.uber.com/in/en/careers/teams/data-science/
upGrad Careers,https://www.upgrad.com/us/careers/
Туитове с отговори от Edu-Vitae Services (@evs_services) / Twitter,https://twitter.com/evs_services/with_replies?lang=bg
Swarup Ranjan Behera,https://swarup-rj.github.io/teaching.html
Challenges in chart image classification | Proceedings of the 21st ...,https://dl.acm.org/doi/10.1145/3469096.3474931
Intellipaat Partners With IIT Guwahati's E ICT Academy to Boost ...,https://www.theweek.in/wire-updates/business/2020/06/23/pwr14-intellipaat.html
Search Result for btech – TechGig,https://content.techgig.com/searchresult.cms?query=btech
Intel Corporation Intern Reviews | Glassdoor,https://www.glassdoor.com/Reviews/Intel-Corporation-Intern-Reviews-EI_IE1519.0,17_KO18,24_IP2.htm
Why you should learn Python for Data Science in 2022? by The IoT ...,https://issuu.com/theiotacademy.co/docs/why_you_should_learn_python_for_data_science_in_20
Concrete FRP Pile Repairs In Submerged Environments,https://www.wateronline.com/doc/concrete-frp-pile-repairs-in-submerged-environments-0001
Special Education Teacher,https://jobs.chalkbeat.org/jobs/special-education-teacher-69/
Ai-Enabled Recruitment: Here'S Everything You Would Want To ...,https://www.thehighereducationreview.com/magazine/aienabled-recruitment-here-s-everything-you-would-want-to-know-QMNO599219992.html
(PDF) LEARNING VALUES IN SUSTAINABLE DESIGN PRACTICES,https://www.researchgate.net/publication/260034976_LEARNING_VALUES_IN_SUSTAINABLE_DESIGN_PRACTICES
Online Course: On the Job Site: Construction from LinkedIn Learning,https://www.classcentral.com/course/linkedin-learning-on-the-job-site-construction-78292
Learning Jobs Openings In Gurgaon - TimesJobs.com,https://www.timesjobs.com/jobs-in-gurgaon/learning-jobs
Data Science In Hindi- Data Science For Beginners- What Is Data ...,https://www.youtube.com/watch?v=U_CCKibxYjs
Selva Prabhakaran on LinkedIn: One of the popular questions in ...,https://sg.linkedin.com/posts/selvaprabhakaran_datascience-machinelearningalgorithms-activity-6862677707273199616-29IE?trk=public_profile_like_view
