Title,URL
VAD Media | LinkedIn,https://in.linkedin.com/company/vad-media-social
Data Science Course in Bettiah - Best Training Institute - Fees ...,http://quickxpertinfotech.com/data-science-course-in-bettiah
Careers | Bill & Melinda Gates Foundation,https://www.gatesfoundation.org/about/careers
Selaria Machines | LinkedIn,https://www.linkedin.com/company/selaria-machines
Top 10 AC Mechanic Training Centres in Bettiah- Institutes | Sulekha ...,https://www.sulekha.com/ac-mechanic-training/bettiah
Vivek Kumar - Software Engineer - Schlumberger | LinkedIn,https://www.linkedin.com/in/vivekkumar27
129 Happy Loans Jobs and Vacancies - 5 February 2023 | Indeed.com,https://in.indeed.com/Happy-Loans-jobs
Jobs in Bettiah - Check Latest (88) Job Openings (February 2023 ...,https://www.quikr.com/jobs/bettiah+zwqxj760939060
Best Graphic Design Courses & Certifications [2023] | Coursera,https://www.coursera.org/courses?query=graphic%20design
Reliance Nippon Life Insurance Bettiah Reviews by 4 Employees ...,https://www.ambitionbox.com/reviews/reliance-life-insurance-reviews/bettiah-location
Careers - Sun Pharmaceutical Industries Ltd.,https://sunpharma.com/careers/
Careers,https://teachmint.freshteam.com/jobs
Larsen & Toubro Limited Salaries in Bettiah | AmbitionBox,https://www.ambitionbox.com/salaries/l-and-t-salaries/bettiah-location
White Force Group | LinkedIn,https://lu.linkedin.com/company/whiteforce2020?trk=similar-pages_result-card_full-click
IndusInd Bank Collection Agent Salaries in Bettiah | AmbitionBox,https://www.ambitionbox.com/salaries/indusind-bank-salaries/collection-agent/bettiah-location
Photon: Home,https://www.photon.com/
Branch Sales Manager Salary in Bettiah | AmbitionBox,https://www.ambitionbox.com/profile/branch-sales-manager-salary/bettiah-location
Vacancies | UNICEF Careers,https://jobs.unicef.org/en
DPMI-Bettiah | Bettiah,https://m.facebook.com/people/DPMI-Bettiah/100064256552264/
Carestream Dental,https://www.carestreamdental.com/en-in/
Government Medical College- Bettiah | Bettiah,https://www.facebook.com/gmchbettiah/
Job Consultancy & Placement Services For Candidate in Bettiah ...,https://www.justdial.com/Bettiah/Placement-Services/ct-1000004175
Universal Health Services- Inc. | Healthcare Delivered with Passion,https://www.uhs.com/
GSK Clinical Sas Programmer Jobs | Glassdoor,https://www.glassdoor.co.in/Jobs/GSK-clinical-sas-programmer-Jobs-EI_IE3477.0,3_KO4,27.htm
DSA Self Paced Course – Basic to Advanced Online Course By ...,https://www.geeksforgeeks.org/dsa-self-paced-course-basic-to-advanced-online-course-by-geeksforgeeks/
M.Tech.Data Science & Engineering – BITS Pilani,https://bits-pilani-wilp.ac.in/m-tech/cluster/data-science-and-engineering.php
Graduate Catalog 2012-2014 | Alcorn State University,https://www.alcorn.edu/uploaded/files/oaa/schools/grad/Graduate_Catalog_20122014R.2.pdf
Mobile Application Testing Training in Chennai - [UPDATED] Course,https://www.acte.in/mobile-application-testing-training-in-chennai
St. Joseph's School Bettiah,https://stjosephbth.com/
A Synthesized Study Based on Machine Learning Approaches for ...,https://www.mdpi.com/2076-3417/11/16/7540
Govt.ITI Bettiah | ITI Directory,https://iti.directory/pashchim-champaran/govtiti-bettiah
Creating a User ID and Password in EBSCOadmin - Tutorial ...,https://www.youtube.com/watch?v=hab4QhCRx3o
Eye Examination - YouTube,https://www.youtube.com/watch?v=-VassqhXmQw
Bangalore- Managing septic tank cleaning - Honeysuckers - YouTube,https://www.youtube.com/watch?v=P-fiB-9r58w
DDU-GKY Skill Training at Brainware - YouTube,https://www.youtube.com/watch?v=3cS6SJYVmDo
Motorcycle/Bike Engine or Block Boring & Honing (How to use ...,https://www.youtube.com/watch?v=kBs15hFNaLc
Packing Job Work From Home| pen- pencil packing job 30000/M ...,https://m.youtube.com/watch?v=vFGx6L1uF0E
NR gears up to arrange free transportation- relief material to flood ...,http://www.earlytimes.in/newsdet.aspx?q=131446
Excellent Situotion on Chino's,https://www.marxists.org/subject/china/peking-review/1970/PR1970-39.pdf
The 30 Healthcare Elites by The Leaders Globe Magazine - Issuu,https://issuu.com/theleadersglobe/docs/whole_healthcare_new
