Title,URL
Machine Learning (ML) Course in Patna - Fee 55% Off,https://datamites.com/machine-learning-course-training-patna/
8 Data Science Jobs and Vacancies in Bihar - 5 February 2023 ...,https://in.indeed.com/Data-Science-jobs-in-Bihar
Nishant Gandhi - Senior Machine Learning Engineer - Sway AI ...,https://www.linkedin.com/in/nishantgandhi99
Rahul Arya - Senior Software Engineer Machine Learning - prezent ...,https://in.linkedin.com/in/rahul-arya-613b08b7
8 Best Freelance MATLAB Developers For Hire Near Patna- IN ...,https://www.upwork.com/hire/matlab-developers/in/patna/
Shubham _ - Machine Learning Engineer - Coinbase | LinkedIn,https://in.linkedin.com/in/shubham-stark
Amazon.in | Amazon.jobs,https://www.amazon.jobs/en/teams/in
Kartikay Gupta - Machine Learning Engineer - KlearNow | LinkedIn,https://in.linkedin.com/in/kartikay-gupta-b83036195
Best Data Science Course in Patna - IIT Madras CCE Training,https://intellipaat.com/data-scientist-course-training-patna/
Pralay Ramteke - Senior Staff Machine Learning Engineer - Palo ...,https://in.linkedin.com/in/pralay-ramteke
Artificial Intelligence Course in Patna [Rated #1],https://www.simplilearn.com/artificial-intelligence-training-courses-patna-city
Machine Learning Training Institute in Patna,https://csdt.co.in/machine-learning-institute-Patna.aspx
Is Machine Learning a Good Career? (2023 Guide) | BrainStation®,https://brainstation.io/career-guides/is-machine-learning-a-good-career
Confidence to Deploy AI with World-Class Training Data,https://appen.com/
Animesh Prasad - Machine Learning Engineer - Roku Inc. | LinkedIn,https://uk.linkedin.com/in/animesh-prasad
Europe is seeing a hiring boom in railway industry machine learning ...,https://www.railway-technology.com/features/europe-is-seeing-a-hiring-boom-in-railway-industry-machine-learning-roles/
Indian Institute of Technology- Patna,https://www.iitp.ac.in/index.php?id=583
Internship in Patna | Internshala,https://internshala.com/internships/internship-in-patna/
IIT Patna - Executive M. Tech in Artificial Intelligence | Emeritus India,https://iitpatna.emeritus.org/iitp-mtech-artificial-intelligence-programme/index.php
Top Media & Communication Companies in Patna- India | Glassdoor,https://www.glassdoor.com/Explore/top-media-companies-gaya_IS.4,9_ISEC10016_IL.20,24_IC2905233.htm
upGrad Careers,https://www.upgrad.com/us/careers/
Cisco: Networking- Cloud- and Cybersecurity Solutions,https://www.cisco.com/
Patna Job Seekers | Patna New City,https://www.facebook.com/patnajobseekers/
How researchers are using NLP and machine learning to ease your ...,https://www.elsevier.com/connect/how-researchers-are-using-nlp-and-machine-learning-to-ease-your-information-overload
IIT Madras Recruitment 2022: Applications Invited for Machine ...,https://www.dqindia.com/iit-madras-recruitment-2022-applications-invited-for-machine-learning-engineer-vacancy-salary-rs-40000/
Python Job Vacancies in Patna-Python Openings in Patna Bihar,https://www.placementindia.com/job-search/python-jobs-in-patna.htm
All jobs - Careers at Airbnb,https://careers.airbnb.com/positions/
Jobs- Student Programs & Internships | JPMorgan Chase & Co.,https://careers.jpmorgan.com/in/en/students/programs
How to Learn Artificial Intelligence (AI) | BestColleges,https://www.bestcolleges.com/bootcamps/guides/how-to-learn-ai/
Sigmoid Recruitment Process for ASDE (Assistant Software ...,https://www.geeksforgeeks.org/sigmoid-recruitment-process-for-asde-assistant-software-development-engineer-on-campus-nit-patna/
Jobs at Patna- -:SMVA Consultants (Brand RECEX),https://jobs.recex.co/jobseeker/jobs-at-patna-page-3
Data Scientist (4-8 yrs)- Patna/Bihar- Data Science-Data Scientist ...,https://www.iimjobs.com/j/data-scientist-4-8-yrs-1208905.html?ref=kp
Artificial Intelligence Course Training in Patna,https://360digitmg.com/india/artificial-intelligence-ai-and-deep-learning-in-patna
Best Digital Marketing Course in Patna [#1 Training Institute],https://www.edureka.co/digital-marketing-patna
Current Openings | Tiger Analytics,https://www.tigeranalytics.com/current-openings/
Internet Of Things (IOT) Training At Patna - Internet Of Things (IOT ...,https://www.patnaindustrialtraining.com/internet-of-things-iot-training-at-patna-internet-of-things-iot-course-in-patna
At IITs- Computer Science students offered job packages worth crores,https://indianexpress.com/article/jobs/computer-science-continues-to-be-a-lucrative-branch-iit-students-fetch-jobs-offers-worth-crores-7721460/
Machine Learning Research Intern for Gastronomy – Sony AI,https://ai.sony/joinus/job-roles/Machine-Learning-Research-Intern-for-Gastronomy/
IIT Patna offers free course on IoT- machine learning,https://www.shiksha.com/news/engineering-iit-patna-offers-free-course-on-iot-machine-learning-blogId-111127
Infosys Careers - Internships,https://www.infosys.com/careers/internships.html
9 Students From IIT Patna Receive INR 61 LPA Package // Unstop ...,https://unstop.com/blog/iit-patna-placement-report
IIT Patna offering 8-week free online course on IoT and ML | TechGig,https://content.techgig.com/upskilling-at-techgig/iit-patna-offering-8-week-free-online-course-on-iot-and-ml/articleshow/96342515.cms
Advertisement No. CORP/GRP.A/03/2021: Group A S&T Posts (Patna),https://www.cdac.in/index.aspx?id=job_2021_Grp_A_ST_Patna
Artificial Intelligence (M.A.S.) | Illinois Institute of Technology,https://www.iit.edu/academics/programs/artificial-intelligence-mas
What are the Roles and Responsibilities of a Machine Learning ...,https://emeritus.org/in/learn/what-are-the-roles-and-responsibilities-of-a-machine-learning-engineer/
Get Industry Oriented Advance Certification in Machine Learning ...,https://kvch.in/industry-oriented-advanced-certification-machine-learning
The 3 Best Free AI and Machine Learning Courses (2022),https://www.marketingaiinstitute.com/blog/3-free-online-artificial-intelligence-courses-taught-by-google-and-stanford-experts
BlackBerry Careers - BlackBerry Jobs,https://www.blackberry.com/us/en/company/careers
Home - Quantiphi- Inc.,https://quantiphi.com/
Machine Learning Based Optimized Pruning Approach for Decoding ...,https://www.researchgate.net/publication/329913583_Machine_Learning_Based_Optimized_Pruning_Approach_for_Decoding_in_Statistical_Machine_Translation
Unsupervised method to ensemble results of multiple clustering ...,https://dl.acm.org/doi/abs/10.1109/CEC.2017.7969475
Data Science and Business Analytics Training in Patna | Sulekha,https://www.sulekha.com/data-science-and-business-analytics-training/patna
Omdena | LinkedIn,https://ph.linkedin.com/company/omdena/?trk=organization-update_share-update_actor-text
Jyoti Kumari | National Institute of Technology Patna - Academia.edu,https://nitpatna.academia.edu/JyotiKumari
11 Indian Institute of Technology (IIT)- Patna Placement Interview ...,https://www.ambitionbox.com/colleges/indian-institute-of-technology-iit-patna-placement-interview-questions
Data Science In Hindi- Data Science For Beginners- What Is Data ...,https://www.youtube.com/watch?v=U_CCKibxYjs
Infrared cameras and artificial intelligence provide insight into ...,https://www.miragenews.com/infrared-cameras-and-artificial-intelligence-592015/
Salary: Oxford University Engineering | Glassdoor,https://www.glassdoor.co.uk/Salary/Oxford-University-Engineering-Salaries-EI_IE12941.0,17_DEPT1007.htm
Abdulhai Aslam - Lahore District- Punjab- Pakistan | Professional ...,https://pk.linkedin.com/in/abdulhai-aslam-5a623617b
