Title,URL
Data scientist salary in Nizamabad- Telangana,https://in.indeed.com/career/data-scientist/salaries/Nizamabad--Telangana
1 Operations Jobs for Freshers in Nizamabad- Jan | Internshala,https://internshala.com/fresher-jobs/operations-jobs-in-Nizamabad/
Careers at UCB | UCB jobs,https://careers.ucb.com/
0 Content Writing Jobs for Freshers in Nizamabad- Feb | Internshala,https://internshala.com/fresher-jobs/content-writing-jobs-in-nizamabad/
Now- Undergrads Can Be Coding Geeks With Ai & Ml In Syllabus ...,https://timesofindia.indiatimes.com/city/hyderabad/now-undergrads-can-be-coding-geeks-with-ai-ml-in-syllabus/articleshow/92737208.cms
Edms Jobs In Hyderabad Secunderabad Nizamabad - 2929 Edms ...,https://www.naukri.com/edms-jobs-in-hyderabad-secunderabad-nizamabad
List of Jobs offered by Careerera,https://www.careerera.com/jobs-in-nizamabad
Page 6 - J2me Developer Jobs In Nizamabad - 2581 J2me ...,https://www.naukri.com/j2me-developer-jobs-in-nizamabad-6
Keerthan Taraka - Nizamabad- : Graduate and full stack developer ...,https://www.superprof.ng/graduate-and-full-stack-developer-can-teach-basic-computer-skills-networking-and-can-teach-basics-machine-learning.html
Top Embroidery Job Works in Nizamabad - Best Embroidery Works ...,https://www.justdial.com/Nizamabad/Embroidery-Job-Works/nct-10187270
Edureka: Instructor-Led Online Training with 24X7 Lifetime Support,https://www.edureka.co/
List of 20 tech.at.core Employees - Find Emails & Phones - SignalHire,https://www.signalhire.com/companies/tech-at-core/employees
Locations - PayPal India: Overview - PayPal Careers,https://careers.pypl.com/locations/india/
Build a model to predict the impact of weather on urban air quality ...,https://aws.amazon.com/blogs/machine-learning/build-a-model-to-predict-the-impact-of-weather-on-urban-air-quality-using-amazon-sagemaker/
Walmart Floor Associate Salaries in Nizamabad | AmbitionBox,https://www.ambitionbox.com/salaries/walmart-salaries/floor-associate/nizamabad-location
Aditya Priyadarshi - Software Engineer - Meta | LinkedIn,https://www.linkedin.com/in/ad1407
Top 10 Job Training in Nizamabad- Centers- Institutes- Courses ...,https://www.sulekha.com/job-training/nizamabad
Best AI Data Solutions by Data Annotation and Labeling Companies ...,https://www.cogitotech.com/
Top 10 Baby sitter in Nizamabad- Nanny in Nizamabad- Child Care ...,https://www.sulekha.com/child-care-services/nizamabad
Urgent: Hdfc bank freshers Jobs in Nizamabad (district) - February ...,https://in.jooble.org/jobs-hdfc-bank-freshers/Nizamabad-(district)
Remote Data Scientist Jobs | Turing jobs,https://www.turing.com/jobs/remote-data-scientist
Latest Job Vacancies | Search and apply | Diageo Careers,https://www.diageo.com/en/careers/search-and-apply
Vacancies | UNICEF Careers,https://jobs.unicef.org/en
Web Designer Programmer Post Graduate Jobs in India - 103199 ...,https://www.timesjobs.com/jobskill/web-designer-programmer-post+graduate-jobs
51681 Learning Framework Development Jobs Openings in India,https://www.timesjobs.com/jobskill/learning-framework-development-jobs
Erp Data Jobs in India - TimesJobs,https://m.timesjobs.com/jobskill/erp-data-jobs
Agmatrix - Careers bridge | Facebook,https://www.facebook.com/groups/1568195863378031/?locale=tr_TR
Ethnopharmacology | Apply for Honorary DSc in ...,https://sites.google.com/site/honorarydegreeacademics/ethnopharmacology-apply-for-honorary-dsc-in-ethnopharmacology-admission-announcement
Forecasting Dengue Fever using Classification Techniques in Data ...,https://www.researchgate.net/publication/334155032_Forecasting_Dengue_Fever_using_Classification_Techniques_in_Data_Mining
Jobs in Nizamabad - Jobs in Telangana - New Nizamabad Jobs ...,https://www.youtube.com/watch?v=bjKpU0dx9qg
