Title,URL
PEDDAPALLI DISTRICT | GOVERNMENT OF TELANGANA | India,https://peddapalli.telangana.gov.in/
Marketing/Sales Internship in Ramagundam | Internshala,https://internshala.com/internships/marketing%2Fsales-internship-in-ramagundam/
Unity for Educators | Unity Education,https://unity.com/learn/educators
Home | Department of Mechanical Engineering | Virginia Tech,https://me.vt.edu/
Data scientist salary in Warangal- Telangana,https://in.indeed.com/career/data-scientist/salaries/Warangal--Telangana
Automaxis Careers | Wellfound (formerly AngelList Talent),https://angel.co/automaxis
Jobs In Warangal Ramagundam - 330 Job Vacancies In Warangal ...,https://www.naukri.com/jobs-in-warangal-ramagundam
Alexandria Technology Jobs | Wellfound (formerly AngelList Talent),https://angel.co/company/alexandria-technology/jobs
CAREERS AT LG | CAREERS | LG Global,https://www.lg.com/global/careers/career
IT hubs in Tier II- III towns of Telangana to generate 25-000 jobs in ...,https://content.techgig.com/technology/it-hubs-in-tier-ii-iii-towns-of-telangana-to-generate-25000-jobs-in-next-2-years/articleshow/82325293.cms
Gmmco Service Engineer Salaries in Ramagundam | AmbitionBox,https://www.ambitionbox.com/salaries/gmmco-salaries/service-engineer/ramagundam-location
Web Scraping Using Selenium Python | Selenium for Web Scraping,https://www.analyticsvidhya.com/blog/2020/08/web-scraping-selenium-with-python/
Megha Engineering & Infrastructures Ramagundam Reviews by 6 ...,https://www.ambitionbox.com/reviews/megha-engineering-and-infrastructure-reviews/ramagundam-location
Free course: Announcing Learning COBOL Programming with ...,https://www.ibm.com/blogs/ibm-training/free-course-announcing-learning-cobol-programming-with-vscode/
Vaishnavi Kommaraju - Machine Learning Engineer - Amazon Web ...,https://www.linkedin.com/in/vaishnavi-kommaraju
Tailoring Classes in Godavarikhani- Ramagundam- Stitching ...,https://www.sulekha.com/tailoring-training/godavarikhani-ramagundam
Sindhuja Madishetty - SW Engineer I - NCR Corporation | LinkedIn,https://in.linkedin.com/in/sindhuja-madishetty
SERCO CONSTRUCTION GROUP- LTD. | LinkedIn,https://www.linkedin.com/company/sercoconstruction
Mithra Group | LinkedIn,https://in.linkedin.com/company/mithra-group
Job Trend | Page 16 of 29 | SkillOutlook.com,https://skilloutlook.com/job-trend/page/16
RPF's Shakti teams for women safety launched,https://www.deccanchronicle.com/nation/in-other-news/200922/shakthi-for-women-and-child-safety-in-trains-rpf.html
Branch in Ramagundam- Karimnagar- 505215 | HDFC Bank,https://near-me.hdfcbank.com/branch-atm-locator/hdfc-bank-ramagundam-banks-ramagundam-karimnagar-11139/Home
Check Latest 21 Part Time Jobs Openings In Ramagundam ...,https://www.quikr.com/jobs/part-time+ramagundam+zwqxj2034660499
Top Engineering Colleges in Ramagundam - Best College of ...,https://www.justdial.com/Ramagundam/Engineering-Colleges-in-Ramagundam-HO/nct-10188852
Machine learning Jobs: Jobs for freshers with Machine learning ...,https://www.freshersworld.com/machine-learning-jobs/3535242
RFCL - Headquarters Locations- Products- Competitors- Financials ...,https://www.cbinsights.com/company/rfcl
M.Tech.Data Science & Engineering – BITS Pilani,https://bits-pilani-wilp.ac.in/m-tech/cluster/data-science-and-engineering.php
Careers at Mars India | Mars India job opportunities,https://careers.mars.com/in/en
Sun Technologies: IT Solutions | Managed IT Services and Support,https://www.suntechnologies.com/
TATA Projects - Leading Engineering Company in India.,https://www.tataprojects.com/
Junior Excavator Operator Training Courses in India,https://www.volvoce.com/global/en/building-tomorrow/building-tomorrow-project/building-tomorrow-project/a-future-excavator-operator/
Bachpan Play School | Bachpan School Hyderabad facilities | Play ...,https://www.youtube.com/watch?v=rIkEPH8EAMQ
Indian Trains - Teenmaar telugu news - YouTube,https://www.youtube.com/watch?v=oSbhNMkOF58
