Title,URL
Machine Learning - New Normal in Insurance Pricing???,https://www.linkedin.com/pulse/machine-learning-new-normal-insurance-pricing-anantapur-guggila?trk=articles_directory
THE TRELLIS SCHOOL | LinkedIn,https://in.linkedin.com/company/the-trellis-school
Jobs • Synergy Technologies,https://synergytechs.net/jobs/
25 Machine Learning Jobs and Vacancies in Andhra Pradesh - 3 ...,https://in.indeed.com/Machine-Learning-jobs-in-Andhra-Pradesh
HR Internship in Anantapur | Internshala,https://internshala.com/internships/hr-internship-in-anantapur/
Data scientist salary in Anantapur- Andhra Pradesh,https://in.indeed.com/career/data-scientist/salaries/Anantapur--Andhra-Pradesh
1 Engineering Jobs for Freshers in Anantapur- Jan | Internshala,https://internshala.com/fresher-jobs/engineering-jobs-in-Anantapur/
Jobs In Anantapur - 149 Job Vacancies In Anantapur - Naukri.com,https://www.naukri.com/jobs-in-anantapur
1 Marketing/Sales Jobs for Freshers in Anantapur- Jan | Internshala,https://internshala.com/fresher-jobs/marketing%2Fsales-jobs-in-anantapur/
Jawaharlal Nehru Technological University Anantapur: Home,https://www.jntua.ac.in/
0 Finance Jobs for Freshers in Anantapur- Feb | Internshala,https://internshala.com/fresher-jobs/finance-jobs-in-anantapur/
Ramana Anantapur - Lead Data and BI Consultant - Enzen Australia ...,https://au.linkedin.com/in/ramana-anantapur-76095923
Google Developers Certification,https://developers.google.com/certification
M.Tech (Artificial Intelligence) Course at SRM University- Anantapur,https://universitykart.com/university/universitycourse/srm-university-anantapur/m-tech-artificial-intelligence-and-machine-learning
RealPage Careers and Job Openings | RealPage,https://www.realpage.com/careers/
SAS Academy for Data Science | SAS,https://www.sas.com/en_us/training/academy-data-science.html
Anantapur District Mega Job Mela 2023,https://education.sakshi.com/en/jobs/pvt-jobs/anantapur-district-mega-job-mela-2023-124414
Unicsoft: Technology Consulting Company,https://unicsoft.com/
Data Science Training in Anantapur- Course Fees- Certification ...,https://www.sulekha.com/data-science-certification-training/anantapur
Siflon Drugs Salaries in Anantapur | AmbitionBox,https://www.ambitionbox.com/salaries/siflon-drugs-salaries/anantapur-location
Faculty | Computer Science and Engineering | University of South ...,https://www.usf.edu/engineering/cse/people/index.aspx
Reliance Jiomart jobs in Anantapur- 2020 | jiomart jobs | Jio career -,https://jioguide.com/reliance-jio-jobs-in-anantapur-2020-jio-jobs-jio-career/
(PDF) Dynamic Job Scheduling Strategy for Unreliable Nodes in a ...,https://www.researchgate.net/publication/311157995_Dynamic_Job_Scheduling_Strategy_for_Unreliable_Nodes_in_a_Volunteer_Desktop_Grid
(PDF) Machine learning intersections and challenges in deep learning,https://www.researchgate.net/publication/347364869_Machine_learning_intersections_and_challenges_in_deep_learning
(PDF) A Comparative Study on CPU Load Predictions in a ...,https://www.researchgate.net/publication/294107118_A_Comparative_Study_on_CPU_Load_Predictions_in_a_Computational_Grid_using_Artificial_Neural_Network_Algorithms
Two-stage framework for optic disc segmentation and estimation of ...,https://www.researchgate.net/publication/349990859_Two-stage_framework_for_optic_disc_segmentation_and_estimation_of_cup-to-disc_ratio_using_deep_learning_technique
Unilever Manager Reviews | Glassdoor,https://www.glassdoor.com/Reviews/Unilever-Manager-Reviews-EI_IE3513.0,8_KO9,16_IP3.htm
51681 Learning Framework Development Jobs Openings in India,https://www.timesjobs.com/jobskill/learning-framework-development-jobs
CMR Institute of Technology | Best Private Engineering College in ...,https://www.cmrit.ac.in/
Concrete Contractor News - Home | Facebook,https://m.facebook.com/concretecontractornews/
Gouse Basha Shaik - MS SQL SERVER DBA at Royal cyber Riyadh ...,https://sa.linkedin.com/in/gouse-basha-shaik-60b052189
Erp Data Jobs in India - TimesJobs,https://m.timesjobs.com/jobskill/erp-data-jobs
Masters in Physics to Data Scientist Career Transition Story - YouTube,https://www.youtube.com/watch?v=yXEZr2fg3TY
Grand salmon run algorithm for solving optimal reactive power ...,http://article.sciencepublishinggroup.com/pdf/10.11648.j.ijepe.20140302.16.pdf
Attitudes Towards Cloud Computing Adoption in Emerging Economies,https://www.igi-global.com/chapter/attitudes-towards-cloud-computing-adoption-in-emerging-economies/275381
