Title,URL
Bankura District- Government of West Bengal | Town of Terracotta ...,https://bankura.gov.in/
Scientist Jobs In Bankura West Bengal - 211 Scientist Job ...,https://www.naukri.com/scientist-jobs-in-bankura-west-bengal
AYAT LOGISTICS- INC | LinkedIn,https://www.linkedin.com/company/ayat-logistics-inc
Horticulture Jobs In Bankura West Bengal - 101 Horticulture Job ...,https://www.naukri.com/horticulture-jobs-in-bankura-west-bengal
Mahamaya Electronics | LinkedIn,https://in.linkedin.com/company/mahamaya-electronics
Machine Learning Training Course in Bankura - Fees- Placements,http://quickxpert.com/machine-learning-training-course-in-bankura
Shruti Mukherjee - Bankura- West Bengal- India | Professional ...,https://in.linkedin.com/in/shruti-mukherjee-804667214
Ocrolus: Intelligent Document Automation Software,https://www.ocrolus.com/
RAHUL MANDAL - Data Science Intern - CodeClause | LinkedIn,https://in.linkedin.com/in/rahul-mandal-a95b57210
BankuraUniversity | BKU | Welcome to Bankura University-Bankura ...,https://www.bankurauniv.ac.in/
Top 10 Tailoring Classes in Bankura- Stitching- Sewing Courses ...,https://www.sulekha.com/tailoring-training/bankura
Best Python Courses & Certifications [2023] | Coursera,https://www.coursera.org/courses?query=python
Amazon Pay | Amazon.jobs,https://www.amazon.jobs/payments
Bankura Christian College,http://www.bankurachristiancollege.in/
KALIMATA VYAPAAR PRIVATE LIMITED Company Profile ...,https://www.dnb.com/business-directory/company-profiles.kalimata_vyapaar_private_limited.a06fc312eb00c4608e3c64e51309e7a4.html
Jobs in Bankura - Check Latest (215) Job Openings (February 2023 ...,https://www.quikr.com/jobs/bankura+zwqxj760939060
Reliance jio Bankura Reviews by 14 Employees | AmbitionBox,https://www.ambitionbox.com/reviews/ireliance-jio-reviews/bankura-location
Ranadip Pal- Ph.D. | Faculty | Electrical & Computer Engineering | TTU,https://www.depts.ttu.edu/ece/faculty/ranadip_pal/index.php
Saab Group Systems Engineer Salaries | Glassdoor,https://www.glassdoor.com/Salary/Saab-Group-Systems-Engineer-Salaries-E11108_D_KO11,27.htm
Bankura Unnayani Institute Of Engineering,https://timesascent.com/NewCompanyProfile/Bankura-Unnayani-Institute-Of-Engineering/32529
Welcome To The Official Website of Bankura Sammilani College,http://www.bankurasammilanicollege.net/
New Satellite Campus of MAKAUT- WB at Bankura,https://allinfomakaut.blogspot.com/2019/09/new-satellite-campus-of-makaut-wb-at.html
Xerox Machines in Bankura- West Bengal | Xerox Machines ...,https://dir.indiamart.com/bankura/xerox-machines.html
Branch in Kajuridanga- Bankura- 722102 | HDFC Bank,https://near-me.hdfcbank.com/branch-atm-locator/hdfc-bank-bankura-banks-kajuridanga-bankura-11577/Home
Colgate-Palmolive – Global Household & Consumer Products,https://www.colgatepalmolive.com/en-us
Treadmills – Which size is right for you? Australian Review of ...,https://www.youtube.com/watch?v=SHqdnIkBPw8
(PDF) ধান রোযা যন্ত্রের ব্যবহারে অধিক সাশ্রয়,https://www.researchgate.net/publication/345358617_dhana_roya_yantrera_byabahare_adhika_sasraya
In the classroom.. | By Zenith Education - Bankura | Facebook,https://www.facebook.com/zenithbankura/videos/in-the-classroom/295507974424910/
Muhammad Sikander - majmatalburaq - najmatalburaq | LinkedIn,https://ae.linkedin.com/in/muhammad-sikander-0ba861213
Ethnopharmacology | Apply for Honorary DSc in ...,https://sites.google.com/site/honorarydegreeacademics/ethnopharmacology-apply-for-honorary-dsc-in-ethnopharmacology-admission-announcement
Preface The EU-INDIA Cross-Cultural Innovation Network The EU ...,https://citeseerx.ist.psu.edu/document?repid=rep1&type=pdf&doi=ee96140af0ef37922b44a7e2e3ed7aefac39e120
Scanned Image,https://www.marxists.org/history/etol/newspape/redmole/v02n04-feb-16-28-1971.pdf
ab initio cluster: Topics by Science.gov,https://www.science.gov/topicpages/a/ab+initio+cluster
Rating - Codeforces,https://codeforces.com/ratings/organization/19079
Rating - Codeforces,https://codeforces.com/ratings/organization/30526
