Title,URL
Nishat Afreen - Machine Learning Engineer - Quantiphi | LinkedIn,https://in.linkedin.com/in/nishat-afreen-a42b46190
Chatbot- Machine Learning and Artificial Intelligence - Jamshedpur ...,https://www.naukri.com/job-listings-chatbot-machine-learning-and-artificial-intelligence-tata-industries-limited-tata-insights-and-quants-divison-mumbai-jamshedpur-bengaluru-bangalore-2-to-4-years-261219501455
Current Openings | Tiger Analytics,https://www.tigeranalytics.com/current-openings/
Imurgence Data Scientist Job in Jamshedpur | Glassdoor,https://www.glassdoor.co.in/job-listing/data-scientist-imurgence-JV_IC2922237_KO0,14_KE15,24.htm?jl=1006112572093
Data scientist salary in Jamshedpur- Jharkhand,https://in.indeed.com/career/data-scientist/salaries/Jamshedpur--Jharkhand
How much are the Data Science Course Fees in Jamshedpur?,https://datamites.com/blog/how-much-are-the-data-science-course-fees-in-jamshedpur/
Priyanka Debnath - Database Engineer - American Express | LinkedIn,https://www.linkedin.com/in/priyanka-debnath-67a334113
Software Engineer Salary in Jamshedpur | AmbitionBox,https://www.ambitionbox.com/profile/software-engineer-salary/jamshedpur-location
Careers | Cummins Inc.,https://www.cummins.com/careers
Internship in Jamshedpur | Internshala,https://internshala.com/internships/internship-in-jamshedpur/
Best Data Science Course in Jamshedpur - IIT Madras CCE Training,https://intellipaat.com/data-scientist-course-training-jamshedpur/
Manager - Analytics (5-10 yrs)- Jamshedpur/Jharkhand- Analytics ...,https://www.iimjobs.com/j/manager-analytics-5-10-yrs-1093671.html?ref=kp
Data Science Course With Python Machine Learning in jamshedpur ...,https://www.apponix.com/data-science-course-in-jamshedpur
Define your career with IBM,https://www.ibm.com/careers/us-en/
Utsav Deep - Senior Software Engineer - Coupang | LinkedIn,https://sg.linkedin.com/in/utsav-deep-89708584
Machine Operator Job Vacancies in Jamshedpur-Machine Operator ...,https://www.placementindia.com/job-search/machine-operator-jobs-in-jamshedpur.htm
National Institute of Technology Jamshedpur Online applications are ...,https://www.facultytick.com/2022/05/18/national-institute-of-technology-jamshedpur-online-applications-are-invited-for-teaching-faculty-positions-at-the-level-of-assistant-professor-on-contract/
Career Opportunities in Artificial Intelligence: List of Various Job ...,https://www.upgrad.com/blog/career-opportunities-in-artificial-intelligence/
Careers Opening,https://www.tataiq.com/careersopening.html
Jobs at Timken,https://careers.timken.com/
Tranzeal,http://tranzeal.com/
Artificial Intelligence & Machine Learning Courses | Emeritus India,https://emeritus.org/in/programmes/artificial-intelligence-and-machine-learning-courses/
Artificial Intelligence Engineer Training in Jamshedpur Tickets by ...,https://www.townscript.com/e/artificial-intelligence-engineer-training-in-jamshedpur-421324
Openings,https://www.imurgence.com/home/openings
Manager - Analytics job at Tata Insights and Quants - Instahyre,https://www.instahyre.com/job-162569-manager-analytics-at-tata-insights-and-quants-jamshedpur/
Machine learning algorithms for failure prediction and yield ...,https://www.researchgate.net/publication/335589124_Machine_learning_algorithms_for_failure_prediction_and_yield_improvement_during_electric_resistance_welded_tube_manufacturing
Halliburton Interview Questions | Glassdoor,https://www.glassdoor.com/Interview/Halliburton-Interview-Questions-E307_P4.htm
Muhammad Sikander - majmatalburaq - najmatalburaq | LinkedIn,https://ae.linkedin.com/in/muhammad-sikander-0ba861213
Oracle Member Of Technical Staff Reviews | Glassdoor,https://www.glassdoor.co.uk/Reviews/Oracle-Member-Of-Technical-Staff-Reviews-EI_IE1737.0,6_KO7,32.htm
Jobs & Careers - The Tribune- Chandigarh- India,https://m.tribuneindia.com/2014/20141112/jobs.htm
Proceedings of the 2018 IEEE/ACM International Conference on ...,https://dl.acm.org/doi/pdf/10.5555/3382225.3382309
Factories of Future Find Growth and Sustainability Through ...,https://www.miragenews.com/factories-of-future-find-growth-and-528317/
Assignment3 1,https://www.slideshare.net/s1190177/assignment3-1
Exploration Jobs Openings In Chennai - TimesJobs.com,https://www.timesjobs.com/jobs-in-chennai/exploration-jobs
MIT ADT University to offer Post Graduate Diploma in Data Science ...,https://www.republicworld.com/education/admissions/mit-adt-university-to-offer-post-graduate-diploma-in-data-science.html
Data Science or Predictive Analytics Requirements,https://www.jetir.org/papers/JETIRFT06016.pdf
488 Agriculture / Dairy Job Vacancies - Shine.com- Apply Now!,https://www.shine.com/job-search/agriculture-dairy-jobs-4
Palantir Technologies - Full Stack Software Engineer - Foundry Core ...,https://jobs.lever.co/palantir/85986c88-0c0b-4389-a560-bc1cf4133c75/apply
Full Stack Development Courses & Certifications at Udacity ...,https://www.careers360.com/courses-certifications/udacity-full-stack-development-courses-brp-org
Voice of India for startups - Groupes | Facebook,https://fr-fr.facebook.com/Voifs.india/groups/
Erp Data Jobs in India - TimesJobs,https://m.timesjobs.com/jobskill/erp-data-jobs
Search Result for pre-placement offers – TechGig,https://content.techgig.com/searchresult.cms?query=pre-placement%20offers
Table of Contents,https://www.igi-global.com/pdf.aspx?tid=277764&ptid=271736&ctid=15&t=Table%20of%20Contents&isxn=9781799885931
