Title,URL
Machine Learning Training Course in Baripada - Fees- Placements,http://quickxpert.com/machine-learning-training-course-in-baripada
Job search | Amazon.jobs,https://www.amazon.jobs/en/search?base_query=&loc_query=Tamil+Nadu%2C+India&region=Tamil+Nadu&country=IND
Extreme learning machine and bayesian optimization-driven ...,https://www.ncbi.nlm.nih.gov/pmc/articles/PMC8994862/
Stanley Black & Decker,https://www.stanleyblackanddecker.com/
Rotary International: Home EN,https://www.rotary.org/
Ankit Nayak - Machine Learning Engineer - Handshake | LinkedIn,https://www.linkedin.com/in/ankit-nayak
Find Manufacturing Companies in Baripada - Dun & Bradstreet,https://www.dnb.com/business-directory/company-information.manufacturing.in.odisha.baripada.html
Bajaj Finserv Baripada Reviews by 3 Employees | AmbitionBox,https://www.ambitionbox.com/reviews/bajaj-finserv-reviews/baripada-location
Government considers Artificial Intelligence (AI) to be a kinetic ...,https://orissadiary.com/government-considers-artificial-intelligence-ai-to-be-a-kinetic-enabler-for-the-growth-of-our-digital-economy-investments-and-jobs-rajeev-chandrasekhar/
IRON TRIANGLE LIMITED (BACK BONE OFFICE) Baripada ...,https://www.ambitionbox.com/reviews/iron-triangle-limited-back-bone-office-reviews/baripada-location
Top 10 Beautician Courses in Baripada- Makeup Courses | Sulekha ...,https://www.sulekha.com/beautician-job-training/baripada
India,https://www.pepsicojobs.com/india
Coding jobs in Orissa,https://in.indeed.com/m/jobs?q=Coding&l=Orissa
M.Tech.Data Science & Engineering – BITS Pilani,https://bits-pilani-wilp.ac.in/m-tech/cluster/data-science-and-engineering.php
Pentagram Consulting Pvt Ltd | LinkedIn,https://in.linkedin.com/company/pentagram-consulting
Procurement News - SBI In the News,https://sbi.co.in/web/sbi-in-the-news/procurement-news
Birendra Kumar Sahu - Senior Director Of Engineering - Head of ...,https://in.linkedin.com/in/birendrasahu
What is the Salary of a Blockchain Developer? [2023 Edition],https://www.simplilearn.com/salary-of-blockchain-developer-article
53 Cleaning Job Interview Questions (With Sample Answers ...,https://www.indeed.com/career-advice/interviewing/cleaning-job-interview-questions
TVS Supply Chain Solutions - TVS SCS,https://www.tvsscs.com/
Jobs in Baripada - Check Latest (79) Job Openings (February 2023 ...,https://www.quikr.com/jobs/baripada+zwqxj760939060
Ride with Uber | Request Rides 24/7 | Official Uber Site,https://www.uber.com/ae/en/ride/
Baripada Municipality (@baripadam) / Twitter,https://twitter.com/baripadam?lang=en
SEG Automotive: starter motors- electrification components ...,https://www.seg-automotive.com/
Sarine Diamond Technologies - A World leader in the diamond ...,https://sarine.com/
Pump Repair and Maintenance,https://live.tpctraining.com/public-seminars/?eventtemplate=22-pump-repair-and-maintenance
Disha Foundation,http://www.dishafoundation.ngo/
List Of Best Hospitals in Baripada Bazar - Best Multispeciality ...,https://www.justdial.com/Mayurbhanj/Hospitals-in-Baripada-Bazar/nct-10253670
Welcome to Central Tool Room & Training Centre-Bhubaneswar,https://www.cttc.gov.in/
Ravenshaw University,https://ravenshawuniversity.ac.in/
Extreme learning machine and bayesian optimization-driven ...,https://link.springer.com/article/10.1007/s11227-022-04453-z
CIPET | Central Institute of Petrochemicals Engineering ...,https://www.cipet.gov.in/
Raghunath Murmu - Wikipedia,https://en.wikipedia.org/wiki/Raghunath_Murmu
Job Oriented Machine Learning Training Institute in Pune. Get ...,https://www.webasha.com/courses/machine-learning-online-training-institute-certification-exam-center
Sector-wise Training Partners approved by National Skill ...,https://www.aicte-india.org/sites/default/files/NSDC%20approved%20training%20partners%20details.pdf
Welcome to Govt. Polytechnic Mayurbhanj- Tikarpada,https://gpmayurbhanj.org.in/
Indian Pongamia pinnata seeds market,https://www.terviva.com/wp-content/uploads/2020/10/GIZ-Pongamia-Report-2020.pdf
Birds | Free Full-Text | Bird Assemblages in a Peri-Urban Landscape ...,https://www.mdpi.com/2673-6004/3/4/26
Doctor On Demand - Apps on Google Play,https://play.google.com/store/apps/details?id=com.doctorondemand.android.patient&hl=en_US&gl=US
Bioinformatics- AI & Big Data | Department of Biotechnology,https://dbtindia.gov.in/schemes-programmes/research-development/knowledge-generation-discovery-research-new-tools-and-0
App Service — Build & Host Web Apps | Microsoft Azure,https://azure.microsoft.com/en-in/products/app-service/
Duracell Ultra Alkaline AA & Rechargeable Batteries,https://www.duracell.in/
St Mary's Covent School Raghunathpur- Baripada: Admission- Fee ...,https://school.careers360.com/schools/st-marys-covent-school-raghunathpur-baripada
Welcome to Legrand - Legrand,https://www.legrand.com/en/landing
Automation Testing Course in Baripada - Best Training Institute ...,http://quickxpertinfotech.com/automation-testing-course-in-baripada
DOT NET Course in Baripada - Best Training Institute - Fees ...,http://quickxpertinfotech.com/DOT-NET-course-in-baripada
7 Machine Learning Applications in Our Daily Life,https://www.iffcoyuva.in/en/blogs/detail/7-machine-learning-applications-in-our-daily-life-143.html
Join as BDE at Byju's - Apply Fresher Jobs in Baripada OD,https://freshersjobsalert.com/career/byjus-career-in-baripada-odisha
Swiggy - how can I solve the problem of my location that it makes. | G2,https://www.g2.com/discussions/27043-how-can-i-solve-the-problem-of-my-location-that-it-makes
Centurion University: Best Private University in Odisha- Autonomous ...,https://cutm.ac.in/
Electrical Engineering,https://msebaripada.org/electrical-engineering-120-seat/
Computer Typewriting (Typing) Course: Fees- Syllabus- Online ...,https://leverageedu.com/blog/typewriting-course/
List of State Nursing Council Recognised Institutions offering ANM ...,https://indiannursingcouncil.org/uploads/pdf/16194538731152389816086e7b1c191b.pdf
Breastfeeding Series - Global Health Media Project,https://globalhealthmedia.org/our-projects/breastfeeding-series/
Scooty Driving School for Ladies | Two wheeler lady trainer | Lady ...,https://www.aatmnirbhar.com/
IIEST: Home,https://www.iiests.ac.in/
What is your review of Baripada- Odisha- India? - Quora,https://www.quora.com/What-is-your-review-of-Baripada-Odisha-India
British Institute of Homeopathy - Distance Learning School,https://bihint.com/
Bijaya Gautam - Advisor Board - ktmbees | LinkedIn,https://np.linkedin.com/in/bijayagautam
Careers at Tata Play (formerly Tata Sky) - Work with India's Premier ...,https://www.tataplay.com/dth/careers
Tata Power-DDL Customer Service Helpline Number - 1800-208-9124,https://www.tatapower-ddl.com/contact-us/touchpoints/locate-us
Private Law Colleges in Baripada 2023 – Courses- Fees- Admission ...,https://law.careers360.com/colleges/list-of-private-law-colleges-in-baripada
Cyber-Physical Systems - 1st Edition,https://www.elsevier.com/books/cyber-physical-systems/poonia/978-0-12-824557-6
Parala Maharaja Engineering College,https://www.pmec.ac.in/
SUMMER HOLIDAY HOMEWORK GRADE – VIII SESSION: 2022-23 ...,https://meridianmadhapur.com/wp-content/uploads/2022/05/GRADE-VIII-HOLIDAY-HW.pdf
No Slide Title,http://www.sldcorissa.org.in/optcl_network.ppt
Car Denting Painting Starting At Just ₹1-899/- Only | 100% Colour ...,https://www.youtube.com/watch?v=rVy6MKjZ-yY
School Uniform Pinafore Stitching Tailoring Classes Girls School ...,https://www.youtube.com/watch?v=ycXAIAh-1Zc
Jhumur dance of the Tea Tribe - Assam - YouTube,https://www.youtube.com/watch?v=xdZtm_qNbV0
BIET - Best Engineering College in Telangana,http://biet.ac.in/
Ethnopharmacology | Apply for Honorary DSc in ...,https://sites.google.com/site/honorarydegreeacademics/ethnopharmacology-apply-for-honorary-dsc-in-ethnopharmacology-admission-announcement
Solicitar Honorario D. Litt. en lengua y literatura españolas ...,https://sites.google.com/site/honorarydegreeacademics/solicitar-honorario-d-litt-en-lengua-y-literatura-espanolas
Apply For Honorary PhD for School Principal | School Education ...,https://sites.google.com/site/honorarydegreeacademics/apply-for-honorary-phd-for-school-principal-school-education-development-program
Application For Honorary PhD for Librarians - Honorary Awards,https://sites.google.com/site/honorarydegreeacademics/application-for-honorary-phd-for-librarians
Apply for Honorary D.Sc for Physics Lecturer - Honorary Awards,https://sites.google.com/site/honorarydegreeacademics/apply-for-honorary-d-sc-for-physics-lecturer
Guru Gobind Singh Indraprastha Vishwavidyalaya | Honorary PhD ...,https://sites.google.com/site/honorarydegreeacademics/guru-gobind-singh-indraprastha-vishwavidyalaya-honorary-phd-dsc-dlitt-dr-med-admission-courses-and-fee-online-application-form
Maharaja Bir Bikram University | Online Apply for Honorary PhD ...,https://sites.google.com/site/honorarydegreeacademics/maharaja-bir-bikram-university-online-apply-for-honorary-phd-dsc-dlitt-dr-med
Apply For Young Librarian Award - Honorary Awards,https://sites.google.com/site/honorarydegreeacademics/apply-for-young-librarian-award
Story Search Results,https://www.solutionsjournalism.org/storytracker?stories_query=&search_stories=Search&issue-areas%5B%5D=Population+studies&collections_query=
Top Social Science(Science)Colleges in India - 2023 Rankings ...,https://collegedunia.com/science/social-science-colleges
Top Thiruvalluvar University - [TU] Affiliated Computer Applications ...,https://collegedunia.com/computer-applications/thiruvalluvar-university-tu-affiliated-colleges
Branch Details | The Financial Express,https://www.financialexpress.com/ifsc-code/state-bank-of-india/rbo-iv-himayatnagar-branch-in-secunderabad-sbin0021698/
