Title,URL
As Karwar's Port Expansion Threatens Jobs & Fisheries- Fisherfolk ...,https://pulitzercenter.org/stories/karwars-port-expansion-threatens-jobs-fisheries-fisherfolk-question-development
Web Development Internship in Karwar | Internshala,https://internshala.com/internships/web-development-internship-in-karwar/
Bharat Nayak - Software Engineer - Thumbtack | LinkedIn,https://www.linkedin.com/in/bharat-nayak-6706471a
Internship in Karwar | Internshala,https://internshala.com/internships/internship-in-karwar/
Computer Science Jobs In Karwar Karnataka - 13340 Computer ...,https://www.naukri.com/computer-science-jobs-in-karwar-karnataka
Karwar - Wikipedia,https://en.wikipedia.org/wiki/Karwar
PRAJOT KUVALEKAR - Machine learning-Deep learning and ...,https://in.linkedin.com/in/prajot-kuvalekar-32681b171
Jyoti - Karwar : Postgraduate students in computer science ...,https://www.superprof.co.uk/postgraduate-students-computer-science-department-from-vtu-center-bangalore-karnataka.html
Sonal Pawaskar - Associate Software Engineer - Bosch Global ...,https://in.linkedin.com/in/sonal-pawaskar-1ab770211
AitaHub,https://aitahub.com/
Data Science and Data analytics- the next big thing in Information ...,https://newskarnataka.com/events/campus/data-science-and-data-analytics-the-next-big-thing-in-information-science/27042018
Job Opportunities,https://careers.adityabirla.com/job-opportunities
Top Industrial Job Works in Karwar Road - Best Industrial Job Works ...,https://www.justdial.com/Hubli/Job-Works-in-Karwar-Road/nct-10282763
Collection Strategy Jobs in Karwar- Karnataka (Feb 2023) - 1209 ...,https://www.shine.com/job-search/collection-strategy-jobs-in-karwar
Indian Navy Defence Salaries in Karwar | AmbitionBox,https://www.ambitionbox.com/salaries/indian-navy-salaries/defence/karwar-location
Voith,https://voith.com/corp-en/index.html
iHub Drishti Foundation Indian Institute of Technology Jodhpur ...,https://ihub-drishti.ai/images/pdf/1Project_JRF.pdf
Top 10 Job Training in Karwar- Centers- Institutes- Courses ...,https://www.sulekha.com/job-training/karwar
Jobs in Karwar - Check Latest (124) Job Openings (February 2023 ...,https://www.quikr.com/jobs/karwar+zwqxj760939060
ATM Operator Training Courses,https://www.atmia.com/training/courses/
Find Manufacturing Companies in Karwar - Dun & Bradstreet,https://www.dnb.com/business-directory/company-information.manufacturing.in.karnataka.karwar.html
Mercy Hospital | Coon Rapids- MN | Allina Health,https://www.allinahealth.org/mercy-hospital
Calculating Stopping Distance and Reaction Time - GeeksforGeeks,https://www.geeksforgeeks.org/calculating-stopping-distance-and-reaction-time/
Find Job | Work Assist,https://workassist.in/job-category/business-analytics
M.Tech.Data Science & Engineering – BITS Pilani,https://bits-pilani-wilp.ac.in/m-tech/cluster/data-science-and-engineering.php
Branch in Dr Pickle Hospital Road- Uttara Kannada- 581301 | HDFC ...,https://near-me.hdfcbank.com/branch-atm-locator/hdfc-bank-karwar-banks-dr-pickle-hospital-road-uttara-kannada-11072/Home
Start Your Own Business (Apna Karobar Karo) | Qasim Ali Shah ...,https://www.youtube.com/watch?v=ogSvipseKvs
Sikkim Manipal Institute of Technology – Sikkim Manipal University,https://smu.edu.in/smit.html/
Inchcape Shipping Services – Connect to a Smoother- Smarter ...,https://www.iss-shipping.com/
Ethereal Machines | 5-Axis CNC Milling & CNC Machining Service,https://etherealmachines.com/
Our KIMS Medical college Karwar Project Started To Till Building ...,https://www.facebook.com/MahalasaConstructionsPrivateLimited/videos/our-kims-medical-college-karwar-project-started-to-till-building-compilation-wit/1739379499703874/
Netafim: Irrigation Services & Solutions,https://www.netafimindia.com/
A hybrid algorithm optimization approach for machine loading ...,https://www.researchgate.net/publication/257885858_A_hybrid_algorithm_optimization_approach_for_machine_loading_problem_in_flexible_manufacturing_system
(PDF) ARSM hybrid hash algorithm based optimal solution ...,https://www.researchgate.net/publication/356750875_ARSM_hybrid_hash_algorithm_based_optimal_solution_approach_and_implementation_for_improved_cloud_security_defensive_mechanism
Growth and future trends of wind energy in India | Request PDF,https://www.researchgate.net/publication/222144447_Growth_and_future_trends_of_wind_energy_in_India
SP's Naval Forces Issue 5 - 2017 by SP Guide Publications Pvt Ltd ...,https://issuu.com/spguide/docs/sp_27s_20naval_20forces_205-2017
