Title,URL
155 Amazon Customer Service Jobs and Vacancies in Haryana - 6 ...,https://in.indeed.com/Amazon-Customer-Service-jobs-in-Haryana
Stepupcity | Best Digital Marketing Institute In Yamunanagar | LinkedIn,https://in.linkedin.com/company/stepupcityofficial
CP Plywoods | LinkedIn,https://www.linkedin.com/company/cp-plywoods
215 Data Labeling Jobs and Vacancies - 6 February 2023 | Indeed ...,https://in.indeed.com/Data-Labeling-jobs
Thu Aug IST 4040 - Yamunanagar-Bengaluru/Bangalore - Testing ...,https://www.naukri.com/job-listings-thu-aug-ist-4040-testing-hot-vacancyrishabh-inc-yamunanagar-bengaluru-bangalore-2-to-5-years-190123007511
Biochemix Healthcare Salaries in Yamunanagar | AmbitionBox,https://www.ambitionbox.com/salaries/biochemix-healthcare-salaries/yamunanagar-location
Video Jobs In Yamunanagar Haryana - 1442 Video Job Vacancies ...,https://www.naukri.com/video-jobs-in-yamunanagar-haryana
Job search | Amazon.jobs,https://www.amazon.jobs/en/search?base_query=&loc_query=Gurgaon%2C+HR%2C+India&latitude=28.47738&longitude=77.06914&loc_group_id=&invalid_location=false&country=IND&city=Gurugram&region=Haryana&county=Gurugram
Lark Industries Careers and Employment | Indeed.com,https://www.indeed.com/cmp/Lark-Industries
Psychology Online Courses | Coursera,https://www.coursera.org/browse/health/psychology
International Caries Detection and Assessment System (ICDAS): A ...,https://www.ncbi.nlm.nih.gov/pmc/articles/PMC5030492/
ISGEC | Titanium Heat Exchangers | Yamunanagar Plant - ISGEC,https://www.isgec.com/infrastructure-yamunanagar.php
Reliance Jiomart jobs in Yamunanagar- 2020 | jiomart jobs | Jio ...,https://jioguide.com/reliance-jio-jobs-in-yamunanagar-2020-jio-jobs-jio-career/
Aptech Computer Education training institute in Faridabad | Gurgaon ...,https://www.aptechlearning.com/it/aptech-centres-haryana.aspx
Poonam Vohra | UCSF Health,https://www.ucsfhealth.org/providers/dr-poonam-vohra
Tronox: Home page,https://www.tronox.com/
Top Institutes in Radaur - Best Academy Yamunanagar - Justdial,https://www.justdial.com/Yamunanagar/Institutes-in-Radaur/nct-10268288
Machine learning Jobs: Jobs for freshers with Machine learning ...,https://www.freshersworld.com/machine-learning-jobs/3535242
Digital Marketing Salary for SEO specialist- Social Media Manager ...,https://www.simplilearn.com/digital-marketing-salary-article
MBA Internship in Yamuna nagar | Internshala,https://internshala.com/internships/mba-internship-in-yamuna%20nagar/
Pulp- Paper- and Paperboard Mills Companies in Yamunanagar ...,https://www.dnb.com/business-directory/company-information.pulp_paper_and_paperboard_mills.in.haryana.yamunanagar.html
Haryana - The Tribune- Chandigarh- India,https://m.tribuneindia.com/2009/20091208/haryana.htm
Erp Data Jobs in India - TimesJobs,https://m.timesjobs.com/jobskill/erp-data-jobs
Research Development Scientist Jobs in Noida - Research ...,https://www.timesjobs.com/jobs-in-noida/research-development-scientist-jobs
Driving License Anyone? Automated driving tests in Delhi | Motown ...,https://www.youtube.com/watch?v=_xmFaZNrGZw
Results of tested artificial neural network (ANN ) rice yield ...,https://www.researchgate.net/figure/Results-of-tested-artificial-neural-network-ANN-rice-yield-prediction-models-with_tbl3_259438726
