Title,URL
1-000+ Machine Learning jobs in Mumbai Metropolitan Region (18 ...,https://in.linkedin.com/jobs/machine-learning-jobs-mumbai-metropolitan-region
3258 Machine Learning Job Vacancies In Mumbai - Naukri.com,https://www.naukri.com/machine-learning-jobs-in-mumbai
Machine learning Jobs in Mumbai- February 2023 | Glassdoor,https://www.glassdoor.co.in/Job/mumbai-machine-learning-jobs-SRCH_IL.0,6_IC2851180_KO7,23.htm
Machine Learning Engineer at Fynd • Mumbai | Wellfound (formerly ...,https://angel.co/company/gofynd/jobs/1967813-machine-learning-engineer
DeepAffects is hiring Machine Learning Engineer job in Mumbai ...,https://cutshort.io/job/Machine-Learning-Engineer-Mumbai-DeepAffects-GLdqtefA
20 Best machine learning jobs in mumbai jobs in Mumbai ...,https://www.simplyhired.co.in/search?q=machine+learning+jobs+in+mumbai&l=mumbai%2C+maharashtra
Data scientist machine learning Jobs in Mumbai- January 2023 ...,https://www.glassdoor.com/Job/mumbai-data-scientist-machine-learning-jobs-SRCH_IL.0,6_IC2851180_KO7,38.htm
Machine Learning Jobs in Mumbai | Rigzone,https://www.rigzone.com/a-machine-learning-jobs/?fl=Mumbai
Machine learning Jobs in Mumbai- February 2023 | Glassdoor,https://www.glassdoor.com/Job/mumbai-machine-learning-jobs-SRCH_IL.0,6_IC2851180_KO7,23.htm
Explore job opportunities | Adobe careers,https://www.adobe.com/careers.html
Machine Learning Course in Mumbai by CCE- IIT Madras - #1 ...,https://intellipaat.com/machine-learning-course-mumbai/
Machine Learning Jobs for Freshers in Mumbai - Internshala,https://internshala.com/fresher-jobs/machine-learning-jobs-in-mumbai/
Jobs – Snap Inc.,https://snap.com/en-US/jobs
India Machine Learning | Amazon.jobs,https://www.amazon.jobs/en/landing_pages/india-machine-learning
Entry Level Machine Learning Jobs,https://www.springboard.com/blog/data-science/entry-level-machine-learning-jobs/
Define your career with IBM,https://www.ibm.com/careers/in-en/
Project Lead- Artificial Intelligence and Machine Learning,https://weforum.wd3.myworkdayjobs.com/Forum_Careers/job/Mumbai/Project-Lead--Artificial-Intelligence-and-Machine-Learning_R301
Machine Learning Engineer Salary in Mumbai | AmbitionBox,https://www.ambitionbox.com/profile/machine-learning-engineer-salary/mumbai-location
Careers at Airbnb,https://careers.airbnb.com/
Red Hat Jobs | Opportunities are open,https://www.redhat.com/en/jobs
Machine learning job: AI Solutions Architect at Intel Corporation ...,https://jobhunt.ai/machinelearning-ml-ai-job-sk-AI-Solutions-Architect-Mumbai-Intel-Corporation.html
Machine Learning jobs in Mumbai - Instahyre,https://www.instahyre.com/machine-learning-jobs-in-mumbai/
Forward Deployed Machine Learning Engineer - India at Raft ...,https://ai-jobs.net/job/36829-forward-deployed-machine-learning-engineer-india/
How much is the Machine Learning Course Fee in Mumbai?,https://datamites.com/blog/how-much-is-the-machine-learning-course-fee-in-mumbai/
Is Machine Learning a Good Career? (2023 Guide) | BrainStation®,https://brainstation.io/career-guides/is-machine-learning-a-good-career
Work with Us | BNY Mellon,https://www.bnymellon.com/us/en/careers/work-with-us.html
Careers - Quantiphi- Inc.,https://quantiphi.com/careers/
Top 10 Highest Paying Jobs in Mumbai [A Complete Report ...,https://www.upgrad.com/blog/highest-paying-jobs-in-mumbai/
537 Machine Learning Job Vacancies in Mumbai - Jan (2023),https://www.foundit.in/search/machine-learning-jobs-in-mumbai
Machine Learning Career Path: 5 Job Types - Lighthouse Labs,https://www.lighthouselabs.ca/en/blog/machine-learning-career-path
Machine Learning Engineer | India- Maharashtra- Mumbai,https://www.accrete.ai/jobs/machine-learning-engineer-in
Zycus India Careers - Mumbai,https://www.zycus.com/careers/India-Careers.html
Professional Certificate Program In AI And Machine Learning- Mumbai,https://www.simplilearn.com/pgp-ai-machine-learning-certification-training-course-mumbai-city
Quantitative Research | Jobs & Internships | JPMorgan Chase & Co.,https://careers.jpmorgan.com/us/en/our-businesses/quantitative-research
Machine Learning Jobs In Mumbai,https://www.timesjobs.com/jobs-in-mumbai/machine-learning-jobs
Careers at TIAA | TIAA jobs,https://careers.tiaa.org/global/en/
Machine Learning Engineer jobs in Mumbai | Devjobsscanner,https://www.devjobsscanner.com/machine-learning-engineer-jobs-in-mumbai/
Machine Learning - Jobs at Apple (IN),https://jobs.apple.com/en-in/search?team=machine-learning-and-ai-SFTWR-MCHLN
Working at IQVIA | Jobs and Careers at IQVIA,https://jobs.iqvia.com/
Twitter Careers,https://careers.twitter.com/
Machine Learning Certification Training in Mumbai,https://www.edureka.co/machine-learning-certification-training-mumbai
Search Jobs - Google Careers,https://careers.google.com/jobs/results/?page=2
Cisco: Networking- Cloud- and Cybersecurity Solutions,https://www.cisco.com/
Machine Learning Jobs: Salary- Freshers Jobs- Internships- Career ...,https://collegedunia.com/courses/machine-learning/career-options-and-jobs
Data Science and Engineering - Netflix Jobs,https://jobs.netflix.com/teams/data-science-and-engineering
Mumbai Startup Jobs in February 2023,https://startup.jobs/locations/mumbai
Meta Careers | Do the Most Meaningful Work of Your Career | Meta ...,https://www.metacareers.com/
Careers | Autodesk,https://www.autodesk.com/careers/overview
Jr. Data Scientist – Mumbai (0-2 years of experience),https://www.analyticsvidhya.com/blog/2015/12/jr-data-scientist-mumbai-0-2-years-experience/
Workforce Analytics: A Data-Driven Machine Learning Approach to ...,https://econpapers.repec.org/RePEc:mig:tmjrnl:v:9:y:2021:i:2:p:335-349
Senior Consultant - IP.,https://clarivate.wd3.myworkdayjobs.com/en-US/Clarivate_Careers/job/R150-Noida/Senior-Consultant---IP_JREQ117056
Asia-Pacific is seeing a hiring boom in offshore industry machine ...,https://www.offshore-technology.com/analysis/asia-pacific-hiring-boom-offshore-industry-machine-learning-roles/
[NOFILTER] | LinkedIn,https://uk.linkedin.com/company/nofilterlive
An Empirical Comparison of Machine Learning Models for Student's ...,https://papers.ssrn.com/sol3/papers.cfm?abstract_id=4045491
The Learning Machine | LinkedIn,https://www.linkedin.com/company/thelearningmachine
Juniper Careers,https://careers.juniper.net/
Machine-Learning-NLP-Expert-work-from-home - Jobs,https://www.techgig.com/jobs/Machine-Learning-NLP-Expert-work-from-home/69097950
Quantiphi Machine Learning Engineer Salaries in Us | Glassdoor,https://www.glassdoor.co.uk/Salary/Quantiphi-Machine-Learning-Engineer-US-Salaries-EJI_IE1143542.0,9_KO10,35_IL.36,38_IN1.htm
Uplers: Jobs | LinkedIn,https://au.linkedin.com/company/weareuplers/jobs
Predicting Indian Basket Crude Prices through Machine Learning ...,https://www.researchgate.net/publication/335974381_Predicting_Indian_Basket_Crude_Prices_through_Machine_Learning_Models-A_Comparative_Approach
Deep Learning Training- Course- Certification | Sulekha,https://www.sulekha.com/deep-learning-training/
ML engineer Computer vision expert / Mirrag AI / Mumbai | Hasjob,https://hasjob.co/mirrag.com/4z0l7
Sr Data Engineer - Group Functions - इंडिया | Merck,https://www.merckgroup.com/in-en/careers/jobs/242423.html
