Title,URL
Sachin Prajapati - Associate UI Engineer - Near | LinkedIn,https://in.linkedin.com/in/sachin-prajapati40
MBA internship in Unnao with job offer,https://internshala.com/internships/mba-internship-in-unnao/ppo-true/
Amazon Pay | Amazon.jobs,https://www.amazon.jobs/payments
Top 10 Bank Security Guards Jobs in Unnao- ATM Security Jobs ...,https://www.sulekha.com/bank-atm-security-guards-jobs/unnao
Delhi Public School- Akrampur-Unnao,http://www.dpsunnao.com/
Agriculture Jobs In Unnao Uttar Pradesh - 2556 Agriculture Job ...,https://www.naukri.com/agriculture-jobs-in-unnao-uttar-pradesh
2 Marketing Field Executive Jobs and Vacancies in Unnao - 2023,https://www.goodworker.in/marketing-field-executive-jobs-in-unnao
Project Manager Salary: Your 2023 Guide | Coursera,https://www.coursera.org/articles/project-manager-salary
Careers at Makino | Makino,https://www.makino.com/en-us/about-us/careers
Euro Footwear Unnao Reviews by 9 Employees | AmbitionBox,https://www.ambitionbox.com/reviews/euro-footwear-ltd-dot-reviews/unnao-location
Moderna: Pioneering mRNA technology,https://www.modernatx.com/en-US/
Top Companies Hiring for Intern Jobs in Lucknow- India | Glassdoor,https://www.glassdoor.com/Explore/top-intern-companies-lucknow_IO.4,10_IL.21,28_IM1476.htm
Global Job Openings & Career Opportunities - Page 1 | PMI - Philip ...,https://www.pmi.com/careers/explore-our-job-opportunities
Mirza International Unnao Reviews by 33 Employees | AmbitionBox,https://www.ambitionbox.com/reviews/mirza-international-reviews/unnao-location?page=2
Jobs in Unnao - Check Latest (74) Job Openings (February 2023 ...,https://www.quikr.com/jobs/unnao+zwqxj760939060
Anjali Singh - Software Development Engineer 2 - Audible- Inc ...,https://www.linkedin.com/in/singhanjali1159
Dancing Salsa with Machines—Filling the Gap of Dancing Learning ...,https://www.mdpi.com/1424-8220/19/17/3661
Flipkart opens new fulfilment centre in Uttar Pradesh's Unnao district,https://in.fashionnetwork.com/news/Flipkart-opens-new-fulfilment-centre-in-uttar-pradesh-s-unnao-district,1475046.html
Asst. Professor job vacancy at GGES Education Group,https://timesascent.com/new-jobs/asst-professor/gges-education-group/unnao/677578
8 Python Jobs and Vacancies in Kanpur- Uttar Pradesh - 4 February ...,https://in.indeed.com/Python-jobs-in-Kanpur,-Uttar-Pradesh
Hiring Process | The Coca-Cola Company,https://www.coca-colacompany.com/careers/hiring-process
Machine learning Jobs: Jobs for freshers with Machine learning ...,https://www.freshersworld.com/machine-learning-jobs/3535242
Swiggy Careers,https://careers.swiggy.com/
Course for DATA ENTRY JOB | Data Entry Jobs - YouTube,https://www.youtube.com/watch?v=f5Sw4aZQmJo
Unnao railway station - YouTube,https://www.youtube.com/watch?v=Zeho3Vd-Tjg
Learn Surat Al Falaq- Repeated Many Time Beautiful recitation easy ...,https://www.youtube.com/watch?v=cvgU68cpwyc
Different types of rapier loom (Rapier weaving machine & fabric ...,https://www.youtube.com/watch?v=S81d_H2mMms
PM Modi at Parivartan Rally in Kanpur- Uttar Pradesh - YouTube,https://www.youtube.com/watch?v=XC7GX0qr9i4
Unnao rape victim to be cremated on December 8- family wants to ...,http://www.earlytimes.in/newsdet.aspx?q=280045
(PDF) Scalable distributed first story detection using storm for twitter ...,https://www.researchgate.net/publication/283092763_Scalable_distributed_first_story_detection_using_storm_for_twitter_data
(PDF) Enhanced Dynamic Power Scheduling Interoperable System ...,https://www.researchgate.net/publication/300720902_Enhanced_Dynamic_Power_Scheduling_Interoperable_System_for_Smart_Home_Environment
Combination of GIS and fuzzy-AHP for delineating groundwater ...,https://www.researchgate.net/publication/336987832_Combination_of_GIS_and_fuzzy-AHP_for_delineating_groundwater_recharge_potential_zones_in_the_critical_Goghat-II_block_of_West_Bengal_India
A GIS-based modified DRASTIC (ANP) method for assessment of ...,https://www.researchgate.net/publication/316454533_A_GIS-based_modified_DRASTIC_ANP_method_for_assessment_of_groundwater_vulnerability_A_case_study_of_Nagpur_City_India
(PDF) Applying the kriging method to predicting irradiance variability ...,https://www.researchgate.net/publication/282518164_Applying_the_kriging_method_to_predicting_irradiance_variability_at_a_potential_PV_power_plant
(PDF) Application of artificial neural networks and mathematical ...,https://www.researchgate.net/publication/299647898_Application_of_artificial_neural_networks_and_mathematical_modeling_for_the_prediction_of_water_quality_variables_case_study_southwest_of_Iran
POLICY WORDINGS,https://tagic-cms-dev.s3.ap-south-1.amazonaws.com/Policy_Wordings_home_guard_plus_policy.pdf_8d9747efb2.pdf
Domestic Travel Protection Policy Wording.cdr,https://tagic-cms-dev.s3.ap-south-1.amazonaws.com/Policy_Wordings_domestic_travel_protection.pdf_d5dea0cdc2.pdf
