Title,URL
Internship in Siwan | Internshala,https://internshala.com/internships/internship-in-siwan/
Data Science Course in Siwan - Best Training Institute - Fees ...,http://quickxpertinfotech.com/data-science-course-in-siwan
PALAK INFRA PRIVATE LIMITED | LinkedIn,https://in.linkedin.com/company/palak-infra-private-limited
Barger Agency | LinkedIn,https://www.linkedin.com/company/barger-agency
Ashish Ranjan Jha - Machine Learning Engineer - Revolut | LinkedIn,https://uk.linkedin.com/in/ashishrj
ACET- Inc. | LinkedIn,https://www.linkedin.com/company/acet-inc.
Siwan Li - Casual Academic Tutor - The University of Queensland ...,https://au.linkedin.com/in/siwan-li-2a0509235
Porsche Internships at Porsche - Porsche AG,https://www.porsche.com/international/aboutporsche/jobs/students/practicaltraining/
Top 10 HVAC Courses in Siwan- Training Institutes | Sulekha Siwan,https://www.sulekha.com/hvac-job-training/siwan
cnc machine operator resume in Siwan- BR- 841406- India ...,https://www.postjobfree.com/resume/u9jf3p/refrigerator-cnc-machine-operator-siwan-br-841406
Python Training in Siwan- Best Python online Course in Siwan ...,https://www.sulekha.com/python-programming-training/siwan
Software Engineer Salary in Siwan | AmbitionBox,https://www.ambitionbox.com/profile/software-engineer-salary/siwan-location
GDPR - Amazon Web Services (AWS),https://aws.amazon.com/compliance/gdpr-center/
Jobs in Siwan - Check Latest (71) Job Openings (February 2023 ...,https://www.quikr.com/jobs/siwan+zwqxj760939060
India,https://www.pepsicojobs.com/india
Auto Care | 3M,https://www.3m.com/3M/en_US/auto-care-us/
Soundcraft,https://www.soundcraft.com/en
Journey from remote village to being software engineer at Silicon ...,https://www.enjoyalgorithms.com/blog/success-story-in-computer-science-pankaj/
2022 FISF Postdoctoral Recruitment Initiative - China University Jobs,https://www.chinauniversityjobs.com/jobs/2022-fisf-postdoctoral-recruitment-initiative/
MentorKart Skill development courses offline and online with Job ...,https://mentorkart.com/
University of Toronto Robotics Institute: Home,https://robotics.utoronto.ca/
Software Company in Siwan - CodeRelisher,https://www.coderelisher.com/software-company-in-siwan.php
Trainings | MyPutzmeister,https://www.putzmeister.com/web/turk/training-service
Branch in Chapra Siwan Road- Siwan- 841226 | HDFC Bank,https://near-me.hdfcbank.com/branch-atm-locator/hdfc-bank-siwan-bihar-banks-chapra-siwan-road-siwan-8701/Home
How does an Air Compressor work? (Compressor Types) - Tutorial ...,https://www.youtube.com/watch?v=bJluUxA7aaY&vl=en
Sewing Machine Operator - YouTube,https://www.youtube.com/watch?v=-eR7sK3oRUg
Rehan (@reian00) / Twitter,https://mobile.twitter.com/reian00
Pragya Vats's News,https://www.c-sharpcorner.com/members/pragya-vats/news
(PDF) A Novel User Collusion-Resistant Decentralized Multi ...,https://www.researchgate.net/publication/353093453_A_Novel_User_Collusion-Resistant_Decentralized_Multi-Authority_Attribute-Based_Encryption_Scheme_Using_the_Deposit_on_a_Blockchain
Sustainable city education: the pedagogical challenge of mobile ...,https://discovery.ucl.ac.uk/id/eprint/1437077/3/area12127.pdf
Gender Wage Differentials in a Competitive Labor Market: The ...,https://docs.iza.org/dp202
https://econjwatch.org/file_download/1155/Horpedah...,https://econjwatch.org/file_download/1155/HorpedahlKlingSept2020Appendix.xlsx
Untitled,https://www.drishtiias.com/images/pdf/Kuru%20February%202019.pdf
Art Work Spiral Notebooks | Redbubble,https://www.redbubble.com/shop/art+work+spiral-notebooks
Browse by Research subject area at the University of Warwick,http://wrap.warwick.ac.uk/view/publications_subjects/HC.default.html
World Development Report 2012 Gender Equality and Development ...,https://www.scribd.com/document/65942416/World-Development-Report-2012-Gender-Equality-and-Development
*RYW FUHDWLQJ DWPRVSKHUH RI IHDU LQ FRXQWU ...,https://www.dailypioneer.com/uploads/2022/epaper/september/lucknow-english-edition-2022-09-05.pdf
