Title,URL
45 Machine Learning Jobs and Vacancies in Rajasthan - 5 February ...,https://in.indeed.com/Machine-Learning-jobs-in-Rajasthan
Data Engineer at Khushi Baby • Jaipur • Udaipur • Bangalore Urban ...,https://angel.co/company/khushibaby/jobs/313690-data-engineer
Careers at Jumio: Join the Team | Jumio,https://www.jumio.com/careers/
Machine Learning jobs in Rajasthan,https://in.indeed.com/m/jobs?q=Machine+Learning&l=Rajasthan
AI / ML - Interns job at Lakebrains Technologies - Instahyre,https://www.instahyre.com/job-219190-ai-ml-interns-at-lakebrains-technologies-udaipur/
ECHON | LinkedIn,https://in.linkedin.com/company/echonwpcpvc
Data science Jobs in Udaipur- Rajasthan- January 2023 | Glassdoor,https://www.glassdoor.co.in/Job/udaipur-data-science-jobs-SRCH_IL.0,7_IC2946575_KO8,20.htm
Lakebrains Technologies hiring AI / ML - Interns in Udaipur ...,https://in.linkedin.com/jobs/view/ai-ml-interns-at-lakebrains-technologies-3402672452
Team Lead - Machine Learning & Data Analytics (9-14 yrs) Jobs in ...,https://www.ambitionbox.com/jobs/secure-meters-jobs?rid=hirist_560678
Udaipur Mintech - India | LinkedIn,https://in.linkedin.com/company/udaipur-mintech---india
1 Data Entry Jobs for Freshers in Udaipur- Feb | Internshala,https://internshala.com/fresher-jobs/data-entry-jobs-in-Udaipur/
Praful Soni - Machine Learning Engineer - Lakebrains Technologies ...,https://in.linkedin.com/in/praful-soni-7b5b14204
All jobs - Careers at Airbnb,https://careers.airbnb.com/positions/
Shourya Collection Hotels & Resorts | LinkedIn,https://in.linkedin.com/company/shourya-collection-hotels-resorts
FiveS Digital | LinkedIn,https://www.linkedin.com/company/thefivesdigital
AssignMe.co | LinkedIn,https://in.linkedin.com/company/assignme.co
Home - IIMU BLOG,https://www.iimu.ac.in/blog/
Ramada Udaipur Resort & Spa | LinkedIn,https://in.linkedin.com/company/ramada-udaipur-resort-&-spa
AWS Training in Udaipur | AWS Certification Course Online,https://www.edureka.co/aws-certification-training-udaipur
Udaipur Vibes | LinkedIn,https://in.linkedin.com/company/udaipurvibes
How Machine Learning Is Making Construction More Human,https://constructionblog.autodesk.com/machine-learning-construction/
Jumio Interview Questions (2023) | Glassdoor,https://www.glassdoor.com/Interview/Jumio-Interview-Questions-E868408.htm
EdTech Startups in Udaipur | Tracxn,https://tracxn.com/explore/EdTech-Startups-in-Udaipur
Data Analytics Course Training in Udaipur,https://360digitmg.com/india/udaipur/data-analytics-certification-course-training-institute
Machine Learning Job Vacancies in Ahmedabad-Machine Learning ...,https://www.placementindia.com/job-search/machine-learning-jobs-in-ahmedabad.htm
15 Best Freelance Content Creators For Hire Near Udaipur- IN ...,https://www.upwork.com/l/in/content-creators-in-udaipur/
Interview with Abhinav Upadhyay- NetBSD contributor and machine ...,https://www.cyberciti.biz/interview/interview-with-abhinav-upadhyay-netbsd-contributor-and-machine-learning-software-developer/
testpreptraining | LinkedIn,https://uk.linkedin.com/company/testpreptraining
Top Machine Learning Companies - 2023 Reviews | Clutch.co,https://clutch.co/developers/artificial-intelligence/machine-learning?page=6
GITS Alumni Forum | Geetanjali Institute of Technical Studies ...,https://www.facebook.com/groups/GITSAlumniForum/posts/1279080569211013/
Sikkim Manipal Institute of Technology – Sikkim Manipal University,https://smu.edu.in/smit.html/
Ai-Enabled Recruitment: Here'S Everything You Would Want To ...,https://www.thehighereducationreview.com/magazine/aienabled-recruitment-here-s-everything-you-would-want-to-know-DHQE290970075.html
Covid-19's impact on supply chain decisions: Strategic insights from ...,https://europepmc.org/article/med/32834209
ATMC | LinkedIn,https://zw.linkedin.com/company/atmc-consultancy
Secondary SGML lessons - 19 teachers available,https://www.superprof.co.uk/lessons/sgml/united-kingdom/secondary/
How can I compete in the class 6 IMO exam? | Udaipur Kiran,https://udaipurkiran.com/how-can-i-compete-in-the-class-6-imo-exam/
Microsoft "smart people" Reviews | Glassdoor,https://www.glassdoor.com.au/Reviews/Microsoft-smart-people-Reviews-EI_IE1651.0,9_KH10,22.htm
An empirical comparison of pricing models in information technology ...,https://www.researchgate.net/publication/276123789_An_empirical_comparison_of_pricing_models_in_information_technology_service_outsourcing_in_Indian_context
IT-ENABLED KNOWLEDGE MANAGEMENT | Request PDF,https://www.researchgate.net/publication/324531625_IT-ENABLED_KNOWLEDGE_MANAGEMENT
Apply for Honorary DSc in Medical Microbiology - Honorary Awards,https://sites.google.com/site/honorarydegreeacademics/apply-for-honorary-dsc-in-medical-microbiology
1112 Test Estimates Jobs,https://www.timesjobs.com/jobskill/test-estimates-jobs
Assistive technology,https://www.slideshare.net/bethcribbs9/assistive-technology-38292846
Vice President Communique,https://www.bcasonline.org/vpcdetails.aspx?vid=32258
Jobs & Careers - The Tribune- Chandigarh- India,https://m.tribuneindia.com/2009/20091007/jobs.htm
Untitled,https://opr.princeton.edu/reports/OprAnnualReport2017.pdf
Vivekananda Global University: Mr. Sunil Rao- Chief Academic ...,https://collegedunia.com/news/c-54832-interview-mr-sunil-rao-chief-academic-officer-next-gen-at-vivekananda-global-university-jaipur
