Title,URL
Assistant/ Associate/ Professor in CSE department Jobs in ...,https://www.ambitionbox.com/jobs/mandsaur-university-jobs?rid=naukri_030223009311
E square plaza | LinkedIn,https://in.linkedin.com/company/e-square-plaza
Data scientist salary in Mandsaur- Madhya Pradesh,https://in.indeed.com/career/data-scientist/salaries/Mandsaur--Madhya-Pradesh
Jobs In Mandsaur - 43 Job Vacancies In Mandsaur - Naukri.com,https://www.naukri.com/jobs-in-mandsaur
Coursera for Campus | Online Learning Platform for Universities,https://www.coursera.org/campus/
Internship in Mandsaur | Internshala,https://internshala.com/internships/internship-in-mandsaur/
Jobs In Mandsaur University Mu - Naukri.com,https://www.naukri.com/mandsaur-university-mu-jobs-careers-3137776
Mandsaur Institute Of Technology (mit) - Email & Phone of top ...,https://www.easyleadz.com/company/mandsaur-institute-of-technology-mit
Mandsaur Jobs- 39294 Mandsaur Job Vacancies In February 2023 ...,https://www.naukri.com/mandsaur-jobs
Nishant Gupta - Senior Software Engineer - GitHub | LinkedIn,https://www.linkedin.com/in/nishantg
Mandsaur University-Department of Computer Sc & Engineering,https://www.facebook.com/mandsauruniversitycse/
Mandsaur University | Making Future Ready,https://www.meu.edu.in/
▷ Tutoring Jobs in Mandsaur - UrbanPro,https://www.urbanpro.com/mandsaur/tutor-jobs
About Our Company | John Deere US,https://www.deere.com/en/our-company/
Jobs in Mandsaur - Check Latest (71) Job Openings (February 2023 ...,https://www.quikr.com/jobs/mandsaur+zwqxj760939060
Top 10 Baby sitter in Mandsaur- Nanny in Mandsaur- Child Care ...,https://www.sulekha.com/child-care-services/mandsaur
Home - Midland Public Schools District,https://www.midlandps.org/
MIT-Mandsaur Institute of Technology,https://www.university.youth4work.com/mit_mandsaur-institute-of-technology
CompSciRN :: SSRN,https://www.ssrn.com/index.cfm/en/compscirn/
Depression and its treatment - YouTube,https://www.youtube.com/watch?v=Yy8e4sw70ow
Hajj: 7 things you don't know about the Muslim Pilgrimage - BBC ...,https://www.youtube.com/watch?v=VMWgeSuHKhs
Kidney Disease: What You Should Know | Anjay Rastogi- MD ...,https://www.youtube.com/watch?v=W0OmgjNRSIE
WWE Day 1 Kickoff: Jan. 1- 2022 - YouTube,https://www.youtube.com/watch?v=NCzztgTQldg
Dr Shah Rukh Khan - Life Lessons - YouTube,https://www.youtube.com/watch?v=VnnXAiTOLbo
Adani Wilmar: Home,https://www.adaniwilmar.com/
Recreation Services | University of Manitoba,https://umanitoba.ca/community/sport-recreation/recreation-services
Combined results of the computational experiments | Download ...,https://www.researchgate.net/figure/Combined-results-of-the-computational-experiments_fig2_257581247
मिलें असम के गुमराह के एक उद्यमी और उषा सिलाई स्कूल ट्रेनर से गौरी दास ...,https://special.ndtv.com/kushalta-ke-kadam-12/video-detail/meet-gouri-das-from-assams-gumrah-an-entrepreneur-and-usha-silai-school-trainer-611647
