Title,URL
Picnic Point- Solapur | LinkedIn,https://www.linkedin.com/company/picnicpointsolapur
Machine Learning Job Vacancies in Kolhapur-Machine Learning ...,https://www.placementindia.com/job-search/machine-learning-jobs-in-kolhapur.htm
Site Supervisor Jobs In Solapur,https://www.naukri.com/site-supervisor-jobs-in-solapur
Data scientist salary in Solapur- Maharashtra,https://in.indeed.com/career/data-scientist/salaries/Solapur--Maharashtra
Instrumentation Jobs In Solapur - 9 Instrumentation Job Vacancies ...,https://www.naukri.com/instrumentation-jobs-in-solapur
Data Science Training in Solapur- Course Fees- Certification | Sulekha,https://www.sulekha.com/data-science-certification-training/solapur
Network Engineer Jobs In Solapur,https://www.naukri.com/network-engineer-jobs-in-solapur
Internship in Solapur | Internshala,https://internshala.com/internships/internship-in-solapur/
Ba Jobs In Solapur - 10 Ba Job Vacancies In Solapur - Naukri.com,https://www.naukri.com/ba-jobs-in-solapur
Data Science Course in Solapur - Best Training Institute - Fees ...,http://quickxpertinfotech.com/data-science-course-in-solapur
6 Hardware Networking Job Vacancies In Solapur - Naukri.com,https://www.naukri.com/hardware-networking-jobs-in-solapur
USC Viterbi | Department of Computer Science,https://www.cs.usc.edu/
Bba Jobs In Solapur - 9 Bba Job Vacancies In Solapur - Naukri.com,https://www.naukri.com/bba-jobs-in-solapur
Urgent: Java internship Jobs in Solapur - February 2023 - 36 current ...,https://in.jooble.org/jobs-java-internship/Solapur
Wipro Technologies Jobs in Solapur- Maharashtra (Feb 2023) - 22 ...,https://www.shine.com/job-search/wipro-technologies-jobs-in-solapur
Jobs at NVIDIA | NVIDIA Careers,https://www.nvidia.com/en-in/about-nvidia/careers/
AI Training Data and other Data Management Services,https://www.clickworker.com/
Maitreyee Sapatnekar - Punyashlok Ahilyadevi Holkar Solapur ...,https://ca.linkedin.com/in/maitreyeeds
Yogiraj Kulkarni - Technology Associate (Software Engineer II ...,https://uk.linkedin.com/in/yogiraj-kulkarni
Shrinivasan P. - Upwork Freelancer from Solapur (MH)- India - Upwork,https://www.upwork.com/freelancers/~01cd331369f77b38c1
NVIDIA Intern Reviews | Glassdoor,https://www.glassdoor.com/Reviews/NVIDIA-INtern-Reviews-EI_IE7633.0,6_KO7,13_IP4.htm
NVIDIA Intern Reviews | Glassdoor,https://www.glassdoor.com/Reviews/NVIDIA-intern-Reviews-EI_IE7633.0,6_KO7,13_IP3.htm
NVIDIA Interview Questions | Glassdoor,https://www.glassdoor.com/Interview/NVIDIA-Interview-Questions-E7633_P5.htm
NVIDIA Intern Reviews | Glassdoor,https://www.glassdoor.com/Reviews/NVIDIA-Intern-Reviews-EI_IE7633.0,6_KO7,13_IP2.htm
A Review on Human Action Recognition Approaches | Request PDF,https://www.researchgate.net/publication/353858271_A_Review_on_Human_Action_Recognition_Approaches
Job selection for Method Study - YouTube,https://www.youtube.com/watch?v=h_dcQF19Q3k
1596 Mopping Floors Jobs Openings in India,https://www.timesjobs.com/jobskill/mopping-floors-jobs
Erp Data Jobs in India - TimesJobs,https://m.timesjobs.com/jobskill/erp-data-jobs
Big Data and Data Analytics Research: From Metaphors to Value ...,https://www.igi-global.com/chapter/big-data-and-data-analytics-research/217936
13 NTT DATA Software Engineer Interview Questions for Fresher ...,https://www.ambitionbox.com/interviews/ntt-data-interview-questions/software-engineer/fresher-candidates
Apply for Honorary DSc for Application Engineer - Honorary Awards,https://sites.google.com/site/honorarydegreeacademics/apply-for-honorary-dsc-for-application-engineer
