Title,URL
25 Machine Learning Jobs and Vacancies in Andhra Pradesh - 3 ...,https://in.indeed.com/Machine-Learning-jobs-in-Andhra-Pradesh
Machine Learning Training Course in Vijayawada,https://codegnan.com/machine-learning-training-in-vijayawada/
Data Science Course in Vijaywada by IIT Madras - #1 Online Training,https://intellipaat.com/data-scientist-course-training-vijayawada/
Machine Learning (ML) Course in Vijayawada - Fee 55% Off,https://datamites.com/machine-learning-course-training-vijayawada/
INTERNATIONAL HEALTHCARE LIMITED- vijayawada | LinkedIn,https://www.linkedin.com/company/international-healthcare-limited-vijayawada
Vijayawada: Loyola students secure jobs as analysts,https://www.thehansindia.com/news/cities/vijayawada/vijayawada-loyola-students-secure-jobs-as-analysts-741413
Best Tech Companies and Startups to Work for in Vijayawada ...,https://angel.co/startups/location/vijayawada
27 Best Freelance Python Consultants For Hire Near Vijayawada- IN ...,https://www.upwork.com/l/in/python-consultants-in-vijayawada/
Codegnan | LinkedIn,https://in.linkedin.com/company/codegnan
Machine Learning Course Training in Vijayawada - 360DigiTMG,https://360digitmg.com/india/machine-learning-course-training-in-vijayawada
Omasy Research hiring Clinical Data Associate in Vijayawada ...,https://in.linkedin.com/jobs/view/clinical-data-associate-at-omasy-research-3406484561
Data Scientist Salary in Vijayawada | AmbitionBox,https://www.ambitionbox.com/profile/data-scientist-salary/vijayawada-location
55 Part Time Online jobs in Vijayawada- Andhra Pradesh- India,https://in.linkedin.com/jobs/part-time-online-jobs-vijayawada
Finance internship in Vijayawada with job offer,https://internshala.com/internships/finance-internship-in-vijayawada/ppo-true/
IQATOMS | LinkedIn,https://in.linkedin.com/company/iqatoms
▷ Python tutors in Vijayawada - TeacherOn,https://www.teacheron.com/python-tutors-in-vijayawada
AWS Training in Vijayawada | AWS Certification Course Online,https://www.edureka.co/aws-certification-training-vijayawada
Job Openings and Applications,https://www.zeiss.com/corporate/int/careers/job-openings-and-applications.html
Find your dream job | Canva Careers,https://www.lifeatcanva.com/en/jobs/
Jobs at Intel in India,https://www.intel.com/content/www/us/en/jobs/locations/india.html
Jobs at NVIDIA | NVIDIA Careers,https://www.nvidia.com/en-in/about-nvidia/careers/
20 Best software jobs in Vijayawada- Andhra Pradesh (Hiring Now ...,https://www.simplyhired.co.in/search?q=software&l=vijayawada%2C+andhra+pradesh
Codegnan IT Solutions Pvt Ltd Reviews- Moghalraja Puram ...,https://www.justdial.com/Vijayawada/Codegnan-IT-Solutions-Pvt-Ltd-Beside-Satya-Sai-Hotel-Moghalraja-Puram/0866PX866-X866-180308155543-J9Q7_BZDET/reviews/page-4
Internships - Jobs - Careers at Apple,https://jobs.apple.com/en-us/search?team=internships-STDNT-INTRN&page=2
Jobs | Aptiv,https://www.aptiv.com/en/jobs
A. Sudhir Babu's research works | PVP Siddhartha Institute of ...,https://www.researchgate.net/scientific-contributions/A-Sudhir-Babu-2052874036
Concordia University on LinkedIn: Concordia researcher earns ...,https://ca.linkedin.com/posts/concordia-university_concordia-researcher-earns-double-recognition-activity-6805211396519845888-rUB7?trk=public_profile_like_view
A Survey and Tutorial on Network Optimization for Intelligent ...,https://www.ncbi.nlm.nih.gov/pmc/articles/PMC9824436/
Padma M - Remote Talent Recruiter for Small businesses & Startups ...,https://uk.linkedin.com/in/inkedin-recruiter-london?trk=pulse-article_social-details_comment_actor-image
1018 Construction Engineering Job Vacancies in Bangalore - Nov ...,https://www.monsterindia.com/search/construction-engineering-jobs-in-bangalore
Erp Data Jobs in India - TimesJobs,https://m.timesjobs.com/jobskill/erp-data-jobs
51152 Data Audit Jobs Openings in India,https://www.timesjobs.com/jobskill/data-audit-jobs
IIIT Sri City on Twitter: "Information Events on Admission to Full Time ...,https://twitter.com/IIITSC/status/1531931862699937792
Uk- Telugustudents | Facebook,https://www.facebook.com/groups/508308373272955/
Voice of India for startups - Groupes | Facebook,https://fr-fr.facebook.com/Voifs.india/groups/
