Title,URL
388 Machine Learning Jobs and Vacancies in Uttar Pradesh - 5 ...,https://in.indeed.com/Machine-Learning-jobs-in-Uttar-Pradesh
224 Artificial Intelligence Engineer jobs in Lucknow- Uttar Pradesh ...,https://in.linkedin.com/jobs/artificial-intelligence-engineer-jobs-lucknow
Machine learning Jobs | Glassdoor,https://www.glassdoor.com/Job/machine-learning-jobs-SRCH_KO0,16.htm
Machine Learning Engineer Salary in Lucknow | AmbitionBox,https://www.ambitionbox.com/profile/machine-learning-engineer-salary/lucknow-location
Machine Learning Training Course in Lucknow,https://www.sipltraining.com/machine-learning-course.html
27 Best Freelance Data Analysts For Hire Near Lucknow- IN ...,https://www.upwork.com/hire/data-analysts/in/lucknow/
Define your career with IBM,https://www.ibm.com/careers/in-en/
Best Tech Companies and Startups to Work for in Lucknow- Uttar ...,https://angel.co/startups/location/lucknow-up
Uresearcher | Lucknow,https://www.facebook.com/uresearcher/
Machine Learning Internship in Lucknow | Internshala,https://internshala.com/internships/machine-learning-internship-in-lucknow/
Data Scientist Course in Lucknow [with JobAssist],https://www.simplilearn.com/data-science-training-course-lucknow-city
Algoniti | LinkedIn,https://www.linkedin.com/company/algoniti
Artificial Intelligence Startups in Lucknow | Tracxn,https://tracxn.com/explore/Artificial-Intelligence-Startups-in-Lucknow
All jobs - Careers at Airbnb,https://careers.airbnb.com/positions/
Artificial Intelligence Jobs in Lucknow- Uttar Pradesh (Feb 2023 ...,https://www.shine.com/job-search/artificial-intelligence-jobs-in-lucknow
Machine Learning Course in Lucknow- Training | Sulekha,https://www.sulekha.com/machine-learning-courses/lucknow
Python Training in Lucknow - Python Course Online Lucknow,https://intellipaat.com/python-certification-training-online-lucknow/
Best IT Training Lucknow: Python-Machine Learning-IOT-Java,https://logicproindia.com/
Virtue Analytics - Data Analyst (3-5 yrs)- Lucknow- Analytics-Data ...,https://www.iimjobs.com/j/virtue-analytics-data-analyst-3-5-yrs-1196931.html
Career Opportunities- Openings and Jobs in India | HCLTech,https://www.hcltech.com/careers/Careers-in-india
Best Online Data Science Training Institute In Lucknow | DataTrained,https://datatrained.com/data-science-training-in-lucknow
Job Openings | Uber Careers,https://www.uber.com/us/en/careers/list/
Artificial Intelligence - Machine Learning Engineer Course in ...,https://www.indiamart.com/proddetail/artificial-intelligence-machine-learning-engineer-course-23972482130.html
(AMALGAM) - 2022 IEEE SPS Seasonal school on "Applications of ...,https://signalprocessingsociety.org/blog/amalgam-2022-ieee-sps-seasonal-school-applications-machine-learning-signal-image-computer
Rahul Dogra - University of Lucknow - Gurugram- Haryana- India ...,https://linkedin.com/in/rahul-dogra-854244213/
Jobs at Synopsys | Synopsys Careers,https://www.synopsys.com/careers.html
Machine learning - Wikipedia,https://en.wikipedia.org/wiki/Machine_learning
Product owner Jobs in Lucknow- India- January 2023 | Glassdoor,https://www.glassdoor.co.in/Job/lucknow-product-owner-jobs-SRCH_IL.0,7_IM1476_KO8,21.htm
IIM Lucknow - Executive programme in Data Science | Data Science ...,https://iiml.emeritus.org/iiml-executive-programme-in-data-science/index.php
IIM Lucknow And QuantInsti Data Science Program // Unstop ...,https://unstop.com/blog/iim-lucknow-quantinsti-data-science-program
Python with Machine Learning Training in Lucknow,https://www.trainingatsoftpro.com/pythonm.php
Data Science Course With Python Machine Learning in Lucknow ...,https://www.apponix.com/data-science-course-in-lucknow
Wipro Careers | Discover a World of Opportunities,https://careers.wipro.com/careers-home/
Work With Us,https://www.worldbank.org/en/work-with-us
Become a Machine Learning Engineer for Microsoft Azure,https://www.udacity.com/course/machine-learning-engineer-for-microsoft-azure-nanodegree--nd00333
Careers at Age of Learning- Inc. > Apply for a Job- Find Openings,https://www.ageoflearning.com/careers/
upGrad Careers,https://www.upgrad.com/us/careers/
Ayushman - Lucknow- : I'm a software engineer at Mindtree and I ...,https://www.superprof.ng/software-engineer-mindtree-and-teach-programming-languages-like-python-web-development-machine-learning-and-arduino.html
Jobs University - Stripe,https://stripe.com/jobs/university
Machine Learning Courses: After 12th- Certification- Online ...,https://collegedunia.com/courses/machine-learning
Job Openings and Applications,https://www.zeiss.com/corporate/int/careers/job-openings-and-applications.html
20 Best operation executive jobs in Lucknow- Uttar Pradesh (Hiring ...,https://www.simplyhired.co.in/search?q=operation+executive&l=lucknow%2C+uttar+pradesh
Machine Learning - Digital Marketing Company in Lucknow,https://digifootprints.com/data-science/machine-learning/
AI for Business Course Online - IIM Lucknow Executive Program in ...,https://www.wileynxt.com/iim-lucknow-wiley-executive-program-in-ai-for-business
AWS Training in Lucknow | AWS Certification Course Online,https://www.edureka.co/aws-certification-training-lucknow
IT Courses Online in lucknow - Learning Paths,https://www.ap2v.com/learning-paths-in-lucknow
CSIR-CDRI | Home,https://cdri.res.in/
Careers at Apple,https://www.apple.com/careers/in/
Computer vision intern for plant phenotyping job in | Syngenta,https://jobs.syngenta.com/job/computer-vision-intern-for-plant-phenotyping-in-various-jid-2482
PTC Careers | PTC,https://www.ptc.com/en/careers
upGrad Lucknow (@upgrad.lucknow) • Instagram photos and videos,https://www.instagram.com/upgrad.lucknow/?hl=en
Mapping the Role and Impact of Artificial Intelligence and Machine ...,https://www.ncbi.nlm.nih.gov/pmc/articles/PMC9795443/
A hybrid method for 3D face localization | Proceedings of the ...,https://dl.acm.org/doi/10.1145/2007052.2007065
Toward Strongest Security Protocols | by Dr. GP Pulipaka | Medium,https://medium.com/@gp_pulipaka/toward-strongest-security-protocols-c08f54bbac5a
Dr. Kalai Ramea (@kramea@sigmoid.social) on Twitter: " New job ...,https://twitter.com/kalairamea/status/1366838040795123712
Ubaid Ahmad - Peshawar District- Khyber Pakhtunkhwa- Pakistan ...,https://pk.linkedin.com/in/ubaid-ahmad-320342104
Atul Upadhyay - Project Engineer - Furnace | LinkedIn,https://cr.linkedin.com/in/atul-upadhyay-5131a4191/%7Bcountry%3Des%2C+language%3Des%7D?trk=people-guest_profile-result-card_result-card_full-click
NHPC LIMITED | LinkedIn,https://uk.linkedin.com/company/nhpc-limited
Data Scientist V Salary in India | Salary.com,https://www.salary.com/research/in-salary/benchmark/data-scientist-v-salary/in
Data Science: An Introduction - SitePoint Premium,https://www.sitepoint.com/premium/books/data-science-an-introduction/
(PDF) Artificial Immune System for detecting online credit card frauds,https://www.researchgate.net/publication/236576815_Artificial_Immune_System_for_detecting_online_credit_card_frauds
MOHD SHAHID HUSAIN | Ministry of Higher Education Oman ...,https://passage.academia.edu/MOHDSHAHIDHUSAIN/CurriculumVitae
Immersion Program: Latest News- Videos and Photos of Immersion ...,https://timesofindia.indiatimes.com/topic/immersion-program
Secondary SGML lessons - 19 teachers available,https://www.superprof.co.uk/lessons/sgml/united-kingdom/secondary/
When Artificial Intelligence Meets Behavioural Economics,https://journals.sagepub.com/doi/pdf/10.1177/2631454120974810?download=true
