Title,URL
MOGA INVESTMENTS LIMITED | LinkedIn,https://uk.linkedin.com/company/moga-investments-limited
1487 Html Developer Job Vacancies In Moga Punjab - Naukri.com,https://www.naukri.com/html-developer-jobs-in-moga-punjab
Build- Share- Deploy: how business analysts and data scientists ...,https://aws.amazon.com/blogs/machine-learning/build-share-deploy-how-business-analysts-and-data-scientists-achieve-faster-time-to-market-using-no-code-ml-and-amazon-sagemaker-canvas/
Vivek Kishorbhai Moga – AI/Machine learning and design Intern ...,https://de.linkedin.com/in/vivek-kishorbhai-moga-b73980121
A multiobjective genetic algorithm for job shop scheduling ...,https://www.tandfonline.com/doi/abs/10.1080/09537280110040424
Maria Moga Gordon - Senior Manager- Product Delivery - Dialexa ...,https://www.linkedin.com/in/maria-moga-gordon
2023 Applied Science Internship - Machine Learning - Amazon.jobs,https://www.amazon.jobs/pl/jobs/2171929/2023-applied-science-internship-machine-learning-united-states
Compliance Sanctions Officer - Systems Engineering- C13 (Hybrid),https://citi.wd5.myworkdayjobs.com/en-US/2/job/Tampa-Florida-United-States/Compliance-Sanctions-Officer---Systems-Engineering--C13--Hybrid-_23610616
Artificial Intelligence Course in Moga - Best Training Institute - Fees ...,http://quickxpertinfotech.com/artificial-intelligence-course-in-moga
Working as a Production at Nestlé in Moga- Punjab: Employee ...,https://in.indeed.com/cmp/Nestl%C3%A9-1/reviews?fjobtitle=Production&fcountry=IN&floc=Moga%2C+Punjab
Applied Sciences | Free Full-Text | A Novel MOGA-SVM Multinomial ...,https://www.mdpi.com/473494
ishamal moga - Botswana | Professional Profile | LinkedIn,https://bw.linkedin.com/in/ishamal-moga-227b1395
Business Analyst,https://citi.wd5.myworkdayjobs.com/en-US/2/job/Bangalore-Karnataka-India/Business-Analyst_23608162-3
[PDF] Hybrid intelligence for dynamic job-shop scheduling with deep ...,https://www.semanticscholar.org/paper/Hybrid-intelligence-for-dynamic-job-shop-scheduling-Zeng-Liao/40c7e92d0205f89083d918c65712cb8f9455e8df
Review on flexible job shop scheduling,https://ietresearch.onlinelibrary.wiley.com/doi/pdf/10.1049/iet-cim.2018.0009
Evaluation of Machine Learning Methods in Predicting Optimum ...,https://papers.ssrn.com/sol3/papers.cfm?abstract_id=3841446
A dynamic job-shop scheduling model based on deep learning,https://apem-journal.org/Archives/2021/APEM16-1_023-036.pdf
DEVELOPMENT OF MULTI-OBJECTIVE GENETIC ALGORITHMS ...,https://www.yzu.edu.tw/admin/rd/files/rdso/G04/93/G04079(1).doc
Field Service Engineer,https://trumpf.wd3.myworkdayjobs.com/TRUMPF_Graduates_and_Professionals/job/Atlanta-GA/Field-Service-Engineer_R00015907
Andreea Moga - Co-Founder - Rotterdam Tech Social | LinkedIn,https://nl.linkedin.com/in/andreeamoga
Internships and apprenticeship at Nestlé | Nestlé Global,https://www.nestle.com/jobs/career-area/internships
About me | Andreea Moga,https://www.andreeamoga.com/about
What Is Artificial Intelligence (AI)? - MATLAB & Simulink,https://www.mathworks.com/discovery/artificial-intelligence.html
Our commitment to hiring people with disabilities - Google Careers,https://careers.google.com/programs/people-with-disabilities/
Best Optimization Courses & Certifications [2023] | Coursera,https://www.coursera.org/courses?query=optimization
Anshul Dhir - Moga- Punjab- India | Professional Profile | LinkedIn,https://in.linkedin.com/in/anshul-dhir-23076a17b
RIEC OVERSEAS LTD | LinkedIn,https://ca.linkedin.com/company/riec-overseas-ltd
Melania Moga - Software Engineer - Stacker | LinkedIn,https://ro.linkedin.com/in/melania-moga-4b363724
Northeastern University - A University Like No Other,https://www.northeastern.edu/
Artificial Intelligence Training in Moga- AI Training in Moga- Course ...,https://www.sulekha.com/artificial-intelligence-training/moga
Moga Medicity Hospital Overview and Company Profile | AmbitionBox,https://www.ambitionbox.com/overview/moga-medicity-hospital-overview
Innovation at The Red Cross,https://www.redcross.org/about-us/who-we-are/innovation.html
A Closer Look at Our Machine Learning Feature Store | Binance Feed,https://www.binance.com/pl/feed/post/108082
District Moga- Government of Punjab | Welcome to Moga District ...,https://moga.nic.in/
Groundwater level prediction using machine learning models: A ...,https://www.sciencedirect.com/science/article/pii/S092523122200282X
CSE Diploma in Moga- Punjab | YRS Offers Diploma in CSE,https://yrsmoga.edu.in/computer-science-engineering.php
Blacklist muti-objective genetic algorithm for energy saving in ...,https://link.springer.com/content/pdf/10.1007/s11227-016-1866-9.pdf
Akal JCB Operating Training Institute Moga | Moga | Facebook,https://www.facebook.com/people/Akal-JCB-Operating-Training-Institute-Moga/100057591162946/
Design of porous electrodes for redox flow batteries using machine ...,https://repository.hkust.edu.hk/ir/Record/1783.1-116576
Career Counsellor Jobs in Moga- Punjab (Jan 2023) - 1735 Active ...,https://www.shine.com/job-search/career-counsellor-jobs-in-moga
Moga: Basketball player pushed off roof- suffers multiple fractures for ...,https://www.timesnownews.com/mirror-now/crime/moga-basketball-player-pushed-off-roof-suffers-multiple-fractures-for-resisting-rape-bid-article-93646247
Jeremy Howard: The wonderful and terrifying implications of ...,https://www.ted.com/talks/jeremy_howard_the_wonderful_and_terrifying_implications_of_computers_that_can_learn?language=en
A multi-objective genetic algorithm for a fuzzy parallel blocking flow ...,https://www.researchgate.net/publication/326973765_A_multi-objective_genetic_algorithm_for_a_fuzzy_parallel_blocking_flow_shop_scheduling_problem
Danone: World food company,https://www.danone.com/
A Test to the Moga Community of Interests | Request PDF,https://www.researchgate.net/publication/299688463_A_Test_to_the_Moga_Community_of_Interests
Sustainable Scheduling of Cloth Production Processes by Multi ...,https://pdfs.semanticscholar.org/167f/404574b6a1a77c95498623cd444908940293.pdf
Is machine learning going to take over SEOs? | Globant,https://medium.com/globant/is-machine-learning-going-to-take-over-seo-professionals-32616439c49
Cooperative grid jobs scheduling with multi-objective genetic ...,https://dl.acm.org/doi/abs/10.5555/2395970.2396025
Heuristic Based Approach for BI-Criteria Optimization of Minimizing ...,https://citeseerx.ist.psu.edu/document?repid=rep1&type=pdf&doi=3e4a96e0abbe1290e8577bc1e3e15cde4a3bf8cf
A cooperative multi‐agent offline learning algorithm to scheduling ...,https://onlinelibrary.wiley.com/doi/10.1002/cpe.7148
Praca Process Automation Engineer | Business Analysis | HyLogic ...,https://nofluffjobs.com/pl/job/process-automation-engineer-hylogic-warsaw-fg1libjs
How AI-powered progress documentation and real-time site control ...,https://leica-geosystems.com/pl-pl/about-us/news-room/customer-magazine/reporter-90/how-ai-powered-progress-benefit-construction
Packing work from home jobs? Real or Fake? - YouTube - YouTube,https://www.youtube.com/watch?v=wF_YC_5-WRg
An Optimized Mobile Cloud Computational Offloading Framework ...,https://thescipub.com/pdf/jcssp.2020.202.210.pdf
A Hybrid Deep Learning-Metaheuristic Model for Diagnosis of ...,https://dergipark.org.tr/en/pub/gujs/issue/72786/919572
A Multioffspring Genetic Algorithm Based on Sorting Grouping ...,https://downloads.hindawi.com/journals/mpe/2022/4203082.pdf
Combined design of a projective tracker and PID system for the EIC ...,https://www.jlab.org/sites/default/files/eic_rd_prgm/files/2022_Proposals/EIC_R_D_proposal_2022_FIN2_EICGENRandD2022_27.pdf
