Title,URL
Machine Learning Jobs in Salem- OR | Monster.com,https://www.monster.com/jobs/q-machine-learning-jobs-l-salem-or
Machine learning Jobs in Winston-Salem- NC- January 2023 ...,https://www.glassdoor.com/Job/winston-salem-machine-learning-jobs-SRCH_IL.0,13_IC1139151_KO14,30.htm
Machine Learning Jobs in Winston Salem- NC | Monster.com,https://www.monster.com/jobs/q-machine-learning-jobs-l-winston-salem-nc
Machine Learning Engineer | Salem- Oregon - Advantis Global,https://www.advantisglobal.com/jobs/225070
123 Software Engineer jobs in Salem- Oregon- United States (10 new),https://www.linkedin.com/jobs/software-engineer-jobs-salem-or
Lead Cognitive/Machine Learning Professional ... - Humana Jobs,https://humana.dejobs.org/salem-or/lead-cognitivemachine-learning-professional-mlp-remote-us/213897439DAC4438AF6067E3C23BB051/job/?utm_source=USNLx.com-DE&utm_campaign=USNLx.com&utm_medium=NLX
How to Ace the Google Cloud Professional Machine Learning ...,https://www.linkedin.com/pulse/my-notes-google-cloud-professional-machine-learning-engineer-amazit
Machining Engineer Jobs in Winston-Salem- NC (Hiring Now!) - Zippia,https://www.zippia.com/machining-engineer-winston-salem-nc-jobs/
$131k-$188k Artificial Intelligence Machine Learning Jobs,https://www.ziprecruiter.com/Jobs/Artificial-Intelligence-Machine-Learning
Artificial Intelligence Jobs In Salem Tamil Nadu - 2165 Artificial ...,https://www.naukri.com/artificial-intelligence-jobs-in-salem-tamil-nadu
20 Best software engineer jobs in Salem- OR (Hiring Now ...,https://www.simplyhired.com/search?q=software+engineer&l=salem%2C+or
Winston-Salem Jobs at IQVIA,https://jobs.iqvia.com/location/winston-salem-jobs/24443/6252001-4482348-4499612/4
Garmin Careers,https://careers.garmin.com/
Machine Learning Course in Salem- Training | Sulekha,https://www.sulekha.com/machine-learning-courses/salem
Jobs | Samsara,https://www.samsara.com/company/careers/roles/
24 Best Machine learning government Jobs in South Salem- New ...,https://jobtoday.com/us/jobs-machine-learning-government/ny_south-salem
Research Associate- WFIRM- Organs on a Chip/Machine Learning ...,https://www.salary.com/job/wake-forest-baptist-health/research-associate-wfirm-organs-on-a-chip-machine-learning-artificial-intelligence/j202202141933403702989
Staff Scientist- WFIRM-Organs on a Chip/Machine Learning/Artificial ...,https://www.salary.com/job/wake-forest-baptist-health/staff-scientist-wfirm-organs-on-a-chip-machine-learning-artificial-intelligence/j202202120216474212405
Assistant Professor- Data Science,https://willamette.wd1.myworkdayjobs.com/en-US/willametteuniversityjobs/job/Salem-Campus/Assistant-Professor--Data-Science_R0004427
Information Technology Jobs in Massachusetts | HERC Jobs,https://main.hercjobs.org/jobs/category/information-technology/state_province/massachusetts
Winston-Salem Transit Authority: WSTA Home,https://wstransit.com/
Careers at Activision | Activision job opportunities,https://careers.activision.com/
Facebook Jobs in Salem | Mendeley Careers,https://www.mendeley.com/careers/jobs/facebook/salem-0
Salem High School: Home,https://salemhs.vbschools.com/
25 Highest Rated Precalculus Tutors Near Salem- MA,https://www.wyzant.com/Salem_MA_precalculus_tutors.aspx
Westat: Homepage,https://www.westat.com/
[PDF] A Comparison of Distributed Machine Learning Platforms ...,https://www.semanticscholar.org/paper/A-Comparison-of-Distributed-Machine-Learning-Zhang-Alqahtani/a0704ac726ee433813328416df3d06d10c828ffc
3 Best Freelance SQL Developers For Hire Near Salem - Upwork™,https://www.upwork.com/hire/sql-programmers/us/salem-nh/
SWIPEBY Careers- Perks + Culture | Built In,https://builtin.com/company/swipeby
Towards inference delivery networks: distributing machine learning ...,https://hal.archives-ouvertes.fr/hal-03376168/document
Jobs | Aptiv,https://www.aptiv.com/en/jobs
Seasonal Full Time Jobs in Salem- MA Now Hiring (Updated Daily ...,https://www.snagajob.com/find-jobs/w-salem,+ma,x-seasonal+full+time
ReSpark: Automatic Caching for Iterative Applications in Apache ...,https://www.researchgate.net/publication/347241130_ReSpark_Automatic_Caching_for_Iterative_Applications_in_Apache_Spark
Highest Paying Jobs in Hillsboro- OR | Ladders,https://www.theladders.com/jobs/hillsboro-or-jobs?sort=ByRelevance&page=82
Highest Paying Jobs in Cornelius- OR | Ladders,https://www.theladders.com/jobs/cornelius-or-jobs
COMMUNITY CALENDAR | News- Sports- Jobs - Morning Journal,https://www.morningjournalnews.com/news/local-news/2022/11/community-calendar-804/
Velmurugan Angamuthu - Salem- Tamil Nadu- India | Professional ...,https://in.linkedin.com/in/velmurugan-angamuthu-10554321b?trk=public_profile_samename-profile
Kontave | LinkedIn,https://uk.linkedin.com/company/kontave
PZA Parlour | LinkedIn,https://ca.linkedin.com/company/pza-parlour
