Title,URL
1 Game Development Jobs for Freshers in Bhuj- Jan | Internshala,https://internshala.com/fresher-jobs/game-development-jobs-in-Bhuj/
Kutch Mahila Vikas Sangathan - KMVS | LinkedIn,https://in.linkedin.com/company/kmvs
Ensemble Jobs In Ahmedabad Bhuj Gujarat - 5 Ensemble Job ...,https://www.naukri.com/ensemble-jobs-in-ahmedabad-bhuj-gujarat
Ashwin Joshi - Machine Learning Engineer - TikTok | LinkedIn,https://www.linkedin.com/in/ashwinrajeshjoshi
Internship Job Vacancies in Bhuj-Internship Openings in Bhuj Gujarat,https://www.placementindia.com/job-search/internship-jobs-in-bhuj.htm
Fresher Jobs in Bhuj- Gujarat (Feb 2023) - 10 Active Openings for ...,https://www.shine.com/job-search/fresher-jobs-in-bhuj
Understanding einsum for Deep learning: implement a transformer ...,https://theaisummer.com/einsum-attention/
Part Time Jobs in Bhuj- Gujarat (Feb 2023) - 1 Part Time Openings ...,https://www.shine.com/job-search/part-time-jobs-in-bhuj
Working at Balkrishna Industries Ltd in Bhuj- Gujarat: Employee ...,https://in.indeed.com/cmp/Balkrishna-Industries-Ltd/reviews?fcountry=IN&floc=Bhuj%2C+Gujarat
Renew Solar Power Bhuj Reviews by 7 Employees | AmbitionBox,https://www.ambitionbox.com/reviews/renew-solar-power-reviews/bhuj-location
Complete wind energy and solar energy solutions | Suzlon Energy Ltd,https://www.suzlon.com/
Personal Care Aide: What It Is and How to Become One | Coursera,https://www.coursera.org/articles/personal-care-aide
6 Feet Lathe Machine with Big Job Work - Heavy Cut - YouTube,https://www.youtube.com/watch?v=J1j0cQjYq9U
A field-worker's perspective of the Gujarat earthquake response ...,https://odihpn.org/publication/a-field-worker%C2%92s-perspective-of-the-gujarat-earthquake-response/
Tableau Server Administration Jobs in India - 20282 Tableau Server ...,https://www.timesjobs.com/jobskill/tableau-server-administration-jobs
Apply Linear Systems Theory And Analysis Jobs in India - 54523 ...,https://m.timesjobs.com/jobskill/apply-linear-systems-theory-and-analysis-jobs
Replacing libraries in scatterometry | Request PDF,https://www.researchgate.net/publication/329824937_Replacing_libraries_in_scatterometry
Tweets with replies by SR SALMAN (@srsalman_ias) / Twitter,https://mobile.twitter.com/srsalman_ias/with_replies
7 Key Trends that Redefine SCM in 2023: o9 Solutions,https://smestreet.in/msmenews/7-key-trends-that-redefine-scm-in-2023-o9-solutions/
Ethnopharmacology | Apply for Honorary DSc in ...,https://sites.google.com/site/honorarydegreeacademics/ethnopharmacology-apply-for-honorary-dsc-in-ethnopharmacology-admission-announcement
THE TEXTILE HUB- a place to learn and earn_Design ...,https://issuu.com/aoa_confluence_2022/docs/1731_prajwal_pembarti_dd_book
Volume 6- Issue 2,https://www.citefactor.org/journal/volume_6_issue_2.html
