Title,URL
▷ Tutor jobs in Alappuzha | TeacherOn,https://www.teacheron.com/tutor-jobs-in-alappuzha?ul=kj
3 Draughts Person Job Vacancies In Alleppey Alappuzha - Naukri.com,https://www.naukri.com/draughts-person-jobs-in-alleppey-alappuzha
Artificial Intelligence & Machine Learning | SREE BUDDHA ...,https://sbce.ac.in/departments/artificial-intelligence-machine-learning/
469 Jobs and Vacancies in Alleppey- Kerala - 7 February 2023 ...,https://in.indeed.com/jobs-in-Alleppey,-Kerala
neethu renjith - Machine Learning Software Engineer - Gridspace ...,https://www.linkedin.com/in/neethu-renjith
Floor Gardens - India | LinkedIn,https://in.linkedin.com/company/floor-gardens---india
104 Python Trainer- Ml Jobs and Vacancies in Ernakulam- Kerala - 5 ...,https://in.indeed.com/Python-Trainer,-Ml-jobs-in-Ernakulam,-Kerala
PinTech Digital Pvt Ltd | LinkedIn,https://in.linkedin.com/company/pintech-digital-solutions
Finance Internship in Alappuzha | Internshala,https://internshala.com/internships/finance-internship-in-alappuzha/
Artificial Intelligence and Machine Learning - Additional Skill ...,https://asapkerala.gov.in/course/artificial-intelligence-and-machine-learning-developer/
Advanced Skill Development Center - Alappuzha - Dear Sir/Madam ...,https://m.facebook.com/106605507346745/photos/dear-sirmadamwe-are-glad-to-inform-that-asap-advanced-skill-development-center-i/355633935777233/
Keltron Toolroom | Alleppey (Alappuzha),https://www.facebook.com/keltrac/
Popular Hyundai CRM Salaries in Alappuzha | AmbitionBox,https://www.ambitionbox.com/salaries/popular-hyundai-salaries/crm/alappuzha-location
CADD Centre Alappuzha - Facebook,https://ms-my.facebook.com/CaddCentreAlappuzha/photos/a.464774527059800/1832179023652670/
Mahaguru Institute of Technology- Alappuzha Wanted Faculty for ...,https://www.facultyplus.com/mahaguru-institute-of-technology-alappuzha-wanted-faculty-for-2022/
Internships for students | Summer Internships | Volvo Group,https://www.volvogroup.com/en/careers/opportunities-for-students/internships.html
Machine Operator Jobs 2023-24 Job Vacancy- Alappuzha ...,https://www.quikr.com/jobs/machine-operator-jobs+alappuzha+zwqxj4157493934
IOT / CLOUD / MACHINE LEARNING BOOT CAMP - Future Connect,https://www.futureconnect.net/upcoming-events.php
Top Information Technology (IT) Companies in the World - 2022 ...,https://clutch.co/it-services?page=459
Algorithms for Effective Team Building | Request PDF,https://www.researchgate.net/publication/281835981_Algorithms_for_Effective_Team_Building
Untitled,https://www.indianjournals.com/ijor.aspx?target=ijor:ijemr&volume=7&issue=6&type=toc
Questions - Microsoft Q&A,https://learn.microsoft.com/en-us/answers/questions/?page=10892
Tweets with replies by Manish Sirsiwal (@msirsiwal) / Twitter,https://twitter.com/msirsiwal/with_replies
Discussion of Announcing the DigitalOcean App Platform Hackathon ...,https://dev.to/devteam/announcing-the-digitalocean-app-platform-hackathon-on-dev-2i1k/comments
Home Automation Jobs,https://www.monsterindia.com/search/home-automation-jobs
abnormal occurrences october december: Topics by Science.gov,https://www.science.gov/topicpages/a/abnormal+occurrences+october--december
Backyard Poultry Production In Kerala,https://pt.slideshare.net/irshad2k6/backyard-poultry-production-in-kerala
Untitled,https://www.drishtiias.com/images/pdf/Kuru%20February%202019.pdf
Empowering Telecentre Managers for Inclusion and Equity ...,https://issuu.com/telecentre_magazine/docs/telecentre_december_2007_issue
