Title,URL
Hyperparameter tuning a model (v2) - Azure Machine Learning ...,https://learn.microsoft.com/en-us/azure/machine-learning/how-to-tune-hyperparameters
Data scientist salary in Hisar- Haryana,https://in.indeed.com/career/data-scientist/salaries/Hisar--Haryana
Machine Learning Course in Hisar - Best Training Institute - Fees ...,http://quickxpertinfotech.com/machine-learning-course-in-hisar
30063 Computer Engineer Job Vacancies In Hisar - Naukri.com,https://www.naukri.com/computer-engineer-jobs-in-hisar
Microsoft Customer Story-Hisar Schools Include Artificial Intelligence ...,https://customers.microsoft.com/en-us/story/1437573014852188397-hisar-school-k12-edu-azure-en-turkey
Vinayak Gupta - Machine Learning Engineer - Tiger Analytics ...,https://in.linkedin.com/in/vinayak-gupta30
3 MBA Jobs for Freshers in Hisar- Feb | Internshala,https://internshala.com/fresher-jobs/mba-jobs-in-hisar/
Getting into Data Science presentation at Hisar Coding Summit ...,https://marcobonzanini.com/2021/04/22/getting-into-data-science-presentation-at-hisar-coding-summit-2021/
Python Course in Hisar,https://www.codingbytes.com/python-course/python-course-in-hisar/
Tomislav N. - Upwork Freelancer from Demir Hisar- Macedonia,https://www.upwork.com/freelancers/~01501e2302528f69ae
Shreya Rajpal - Founding Engineer (We're Hiring!) - Predibase ...,https://www.linkedin.com/in/shreya-rajpal
Hisar Coding Summit 2022,https://event.hisarcs.com/
Careers at NCR: Find Jobs and a Career at NCR | NCR,https://www.ncr.com/careers
Ph.D / Doctorate Jobs in Hisar- Haryana (Jan 2023) - 139 Active Ph ...,https://www.shine.com/job-search/ph-dot-d-doctorate-jobs-in-hisar
About Department - Guru Jambheshwar University of Science and ...,https://www.gjust.ac.in/department/cse/cse.html
Top 10 Certifications for 2023 | Highest Paying IT Certifications ...,https://www.edureka.co/blog/top-10-certifications
Careers at Broadcom,https://www.broadcom.com/company/careers
Internships and Part-Time Students | Careers | John Deere US,https://www.deere.com/en/our-company/john-deere-careers/jobs-for-students/internships-and-part-time-students/
Bachelor of Technology (B.Tech.) CSE in Artificial Intelligence ...,https://universitykart.com/university/universitycourse/guru-jambheshwar-university-of-science-and-technology-hisar/b-tech-cse-in-artificial-intelligence-and-machine-learning
Hisar School and Microsoft Turkey deliver artificial intelligence ...,https://www.technologyrecord.com/Article/hisar-school-and-microsoft-turkey-deliver-artificial-intelligence-education-127299
Data Science Training in Hisar- Course Fees- Certification | Sulekha,https://www.sulekha.com/data-science-certification-training/hisar
Om Hari Herbal Power Private Limited,https://www.omhariherbaljobs.com/
Atlassian Technical Support Engineer Interview Questions | Glassdoor,https://www.glassdoor.com/Interview/Atlassian-Technical-support-engineer-Interview-Questions-EI_IE115699.0,9_KO10,36.htm
Rohit Rohit - Houseman - Empire Hospitality Australia | LinkedIn,https://au.linkedin.com/in/rohit-rohit-68a147131
(PDF) Big Data- Hadoop and Spark for Employability: Proposal ...,https://www.researchgate.net/publication/360855669_Big_Data_Hadoop_and_Spark_for_Employability_Proposal_Architecture
Malik Saad - University of Education- Lahore - Khushāb- Punjab ...,https://pk.linkedin.com/in/malik-saad-203365222
Journal Paper Format,https://citeseerx.ist.psu.edu/document?repid=rep1&type=pdf&doi=019a32f153ad609133ee2e619c611d55d42d3bde
Live Your Green Dream | Facebook,https://www.facebook.com/groups/1002199509953396/posts/2048713341968669/
Ericsson-Worldwide Engineer Reviews | Glassdoor,https://www.glassdoor.co.uk/Reviews/Ericsson-Worldwide-Engineer-Reviews-EI_IE3472.0,18_KO19,27.htm
NIIT Digital Wins Best E-Learning Platform Award by ASSOCHAM,https://www.univarta.com/niit-digital-wins-best-e-learning-platform-award-by-assocham/business-wire-india/news/2867359.html
Atlassian "atlassian" Reviews | Glassdoor,https://www.glassdoor.com.au/Reviews/Atlassian-atlassian-Reviews-EI_IE115699.0,9_KH10,19.htm
Atlassian Senior Support Engineer Reviews | Glassdoor,https://www.glassdoor.com.au/Reviews/Atlassian-Senior-Support-Engineer-Reviews-EI_IE115699.0,9_KO10,33.htm
Jindal Stainless Supervisor Reviews by 7 Employees | AmbitionBox,https://www.ambitionbox.com/reviews/jindal-stainless-reviews/supervisor?scrollToRating=1
Haryana - The Tribune- Chandigarh- India,https://m.tribuneindia.com/2006/20060618/haryana.htm
Vishal Choudhary | BANSTHALI VIDYAPITH - Academia.edu,https://bansthalividyapith.academia.edu/VishalChoudhary
Mentoring network for equal opportunities handbook,https://www.slideshare.net/mariyagoranova/mentoring-network-for-equal-opportunities-handbook
Rajni Jain | NCAP - Academia.edu,https://ncap.academia.edu/RajniJain
Full article: Ontology-Assisted and Autonomic Testing Verified Model ...,https://www.tandfonline.com/doi/full/10.1080/03772063.2022.2150698?src=
Economics | Open Access Articles | Digital Commons Network™,https://network.bepress.com/social-and-behavioral-sciences/economics/page13
Dinesh Abrol- Agro-Food,https://smartech.gatech.edu/bitstream/handle/1853/36931/Dinesh_Abrol_Agro_Food.pdf
Career connect july 2016 issue by Surecom Media: CareerConnect ...,https://issuu.com/surecommediacareerconnectmagazine/docs/career_connect___july_2016_issue
