Title,URL
0 Finance Jobs for Freshers in Hardoi- Feb | Internshala,https://internshala.com/fresher-jobs/finance-jobs-in-hardoi/
Data Science Course in Hardoi - Best Training Institute - Fees ...,http://quickxpertinfotech.com/data-science-course-in-hardoi
Sachin verma - Associate Software Engineer - Solera- Inc. | LinkedIn,https://in.linkedin.com/in/sachin-verma-3ba2631a6
Latest Job Vacancies | Search and apply | Diageo Careers,https://www.diageo.com/en/careers/search-and-apply
122 Distillation Jobs and Vacancies - 6 February 2023 | Indeed.com,https://in.indeed.com/Distillation-jobs
Careers｜NTT DATA,https://www.nttdata.com/global/en/careers
Lubaba - Hardoi- : Expertise in one-to-one tutoring. Special teaching ...,https://www.superprof.ng/expertise-one-one-tutoring-special-teaching-skill-explaining-complex-concepts-clear-terms-hold-bca-degree-from.html
Vikalp Sharma - Crunchbase Person Profile,https://www.crunchbase.com/person/vikalp-sharma
Operator & Technician Jobs in Hardoi,https://www.olx.in/hardoi_g4059286/operator-technician_c731
HCLTech: Supercharging Progress | Digital- Engineering and Cloud,https://www.hcltech.com/
Hcl Foundation Salaries in Hardoi | AmbitionBox,https://www.ambitionbox.com/salaries/hcl-foundation-salaries/hardoi-location
New features and changes in InfoSphere Information Server ...,https://www.ibm.com/support/pages/new-features-and-changes-infosphere-information-server-version-1171
Top 10 Share Market Courses in Hardoi- Training Classes | Sulekha ...,https://www.sulekha.com/share-marketing-job-training/hardoi
How to Build a Real-Time Twitter Analysis Application Using Big ...,https://towardsdatascience.com/how-to-build-a-real-time-twitter-analysis-using-big-data-tools-dd2240946e64
HCL Foundation: Homepage,https://www.hclfoundation.org/
Careers - Sun Pharmaceutical Industries Ltd.,https://sunpharma.com/careers/
HCL Technologies Foundation,https://www.hcltech.com/hcl-foundation
Join Us - nurture.farm,https://nurture.farm/join-us/
Ashoka University: Leading Liberal Arts and Sciences University,https://www.ashoka.edu.in/
Careers With Plants: Job Options- Salaries- & Resources,https://www.learnhowtobecome.org/career-resource-center/careers-with-plants/
Hadoop - Different Modes of Operation - GeeksforGeeks,https://www.geeksforgeeks.org/hadoop-different-modes-of-operation/
Jobs in Hardoi - Check Latest (73) Job Openings (February 2023 ...,https://www.quikr.com/jobs/hardoi+zwqxj760939060
Top Government Recognised Computer Training Institutes in Hardoi ...,https://www.justdial.com/Hardoi/Government-Recognised-Computer-Training-Institutes-in-Hardoi-Bazar/nct-10891467
Avantika - Hardoi- : I have done post graduation (MCA) from ...,https://www.superprof.com/have-done-post-graduation-mca-from-galgotias-college-engineering-and-technology.html
Machine learning Jobs: Jobs for freshers with Machine learning ...,https://www.freshersworld.com/machine-learning-jobs/3535242
What is a JobTracker in Hadoop? How many instances of ...,https://hadoopinaction.wordpress.com/2014/04/08/what-is-a-jobtracker-in-hadoop-how-many-instances-of-jobtracker-run-on-a-hadoop-cluster/
Jobs - Oorja Development Solutions Limited,https://www.oorjasolutions.org/jobs
M.Tech.Data Science & Engineering – BITS Pilani,https://bits-pilani-wilp.ac.in/m-tech/cluster/data-science-and-engineering.php
4 Cnc Operator Jobs and Vacancies in Noida - 2023,https://www.goodworker.in/cnc-operator-jobs-in-noida
Find Job | Work Assist,https://workassist.in/job-category/business-analytics
Best Power BI Training in Lucknow | Power BI Course | igmGuru ...,https://www.igmguru.com/data-science-bi/power-bi-training-in-lucknow/
Hadoop MapReduce Job Execution flow Chart - TechVidvan,https://techvidvan.com/tutorials/mapreduce-job-execution-flow/
District Shahjahanpur- Government of Uttar Pradesh | Shaheed ...,https://shahjahanpur.nic.in/
Weaving Saree in Power Loom - YouTube,https://www.youtube.com/watch?v=HAgX1LGPaBA
Jellyfish 101 | Nat Geo Wild - YouTube,https://www.youtube.com/watch?v=9z8ujpPgUjI
Obstetrician and Gynecologist (OB/GYN) Career Video - YouTube,https://www.youtube.com/watch?v=d5gliPZ-ZNo
35th Edition of Water Series Webinar on 'Catch The Rain' Campaign ...,https://m.facebook.com/mowrrdgr/videos/397793905622007/?comment_id=394143436099367
NCC,https://ncclimited.com/
Netafim: Irrigation Services & Solutions,https://www.netafimindia.com/
Ethnopharmacology | Apply for Honorary DSc in ...,https://sites.google.com/site/honorarydegreeacademics/ethnopharmacology-apply-for-honorary-dsc-in-ethnopharmacology-admission-announcement
Solicitar Honorario D. Litt. en lengua y literatura españolas ...,https://sites.google.com/site/honorarydegreeacademics/solicitar-honorario-d-litt-en-lengua-y-literatura-espanolas
Apply For Honorary PhD for School Principal | School Education ...,https://sites.google.com/site/honorarydegreeacademics/apply-for-honorary-phd-for-school-principal-school-education-development-program
Application For Honorary PhD for Librarians - Honorary Awards,https://sites.google.com/site/honorarydegreeacademics/application-for-honorary-phd-for-librarians
Apply for Honorary D.Sc for Physics Lecturer - Honorary Awards,https://sites.google.com/site/honorarydegreeacademics/apply-for-honorary-d-sc-for-physics-lecturer
Harcourt Butler Technical University | Online Apply for Honorary ...,https://sites.google.com/site/honorarydegreeacademics/harcourt-butler-technical-university-online-apply-for-honorary-phd-dsc-dlitt-dr-med
Guru Gobind Singh Indraprastha Vishwavidyalaya | Honorary PhD ...,https://sites.google.com/site/honorarydegreeacademics/guru-gobind-singh-indraprastha-vishwavidyalaya-honorary-phd-dsc-dlitt-dr-med-admission-courses-and-fee-online-application-form
Maharaja Bir Bikram University | Online Apply for Honorary PhD ...,https://sites.google.com/site/honorarydegreeacademics/maharaja-bir-bikram-university-online-apply-for-honorary-phd-dsc-dlitt-dr-med
Apply For Young Librarian Award - Honorary Awards,https://sites.google.com/site/honorarydegreeacademics/apply-for-young-librarian-award
Kerala Agricultural Unviersity | Honorary PhD- DSc- DLitt Dr. Med ...,https://sites.google.com/site/honorarydegreeacademics/kerala-agricultural-unviersity-honorary-phd-dsc-dlitt-dr-med-admission-courses-and-fee-online-application-form
Uttar Pradesh University of Medical Sciences - Honorary Awards,https://sites.google.com/site/honorarydegreeacademics/uttar-pradesh-university-of-medical-sciences
POLICY WORDINGS,https://tagic-cms-dev.s3.ap-south-1.amazonaws.com/Policy_Wordings_home_guard_plus_policy.pdf_8d9747efb2.pdf
