Title,URL
29 Machine Learning Job Vacancies In Goa - Naukri.com,https://www.naukri.com/machine-learning-jobs-in-goa
117 Data Scientist jobs in Goa- India (2 new),https://in.linkedin.com/jobs/data-scientist-jobs-goa
Machine Learning Jobs in Panaji- Goa (Jan 2023) - 1 Machine ...,https://www.shine.com/job-search/machine-learning-jobs-in-panaji
All jobs in Panaji- Goa — Jobs in AI/ML- Data Science and Big Data ...,https://ai-jobs.net/jobs-in-goa/panaji/
18 Data Science Jobs and Vacancies in Goa - 6 February 2023 ...,https://in.indeed.com/Data-Science-jobs-in-Goa
Finance internship in Panaji with job offer,https://internshala.com/internships/finance-internship-in-panaji/ppo-true/
Events - DeepLearning.AI,https://www.deeplearning.ai/events/
Event Management internship in Panaji with job offer,https://internshala.com/internships/event-management-internship-in-panaji/ppo-true/
Data Scientist job at Transerve Technologies - Instahyre,https://www.instahyre.com/job-221128-data-scientist-at-transerve-technologies-panaji/
Internship in Panaji | Internshala,https://internshala.com/internships/internship-in-panaji/
Transerve Technologies Geospatial Data Scientist Job in Panaji ...,https://www.glassdoor.co.in/job-listing/geospatial-data-scientist-transerve-JV_IC2872328_KO0,25_KE26,35.htm?jl=1008399781798
Browse jobs | NeuroJobs Career Center,https://neurojobs.sfn.org/jobs/
Drishti Lifesaving Overview and Company Profile | AmbitionBox,https://www.ambitionbox.com/overview/drishti-lifesaving-overview
Is AI Triggering a Rise in Temporary Jobs? - Compunnel Staffing,https://staffing.compunnel.com/blog/is-artificial-intelligence-triggering-a-rise-in-temporary-jobs/
Emonics LLC – Nursing- IT Staffing & Healthcare Consulting Firm,https://www.emonics.com/
Unilever Manager Reviews | Glassdoor,https://www.glassdoor.com/Reviews/Unilever-Manager-Reviews-EI_IE3513.0,8_KO9,16_IP3.htm
Unilever Interview Questions | Glassdoor,https://www.glassdoor.com/Interview/Unilever-Interview-Questions-E3513_P5.htm
Syngenta Interview Questions | Glassdoor,https://www.glassdoor.com/Interview/Syngenta-Interview-Questions-E12862_P3.htm
17673 Cognos Developer Jobs Openings in India,https://www.timesjobs.com/jobskill/cognos-developer-jobs
36367 Technical Proficiency Jobs Openings in India - TimesJob.com,https://www.timesjobs.com/jobskill/technical-proficiency-jobs
Tweets with replies by Nihar Madkaiker (@niharonline) / Twitter,https://mobile.twitter.com/niharonline/with_replies
Siemens "big company" Reviews | Glassdoor,https://www.glassdoor.co.uk/Reviews/Siemens-big-company-Reviews-EI_IE3510.0,7_KH8,19.htm
Erp Data Jobs in India - TimesJobs,https://m.timesjobs.com/jobskill/erp-data-jobs
Indian Institute of Science and TalentSprint Strengthen Their ...,http://www.uniindia.com/indian-institute-of-science-and-talentsprint-strengthen-their-partnership-in-deeptech-executive-education/business-wire-india/news/2853582.html
B Live Media | LinkedIn,https://za.linkedin.com/company/blivemedia
Product Security Jobs,https://www.monsterindia.com/search/product-security-jobs
Vol. 8 No. 7 OCT 2010 - International Journal of Computer Science ...,http://eprints.utm.my/id/eprint/37054/3/vol-8-no-7-oct-2010
SPARC - Students' PAN IIT Alumni Relations Cell - पोस्ट | Facebook,https://hi-in.facebook.com/sparc.paniit/posts/?ref=page_internal
