Title,URL
Bhavik Nagda · Bessemer Venture Partners,https://www.bvp.com/team/bhavik-nagda
Richa Nagda - Software Development Engineer - Amazon | LinkedIn,https://www.linkedin.com/in/richanagda
Rachit Nagda - Associate Data Engineer - Concentrix Catalyst ...,https://in.linkedin.com/in/rachit-nagda-b017091a3
Internship in Nagda | Internshala,https://internshala.com/internships/marketing-internship-in-nagda/
Palak Nagda - Senior Software Engineer - Apollo 24|7 | LinkedIn,https://in.linkedin.com/in/palaknagda
Nanonets People | Wellfound (formerly AngelList Talent),https://angel.co/company/nanonets/people
VATSAL NAGDA - Software Engineer 2 - Amazon | LinkedIn,https://in.linkedin.com/in/vatsal-nagda
Nitesh Nagda - ArtStation,https://www.artstation.com/nitrox721
Yash Nagda - Data Scientist - GKMIT Pvt Ltd | LinkedIn,https://in.linkedin.com/in/yashnagda04
Designing A Radiation-Free Device for Early Detection of Breast ...,https://blog.swellstartups.com/meet-the-team-bringing-a-cost-effective-non-invasive-radiation-free-device-for-early-detection-of-breast-cancer-to-market
Tarang Nagda - Software Development Engineer - Prismforce ...,https://in.linkedin.com/in/tarangnagda
Ruhi Nagda - Digital and Data Engineer - Rolls-Royce SMR | LinkedIn,https://uk.linkedin.com/in/ruhi-nagda-611854189
Wipro Machine Learning Engineer Interview Questions | Glassdoor,https://www.glassdoor.com/Interview/Wipro-Machine-Learning-Engineer-Interview-Questions-EI_IE9936.0,5_KO6,31.htm
Theory at Berkeley,http://theory.cs.berkeley.edu/
APEx Process Overview - American Society for Radiation Oncology ...,https://www.astro.org/Daily-Practice/Accreditation/About-APEx
What is Research... - Office of Undergraduate Research,https://research.kennesaw.edu/our/students/research.php
SAP on Google Cloud,https://cloud.google.com/solutions/sap
Helping Students with IDD Apply for Jobs,https://www.mudranagda.com/excel
Bindi Nagda's email & phone number - Research Fellowship at ...,https://www.signalhire.com/profiles/bindi-nagda%27s-email/132963833
Lanxess Nagda Reviews by 19 Employees | AmbitionBox,https://www.ambitionbox.com/reviews/lanxess-reviews/nagda-location
ML@TUK,https://ml.informatik.uni-kl.de/
Rinkan Nagda-AM - HR (Talent Acquisition) in PrimEra Medical ...,https://www.naukri.com/recruiters/rinkannagda
Surbhi Kanthed | UMass Lowell,https://www.uml.edu/Profiles/Surbhi-Kanthed.aspx
Vinit Nagda - Doctoral Student - KTH Royal Institute of Technology ...,https://se.linkedin.com/in/vinitjn
S.S. Skill Development & Job Consultancy | Nagda,https://www.facebook.com/NAGDAJOBS/
Our vision- values and team,https://www.rezilienthealth.com/our-vision-values-and-team
Technologies | Free Full-Text | IoT Framework for Measurement and ...,https://www.mdpi.com/2227-7080/10/1/13
Startek,https://www.startek.com/
Yearbook,https://honors.ucdavis.edu/sites/g/files/dgvnsk5721/files/inline-files/uhp-yearbook_v.7%202020.pdf
Engineering Roles at Helloverify | Y Combinator,https://www.ycombinator.com/companies/helloverify/jobs/7a8euatHb-engineering-roles
Hadoop - copyFromLocal Command - GeeksforGeeks,https://www.geeksforgeeks.org/hadoop-copyfromlocal-command/
Medium,https://medium.com/@venali/followers
Power BI Training in Nagda- Power BI Courses in Nagda | Sulekha,https://www.sulekha.com/power-bi-training/nagda
Top 10 Refrigeration Courses in Nagda- Training Classes | Sulekha ...,https://www.sulekha.com/refrigeration-job-training/nagda
The problem solvers – LANXESS Webmagazine,https://webmagazine.lanxess.com/the-problem-solvers/
SOMAIYA,https://kjsieit.s3.ap-south-1.amazonaws.com/Admission/Admission+Brochure/KJSIEIT+Brochure+2021-22+21092021.pdf
Proc. 25th Annual ACM-SIAM Symposium on Discrete Algorithms,https://www.cis.upenn.edu/~sanjeev/pubs.html
Aditya Birla's Grasim appoints Pavan Jain as new chief financial officer,https://in.fashionnetwork.com/news/Aditya-birla-s-grasim-appoints-pavan-jain-as-new-chief-financial-officer,1415678.html
Conceptual Framework: About NSSE: NSSE: Evidence-Based ...,https://nsse.indiana.edu/nsse/about-nsse/conceptual-framework/index.html
Financial Help for Treatment of Kidney Failure | NIDDK,https://www.niddk.nih.gov/health-information/kidney-disease/kidney-failure/financial-help-treatment
Untitled,https://drexel.edu/~/media/Files/biomed/2017-commencement-booklet.ashx?la=en
Grasim Industries,https://www.grasim.com/
(PDF) The Relationship of Undergraduate Research Participation to ...,https://www.researchgate.net/publication/234625388_The_Relationship_of_Undergraduate_Research_Participation_to_Graduate_and_Professional_Education_Pursuit_An_Empirical_Study
M.Tech.Data Science & Engineering – BITS Pilani,https://bits-pilani-wilp.ac.in/m-tech/cluster/data-science-and-engineering.php
Competency-based learning helps bridge the skill gap,https://www.hrkatha.com/news/learning-development/how-competency-based-learning-helps-bridge-the-skill-gap/
Civil Hospital Nagda - LANXESS,https://lanxess.in/sustainability-india/csr-india/social-india/civil-hospital-nagda/
Corpus Christi Public Libraries | City of Corpus Christi,https://www.cctexas.com/library
Lanxess India's Commitment To Education And Healthcare In ...,https://www.csrmandate.org/lanxess-indias-commitment-to-education-and-healthcare-in-nagda-madhya-pradesh/
Modeling of Sustainable UNIBATOR with Triangle Theory - YouTube,https://www.youtube.com/watch?v=li5ndYMbkpg
One Two Buckle My Shoe - The Magic Numbers Song - YouTube,https://www.youtube.com/watch?v=ad1h8fSqSzw
How to Make a Journal Entry - YouTube,https://www.youtube.com/watch?v=g9efJduUVws
Luis Iriarte posted on LinkedIn,https://ca.linkedin.com/posts/liriarte_employeemotivation-toxicity-development-activity-6976938997671415808-kBCE?trk=public_profile_like_view
Live silicon valley updates | Page 5 | Mirage News,https://www.miragenews.com/tag/silicon-valley/page/5/
Using Khan Academy (video) | Khan Academy,https://www.khanacademy.org/college-careers-more/talks-and-interviews/talks-and-interviews-unit/conversations-with-sal/v/using-khan-academy
A crucible moment national task force 2012 by Joan M - Issuu,https://issuu.com/joanm3/docs/a_crucible_moment.national_task_for
The Role of Community College Attendance in Shaping ...,https://journals.sagepub.com/doi/10.3102/0013189X19825659?icid=int.sj-full-text.similar-articles.1
Fostering the Sociopolitical Development of African American and ...,https://journals.sagepub.com/doi/10.1177/0044118X18767783?icid=int.sj-abstract.similar-articles.3
INTERCULTURAL COMPETENCE DEVELOPMENT THROUGH ...,https://etd.ohiolink.edu/apexprod/rws_etd/send_file/send?accession=antioch1468846309&disposition=inline
Diversity- Equity- and Inclusion Strategic Plan- College of Literature ...,https://lsa.umich.edu/content/dam/lsa-site-assets/documents/dei-documents/2017-Sep15-UM-LSA-DEI-plan-full%20(1).pdf
Blogs – Capgemini Worldwide,https://www.capgemini.com/blogs/?filter_expert=556
Power Grid Corporation of India Directors Report- Power Grid Corp ...,https://www.moneycontrol.com/annual-report/powergridcorp/directors-report/PGC
Interdisciplinary training in mathematical biology through team ...,https://europepmc.org/article/pmc/2931675
A social recommendation system for academic collaboration in ...,https://onlinelibrary.wiley.com/doi/10.1111/exsy.12365
Untitled,https://www.annualreports.com/HostedData/AnnualReportArchive/h/NYSE_HDB_2019.pdf
