Title,URL
Cadpoint (@_cadpoint_nagapattinam_) • Instagram photos and videos,https://www.instagram.com/_cadpoint_nagapattinam_/
Mathematics Jobs In Nagapattinam Tn - 1236 Mathematics Job ...,https://www.naukri.com/mathematics-jobs-in-nagapattinam-tn
Machine Learning Course in Nagapattinam - Best Training Institute ...,http://quickxpertinfotech.com/machine-learning-course-in-nagapattinam
Safeway Dredging Enterprises | LinkedIn,https://in.linkedin.com/company/safeway-dredging-enterprises
Current Openings | Tiger Analytics,https://www.tigeranalytics.com/current-openings/
RENGARAJAN SRINIVASAN - LEAD QA/QC ENGINEER - TECHNIP ...,https://in.linkedin.com/in/rengarajan-srinivasan-46846a48
Careers - MDR,https://www.mcdermott.com/Careers
SUJA SHOEI INDUSTRIES PRIVATE LIMITED | LinkedIn,https://in.linkedin.com/company/suja-shoei-industries-private-limited
Jobs in Nagapattinam- Job Vacancies & Openings in Nagapattinam ...,https://www.olx.in/nagapattinam_g4059193/jobs_c4
Python Training in Nagapattinam- Best Python online Course in ...,https://www.sulekha.com/python-programming-training/nagapattinam
Careers - Motorola Solutions - Asia,https://www.motorolasolutions.com/en_xp/about/careers.html
Aishwarya Nagarajan - Senior Product Manager- Google Search ...,https://www.linkedin.com/in/nagarajanaishwarya
63 Any Jobs and Vacancies in Nagapattinam City- Tamil Nadu - 29 ...,https://in.indeed.com/m/jobs?l=Nagapattinam+City%2C+Tamil+Nadu&q=any
Job Consultancy & Placement Services For Candidate in ...,https://www.justdial.com/Nagapattinam/Placement-Services-Candidate/nct-10372869
236 Data Scientist Jobs and Vacancies in Tamil Nadu - 6 February ...,https://in.indeed.com/Data-Scientist-jobs-in-Tamil-Nadu
Find Manufacturing Companies in Nagapattinam - Dun & Bradstreet,https://www.dnb.com/business-directory/company-information.manufacturing.in.tamil_nadu.nagapattinam.html
▷ Tutors in Nagapattinam - TeacherOn,https://www.teacheron.com/tutors-in-nagapattinam
Chinmaya Vidyalaya Nagapattinam Reviews by 4 Employees ...,https://www.ambitionbox.com/reviews/chinmaya-vidyalaya-reviews/nagapattinam-location
Data Entry Jobs 2023-24 Job Vacancy- Nagapattinam - Recruitment ...,https://www.quikr.com/jobs/data-entry-jobs+nagapattinam+zwqxj4157493934
Vanavil Trust,https://vanavil.org/
Amazon Mechanical Turk Job Description,https://www.jobsforyoutamizha.com/amazon-mechanical-turk-job-description/
Welspun,https://www.welspun.com/people&culture.php
Vaazhndhu Kaattuvom Project,https://www.tnrtp.org/
Job Readiness Program for College Students - Great Learning,https://www.mygreatlearning.com/job-readiness-program
PHYSICAL WORKING CONDITION OF THE ORGANIZATION ...,https://www.researchgate.net/figure/PHYSICAL-WORKING-CONDITION-OF-THE-ORGANIZATION_tbl1_333463262
OPINION ABOUT THE COMPLETION OF THE WORK WITHIN THE ...,https://www.researchgate.net/figure/OPINION-ABOUT-THE-COMPLETION-OF-THE-WORK-WITHIN-THE-SPECIFIED_tbl3_333463262
Warping Process In Textile || Direct Warping and Sectional Warping ...,https://www.youtube.com/watch?v=QlpFDsWipI8
Infosys Springboard Free Courses 2022 | Latest Premium Courses ...,https://m.youtube.com/watch?v=QL31F38xgO0
Home Page - Swelect Energy Systems Ltd.,https://swelectes.com/
ST COURIER PVT LTD | The People's Choice,http://stcourier.com/
Ethnopharmacology | Apply for Honorary DSc in ...,https://sites.google.com/site/honorarydegreeacademics/ethnopharmacology-apply-for-honorary-dsc-in-ethnopharmacology-admission-announcement
Vision Based Computing Systems for Healthcare Applications,https://downloads.hindawi.com/journals/specialissues/178212.pdf
Transforming India's Green Revolution by Research and ...,https://gtr.ukri.org/projects?ref=BB%2FP027970%2F1&pn=0&fetchSize=10&selectedSortableField=title&selectedSortOrder=ASC
