Title,URL
Artificial Intelligence and Machine Learning | M M College of ...,http://www.mmctraipur.com/artificial-intelligence-and-machine-learning/
Amazon.in | Amazon.jobs,https://www.amazon.jobs/en/teams/in
Aayush Agrawal - Senior ML Engineer - Bartleby Technologies Pvt ...,https://in.linkedin.com/in/aayush-agr
12 Data Science Jobs and Vacancies in Chhattisgarh - 4 February ...,https://in.indeed.com/Data-Science-jobs-in-Chhattisgarh
Data Scientist Salary in Raipur | AmbitionBox,https://www.ambitionbox.com/profile/data-scientist-salary/raipur-location
Apurv Asthana - Software Engineer Machine Learning - Adobe ...,https://www.linkedin.com/in/apurvasthana1
Vimal Anand Baghel - Data Scientist - BT | LinkedIn,https://uk.linkedin.com/in/scivimalanand
Himanshu M. - Research Intern - Karlsruhe Institute of Technology ...,https://www.linkedin.com/in/himanshunitrr/
Machine Learning Course Online by IIM Raipur- Talentedge,https://talentedge.com/iim-raipur/certificate-course-machine-learning-for-managers
The Complete Guide To The IIM Raipur EPGP Programme,https://www.edureka.co/blog/iim-raipur-epgp
Jobs- Student Programs & Internships | JPMorgan Chase & Co.,https://careers.jpmorgan.com/in/en/students/programs
iOS App Development internship in Raipur with job offer,https://internshala.com/internships/ios-app-development-internship-in-raipur/ppo-true/
upGrad Careers,https://www.upgrad.com/us/careers/
Best Software Companies and Startups to Work for in Raipur ...,https://angel.co/startups/l/raipur/software
Data Science Course With Python Machine Learning in Raipur ...,https://www.apponix.com/data-science-course-in-raipur
Python Academy- Raipur (@pa_raipur) • Instagram photos and videos,https://www.instagram.com/pa_raipur/?hl=en
Demand for emerging technology drives attrition rate | Raipur News ...,https://timesofindia.indiatimes.com/city/raipur/demand-for-emerging-technology-drives-attrition-rate/articleshow/95976850.cms
See DevFest Raipur 22 at Google Developer Groups GDG Raipur,https://gdg.community.dev/events/details/google-gdg-raipur-presents-devfest-raipur-22/
Spot Virtual Machines – Spot Pricing and Features | Microsoft Azure,https://azure.microsoft.com/en-us/products/virtual-machines/spot/
Find Jobs in Technology,https://www.dice.com/
Best Data Science Course Training Institute in Raipur | 360digitmg,https://360digitmg.com/india/raipur/data-science-certification-course-training-institute
Glaucoma Detection and Classification Using Improved U-Net Deep ...,https://pubmed.ncbi.nlm.nih.gov/36554021/
Job Oriented Certification Course in Raipur | 100% ob Guarantee,https://grras.com/blog/job-oriented-course-in-raipur
Machine Operator Job Vacancies in Raipur- Chhattisgarh-Machine ...,https://www.placementindia.com/job-search/machine-operator-jobs-in-raipur.htm
11 Best Machine Learning Model Experts Experts For Hire Near ...,https://www.toogit.com/local/india/chhattisgarh/raipur/machine-learning-model-experts
Executive Development Programme in Data Science and Machine ...,https://www.nulearn.in/courses/executive-development-program-in-data-science-machine-learning
Careers at Sprinklr | Sprinklr,https://www.sprinklr.com/careers/
Why Are So Many Data Scientists Quitting Their Jobs? - KDnuggets,https://www.kdnuggets.com/2022/03/many-data-scientists-quitting-jobs.html
Crosscope | Next Generation Pathology,https://crosscope.com/
Customer Engagement Engineer - Raipur | Mendeley Careers,https://www.mendeley.com/careers/job/customer-engagement-engineer-7235467
Working at Fiserv- Inc.,https://www.careers.fiserv.com/
DeepLearning.AI on LinkedIn: . . . . . . . Original: Jair Parra | 36 ...,https://ir.linkedin.com/posts/deeplearningai_original-jair-parra-activity-6990326063323131904-aKFa?trk=public_profile_like_view
1-199 Salaries at Sony Electronics Shared by Employees | Glassdoor,https://www.glassdoor.com/Salary/Sony-Electronics-Salaries-E19973_P5.htm
SAP on LinkedIn: New SAP Learning Journey available: Get started ...,https://ca.linkedin.com/posts/sap_new-abap-training-available-activity-6936817452525768704-3klc?trk=public_profile_like_view
Learning With The Machines | TheHigherEducationReview,https://www.thehighereducationreview.com/opinion/last-word/learning-with-the-machines-fid-314.html
Design of a Fused Triple Convolutional Neural Network for Malware ...,https://www.researchgate.net/publication/355489090_Design_of_a_Fused_Triple_Convolutional_Neural_Network_for_Malware_Detection_A_Visual_Classification_Approach
Machining Jobs Openings In Gurgaon - TimesJobs.com,https://www.timesjobs.com/jobs-in-gurgaon/machining-jobs
Latest stories and news about Esummit - Medium,https://medium.com/e-cell-nit-raipur/tagged/esummit
Beginner Python lessons,https://www.superprof.co.uk/lessons/python/united-kingdom/beginner/145/
Motivational Lines™ posted on LinkedIn,https://za.linkedin.com/posts/motivational-lines_activity-6936885747442417664-ft6H?trk=public_profile_like_view
Erp Data Jobs in India - TimesJobs,https://m.timesjobs.com/jobskill/erp-data-jobs
dimitrios toyskos - Greece | Professional Profile | LinkedIn,https://gr.linkedin.com/in/mpoulieris
Assignment3 1,https://www.slideshare.net/s1190177/assignment3-1
Delhi Startups | We are hiring PHP developers at Entit- preferably ...,https://www.facebook.com/groups/delhistrtups/posts/2033513200140973/
Sunder Mittal - Senior Electrical Service Engineer - SHUBHAM ...,https://ae.linkedin.com/in/sunder-mittal-91652b65?trk=org-employees_profile-result-card_result-card_full-click
