Title,URL
Internship in Srikakulam | Internshala,https://internshala.com/internships/internship-in-srikakulam/
Trinadh Manikanta Gangadhar D. - Associate Software Engineer ...,https://in.linkedin.com/in/dtmg369
0 Finance Jobs for Freshers in Srikakulam- Jan | Internshala,https://internshala.com/fresher-jobs/finance-jobs-in-Srikakulam/
Sanjay Kumar Srikakulam (@SanjaySrikakul) / Twitter,https://twitter.com/sanjaysrikakul
Srikakulam District Mega Job Fair,https://education.sakshi.com/en/jobs/pvt-jobs/srikakulam-district-mega-job-fair-118791
Jobs In Srikakulam - 89 Job Vacancies In Srikakulam - Naukri.com,https://www.naukri.com/jobs-in-srikakulam
Sri Venkateswara College of Engineering and Technology- Srikakulam,https://www.facultyplus.com/sri-venkateswara-college-of-engineering-and-technology-srikakulam/
Deep Learning assignment help tutor needed-Srikakulam,https://www.teacheron.com/teacher-job/3z50
Top Maggam Job Works in Srikakulam - Justdial,https://www.justdial.com/Srikakulam/Maggam-Job-Works/nct-11307222
GHIAL | News | ICSI and CSR Excellence Awards,https://www.hyderabad.aero/gmr-institute-of-technology-launches-btech-programmes-in-artificial-intelligence-machine-learning-and-data-science.aspx
Top 10 Embroidery & Zari Training in Srikakulam- Classes- Courses ...,https://www.sulekha.com/embroidery-zari-work-job-training/srikakulam
NCCS User Spotlight: Goutam Konapala | NASA Center for Climate ...,https://www.nccs.nasa.gov/news-events/nccs-highlights/user-spotlight-konapala
RGUKT Srikakulam,https://rguktsklm.ac.in/
sri venkateswara colleges,https://svcet.info/
upGrad hiring Admissions Counselor in Srikakulam - Join leading ...,https://earlytutors.com/jobs/upgrad-admissions-counselor-in-srikakulam-ap/?sector_cat=e-learning&ajax_filter=true
Machine Learning Dist resume in Hyderabad- Telangana- India ...,https://www.postjobfree.com/resume/aduz5y/machine-learning-dist-hyderabad-india
NACL Industries Srikakulam Reviews by 33 Employees | AmbitionBox,https://www.ambitionbox.com/reviews/nacl-industries-reviews/srikakulam-location
50+ "Sai Gudla" profiles | LinkedIn,https://www.linkedin.com/pub/dir/Sai/Gudla
Reliance Jiomart jobs in Srikakulam- 2020 | jiomart jobs | Jio career -,https://jioguide.com/reliance-jio-jobs-in-srikakulam-2020-jio-jobs-jio-career/
Welcome to GMRIT,http://www.gmrit.org/
Check Latest 69 Full Time Jobs Openings In Srikakulam (February ...,https://www.quikr.com/jobs/full-time+srikakulam+zwqxj2034660499
Best Autonomous College in AP - Best Engineering College in AP,https://www.adityatekkali.edu.in/
Urgent: Showroom sales Jobs in Srikakulam - February 2023 - 48 ...,https://in.jooble.org/jobs-showroom-sales/Srikakulam
Careers,https://www.protiviti.com/us-en/careers
D'source Budithi Brassware - Srikakulam- Andhra Pradesh | D ...,https://dsource.in/resource/budithi-brassware-srikakulam-andhra-pradesh/video/budithi-brassware-srikakulam-andhra
Data Categorization and Noise Analysis in Mobile Communication ...,https://www.scirp.org/html/3-9501218_18621.htm
d-StructMAn: Containerized structural annotation on the scale from ...,https://europepmc.org/article/pmc/pmc9487898
51152 Data Audit Jobs Openings in India,https://www.timesjobs.com/jobskill/data-audit-jobs
Quality assurance in metal powder bed fusion via deep-learning ...,https://www.researchgate.net/publication/335876687_Quality_assurance_in_metal_powder_bed_fusion_via_deep-learning-based_image_classification
Raj Varun - Luton- England- United Kingdom | Professional Profile ...,https://uk.linkedin.com/in/raj-varun-3a78041b5?trk=public_profile_browsemap
Certified Email Marketing Professional,https://learning.shine.com/course/sales-and-marketing/certified-email-marketing-professional/pd-3262
City Research Online - Items where Year is 2014,https://openaccess.city.ac.uk/view/year/2014.expanded_type.html
Ethnopharmacology | Apply for Honorary DSc in ...,https://sites.google.com/site/honorarydegreeacademics/ethnopharmacology-apply-for-honorary-dsc-in-ethnopharmacology-admission-announcement
Tweets with replies by Bhakti Kothari (@bhakti_kothari) / Twitter,https://mobile.twitter.com/bhakti_kothari/with_replies
Untitled,https://www.marxists.org/subject/china/peking-review/1970/PR1970-01.pdf
Covid-19: A Great Opportunity. Indian Pharma 2020-2030 by ...,https://issuu.com/pharma.machines/docs/april_2020_-_may_2020
