Title,URL
Data scientist salary in Jamshedpur- Jharkhand,https://in.indeed.com/career/data-scientist/salaries/Jamshedpur--Jharkhand
20 Data Analytics Job Vacancies In Jamshedpur - Naukri.com,https://www.naukri.com/data-analytics-jobs-in-jamshedpur
Minsulate Manufacturing Company | LinkedIn,https://in.linkedin.com/company/minsulate-mfg.-co.
IT-SCIENT | LinkedIn,https://www.linkedin.com/company/itscient
Internship in Jamshedpur | Internshala,https://internshala.com/internships/internship-in-jamshedpur/
Machine Operator Job Vacancies in Jamshedpur-Machine Operator ...,https://www.placementindia.com/job-search/machine-operator-jobs-in-jamshedpur.htm
National Institute of Technology Jamshedpur Online applications are ...,https://www.facultytick.com/2022/05/18/national-institute-of-technology-jamshedpur-online-applications-are-invited-for-teaching-faculty-positions-at-the-level-of-assistant-professor-on-contract/
NIT Jamshedpur | राष्ट्रीय प्रौद्योगिकी संस्थान जमशेदपुर,https://www.nitjsr.ac.in/
India,https://www.pepsicojobs.com/india
Machining Job Work- Machine Job Work in Jamshedpur- मशीनिंग जॉब ...,https://dir.indiamart.com/jamshedpur/machining-job-work.html
Manager - Analytics job at Tata Insights and Quants - Instahyre,https://www.instahyre.com/job-162569-manager-analytics-at-tata-insights-and-quants-jamshedpur/
INDO DANISH TOOL ROOM | MSME TOOL ROOM | JAMSHEDPUR,https://www.idtr.gov.in/
Adityapur Auto Cluster Jobs and Careers | AmbitionBox,https://www.ambitionbox.com/jobs/adityapur-auto-cluster-jobs
Recruitment Agencies & Placement Services For Part Time Job ...,https://www.justdial.com/Jamshedpur/Placement-Services-For-Part-Time-Job-Candidate/nct-10624401
Jamshedpur - Wikipedia,https://en.wikipedia.org/wiki/Jamshedpur
Armed Security Guards Jobs in Adityapur- Jamshedpur | Sulekha ...,https://www.sulekha.com/armed-security-guards-jobs/adityapur-jamshedpur
Adityapur Auto Cluster - Posts | Facebook,https://www.facebook.com/pages/category/business-center/aacjamshedpur/posts/
Primetals Technologies | Metallurgical Plant Solutions | Primetals ...,https://www.primetals.com/
Driver Jobs in Mango- Driver Job Vacancies & Openings in Mango ...,https://www.olx.in/mango_g4058794/driver_c2206
RVSCET: Jamshedpur- Best Private Engineering College in ...,https://www.rvscollege.ac.in/
XLRI Jamshedpur Online Courses & Certifications - Talentedge,https://talentedge.com/xlri-jamshedpur
SHALIMAR ITI NCVT JAMSHEDPUR JHARKHAND-courses ...,https://www.shalimaritc.com/
ZF in India - Home - ZF,https://www.zf.com/india/en/home/home.html
M.Tech.Data Science & Engineering – BITS Pilani,https://bits-pilani-wilp.ac.in/m-tech/cluster/data-science-and-engineering.php
Jamshedpur Engineering & Machine Manufacturing Company (A ...,http://www.jemco.co.in/
Jamshedpur: Planning an Ideal Steel City in India - Amita Sinha ...,https://journals.sagepub.com/doi/10.1177/1538513211420367
IT-SCIENT digital solutions and technology services company,https://itscient.com/
HSO India - Hiring B Tech and B.E Freshers at HSO - India - Remote ...,https://freshremote.work/job/122369-hso-india-hiring-b-tech-and-be-freshers/
Pinnacle Solutions- Inc.: Home,https://pinnaclesolutionsinc.com/
Jobs in Jamshedpur - Check Latest (276) Job Openings (February ...,https://www.quikr.com/jobs/jamshedpur+zwqxj760939060
Heavy Equipments Loading- Unloading & Shifting Work in Adityapur ...,https://www.indiamart.com/proddetail/heavy-equipments-loading-unloading-shifting-work-21263447473.html
National Institute of Technology Jamshedpur Applications are ...,https://educatenote.com/national-institute-of-technology-jamshedpur-applications-are-invited-from-the-indian-nationals-for-engagement-of-medical-officer-on-purely-contract-basis/
Rabiya Industrial Training Institute,http://www.rabiyainstitute.in/
Current Openings | Tata group,https://www.tata.com/careers/jobs/joblisting
NIT Jamshedpur Faculty Recruitment 2022- 67 Assistant Prof.,https://updateournext.com/nit-jamshedpur-faculty-recruitment-2022/
