Title,URL
Amit Srivastava - Machine Learning Engineer - Mercedes-Benz ...,https://in.linkedin.com/in/amitsrivastava91
Artificial Intelligence Course in Bahraich - Best Training Institute ...,http://quickxpertinfotech.com/artificial-intelligence-course-in-bahraich
Office Equipment Automation Jobs 2020 - Gwekaindia,https://www.gweka.com/office-equipment-automation-jobs/
Animal Health Division | Merck Careers,https://jobs.merck.com/us/en/animal-health
Home tutor near me in Bahraich - Best Private tuition teachers,https://www.superprof.co.in/lessons/all-tutors/bahraich/
IBM Research India,https://research.ibm.com/labs/india/
Jobs - Oorja Development Solutions Limited,https://www.oorjasolutions.org/jobs
Deepthi Narkuti - Software Engineer II - Microsoft | LinkedIn,https://www.linkedin.com/in/deepthinarkuti
Akshara Rai,https://ai.facebook.com/people/akshara-rai/
Senior Insurance Advisor Salary in Bahraich | AmbitionBox,https://www.ambitionbox.com/profile/senior-insurance-advisor-salary/bahraich-location
Data Science Landing Page | Global,https://career.bayer.com/en/career/working-at-bayer/functional-areas/datascience
Prashant Singh – Senior Machine Learning – Welthungerhilfe ...,https://de.linkedin.com/in/prashant-singh-b4154122
Tata Trusts Bahraich Reviews by 4 Employees | AmbitionBox,https://www.ambitionbox.com/reviews/tata-trusts-reviews/bahraich-location
Top Computer Classes in Bahraich HO - Best Computer Training ...,https://www.justdial.com/Bahraich/Computer-Training-Institutes-in-Bahraich-HO/nct-10124277
1-664 Computer Science Jobs and Vacancies in Uttar Pradesh - 5 ...,https://in.indeed.com/Computer-Science-jobs-in-Uttar-Pradesh
Careers,https://www.piramalpharmasolutions.com/careers
Dairy Jobs & Careers | Schreiber Foods,https://www.schreiberfoods.com/careers
Data Science & Business Analytics Course Online in India - Great ...,https://www.mygreatlearning.com/pg-program-data-science-and-business-analytics-course
T2 Innovations Careers - Jobs In T2 Innovations - Naukri.com,https://www.naukri.com/t2-innovations-jobs-careers-5252182
Difference between Hierarchical and Non Hierarchical Clustering ...,https://www.geeksforgeeks.org/difference-between-hierarchical-and-non-hierarchical-clustering/
Honda Internships & Co-ops | Honda,https://www.honda.com/careers/find-a-job-internships-and-coops
Top 10 Baby sitter in Bahraich- Nanny in Bahraich- Child Care ...,https://www.sulekha.com/child-care-services/bahraich
Explore job opportunities | Careers | Samsung IN,https://www.samsung.com/in/about-us/careers/
Pages - NCS | Search Jobs in India,https://www.ncs.gov.in/Pages/Search.aspx?in=0zj3dkfDNdkwnjyrbf7Fzw%3D%3D&OT=fheFJjl41aGWG85YSvGqng%3D%3D&Source=https://www.ncs.gov.in/pages/default.aspx&V=6gqhwycyVHE%3D
HTC Global Services: IT Solutions and BPS Company,https://www.htcinc.com/
4 Cnc Operator Jobs and Vacancies in Noida - 2023,https://www.goodworker.in/cnc-operator-jobs-in-noida
Global School of Learning (GSL)- Alia Bulbul- Bahraich: Admission ...,https://school.careers360.com/schools/global-school-of-learning-alia-bulbul-bahraich
PMKK Bahraich | Bahraich,https://www.facebook.com/PMKKBahraich/
Part Time Night Shift Jobs 2023-24 Job Vacancy- Bahraich ...,https://www.quikr.com/jobs/part-time-night-shift-jobs+bahraich+zwqxj4157493934
Machine learning Jobs: Jobs for freshers with Machine learning ...,https://www.freshersworld.com/machine-learning-jobs/3535242
Computerized Embroidery Machine 12-15 Colors - YouTube,https://www.youtube.com/watch?v=f0-FAJPcUSk
How to: fly a helicopter - YouTube,https://www.youtube.com/watch?v=I9ScVZ437xA
Beautician Job Interview Questions l #Salon interview beautician l ...,https://www.youtube.com/watch?v=KnCn1jG8xss
How to Become a Computer Engineer? – [Hindi] – Quick Support ...,https://www.youtube.com/watch?v=icp5y753Yiw
TVS XL 100 Heavy Duty - Cheap But Super Fun | Faisal Khan ...,https://www.youtube.com/watch?v=9aNbaA2ObqY
Lahore ki tareeekh ki aik barri barish- dekhiye video - YouTube,https://www.youtube.com/watch?v=YKhPWu2w1OA
Indian Railways - Train Watching in Jaipur. - YouTube,https://www.youtube.com/watch?v=Y16pd1NY6q4
Passport Seva Kendra - Issue of Passports to Indian Citizens ...,https://www.youtube.com/watch?v=UOyZGESVcLM
G D A nursing course - general duty assistant,https://www.youtube.com/watch?v=pOZ1HPeQ4M0
Durga Idol into the water- Durga Puja Visarjan - YouTube,https://www.youtube.com/watch?v=VVSSYBq5cVI
DDU-GKY Skill Training at Brainware - YouTube,https://www.youtube.com/watch?v=3cS6SJYVmDo
Steam Turbines Manufacturer- Turbines Maintenance & Repair ...,https://www.triveniturbines.com/
Electrification and appliance ownership over time: Evidence from ...,https://www.researchgate.net/publication/336184282_Electrification_and_appliance_ownership_over_time_Evidence_from_rural_India
POLICY WORDINGS,https://tagic-cms-dev.s3.ap-south-1.amazonaws.com/Policy_Wordings_home_guard_plus_policy.pdf_8d9747efb2.pdf
