Title,URL
Office Equipment Automation Jobs 2020 - Gwekaindia,https://www.gweka.com/office-equipment-automation-jobs/
Kiran Kumar - Lead Consultant - Lingaro | LinkedIn,https://in.linkedin.com/in/kiran-kumar95
Education systems need alignment for teaching and learning 21st ...,https://www.brookings.edu/blog/education-plus-development/2019/01/30/education-systems-need-alignment-for-teaching-and-learning-21st-century-skills/
Google Machine Learning Engineer Reviews | Glassdoor,https://www.glassdoor.com/Reviews/Google-Machine-Learning-Engineer-Reviews-EI_IE9079.0,6_KO7,32.htm
Web Development Internship in Port blair | Internshala,https://internshala.com/internships/web-development-internship-in-port%20blair/
Amazon Machine Learning Reviews | Glassdoor,https://www.glassdoor.com/Reviews/Amazon-Machine-Learning-Reviews-EI_IE6036.0,6_KO7,23.htm
Precision Education | LinkedIn,https://www.linkedin.com/company/precision-education
Internship in Port blair | Internshala,https://internshala.com/internships/internship-in-port%20blair/
16-Year-Old Engineer Works to Improve Spinal Surgery Using ...,https://www.societyforscience.org/press-release/16-year-old-engineer-works-to-improve-spinal-surgery-using-machine-learning-and-computer-vision-full-awards/
Public Body Employee Information 160725.xlsx,https://dchr.dc.gov/sites/default/files/dc/sites/dchr/publication/attachments/public_body_employee_information_jun16_0.pdf
Scalable Machine Learning using Big Data SQL Hadoop and Spark ...,https://www.oracle.com/technetwork/database/options/advanced-analytics/r-enterprise/community/biwasummit2016-scalableml-2891164.pdf
City Clerk – City of Lincoln- NE,https://www.lincoln.ne.gov/City/Departments/Finance/City-Clerk
Harbor Capital | Home,https://www.harborcapital.com/
Indaba - Deep Learning Indaba 2022,https://deeplearningindaba.com/2022/
Work Study,http://www.hireosugrads.com/application/
Machine learning Jobs: Jobs for freshers with Machine learning ...,https://www.freshersworld.com/machine-learning-jobs/3535242
Landscape Architect Jobs in Port Blair- Andaman-Nicobar (Feb 2023 ...,https://www.shine.com/job-search/landscape-architect-jobs-in-port-blair-4
A survey of open source tools for machine learning with big data in ...,https://journalofbigdata.springeropen.com/articles/10.1186/s40537-015-0032-1
Enoch Pratt Free Library: Home,https://www.prattlibrary.org/
Department of Human Services,https://www.dhs.pa.gov/Pages/default.aspx
Quantitative Biology - Cold Spring Harbor Laboratory,https://www.cshl.edu/research/quantitative-biology/
Find Documents with ProjectWise Search,https://www.dot.ga.gov/PartnerSmart/DesignManuals/ProjectWise/PWSearch.pdf
Outpatient Imaging | Jefferson Health,https://www.jeffersonhealth.org/clinical-specialties/outpatient-imaging
Beginner's guide to Web Scraping in Python (using BeautifulSoup),https://www.analyticsvidhya.com/blog/2015/10/beginner-guide-web-scraping-beautiful-soup-python/
Job Family Position Classification Standard for Assistance and ...,https://www.opm.gov/policy-data-oversight/classification-qualifications/classifying-general-schedule-positions/standards/0600/gs0600c.pdf
DCNR Homepage,https://www.dcnr.pa.gov/Pages/default.aspx
Robust Large-Scale Machine Learning in the Cloud,https://research.google.com/pubs/archive/45389.pdf
Internet of Things (IoT) - Cisco Jasper Control Center - Cisco,https://www.cisco.com/c/en/us/solutions/internet-of-things/iot-control-center.html
James O'Kane - Co-Founder | AI/Machine Learning Lead - Arrayen ...,https://au.linkedin.com/in/james-o-kane-50467444
Internet of Things (IoT) - Cisco Jasper Control Center - Cisco,https://www.cisco.com/c/en/us/solutions/internet-of-things/iot-control-center.html
James O'Kane - Co-Founder | AI/Machine Learning Lead - Arrayen ...,https://au.linkedin.com/in/james-o-kane-50467444
Ind-Aust Maritime Port Blair Reviews by 4 Employees | AmbitionBox,https://www.ambitionbox.com/reviews/ind-aust-maritime-pvt-dot-ltd-dot-reviews/port-blair-location
19843 Senior Data Analyst Job Vacancies In Port Blair - Naukri.com,https://www.naukri.com/senior-data-analyst-jobs-in-port-blair
INJECTION MOLDING PROCESS ENGINEER,https://psimp.com/jobdescriptions/injection-mold-process-engineer2.pdf
Financial Manual for Grants & Contracts Appendix K: Record ...,https://twc.texas.gov/financial-manual-grants-contracts-appendix-k-record-retention-access-requirements
Online and Batch Learning of Pseudo-Metrics,https://ai.stanford.edu/~ang/papers/icml04-onlinemetric.pdf
Payroll | Human Resource Management and Development | The ...,https://hr.gwu.edu/payroll
6.883: Online Methods in Machine Learning,https://www.mit.edu/~rakhlin/6.883/lectures/lecture01.pdf
Connor Gramazio's resume,https://gramaz.io/pdf/gramazio-resume.pdf
IROS 2022 Program | Tuesday October 25- 2022,https://ras.papercept.net/conferences/conferences/IROS22/program/IROS22_ContentListWeb_3.html
Deep Learning with Python,https://tanthiamhuat.files.wordpress.com/2018/03/deeplearningwithpython.pdf
M.Tech.Data Science & Engineering – BITS Pilani,https://bits-pilani-wilp.ac.in/m-tech/cluster/data-science-and-engineering.php
Name of School: Unity Gain Recording Institute,https://floridavets.org/wp-content/uploads/2017/02/Institution-of-Higher-Learning-Application-for-Approval.doc
Application Process | University Housing | Case Western Reserve ...,https://case.edu/housing/application-process
Network Performance Monitoring and Management | Traverse by ...,https://www.kaseya.com/products/traverse/
Home Page – PAM Transport- Inc.,https://www.pamtransport.com/
EPSO Competitions & EU Institution Jobs | EU Training,https://eutraining.eu/eu_jobs
Online Master's Degree Instructional Design - Organizational ...,https://www.boisestate.edu/opwl/
Form A-1730,https://www.state.nj.us/treasury/taxation/pdf/other_forms/sales/a1730.pdf
Owner Jobs in Elizabeth- NJ (Hiring Now!) - Zippia,https://www.zippia.com/owner-elizabeth-nj-jobs/
Mise en œuvre de l'apprentissage machine en santé | CMAJ,https://www.cmaj.ca/content/193/44/E1708/tab-related-content
LNAI 2837 - Machine Learning: ECML 2003,https://link.springer.com/content/pdf/10.1007%2Fb13633.pdf
(PDF) Parameter Exploration in Science and Engineering Using ...,https://www.researchgate.net/publication/224185684_Parameter_Exploration_in_Science_and_Engineering_Using_Many-Task_Computing
Search (SOLR) | CEPR,https://cepr.org/search?jel%5B100163%5D=100163&search=&page=5
Dell Technologies Director Reviews | Glassdoor,https://www.glassdoor.co.uk/Reviews/Dell-Technologies-Director-Reviews-EI_IE1327.0,17_KO18,26.htm
UMSS22 Engineering and Information Sciences - UMaine Student ...,https://umaine.edu/umss/2022/04/22/umss22-engineering-and-information-sciences/
Find the Best Medicaid Therapists and Psychologists in Port Jervis ...,https://www.psychologytoday.com/us/therapists/ny/port-jervis?category=medicaid
Quarterly Board Meeting Wednesday- November 6- 2019 10:00AM ...,https://www.dli.pa.gov/Businesses/Workforce-Development/wdb/Documents/11-6-19-WDB-Meeting-Minutes.pdf
Distributed Intelligence for Constructing Economic Models ...,https://www.igi-global.com/chapter/distributed-intelligence-constructing-economic-models/56212
Oracle® Succession Planning,https://docs.oracle.com/cd/E26401_01/doc.122/e59066.pdf
You can change your call centre platform with no pain and ... - iTWire,https://itwire.com/business-technology/you-can-change-your-call-centre-platform-with-no-pain-and-much-to-gain.html
Cross learning on Tourism and ways for growth of Tourism in ...,http://e-pao.net/epPageSelector.asp?src=Cross_learning_on_Tourism_and_ways_for_growth_of_Tourism_in_Manipur_By_James_Khangenbam&ch=travel
Dataiku Frontrunner Awards,https://community.dataiku.com/t5/Dataiku-Frontrunner-Awards/tkb-p/Awards/label-name/small%20or%20medium-sized%20company?labels=small+or+medium-sized+company
S.Hrg. 115-268 — NOMINATION OF ALEXANDER ACOSTA OF ...,https://www.congress.gov/event/115th-congress/senate-event/LC57921/text
MAY 2022,https://documents.takomaparkmd.gov/news/newsletter/2022/TakomaPark_Newsletter_May_Edition.pdf
LPodcast'N #4: Student work and volunteer experiences + Careers ...,https://medium.com/library-peer-network/lpodcastn-4-student-work-and-volunteer-experiences-careers-service-creating-a-linkedin-3a2a4e549acb
6th Workshop on Speech and Language Processing for Assistive ...,https://aclanthology.org/W15-51.pdf
Accessibility and Residential Land Values: Some Tests with New ...,https://journals.sagepub.com/doi/abs/10.1177/0042098009359949
Appendix B: Workshop Agendas | Meeting Regional STEMM ...,https://www.nap.edu/read/26049/chapter/11
Dataiku Frontrunner Awards,https://community.dataiku.com/t5/Dataiku-Frontrunner-Awards/tkb-p/Awards/label-name/small%20or%20medium-sized%20company?labels=small+or+medium-sized+company
S.Hrg. 115-268 — NOMINATION OF ALEXANDER ACOSTA OF ...,https://www.congress.gov/event/115th-congress/senate-event/LC57921/text
The 58th Winter Nuclear & Particle Physics Conference 2021 (9-12 ...,https://nyx.physics.mcgill.ca/event/253/timetable/?view=standard
MAY 2022,https://documents.takomaparkmd.gov/news/newsletter/2022/TakomaPark_Newsletter_May_Edition.pdf
LPodcast'N #4: Student work and volunteer experiences + Careers ...,https://medium.com/library-peer-network/lpodcastn-4-student-work-and-volunteer-experiences-careers-service-creating-a-linkedin-3a2a4e549acb
6th Workshop on Speech and Language Processing for Assistive ...,https://aclanthology.org/W15-51.pdf
Accessibility and Residential Land Values: Some Tests with New ...,https://journals.sagepub.com/doi/abs/10.1177/0042098009359949
Appendix B: Workshop Agendas | Meeting Regional STEMM ...,https://www.nap.edu/read/26049/chapter/11
Combining data from field surveys and archaeological records to ...,https://www.jstor.org/stable/26740115
I n h a l t,https://fg-pars.gi.de/fileadmin/FG/PARS/Mitteilungen/20180921-PARS34.pdf
