Title,URL
1-000+ Data Science Machine Learning jobs in Faridabad- Haryana ...,https://in.linkedin.com/jobs/data-science-machine-learning-jobs-faridabad
Careers - job list - About Nextdoor,https://about.nextdoor.com/careers-list/
12 Machine Learning Intern jobs in Faridabad- Haryana- India (1 new),https://in.linkedin.com/jobs/machine-learning-intern-jobs-faridabad
Data Science Machine Learning Jobs in Faridabad- Haryana (Jan ...,https://www.shine.com/job-search/data-science-machine-learning-jobs-in-faridabad
Machine Learning with Python in Faridabad - Dreamer Infotech,https://dreamerinfotech.in/machine-learning-training-course-in-faridabad/
Data Science Course in Faridabad [Rated #1],https://www.simplilearn.com/data-science-training-course-faridabad-city
Data Analyst Jobs In Faridabad,https://www.naukri.com/data-analyst-jobs-in-faridabad
Amazon.in | Amazon.jobs,https://www.amazon.jobs/en/teams/in
Machine Learning Job Vacancies in Faridabad-Machine Learning ...,https://www.placementindia.com/job-search/machine-learning-jobs-in-faridabad.htm
Internship in Faridabad | Internshala,https://internshala.com/internships/internship-in-faridabad/
Business Analytics Course Training in Faridabad - 360DigiTMG,https://360digitmg.com/india/faridabad/business-analytics-certification-course-training-institute
Best Tech Companies and Startups to Work for in Faridabad ...,https://angel.co/startups/location/faridabad
Best Artificial Intelligence Course Training in Faridabad - 360DigiTMG,https://360digitmg.com/india/artificial-intelligence-ai-and-deep-learning-in-faridabad
Python Training in Faridabad | Online Certification Course,https://www.ap2v.com/python-training-faridabad
Data Science Course In Faridabad | Skillslash,https://skillslash.com/data-science-course-in-faridabad
Abacus Desk | LinkedIn,https://www.linkedin.com/company/abacusdesk-it-solutions-pvt-ltd-
Data Science Course in Faridabad - Certification Fee 55% Off,https://datamites.com/data-science-course-training-faridabad/
Home - Quantiphi- Inc.,https://quantiphi.com/
Vivek Mittal- an alumnus of 2000-2004 batch of Electronics and ...,https://m.facebook.com/JCBoseUST/posts/1781009698943103/
‫Robotics Wizards - المجموعات | فيسبوك‬,https://ar-ar.facebook.com/RoboticsWizards/groups/
Customer Engagement Engineer - Raipur | Mendeley Careers,https://www.mendeley.com/careers/job/customer-engagement-engineer-7235467
(PDF) Link Prediction Techniques for Opportunistic Networks using ...,https://www.researchgate.net/publication/351400256_Link_Prediction_Techniques_for_Opportunistic_Networks_using_Machine_Learning
Garment Factory | LinkedIn,https://uk.linkedin.com/company/garment-factory?trk=public_profile_experience-item_profile-section-card_image-click
NHPC LIMITED | LinkedIn,https://uk.linkedin.com/company/nhpc-limited
Artificial Intelligence Vs Machine Learning : What exactly is the ...,https://www.amrita.edu/events/artificial-intelligence-vs-machine-learning-what-exactly-is-the-difference/
Sunder Mittal - Senior Electrical Service Engineer - SHUBHAM ...,https://ae.linkedin.com/in/sunder-mittal-91652b65?trk=org-employees_profile-result-card_result-card_full-click
Analyst-Data Science Jobs in American Express Gurgaon/Gurugram ...,https://www.ambitionbox.com/jobs/american-express-jobs?rid=naukri_120123501495
Deep Learning Training- Course- Certification | Sulekha,https://www.sulekha.com/deep-learning-training/
फरीदाबाद मजदूर समाचार,https://libcom.org/book/export/html/37255
Best Data Science Course in Trichur - IIT Madras CCE Training,https://intellipaat.com/data-scientist-course-training-trichur/
3 BHK Apartment / Flat for sale in Ahinsha Naturez Park Surajkund ...,https://www.99acres.com/3-bhk-bedroom-apartment-flat-for-sale-in-ahinsha-naturez-park-surajkund-faridabad-2107-sq-ft-spid-U65696360
Learning Jobs Openings In Gurgaon - TimesJobs.com,https://www.timesjobs.com/jobs-in-gurgaon/learning-jobs
Ericsson-Worldwide Farīdābād (India) Office | Glassdoor,https://www.glassdoor.co.uk/Location/Ericsson-Worldwide-Faridabad-Location-EI_IE3472.0,18_IL.19,28_IC2919457.htm
Java classes in Faridabad | Java course in Delhi NCR,https://softsynthsoftware.com/internship
Top Multinational Companies in Vaishali Sector 2-Delhi ...,https://www.justdial.com/Delhi/Multinational-Companies-in-Vaishali-Sector-2/nct-10332493
Erp Data Jobs in India - TimesJobs,https://m.timesjobs.com/jobskill/erp-data-jobs
Haryana Plus - The Tribune- Chandigarh- India,https://m.tribuneindia.com/2008/20080125/harplus1.htm
