Title,URL
Data scientist salary in Kollam- Kerala,https://in.indeed.com/career/data-scientist/salaries/Kollam--Kerala
Networkz Systems Kollam | LinkedIn,https://in.linkedin.com/company/networkz-systems-kollam
55 Machine Learning Engineer Jobs and Vacancies in Kerala - 3 ...,https://in.indeed.com/Machine-Learning-Engineer-jobs-in-Kerala
55 Data Mining Job Vacancies In Kollam Quilon - Naukri.com,https://www.naukri.com/data-mining-jobs-in-kollam-quilon
Job Vacancies in Kerala | IT Jobs in Kerala | Technopark Job ...,https://www.technopark.org/job-search
Python Jobs In Trivandrum Kollam - 1613 Python Job Vacancies In ...,https://www.naukri.com/python-jobs-in-trivandrum-kollam
0 Media Jobs for Freshers in Kollam- Feb | Internshala,https://internshala.com/fresher-jobs/media-jobs-in-Kollam/
Python Course in Kollam,https://www.codingbytes.com/python-course/python-course-in-kollam/
Vaishnavi Kishore Kumar - Software Engineer - Machine Learning ...,https://www.linkedin.com/in/vaishnavi-kishore-kumar-161832124
Data Science Course in Kollam - Best Training Institute - Fees ...,http://quickxpertinfotech.com/data-science-course-in-kollam
B.Tech. in Computer Science and Engineering (Artificial Intelligence ...,https://www.shiksha.com/college/tkm-school-of-architecture-kollam-60664/course-b-tech-in-computer-science-and-engineering-artificial-intelligence-and-machine-learning-743677
Deep Learning- Python- PyCharm assignment help tutor needed ...,https://www.teacheron.com/teacher-job/3xDL
Data Science Training in Kollam- Course Fees- Certification | Sulekha,https://www.sulekha.com/data-science-certification-training/kollam
ASAP Kollam - Building your career in Artificial Intelligence is now ...,https://d.facebook.com/asapkollam/photos/a.951385321679616/2029844320500372/?type=3&source=48
upGrad hiring Admissions Counselor in Kollam - Join leading startup,https://earlytutors.com/jobs/upgrad-admissions-counselor-in-kollam-kl/
Amazon Transcribe Medical,https://aws.amazon.com/transcribe/medical/
Career Opportunities in Python: Everything You Need To Know ...,https://www.upgrad.com/blog/career-opportunities-in-python/
Data Science Course Kollam | Free Internship | 100% Placement,https://www.smeclabs.com/data-science-course-kollam/
Top Embroidery Job Works in Kollam - Best Embroidery Works ...,https://www.justdial.com/Kollam/Embroidery-Job-Works/nct-10187270
Careers | Volkswagen Group,https://www.volkswagenag.com/en/career.html
Arts and Sciences- Amritapuri | Amrita Vishwa Vidyapeetham,https://www.amrita.edu/school/asas/amritapuri/
Mk Fabrics Kollam Review by 1 Employee | AmbitionBox,https://www.ambitionbox.com/reviews/m-k-fabrics-reviews/kollam-location
COLLEGE OF ENGINEERING- KOTTARAKKARA – Managed by ...,http://cekottarakkara.ihrd.ac.in/
What is data science? (தமிழ் - Tamil) | Deep Learning | Machine ...,https://www.youtube.com/watch?v=uy-7sFnwChs
Intel Corporation Intern Reviews | Glassdoor,https://www.glassdoor.com/Reviews/Intel-Corporation-Intern-Reviews-EI_IE1519.0,17_KO18,24_IP2.htm
Towards Reduction of Software Maintenance Cost through ...,https://www.researchgate.net/publication/342864141_Towards_Reduction_of_Software_Maintenance_Cost_through_Assignment_of_Critical_Functionality_Scores
Hadoop Performance Modeling and Job Optimization for Big Data ...,https://citeseerx.ist.psu.edu/document?repid=rep1&type=pdf&doi=0b89528f8c68d759abb6b2f196563a90916ea97c
Microsoft "smart people" Reviews | Glassdoor,https://www.glassdoor.com.au/Reviews/Microsoft-smart-people-Reviews-EI_IE1651.0,9_KH10,22.htm
Sap Basis Mca Computer Jobs in India - TimesJobs,https://www.timesjobs.com/jobskill/sap-basis-mca+computer-jobs
Salary: Schlumberger Information Technology | Glassdoor,https://www.glassdoor.co.uk/Salary/Schlumberger-Information-Technology-Salaries-EI_IE588.0,12_DEPT1011.htm
KANNUR NEWS | Facebook,https://www.facebook.com/groups/245371435567647/
