Title,URL
NSF Grant Award: Vijay Devabhaktuni and Khair Al Shamaileh ...,https://www.pnw.edu/nsf-grant-award-vijay-devabhaktuni-and-khair-al-shamaileh/
Dunia Al Khair Home Healthcare LLC | LinkedIn,https://www.linkedin.com/company/duniaalkhair
Mohammed Khair on LinkedIn: AWS Machine Learning - never stop ...,https://rw.linkedin.com/posts/mohammed-khair-aws_aws-machine-learning-never-stop-learning-activity-6994297695813148672-hN0X
Abhijit Khair - Mumbai- Maharashtra- India | Professional Profile ...,https://in.linkedin.com/in/abhijit-khair-82657a26
Jobs/Internships at Al-Khair Foundation | Internshala,https://internshala.com/internships/internship-at-Al-Khair%20Foundation/
Izzat Khair Noor - Engineer (Air Traffic Management Software ...,https://sg.linkedin.com/in/izzkhair
Fahim Ahmed - Software Engineer - Abul Khair Group (IT) | LinkedIn,https://bd.linkedin.com/in/fahim-ahmed-405565174
Abul khair Group Salaries in Bangladesh | Glassdoor,https://www.glassdoor.com/Salary/Abul-khair-Group-Bangladesh-Salaries-EI_IE450499.0,16_IL.17,27_IN27.htm
Abul Khair Group: Home,https://www.abulkhairgroup.com/
Advancing an agile regulatory ecosystem to respond to the rapid ...,https://ascpt.onlinelibrary.wiley.com/doi/abs/10.1111/cts.13267
Sajan Khair - Graduate Data Analyst - Tata Consultancy Services ...,https://au.linkedin.com/in/sajan-khair-83b380189
Khair Razlan Othman - Lecturer - Multimedia University | LinkedIn,https://uk.linkedin.com/in/khair-razlan-othman-25600459
John Khair - Mechanical Reliability Engineer at Patrick Corporation ...,https://au.linkedin.com/in/john-khair-134a4691
Biographies,https://www.itu.int/en/ITU-T/Workshops-and-Seminars/20181114/Pages/bios.aspx
People,https://www.cheme.engineering.cmu.edu/directory/
Ahmed Abulkhair - Senior Data Scientist - Jumia Group | LinkedIn,https://eg.linkedin.com/in/aaabulkhair
Hitendra Khair - Chief Engineer - County Broadband | LinkedIn,https://uk.linkedin.com/in/hitendra-khair-954558b5
Khair Muhammad - Web & App Developer - Healthhub Co.- Ltd ...,https://pk.linkedin.com/in/khair-muhammad-memon
khair Alhareth (@KhairAlhareth) / Twitter,https://twitter.com/khairalhareth?lang=en
AI in Therapeutic Development –A Policy Perspective,https://www.ema.europa.eu/en/documents/presentation/artifical-intelligence-therapeutic-development-policy-perspective-khair-el-zarrad_en.pdf
Azkatech S.A.L | LinkedIn,https://zw.linkedin.com/company/azkatech
Advancing an agile regulatory ecosystem to respond to the rapid ...,https://www.ncbi.nlm.nih.gov/pmc/articles/PMC9199874/
Directory - College of Engineering at Carnegie Mellon University,https://engineering.cmu.edu/directory/index.html
Do data mining- machine learning projects in weka by Khair2345 ...,https://www.fiverr.com/khair2345/do-machine-learning-data-science-project-in-weka
Hashem Khair (@HashemKhair) / Twitter,https://mobile.twitter.com/hashemkhair
The Dressmaker of Khair Khana,http://files.harpercollins.com/OMM/DressmakerKhairKhanaTG.pdf
Early Detection of Coronavirus Cases Using Chest X-ray Images ...,https://www.medrxiv.org/content/10.1101/2020.06.07.20124594v1.full.pdf
Chakraborty- Pranay | Campus Directory | Southern Arkansas ...,https://web.saumag.edu/directory/contact/chakraborty-pranay/
A high-throughput data analysis and materials discovery tool for ...,https://www.nature.com/articles/s41524-018-0120-9
Careers | NOV,https://www.nov.com/careers
The Dressmaker of Khair Khana: Five Sisters- One Remarkable ...,https://www.goodreads.com/en/book/show/8584913
Bella Hadid On Health Struggles- Happiness & More: Vogue April ...,https://www.vogue.com/article/bella-hadid-cover-april-2022
Connect with Omkar Khair - Technical Architect at Rapid Circle ...,https://coffeemug.ai/contact/omkarkhair/
The effect of learning methods and self regulation on problem ...,https://iopscience.iop.org/article/10.1088/1742-6596/1175/1/012139
Al-Khair Foundation For Social Developmen,https://www.alkhair-yemen.org/
Panorama MattePainting Tisbah Ala Khair movie 2017 - ArtStation,https://www.artstation.com/artwork/4Z34L
Time research & innovation | LinkedIn,https://de.linkedin.com/company/timerni?trk=public_profile_topcard-past-company
Sustainability | Free Full-Text | Flash Flood Risk Assessment Due to ...,https://www.mdpi.com/2071-1050/15/2/1074
Abul Khair Steel (aks) Jobs and Careers | AmbitionBox,https://www.ambitionbox.com/jobs/abul-khair-steel-aks-jobs
Saudi Arabia- Kingdom of Saudi Arabia | Amazon.jobs,https://www.amazon.jobs/en/locations/saudi-arabia
Arabic information retrieval | Semantic Scholar,https://www.semanticscholar.org/paper/Arabic-information-retrieval-El-Khair/1f641a61ce97ec1d7bd66eb3d5fc0e5dcc0783a0
Are you ready to bring a little extraordinary into your life? At ...,https://www.nespresso.com/careers/
We are now a part of The Reserves Network! - The Reserves Network,https://www.trnstaffing.com/we-are-now-a-part-of-the-reserves-network/
International Journal of Business and Systems Research (IJBSR ...,https://www.inderscience.com/info/ingeneral/forthcoming.php?jcode=ijbsr
ROBOA AL KHAIR CO. LTD Company Profile | Jeddah- Saudi ...,https://www.dnb.com/business-directory/company-profiles.roboa__al_khair_co__ltd.32138822b9b615f3584cac999deca487.html
Urgent! Jobs in Remote - February 2023 - 154 current vacancies in ...,https://sa.jooble.org/jobs/Remote
Outotec to deliver alumina calcination technology to Ma'aden Alcoa ...,https://www.mogroup.com/corporate/media/news/2011/7/outotec-to-deliver-alumina-calcination-technology-to-maaden-alcoa-joint-venture-in-saudi-arabia/
Participant List | World Bank,https://www.worldbank.org/content/dam/meetings/external/springmeeting/Participant-List.pdf
COMPETITION,https://www.unlv.edu/sites/default/files/page_files/27/Engineering-SeniorDesignBooklet-Fall2019.pdf
News - Job Postings - TAIR,https://www.arabidopsis.org/news/jobs.jsp
Abwab Al Khair - Building Markets,https://buildingmarkets.org/listings/abwab/
Lennar Corp. Careers,https://careers.lennar.com/
Gayle Tzemach Lemmon: "The Dressmaker of Khair Khana" - Diane ...,https://dianerehm.org/shows/2011-03-17/gayle-tzemach-lemmon-dressmaker-khair-khana
Sufi Literature Questions - GeeksforGeeks,https://www.geeksforgeeks.org/sufi-literature-questions/
See Your way to the Future (AI/ML) at Google Developer Student ...,https://gdsc.community.dev/events/details/developer-student-clubs-knowledge-and-modern-science-university-kmsu-presents-your-way-to-the-future-aiml/
Media Coverage - Friends of Khairullah,https://www.reelectkhairullah.com/mediacoverage
Spiffy.sg,https://www.weshipcode.com/author/izzat-noor/
Careers| Clariba.com,https://www.clariba.com/careers
College of Staten Island (CSI) CUNY,https://www.csi.cuny.edu/
Al-khair Society Golconda - Videos | Facebook,https://www.facebook.com/Alkahir-Society-Golconda-104879470921499/videos/
Business License and Permits | City of Torrance,https://www.torranceca.gov/business/license
Mining Jobs in Middle East (February 2023) - Bayt.com,https://www.bayt.com/en/international/jobs/mining-jobs/
Khair - Etsy,https://www.etsy.com/market/khair
(PDF) Technical skills and non-technical skills: predefinition concept,https://www.researchgate.net/publication/259782791_Technical_skills_and_non-technical_skills_predefinition_concept
How to Become a Data Scientist at Your Own | Data Science and ...,https://www.kaggle.com/getting-started/44915
The Social Function of Engineering: A Current Assessment ...,https://www.nap.edu/read/1829/chapter/10
Award Winning Global Creative Agency - MabMedia,http://mabmediaglobal.com/services/
M.Tech.Data Science & Engineering – BITS Pilani,https://bits-pilani-wilp.ac.in/m-tech/cluster/data-science-and-engineering.php
VOL 11 ISSUE 4 2022,http://journalstd.com/VOL-11-ISSUE-4-2022/
VOL 11 ISSUE 4 2022,http://journalstd.com/VOL-11-ISSUE-4-2022/
Machine Learning Jobs in Lahore- Latest Machine Learning Jobs ...,https://www.rozee.pk/search/machine-learning-jobs-in-lahore
Khair mangan Sonia main Teri /#statusvideos #thepromise ...,https://www.youtube.com/watch?v=E6rRX_9mBQg
Learn Persian in 30 Minutes - ALL the Basics You Need - YouTube,https://www.youtube.com/watch?v=jdpmOxtUBqE
Himachal Pradesh - The Tribune- Chandigarh- India,https://m.tribuneindia.com/2001/20010801/himachal.htm
Novel Engineering Approaches to Separations | AIChE,https://www.aiche.org/conferences/aiche-annual-meeting/2016/proceeding/session/novel-engineering-approaches-separations
Page 2 | Phrase Strings Reviews - Pros & Cons- Ratings & more ...,https://www.getapp.com/website-ecommerce-software/a/phraseapp-com/reviews/page-2/
Journal of Heterocyclic Chemistry: Vol 42- No 2,https://onlinelibrary.wiley.com/toc/19435193/2005/42/2
Untitled,https://bach.wu-wien.ac.at/d/research/organization/3993/restypes/3/
