Title,URL
Applications of machine learning and artificial intelligence for Covid ...,https://www.ncbi.nlm.nih.gov/pmc/articles/PMC7315944/
Northeast Consultancy Services (NECS) | LinkedIn,https://in.linkedin.com/company/northeast-consultancy-services-necs-
Mechanical internship in Aizawl with job offer,https://internshala.com/internships/mechanical-internship-in-aizawl/ppo-true/
FabIndia opens first store in Aizawl,https://in.fashionnetwork.com/news/Fabindia-opens-first-store-in-aizawl,1445144.html
0 Computer Science Jobs for Freshers in Aizawl- Jan | Internshala,https://internshala.com/fresher-jobs/computer-science-jobs-in-Aizawl/
upGrad hiring Admissions Counselor in Aizawl - Join leading startup,https://earlytutors.com/jobs/upgrad-admissions-counselor-in-aizawl-mz/
Truck Driver Jobs in Aizawl- Mizoram (Feb 2023) - 126 Active Truck ...,https://www.shine.com/job-search/truck-driver-jobs-in-aizawl
Mizoram University,https://mzu.edu.in/
Online teaching-learning in higher education during lockdown ...,https://www.sciencedirect.com/science/article/pii/S2666374020300121
Mizoram: Union minister hands over appointment letters to 79 ...,https://www.eastmojo.com/mizoram/2022/11/22/mizoram-union-minister-hands-over-appointment-letters-to-79-recruits/
Cooking Chef Salary in Aizawl | AmbitionBox,https://www.ambitionbox.com/profile/cooking-chef-salary/aizawl-location
Mizoram's war on drugs: 6 arrested in raids- over 11 kg heroin seized,https://www.eastmojo.com/mizoram/2022/10/21/mizorams-war-on-drugs-6-arrested-in-raids-over-11-kg-heroin-seized/
Goodwill Foundation - Idealist,https://www.idealist.org/en/nonprofit/85ec8d78b9c6461aa2257d4534a7d1df-goodwill-foundation-aizawl
Mizoram to rehabilitate ex-MNF cadres - EastMojo,https://www.eastmojo.com/mizoram/2021/02/27/mizoram-to-rehabilitate-ex-mnf-cadres/
Mizoram - Wikipedia,https://en.wikipedia.org/wiki/Mizoram
Mizoram: Rare King George V stamps- first-day covers on Gandhi on ...,https://www.eastmojo.com/mizoram/2022/11/19/mizoram-rare-king-george-v-stamps-first-day-covers-on-gandhi-on-display-in-aizawl/
Anamika Singh - St Pauls Higher Secondary School-Aizawl ...,https://www.linkedin.com/in/anamika-singh-86a64462
Jiomart jobs in Aizawl- Mizoram- 2020 | jiomart career -,https://jioguide.com/jiomart-jobs-in-aizawl-mizoram-2020-jiomart-career/
National Institute of Technology Mizoram,https://www.nitmz.ac.in/EMPBiodata.aspx
Detection of Virus Using Artificial Intelligence and Machine Learning ...,https://papers.ssrn.com/sol3/papers.cfm?abstract_id=3701754
Freelancer Jobs In Aizawl - 48042 Freelancer Job Vacancies In ...,https://www.naukri.com/freelancer-jobs-in-aizawl
India - Jhpiego,https://www.jhpiego.org/countries-we-support/india/
Gross Enrolment Ratio Prediction using Artificial Neural Network,https://www.ijrte.org/wp-content/uploads/papers/v8i5/E6873018520.pdf
Can I get a job in aizawl- mizoram? I have completed Bsc computer ...,https://www.quora.com/Can-I-get-a-job-in-aizawl-mizoram-I-have-completed-Bsc-computer-Science-I-am-from-Chennai-Tamil-Nadu-I-dont-know-their-local-language-but-I-like-to-settle-there
Versace Job Opportunities | Official Website,https://www.versace.com/international/en/about-us/careers.html
Mizoram: IPR Minister Unveils Biggest Science Event - 'Mizoram ...,https://www.northeasttoday.in/2022/11/24/mizorams-biggest-science-event-mizoram-science-congress-2022-unveiled-in-aizawl/
How to Apply for Online MBA at Mizoram University- Aizawl,https://www.careers360.com/courses-certifications/articles/how-to-apply-for-online-mba-at-mizoram-university-aizawl
Pradhan Mantri Kaushal Kendra Aizawl- aims to provide skill ...,https://www.facebook.com/medhavifoundation.org/videos/pradhan-mantri-kaushal-kendra-aizawl-aims-to-provide-skill-development-training-/655165375287372/
(PDF) A Study on Professional Competencies Developed by PAssed ...,https://www.researchgate.net/publication/327261191_A_Study_on_Professional_Competencies_Developed_by_PAssed_out_MLS_Students_of_Selected_Four_Universities_in_the_North-East_Region
BOMBASTIC !!! Shillong To Silchar on Dominar - YouTube,https://www.youtube.com/watch?v=ovqI64W9Ijg
best value advantage,https://www.suzukimotorcycle.co.in/best-value/index
Ethnopharmacology | Apply for Honorary DSc in ...,https://sites.google.com/site/honorarydegreeacademics/ethnopharmacology-apply-for-honorary-dsc-in-ethnopharmacology-admission-announcement
Solicitar Honorario D. Litt. en lengua y literatura españolas ...,https://sites.google.com/site/honorarydegreeacademics/solicitar-honorario-d-litt-en-lengua-y-literatura-espanolas
Apply For Honorary PhD for School Principal | School Education ...,https://sites.google.com/site/honorarydegreeacademics/apply-for-honorary-phd-for-school-principal-school-education-development-program
A Spatial Livability Index for dense urban centers - Francisco Benita ...,https://journals.sagepub.com/doi/10.1177/2399808320960151?icid=int.sj-full-text.similar-articles.5
(PDF) SOUTH ASIA PROGRAM | Soaked Dream - Academia.edu,https://www.academia.edu/43250086/SOUTH_ASIA_PROGRAM
Top Thiruvalluvar University - [TU] Affiliated Computer Applications ...,https://collegedunia.com/computer-applications/thiruvalluvar-university-tu-affiliated-colleges
Top Manonmaniam Sundaranar University Affiliated Computer ...,https://collegedunia.com/computer-applications/manonmaniam-sundaranar-university-affiliated-colleges
Top Biju Patnaik University of Technology - [BPUT] Affiliated ...,https://collegedunia.com/computer-applications/biju-patnaik-university-of-technology-bput-affiliated-colleges
