Title,URL
0 Finance Jobs for Freshers in Rajapalayam- Feb | Internshala,https://internshala.com/fresher-jobs/finance-jobs-in-rajapalayam/
Future I Technologies | LinkedIn,https://in.linkedin.com/company/future-i-technologies
Data Science Training in Rajapalayam- Course Fees- Certification ...,https://www.sulekha.com/data-science-certification-training/rajapalayam
Data Science Course in Rajapalayam - Best Training Institute - Fees ...,http://quickxpertinfotech.com/data-science-course-in-rajapalayam
Jobs at Intel in India,https://www.intel.com/content/www/us/en/jobs/locations/india.html
Urgent: Jobs in Rajapalayam - February 2023 - 32 current vacancies ...,https://in.jooble.org/jobs/Rajapalayam
Lecturer Jobs In Rajapalayam Tn - 4080 Lecturer Job Vacancies In ...,https://www.naukri.com/lecturer-jobs-in-rajapalayam-tn
upGrad hiring Admissions Counselor in Rajapalayam - Join leading ...,https://earlytutors.com/jobs/upgrad-admissions-counselor-in-rajapalayam-tn/
Applied Sciences | Free Full-Text | Machine Learning Approach ...,https://www.mdpi.com/2076-3417/12/20/10653
Global AI | LinkedIn,https://www.linkedin.com/company/globalai
▷ Tutors in Rajapalayam - TeacherOn,https://www.teacheron.com/tutors-in-rajapalayam
24 Hotel Amil -rajapalayam-virtudhunager Jobs and Vacancies - 2 ...,https://in.indeed.com/jobs?q=Hotel+Amil+,rajapalayam,virtudhunager&start=10
JRC: Recruitment of grantholder- trainees- graduate trainees ...,https://recruitment.jrc.ec.europa.eu/
Rebar Detailer Salary in Rajapalayam | AmbitionBox,https://www.ambitionbox.com/profile/rebar-detailer-salary/rajapalayam-location
Reliance Jiomart jobs in Rajapalayam–2020 | jio mart career,https://jioguide.com/reliance-jio-jobs-in-rajapalayam-2020-jio-jobs-jio-career/
Vijay Sethupathi - Wikipedia,https://en.wikipedia.org/wiki/Vijay_Sethupathi
Find Manufacturing Companies in Rajapalayam - Dun & Bradstreet,https://www.dnb.com/business-directory/company-information.manufacturing.in.tamil_nadu.rajapalayam.html
Loom Careers and Jobs | Loom,https://www.loom.com/careers
Jobs in Rajapalayam - Check Latest (129) Job Openings (February ...,https://www.quikr.com/jobs/rajapalayam+zwqxj760939060
Data Scientist - Techmango,https://www.techmango.net/joblists/system-administrator
Find School Bus Driver Jobs with weekly home time | Indeed.com,https://www.indeed.com/q-School-Bus-Driver-jobs.html
RIT AI Research,https://www.ritrjpm.ac.in/research/rit-ai-research.php
Rajapalayam Rajus' College | Rajapalayam | Facebook,https://fo-fo.facebook.com/rajuscollege/
Job Consultancy & Placement Services For Candidate in Rajapalayam,https://www.justdial.com/Virudhunagar/Placement-Services-Candidate-in-Rajapalayam/nct-10372869
RAJAPALAYAM - RAJAPALAYAM RAJUS' COLLEGE,https://www.rrc.ac.in/events.php
Augmented Reality-Centered Position Navigation for Wearable ...,https://www.ncbi.nlm.nih.gov/pmc/articles/PMC9010156/
Ramco Careers | Jobs at Ramco | Values and Work Culture,https://www.ramco.com/careers
Department of English | College of Liberal Arts | RIT,https://www.rit.edu/liberalarts/department-english
AspenTech | Asset Optimization Software - Asset Performance ...,https://www.aspentech.com/en
Archroma: Specialty chemicals,https://www.archroma.com/
Magic of Making - Glass Marbles - YouTube,https://www.youtube.com/watch?v=1cXy7gxUtbU
Beginner Python lessons,https://www.superprof.co.uk/lessons/python/united-kingdom/beginner/145/
Language in India,http://www.languageinindia.com/june2011/softskillskarthikeyanfinal.htm
Enhanced humanoid assisted human interaction model based on ...,https://www.researchgate.net/publication/338961730_Enhanced_humanoid_assisted_human_interaction_model_based_on_linear_structural_modeling_for_knowledge_representation
Gold and Crude Oil - July 8- 2022 - HDFC Securities | EquityBulls,https://www.equitybulls.com/category.php?id=316295
Multitranche Financing Facility Annual Report 2021: Annual ...,https://www.adb.org/sites/default/files/linked-documents/mff-ar-2021-progress-report.pdf
