Title,URL
Best Machine Learning Training in Dehradun | Summer Training in ...,https://slogsolutions.com/machine-learning-training-in-dehradun.php
All Jobs | Atlassian,https://www.atlassian.com/company/careers/all-jobs
Amazon.in | Amazon.jobs,https://www.amazon.jobs/en/teams/in
Jobs at NVIDIA | NVIDIA Careers,https://www.nvidia.com/en-in/about-nvidia/careers/
11 Python Jobs and Vacancies in Dehradun Ho.- Uttarakhand - 4 ...,https://in.indeed.com/Python-jobs-in-Dehradun-Ho.,-Uttarakhand
Aman Mathur - Machine Learning Engineer - Guise.AI | LinkedIn,https://in.linkedin.com/in/amanm23
11 Data Science Jobs and Vacancies in Uttarakhand - 5 February ...,https://in.indeed.com/Data-Science-jobs-in-Uttarakhand
Careers | Autodesk,https://www.autodesk.com/careers/overview
Machine Learning Techniques for Tuberculosis Prediction by ...,https://papers.ssrn.com/sol3/papers.cfm?abstract_id=3404486
Best of Machine Learning & AI,https://www.coursera.org/collections/best-machine-learning-ai
A Novel Machine Learning Approach for Malware Detection by ...,https://papers.ssrn.com/sol3/papers.cfm?abstract_id=3383953
Cisco: Networking- Cloud- and Cybersecurity Solutions,https://www.cisco.com/
Machine Learning Jobs in Dehradun- Uttarakhand (Feb 2023 ...,https://www.shine.com/job-search/machine-learning-jobs-in-dehradun
Ai/ml Engineer Job in Cimcon Digital - Dehradun-Uttarakhand ...,https://jobgrin.co.in/c/Cimcon-Digital/jobs/Ai-ml-Engineer-7ufQcw8WjN
Evaluation of Network Intrusion Detection with Features Selection ...,https://papers.ssrn.com/sol3/papers.cfm?abstract_id=3394103
Machine Learning jobs in Dehradun- Uttarakhand - January 2023 ...,https://in.jora.com/Machine-Learning-jobs-in-Dehradun%2C-Uttarakhand
Find Jobs in Technology,https://www.dice.com/
Markytics - Data Scientist (3-8 yrs)- Dehradun/Uttarakhand- Data ...,https://www.iimjobs.com/j/markytics-data-scientist-3-8-yrs-1114137.html?ref=kp
Data Scientist Salary in Dehradun | AmbitionBox,https://www.ambitionbox.com/profile/data-scientist-salary/dehradun-location
Yashvardhan Jain - CNS Member | Indiana University,https://cns.iu.edu/current_team/bio/yashvardhan-jain.html
vivek kothari - Software Engineer - Qualcomm | LinkedIn,https://www.linkedin.com/in/vivek-kothari-42b498152/
Data Science Course With Python Machine Learning in Dehradun ...,https://www.apponix.com/data-science-course-in-dehradun
Jobs | TomTom Careers,https://www.tomtom.com/careers/joboverview/
Data Science Course in Dehradun [Rated #1],https://www.simplilearn.com/data-science-training-course-dehradun-city
Current Openings | Tiger Analytics,https://www.tigeranalytics.com/current-openings/
Best Deep Learning Training in Dehradun | Summer Training in ...,https://www.slogsolutions.com/deep-learning-training-in-dehradun.php
Internship in Dehradun | Internshala,https://internshala.com/internships/internship-in-dehradun/
Best Computer Science Engineering In Dehradun- Uttarakhand,https://www.dituniversity.edu.in/ug-courses/btech-computer-science-and-engineering
358 Machine Learning Job Vacancies in Hyderabad - Feb (2023),https://www.foundit.in/search/machine-learning-jobs-in-hyderabad
Machine Learning/Artificial Intelligence Job in Nagpur/Chandigarh ...,https://www.hirist.com/j/data-scientist-machine-learningartificial-intelligence-2-6-yrs-1154781.html?ref=googlejobs
Online Courses at Emeritus | Certificates and Classes from Top ...,https://emeritus.org/
Best Machine Learning course in Dehradun & Uttarakhand,https://www.brillicaservices.com/Machine_Learning_Using_Python
wowJobs | LinkedIn,https://uk.linkedin.com/company/wowjobs
upGrad Careers,https://www.upgrad.com/us/careers/
Join iMerit now to shape the future of AI and ML data | iMerit,https://imerit.net/careers/
AWS Training in Dehradun | AWS Certification Course Online,https://www.edureka.co/aws-certification-training-dehradun
Machine Learning Course in Raiwala- Dehradun- Training | Sulekha,https://www.sulekha.com/machine-learning-courses/raiwala-dehradun
Machine Learning Trainer Jobs in Dehradun by Slog Solutions Pvt ...,https://www.placementindia.com/job-detail/machine-learning-trainer-jobs-in-dehradun-for-slog-solutions-pvt-ltd-dehradun-934583.htm
What skills are needed for machine learning jobs? - Quora,https://www.quora.com/What-skills-are-needed-for-machine-learning-jobs
AI and Machine Learning Program in Dehradun,https://www.sprintzeal.com/in/course/artificial-intelligence-certification-training/dehradun
Careers | Nagarro,https://www.nagarro.com/en/careers
IntelliNature,https://www.intellinature.in/
Students & Graduates | HPE,https://www.hpe.com/us/en/about/jobs/students.html
Recruitment,https://www.imf.org/en/About/Recruitment
Home - Quantiphi- Inc.,https://quantiphi.com/
Bigdata Program Manager | Program Manager Jobs,https://www.youtube.com/watch?v=pYAEi5vUEDk
Machine Learning-Based Regression Framework to Predict Health ...,https://europepmc.org/article/med/35805557
Microsoft Lab Assistant Reviews | Glassdoor,https://www.glassdoor.com/Reviews/Microsoft-lab-assistant-Reviews-EI_IE1651.0,9_KO10,23.htm
(PDF) A novel transfer learning-based short-term solar forecasting ...,https://www.researchgate.net/publication/361205096_A_novel_transfer_learning-based_short-term_solar_forecasting_approach_for_India
Best Data Science Course in Trichur - IIT Madras CCE Training,https://intellipaat.com/data-scientist-course-training-trichur/
Learning Jobs Openings In Gurgaon - TimesJobs.com,https://www.timesjobs.com/jobs-in-gurgaon/learning-jobs
Tweets with replies by Altruist Technologies Pvt. Ltd. (@altruist_tech ...,https://mobile.twitter.com/altruist_tech/with_replies
Forecasting major impacts of COVID-19 pandemic on country-driven ...,https://www.ncbi.nlm.nih.gov/pmc/articles/PMC7996129/
GSOBA Test Page | LinkedIn,https://ca.linkedin.com/company/test-gsoba-company1
Jobs & Careers - The Tribune- Chandigarh- India,https://m.tribuneindia.com/2011/20110601/jobs.htm
Monthly trending searches in Noida- India | Eventbrite,https://www.eventbrite.com/trending/searches/india--noida/
1018 Construction Engineering Job Vacancies in Bangalore - Nov ...,https://www.monsterindia.com/search/construction-engineering-jobs-in-bangalore
6 trends that will boost hiring this year - Rediff.com Get Ahead,https://www.rediff.com/getahead/report/career-6-trends-that-will-boost-hiring-this-year/20180212.htm
MOHD SHAHID HUSAIN | Ministry of Higher Education Oman ...,https://passage.academia.edu/MOHDSHAHIDHUSAIN/CurriculumVitae
Study India from Birgunj - Posts | Facebook,https://m.facebook.com/StudyIndiafromBirgunjNepal/posts
Beginner Python lessons,https://www.superprof.co.uk/lessons/python/united-kingdom/beginner/145/
