Title,URL
Go Genius | LinkedIn,https://www.linkedin.com/company/go-genius-pathankot?trk=companies_directory
Deep Learning Training in Pathankot- Deep Learning Course in ...,https://www.sulekha.com/deep-learning-training/pathankot
BrainCrank Pvt. Ltd. | LinkedIn,https://in.linkedin.com/company/braincrank-pvt-ltd
Rajnish Aggarwal - Deep Learning Compiler Engineer - NVIDIA ...,https://www.linkedin.com/in/raggarwal06
Subject Matter Expert (SME) Internship in Pathankot | Internshala,https://internshala.com/internships/subject-matter-expert-(sme)-internship-in-pathankot/
upGrad hiring Admissions Counselor in Pathankot - Join leading ...,https://earlytutors.com/jobs/upgrad-admissions-counselor-in-pathankot-pb/
Hardware Engineer Jobs In Pathankot,https://www.naukri.com/hardware-engineer-jobs-in-pathankot
Lady Librarian/Restorer and Assistant Professor at R.R.M.K. Pathankot,https://www.gyanmalalibrary.com/lady-librarian-restorer-and-assistant-professor-at-rrmk.html
Architecture Jobs In Pathankot Punjab - 1460 Architecture Job ...,https://www.naukri.com/architecture-jobs-in-pathankot-punjab
Sri Sai Group Of Institutes Collaborates With IBM,https://www.srisaigroup.in/ibm/
Careers | Skechers (about.skechers.com),https://about.skechers.com/careers/
adidas Careers – Through sport- we have the power to change lives ...,https://careers.adidas-group.com/jobs?location=%5B%7B%22country%22%3A%22India%22%7D%5D&offset=0&keywords=&location_manual=India
Packing Supervisor Jobs in Kangra- Pathankot by HimPharm - (Job ...,https://www.placementindia.com/job-detail/packing-supervisor-jobs-in-kangra-indora-kangra-pathankot-for-himpharm-1038623.htm
Amazon Jobs - Military Recruiting,https://www.amazon.jobs/en/military
VOP - Voice of Pathankot - SI Harjeet Singh- your courage and ...,https://m.facebook.com/103991144634869/
Career areas,https://jobs.amadeus.com/career-areas
Best Defense Companies and Startups to Work for in 2023 ...,https://angel.co/startups/industry/defense
GURU NANAK BOREWELL Company Profile | Pathankot- Punjab ...,https://www.dnb.com/business-directory/company-profiles.guru_nanak_borewell.b18e9dc3c3c7129705466c16cf1ed5c3.html
Pepsi Foods Salaries in Pathankot | AmbitionBox,https://www.ambitionbox.com/salaries/pepsi-foods-ltd-dot-salaries/pathankot-location
Artificial Intelligence Training Course in Pathankot - Fees- Placements,http://quickxpert.com/artificial-intelligence-training-course-in-pathankot
Reliance Jiomart jobs in Pathankot- 2020 | jiomart jobs | Jio career -,https://jioguide.com/reliance-jio-jobs-in-pathankot-2020-jio-jobs-jio-career/
Sri Sai Group of Institutes- Badhani-Pathankot,https://www.facebook.com/ssgipathankot/
Intellipaat Partners With IIT Guwahati's E ICT Academy to Boost ...,https://www.theweek.in/wire-updates/business/2020/06/23/pwr14-intellipaat.html
Several teams formed to nab Pathankot car snatchers: Police - Early ...,http://www.earlytimes.in/newsdet.aspx?q=247796
6-913 10th Pass Jobs and Vacancies - 5 February 2023 | Indeed.com,https://in.indeed.com/m/jobs?l=&q=10th+pass
Md Medicine Engineering Jobs in India - 31740 Md Medicine ...,https://www.timesjobs.com/jobskill/md-medicine-engineering-jobs
Home - Shine Wing,https://www.sw-india.com/
The Tribune- Chandigarh- India - HER WORLD,https://m.tribuneindia.com/2001/20011118/herworld.htm
(PDF) An analysis of statistical characteristics of stratus and ...,https://www.researchgate.net/publication/228991875_An_analysis_of_statistical_characteristics_of_stratus_and_stratocumulus_over_eastern_Pacific
Top I.K. Gujral Punjab Technical University - [IKG-PTU] Affiliated ...,https://collegedunia.com/science/punjab/ik-gujral-punjab-technical-university-ikg-ptu-affiliated-colleges
Untitled,https://www.marxists.org/history/etol/newspape/themilitant/1971/v35n46-dec-17-1971-mil.pdf
Kim,https://www.gutenberg.org/files/2226/old/kimrk12h.htm
(' UHVXPHV UDLG RQ <- TXL]]HV .KDUJH,https://www.dailypioneer.com/uploads/2022/epaper/august/chandigarh-english-edition-2022-08-05.pdf
Browse subject: Tempérance- Sociétés de,http://onlinebooks.library.upenn.edu/webbin/book//browse?type=lcsubc&key=Temp%26eacute%3Brance%2C%20Soci%26eacute%3Bt%26eacute%3Bs%20de&c=x
