Title,URL
Engineering Internship in Ramgarh | Internshala,https://internshala.com/internships/engineering-internship-in-ramgarh/
32 Social Work Job Vacancies In Ramgarh Jharkhand - Naukri.com,https://www.naukri.com/social-work-jobs-in-ramgarh-jharkhand
Anish Gautam - Robotics Engineer - Shunya Ekai Technologies ...,https://in.linkedin.com/in/anish-gautam-936b8b1b2
Shobha Infotech Pvt Ltd | LinkedIn,https://www.linkedin.com/company/shobha-infotech
Monam Singh - Analyst - HCL Technologies | LinkedIn,https://in.linkedin.com/in/monam-singh-9393711b3?trk=public_profile_samename-profile_profile-result-card_result-card_full-click
Normal Distribution and Machine Learning | by Abhishek Barai ...,https://medium.com/analytics-vidhya/normal-distribution-and-machine-learning-ec9d3ca05070
AKASH SHINDE - Army Public School Ramgarh Cantt - Pune ...,https://in.linkedin.com/in/akash-shinde-a75768177
Machine Learning Languages,https://www.w3schools.com/ai/ai_programming.asp
SMU | World Changers Shaped Here,https://www.smu.edu/
Workforce Solutions | Talent & Global Staffing Solutions Company,https://www.nlbservices.com/
Metso Outotec - Partner for positive change - Metso Outotec,https://www.mogroup.com/
Problems on Percentage - GeeksforGeeks,https://www.geeksforgeeks.org/problems-on-percentage/
ATTIC TREASURES & COLLECTIBLES,https://www.ebrpl.com/Source/Source201110.pdf
Shorthand Courses in Saudagar Mohalla- Ramgarh-Jharkhand ...,https://www.sulekha.com/shorthand-job-training/saudagar-mohalla-ramgarhjharkhand
India - Jhpiego,https://www.jhpiego.org/countries-we-support/india/
Electrician Training Institutes- Centres in - Ramgarh-Jharkhand ...,https://www.sulekha.com/electrician-training/ramgarh-jharkhand
Indecomm: Home,https://indecomm.com/
Jobs in Ramgarh - Check Latest (70) Job Openings (February 2023 ...,https://www.quikr.com/jobs/ramgarh+zwqxj760939060
Machine learning Jobs: Jobs for freshers with Machine learning ...,https://www.freshersworld.com/machine-learning-jobs/3535242
4 Cnc Operator Jobs and Vacancies in Noida - 2023,https://www.goodworker.in/cnc-operator-jobs-in-noida
Artificial Intelligence: AI Jobs- Career Path- and Salary,https://www.koenig-solutions.com/blog/everything-about-artificial-intelligence-salary-and-career-path
Ramgarh Sponge Iron Reviews by 5 Employees | AmbitionBox,https://www.ambitionbox.com/reviews/ramgarh-sponge-iron-reviews
Career | Cashify.in,https://www.cashify.in/career
M.Tech.Data Science & Engineering – BITS Pilani,https://bits-pilani-wilp.ac.in/m-tech/cluster/data-science-and-engineering.php
TRINITY EDUCATIONAL INSTITUTION,https://trinityeducations.com/
Procurement News - SBI In the News,https://sbi.co.in/web/sbi-in-the-news/procurement-news
List of Top Colleges in Ramgarh-Jharkhand - Best Government ...,https://www.justdial.com/Ramgarh-Jharkhand/Colleges-in-Ramgarh-HO/nct-10106380
56 Demonstrator Jobs and Vacancies - 6 February 2023 | Indeed.com,https://in.indeed.com/Demonstrator-jobs
Careers at Royal Enfield | Royal Enfield jobs,https://careers.royalenfield.com/us/en/home
Logistics in World War II: Final Report of the Army Service Forces: A ...,https://history.army.mil/html/books/070/70-29/CMH_Pub_70-29.pdf
In waning coal belt of Ramgarh- solar power saves the day for ...,https://www.moneycontrol.com/news/environment/in-waning-coal-belt-of-ramgarh-solar-power-saves-the-day-for-women-entrepreneurs-9722321.html
Untitled,https://amoristorante.it/shrishti-singh.html
HDFC Bank Ramgarh Cantt- Ramgarh- 829122 Branch Social ...,https://near-me.hdfcbank.com/branch-atm-locator/hdfc-bank-banks-nhw-33-hazaribag-8552/Timeline?page=217
WELCOME TO SGNPS Ramgarh FAMILY,http://www.sgnpsramgarh.org/
R Language Course in Ramgarh - Best Training Institute - Fees ...,http://quickxpertinfotech.com/r-language-course-in-ramgarh
Candidate | Deen Dayal Upadhyaya Grameen Kaushalya Yojana ...,http://ddugky.gov.in/content/enrol
Dr Shah Rukh Khan - Life Lessons - YouTube,https://www.youtube.com/watch?v=VnnXAiTOLbo
Dump Truck for Children | Truck Tunes for Kids | Twenty Trucks ...,https://www.youtube.com/watch?v=omCDE64AveU
Rangula Ratnam | 1st December 2021 | Full Episode No 13 | ETV ...,https://www.youtube.com/watch?v=3XYyeqtZqRQ
Chinese- Bangladeshi Staff Jointly Make "Bridge of Dreams" Come ...,https://www.youtube.com/watch?v=lHRJyGnjxKw
Ramgarh Hills- located 50 kms from Ambikapur- is very famous for ...,https://www.facebook.com/chhattisgarhsocial/videos/ramgarh-hills-located-50-kms-from-ambikapur-is-very-famous-for-historical-signif/4343043255761089/
Dalmia Bharat Foundation,https://www.dalmiabharatfoundation.org/
Jadavpurer Adda | Facebook,https://m.facebook.com/groups/333618006731397/
Nurture historical places as tourist spots: Sudarshan Choudhary ...,http://www.earlytimes.in/newsdet.aspx?q=147335
Slathia inaugurates works in Vijaypur - Early Times Newspaper ...,http://www.earlytimes.in/newsdet.aspx?q=41484
Infiltration bid foiled- four unidentified militants killed in Boniyar ...,http://www.earlytimes.in/newsdet.aspx?q=245537
Apply for Honorary LL.D. Award for Lawyers from Bombay High ...,https://sites.google.com/site/honorarydegreeacademics/apply-for-honorary-ll-d-award-for-lawyers-from-bombay-high-court-district-court-session-court-and-bar-council
Ludhiana Stories - The Tribune- Chandigarh- India,https://m.tribuneindia.com/2010/20100118/ldh1.htm
Rating - Codeforces,https://codeforces.com/ratings/organization/19079
Rating - Codeforces,https://codeforces.com/ratings/organization/30526
Rating - Codeforces,https://codeforces.com/ratings/organization/1637
Amity School of Architecture & Planning (ASAP) Bachelor of ...,https://www.amity.edu/jaipur/pdf/syllabus/2020-21/59%20barch.pdf
