Title,URL
Calderys India Refractories Katni Reviews by 14 Employees ...,https://www.ambitionbox.com/reviews/calderys-india-refractories-reviews/katni-location?page=2
Neelesh Mishra - Marketing - Dainik Bhaskar Katni | LinkedIn,https://in.linkedin.com/in/neelesh-mishra-0496b3168
Shubh Motors Katni Reviews by 2 Employees | AmbitionBox,https://www.ambitionbox.com/reviews/shubh-motors-reviews/katni-location
Jobs in Katni - Check Latest (84) Job Openings (February 2023 ...,https://www.quikr.com/jobs/katni+zwqxj760939060
Katni Recruiters - Katni Placement Consultants - Naukri.com,https://www.naukri.com/katni-recruiters
India,https://jfairs.com/jobs/index.php?mod=search&location=99&locationName=India
Computer Operator 2023-24 Job Vacancy- Katni - Recruitment ...,https://www.quikr.com/jobs/computer-operator+katni+zwqxj4157493934
1 of 1 City Mall Katni Recruiters,https://www.naukri.com/city-mall-katni-recruiters
RFP-Appointment of Agency for IEC works in KMC to make Katni a ...,https://ngobox.org/full_rfp_eoi_RFP-Appointment-of-Agency-for-IEC-works-in-KMC-to-make-Katni-a-Garbage-Free-City-in-line-with-Swachh-Survekshan-&-Swachh-Bharat-Mission--_7317
Sustainability | Free Full-Text | Efficient Reuse of Railway Track ...,https://www.mdpi.com/2071-1050/14/18/11721/htm
M.Tech.Data Science & Engineering – BITS Pilani,https://bits-pilani-wilp.ac.in/m-tech/cluster/data-science-and-engineering.php
Untitled,https://www.condomz.fr/redirect.php?action=url&goto=dnanlili.tk/198wwwcondomzfrcGd-1212
Jana Small Finance Bank | Online Banking and Financial Services,https://www.janabank.com/
MP Private Jobs - Page 7 of 20 - MP Career - Job In Madhya Pradesh,https://mpcareer.in/category/private-jobs-in-mp/page/7/
Data Science Internship with Hands On Projects - pianalytix,https://pianalytix.com/data-science-online-course-and-internship-in-hyderabad/
St Pauls Higher Secondary School Civil Lines- Katni: Admission ...,https://school.careers360.com/schools/st-pauls-higher-secondary-school-civil-lines-katni
Quicklime in Katni- बिना बुझा हुआ चूना- कटनी- Madhya Pradesh ...,https://dir.indiamart.com/katni/quicklime.html
Untitled,http://odmp.org/link?url=//psychadephelsude.tk/199-kLCodmp651
900+ "Deepak Pawar" profiles | LinkedIn,https://www.linkedin.com/pub/dir/Deepak/Pawar
M10 Earbuds- Black at Rs 360/piece in Murwara Katni | ID ...,https://www.indiamart.com/proddetail/m10-earbuds-26752229991.html
Trade Running Details (INS04),http://mpskills.gov.in/Institutes/Public/Trade_Running.aspx?TID=OTA=&NCVT=Mw==&Type=Mg==
Top Tally Classes in Katni - Best Tally Training Institutes - Justdial,https://www.justdial.com/Katni/Tally-Training-Institutes/nct-10974670
Common Service Centre (CSC) List - (Madhya Pradesh State),http://www.ayushmanbharat.mp.gov.in/uploads/media/CSC_List_Madhya_Pradesh_22Dec2018.pdf
D&A - CCB Capacity Planning & Analytics - Associate Job,https://www.jobaaj.com/job-overview?title=d&a---ccb-capacity-planning-&-analytics---data-scientist---associate&product_id=24525
Branch Details | The Financial Express,https://www.financialexpress.com/ifsc-code/state-bank-of-india/rbo-iv-himayatnagar-branch-in-secunderabad-sbin0021698/
