Title,URL
Top Machine Learning and Artificial Intelligence Colleges in India ...,https://www.jagranjosh.com/colleges/engineering/machine-learning-and-artificial-intelligence-engineering
Post Graduate Programme In Artificial Intelligence And Machine ...,https://bits-pilani-wilp.ac.in/certification-programmes/pgp-ai-ml.php
Top Machine Learning and Artificial Intelligence Colleges in India ...,https://www.jagranjosh.com/colleges/law/machine-learning-and-artificial-intelligence-engineering
Careers in Nagpur - Join Our Team of Ideapreneurs in Nagpur ...,https://www.hcltech.com/careers/nagpur
IMT CDL: Best Distance Learning PGDM Institute in India,https://www.imtcdl.ac.in/
Careers in Madurai | HCLTech,https://www.hcltech.com/careers/madurai
https://pgvgrow.com/files/invitation_sample.xlsx,https://pgvgrow.com/files/invitation_sample.xlsx
IBM Mainframe Course Details of Infoshare Soft Solutions- Hyderabad,https://www.realtrainings.com/course-details/343/ibm-mainframe/infoshare-soft-solutions
Fernas Construction Company Reviews by 28 Employees ...,https://www.ambitionbox.com/reviews/fernas-construction-company-reviews
Job Category - ROJGARDAATA,https://rojgardaata.online/job-category/
EduRun: Find your Dream Job & Move Up Today,https://careers.edurungroup.in/
Explained: If fired- what next to Twitter CEO Parag Agarwal ...,https://www.oneindia.com/india/explained-if-fired-what-next-to-twitter-ceo-parag-agarwal-3400515.html
ITI Jobs | Diploma Jobs | MBA Jobs| Technical Jobs - Justjob.co.in,https://www.justjob.co.in/jobseeker/jobseeker_regd
Apply Online Job Application in Ahmedabad- Gujarat- India,https://www.place1india.com/postresume.html
List of Management Universities providing Courses in Bangalore ...,https://universitykart.com/university/Management/All-substream/All-courses/Karnataka/Bangalore%20Urban/India/All-tags?stream=1&country=1&state=15&city=310
AVON RESUMES (Call +91 9889-101010) | Resume Writing ...,https://www.avonresumes.com/
