Title,URL
Jetking Jabalpur New Learning Center | LinkedIn,https://in.linkedin.com/company/jetking-jabalpur-new-learning-center
Best Tech Companies and Startups to Work for in Jabalpur- Madhya ...,https://angel.co/startups/location/jabalpur
Machine Learning Course in Jabalpur- Training | Sulekha,https://www.sulekha.com/machine-learning-courses/jabalpur
Amazon.in | Amazon.jobs,https://www.amazon.jobs/en/teams/in
201 Jobs and Vacancies in Jabalpur- Madhya Pradesh - 6 February ...,https://in.indeed.com/jobs-in-Jabalpur,-Madhya-Pradesh
IIITDM Jabalpur,https://www.iiitdmj.ac.in/academics/Minor-Degree.php
▷ Python tutors in Jabalpur District - TeacherOn,https://www.teacheron.com/python-tutors-in-jabalpur_district
Internship in Jabalpur | Internshala,https://internshala.com/internships/internship-in-jabalpur/
Jobs- Student Programs & Internships | JPMorgan Chase & Co.,https://careers.jpmorgan.com/in/en/students/programs
Game Developer Jobs In Noida Gwalior Bhopal Jabalpur Madhya ...,https://www.naukri.com/game-developer-jobs-in-noida-gwalior-bhopal-jabalpur-madhya-pradesh
Senior Engineer Application Management Jobs In Jabalpur - 266 ...,https://www.naukri.com/senior-engineer-application-management-jobs-in-jabalpur
Data Analytics Course Training in Jabalpur - 360DigiTMG,https://360digitmg.com/india/data-analytics-course-in-jabalpur
Machine Learning Engineer Jobs- Resume & Salary | Machine ...,https://www.youtube.com/watch?v=uMxQI2tJtKQ
Mamta Kulaste | Govt model science college jabalpur (m.p ...,https://sciencecollegejbp.academia.edu/MamtaKulaste
Autonomous detection and sorting of litter using deep learning and ...,https://www.ncbi.nlm.nih.gov/pmc/articles/PMC9752139/
Octobud-A teaching aid for children having Down syndrome ...,https://www.researchgate.net/publication/341120297_Octobud-A_teaching_aid_for_children_having_Down_syndrome
Ergonomic risk factors in bicycle repairing units at Jabalpur ...,https://www.researchgate.net/publication/261881968_Ergonomic_risk_factors_in_bicycle_repairing_units_at_Jabalpur
3M Reviews | Glassdoor,https://www.glassdoor.com/Reviews/3M-Reviews-E446_P3.htm
Kirk Borne on Twitter: "How #AI can Help #PowerGrids Resist ...,https://twitter.com/kirkdborne/status/1178523585142390789
Dell Technologies Director Reviews | Glassdoor,https://www.glassdoor.co.uk/Reviews/Dell-Technologies-Director-Reviews-EI_IE1327.0,17_KO18,26.htm
Msmq Jobs In India - 20 Msmq Jobs Openings In India - TimesJob.com,https://www.timesjobs.com/jobskill/msmq-jobs
Tweets with replies by Brindaa (They / Them) (@Brindaalakshmi ...,https://mobile.twitter.com/brindaalakshmi/with_replies
Palantir Technologies - Forward Deployed Software Engineer: UK ...,https://jobs.lever.co/palantir/1d51a14a-e65c-479b-a36c-ba8745df4c7d/apply
Supreet Tare's Blogs,https://www.c-sharpcorner.com/members/supreet-tare/blogs
Whirlpool Sales Department Reviews by 135 Employees ...,https://www.ambitionbox.com/reviews/whirlpool-reviews/sales-department
