Title,URL
Marvelous belgaum - “Data Scientist: the Sexiest job of the 21st ...,https://m.facebook.com/marvelousbelgaum/posts/data-scientist-the-sexiest-job-of-the-21st-century-data-science-is-a-fast-growin/1498773230254535/
BELMARK INDUSTRIES | LinkedIn,https://in.linkedin.com/company/belmark-industries-belgaum
Anuj Deshpande - Head of Digital Transformation Hybrid Learning ...,https://www.linkedin.com/in/anuj-deshpande-b1074b144/
Apple TV - Jobs at Apple (UK),https://jobs.apple.com/en-gb/search?product=apple-tv-APPTV&page=3
Machine Learning Course in Belgaum- Training | Sulekha,https://www.sulekha.com/machine-learning-courses/belgaum
India- Manufacturing and Operations Engineering - Jobs at Apple (IN),https://jobs.apple.com/en-in/search?location=india-INDC&team=manufacturing-and-operations-engineering-OPMFG-MFGE
1 Media Jobs for Freshers in Belagavi- Jan | Internshala,https://internshala.com/fresher-jobs/media-jobs-in-Belagavi/
Data Science vs. Data Analytics vs. Machine Learning [2022 Edition],https://www.simplilearn.com/data-science-vs-data-analytics-vs-machine-learning-article
0 Engineering Jobs for Freshers in Belagavi- Feb | Internshala,https://internshala.com/fresher-jobs/engineering-jobs-in-Belagavi/
Dattamsh,https://www.dattamsh.com/
Python Developer - Bengaluru/Bangalore-Belagavi/Belgaum ...,https://www.naukri.com/job-listings-python-developer-techtree-it-systems-bengaluru-bangalore-belagavi-belgaum-2-to-5-years-030822002266
‪Dr. P M Kulkarni‬ - ‪Google Scholar‬,https://scholar.google.com/citations?user=ZnX-1yMAAAAJ&hl=en
WFH-Data Collection for Kannada speaker in India - Appen - Belagavi,https://en.wizbii.com/company/appen/job/wfh-data-collection-for-kannada-speaker-in-india
Amazon.in | Amazon.jobs,https://www.amazon.jobs/en/teams/in
Python Course in Belgaum,https://www.codingbytes.com/python-course/python-course-in-belgaum/
Search our Job Opportunities at Unilever,https://careers.unilever.com/search-jobs
VISVESVARAYA TECHNOLOGICAL UNIVERSITY- BELAGAVI,https://vtu.ac.in/pdf/2018syll/aiml.pdf
Beyond Bengaluru clusters to create over 10 lakh jobs: Karnataka IT ...,https://www.newindianexpress.com/states/karnataka/2022/aug/23/beyond-bengaluru-clusters-to-create-over-10-lakh-jobs-karnataka-it-minister-dr-cn-ashwath-2490382.html
Jobs in belagavi -timesascent.com,https://timesascent.com/jobs-in-Belagavi
Contract Manufacturing Ecosystem - Aequs,https://www.aequs.com/careers/
JCE | Jain College of Engineering – BE- MBA- MCA- M.Tech,https://www.jce.ac.in/
ICMR-NITM- Belagavi,https://icmrnitm.res.in/
Belagavi City Corporation,https://belagavicitycorp.org/
Software Testing Training – Quality Software Technologies,https://qualitysoftech.com/software-testing-training/
Quality Software Technologies – Mumbai Based IT Training Courses,https://qualitysoftech.com/
22 Machine Learning Internship Jobs and Vacancies in Bengaluru ...,https://in.indeed.com/Machine-Learning-Internship-jobs-in-Bengaluru,-Karnataka
Raja Lakhamagouda Science Institute (Autonomous)- Belagavi ...,https://rlsinstitute.edu.in/wp-content/uploads/2022/02/C-III_3.3.2.pdf
Manufacturing Quality Engineer - Belagavi Job For 5-8 Year Exp In ...,https://www.foundit.in/job/manufacturing-quality-engineer-belagavi-apple-india-8223308
Job Id: 873861086 – Data Science Trainer Job in Itvedant Education ...,https://apna.co/job/chennai/data-science-trainer-873861086
Aequs Engineer Trainee Belgaum Reviews by 22 Employees ...,https://www.ambitionbox.com/reviews/aequs-reviews/engineer-trainee/belgaum-location
Jain College of Engineering Belagavi - Siaran | Facebook,https://ms-my.facebook.com/pages/category/College---university/jcebelgaum/posts/
Smart City Expo World Congress on Twitter: "It's a wrap ...,https://mobile.twitter.com/smartcityexpo/status/1147156501699747840
(PDF) Undergraduate engineering students employment prediction ...,https://www.researchgate.net/publication/361008441_Undergraduate_engineering_students_employment_prediction_using_hybrid_approach_in_machine_learning
ICPR 2022 |,https://www.icpr2022.com/
padma d | Gogte Institute of Technology - Academia.edu,https://git.academia.edu/padmad
CSE vs Computer Science & Business System (CSBS) | Which one ...,https://www.youtube.com/watch?v=S2LuDyR8PNY
MVJCE: Top ranked engineering colleges in Bangalore| Best Private ...,https://mvjce.edu.in/
A Promising Initial Population Based Genetic Algorithm for Job Shop ...,https://pdfs.semanticscholar.org/a098/976511148b489cbec1b1fdf393b984eb7f44.pdf
UST Collaborates with Intel and SAP to Digitize the Industry 4.0 ...,http://www.uniindia.com/ust-collaborates-with-intel-and-sap-to-digitize-the-industry-4-0-journey-for-malaysian-smes/prnewswire/news/2874472.html
Cyble Launches AmiBreached App to Help Users Ascertain Their ...,https://www.theweek.in/wire-updates/business/2020/09/08/pwr14-cyble-inc.html
9742814850 Civil Engineering Admission in RV College Of ...,https://issuu.com/rvcollegemanagementfee/docs/civil_admission_in_rvce_6a145ca8a8d485
Amagond updated CV,https://www.slideshare.net/AmagondBiradar1/amagond-updated-cv
Cover for PDF,https://papers.ssrn.com/sol3/Delivery.cfm/SSRN_ID4013524_code2140786.pdf?abstractid=4013524&mirid=1&type=2
Ethnopharmacology | Apply for Honorary DSc in ...,https://sites.google.com/site/honorarydegreeacademics/ethnopharmacology-apply-for-honorary-dsc-in-ethnopharmacology-admission-announcement
Psychiatric rehabilitation in indian general hospital psychiatry unit ...,https://go.gale.com/ps/i.do?id=GALE%7CA684469241&sid=googleScholar&v=2.1&it=r&linkaccess=abs&issn=09719962&p=AONE&sw=w
news - Rediff.com,https://www.rediff.com/search/news/0-40?viewtype=grid&sort_order=recency
World Journal of Biological Chemistry - Baishideng Publishing Group,https://www.wjgnet.com/1949-8454/CitedArticlesInF6?id=10.1177%2F0022034520914246
