Title,URL
Dana M. Munger - Field Sales Engineer - Industrial IoT - Intel ...,https://www.linkedin.com/in/dana-m-munger-37744284
Charlie Munger's career advice for young people,https://www.cnbc.com/2019/09/27/charlie-mungers-career-advice-for-young-people.html
The Buffett Formula: Going to Bed Smarter Than When You Woke ...,https://fs.blog/the-buffett-formula/
Jill Munger (@munger_jill) / Twitter,https://twitter.com/munger_jill
Property Manager Jobs In High Demand In Latest Jobs Report,https://rentalhousingjournal.com/property-manager-jobs-in-high-demand-in-latest-jobs-report/
Inflation can be 'the way democracies die': Charlie Munger ...,https://www.academicgates.com/news/story/inflation-can-be-the-way-democracies-die-charlie-munger/10323
The Munger Lab,https://www.jax.org/research-and-faculty/research-labs/the-munger-lab
The Charlie Munger Guide To Continuous Learning,https://cmqinvesting.substack.com/p/charlie-munger-learning-guide
0 Finance Jobs for Freshers in Munger- Jan | Internshala,https://internshala.com/fresher-jobs/finance-jobs-in-Munger/
(Expired) Machine Learning Science at Expedia - Masters & PhD ...,https://events.umich.edu/event/99920
What's Like a Data Scientist in Silicon Valley? | by Li Miao | Towards ...,https://towardsdatascience.com/whats-like-a-data-scientist-in-silicon-valley-d500b338c6e2
How eavesdropping on fish can help conservationists protect coral ...,https://oceanbites.org/how-eavesdropping-on-fish-can-help-conservationists-protect-coral-reefs/
Machine Learning Walmart PhD Jobs- Employment | Indeed.com,https://www.indeed.com/q-Machine-Learning-Walmart-PhD-jobs.html
Jobs at TRM Labs | Elpha – where women succeed at work together,https://elpha.com/companies/trm-labs
Charlie Munger - Wikipedia,https://en.wikipedia.org/wiki/Charlie_Munger
Charlie Munger: Lifelong learning | Business | victoriaadvocate.com,https://www.victoriaadvocate.com/news/business/charlie-munger-lifelong-learning/article_c792a1b9-1a1c-562f-a199-0b871594f99f.html
Charlie Munger Quote: “Warren is one of the best learning machines ...,https://quotefancy.com/quote/1562294/Charlie-Munger-Warren-is-one-of-the-best-learning-machines-on-this-earth-The-turtles-who
Will there ever be another Charlie Munger? – 25iq,https://25iq.com/2015/11/27/will-there-ever-be-another-charlie-munger/
40 Books Recommended By Charlie Munger,https://www.kevinrooke.com/book-recommendations/charlie-munger
Top 10 Bank Security Guards Jobs in Munger- ATM Security Jobs ...,https://www.sulekha.com/bank-atm-security-guards-jobs/munger
Charlie Munger: the Safest ... - Conversation Agent - Valeria Maltoni,https://www.conversationagent.com/2016/05/charlie-munger-the-safest-way-to-get-what-you-want-is-to-try-and-deserve-it.html
The 56 Best Charlie Munger Quotes,https://www.suredividend.com/charlie-munger-quotes/
Agricultural Technology Management Agency | LinkedIn,https://in.linkedin.com/company/agricultural-technology-management-agency
Chatbots Killed the Academic Star | AIER,https://www.aier.org/article/chatbots-killed-the-academic-star/
Our Team - Munger Commercial Construction - Munger Commercial ...,https://mungerconstruction.com/posts/category/team/
Camilo Amarcy publicou no LinkedIn,https://mz.linkedin.com/posts/camiloamarcy_warren-buffett-calls-him-the-smartest-man-activity-7002518587538059264-4Beu
Episode 139 - Charlie Munger: Latticework of Mental Models ...,https://www.moonshots.io/episode-139-charlie-munger-latticework-of-mental-models
Data Science Course in Munger - Best Training Institute - Fees ...,http://quickxpertinfotech.com/data-science-course-in-munger
Learningquotes — Investment Masters Class,http://mastersinvest.com/learningquotes
5 Questions with Alia Munger- Product Designer @ Google | by ...,https://medium.com/re-write/5-questions-with-alia-munger-product-designer-google-adea8cbc138f
Munger National Hospital Overview and Company Profile ...,https://www.ambitionbox.com/overview/munger-national-hospital-overview
Be A Learning Machine | Seeking Wisdom,https://janav.wordpress.com/2013/12/27/be-a-learning-machine/
Charlie Munger's Best Quotes,https://www.businessinsider.com/charlie-mungers-best-quotes-2014-9
Transform Your Learning With This Award-Winning Knowledge App ...,https://www.blinkist.com/magazine/posts/app-fastest-way-become-learning-machine
Hooked on family medicine- Michael Munger is new AAFP president ...,https://www.fiercehealthcare.com/practices/hooked-family-medicine-michael-munger-new-aafp-president
The Seamless Web of Deserved Trust Advice from Berkshire ...,https://www.raymondjames.com/tnrp/blog/2019/04/10/the-seamless-web-of-deserved-trust-advice-from-berkshire-hathaway-vice-chairman-charlie-munger
Berkshire Hathaway's Charlie Munger Calls for Crypto Ban in the US ...,https://beamstart.com/news/berkshire-hathaways-charlie-munger-calls-167533252
Munger Machine Tool Pte - Jobs- Reviews- Photos | WorkVenture,https://www.workventure.com/en/company/munger-machine-tool-pte-ltd/overview
Mental Models: 5 Books That Will Help You Think like Charlie Munger,https://www.ceoplaybook.co/mental-training-5-books-that-will-help-you-think-like-charlie-munger/
Telecom Jobs In Munger Bihar - 134 Telecom Job Vacancies In ...,https://www.naukri.com/telecom-jobs-in-munger-bihar
AI Creates More Jobs- but is Conditional without ByteBridge.io,https://www.yahoo.com/now/ai-creates-more-jobs-conditional-090000017.html
Cite as Mosser Constr.- Inc. v. W. Waterproofing Co.- 2006-Ohio-3607.,https://www.supremecourt.ohio.gov/rod/docs/pdf/6/2006/2006-ohio-3607.pdf
Printer Locations | Student Learning & Technology @ Lathrop and ...,https://thehub.stanford.edu/services/printer-locations
Manager II- Product Management (Dallas- TX) - Walmart Global ...,https://builtin.com/job/product/manager-ii-product-management/1560807
Quote by Charles T. Munger: “I constantly see people rise in life who ...,https://www.goodreads.com/quotes/1222593-i-constantly-see-people-rise-in-life-who-are-not
Reading Habits of the Wealthiest People in the World | Shortform ...,https://www.shortform.com/blog/reading-habits-of-successful-people/
Luis Li | Wilson Sonsini,https://www.wsgr.com/en/people/luis-li.html
Senior Data Scientist - Data Ventures | Walmart Careers,https://careers.walmart.com/us/jobs/WD1354736-senior-data-scientist-data-ventures
Michael Munger on Fair Trade and Free Trade - Econlib,https://www.econtalk.org/munger-on-fair-trade-and-free-trade/
It's Not Easy,https://www.oaktreecapital.com/docs/default-source/memos/2015-09-09-its-not-easy.pdf
meta-science | Wheels on the bus,https://msalganik.wordpress.com/category/meta-science/
PaperCut | Wellesley College,https://www.wellesley.edu/lts/techsupport/papercut
A Slot Machine Riddle – Brian Keng,https://briankeng.com/2012/12/a-slot-machine-riddle/
We all have something to learn from Charlie Munger's wisdom | by ...,https://richardreeze.medium.com/charlie-mungers-advice-for-success-6267e00789c5
Computational estimates of annular diameter reveal ... - JCI Insight,https://insight.jci.org/articles/view/146580
Billionaire Charlie Munger's Time Management Secrets - Chet ...,https://chetholmes.com/charlie-munger-time-management/
Michael C. Munger - Professor at Duke University,https://www.michaelmunger.com/
Board of Trustees news: Board meets with State Comptroller to ...,https://www.clcillinois.edu/aboutclc/news/2016/02/24/board-of-trustees-news-board-meets-with-state-comptroller-to-discuss-budget-impasse
Apple machine learning director quits in protest against return to ...,https://fortune.com/2022/05/10/machine-learning-chief-quits-apple-return-to-office-policy/
8 Ways to Improve the Quality and Effectiveness of College ...,https://www.insidehighered.com/blogs/higher-ed-gamma/8-ways-improve-quality-and-effectiveness-college-teaching
Brainspace,https://brainspace.revealdata.com/
ZipRecruiter raises $156M at $1.5B valuation,https://finance.yahoo.com/news/ziprecruiter-raises-156m-1-5b-valuation-boost-ai-powered-job-searches-135952226.html
2019 Berkshire Hathaway Shareholders Meeting Q&A (Part 2),https://www.theinvestorspodcast.com/episodes/tip246-part-2-berkshire-hathaway-shareholders-meeting-qa/
In the Money - Harvard Law School,https://hls.harvard.edu/today/money/
(USA) Staff Data Scientist - Machine Learning Engi... - Walmart,https://datayoshi.com/offer/710800/usa-staff-data-scientist-m
PUBLIC,https://www.ftc.gov/system/files/documents/cases/588576noticeofappealpdf.pdf
$85k-$143k Ediscovery Project Manager Jobs in California,https://www.ziprecruiter.com/Jobs/Ediscovery-Project-Manager/--in-California
Léa-Marie Munger - ArtStation,https://www.artstation.com/lamunger
Theme Communities & Michigan Learning Communities – Michigan ...,https://housing.umich.edu/themes-mlcs/
Charlie Munger Translation: Taxes and Alpha are the Shiznit! -,https://alphaarchitect.com/2013/11/charlie-munger-translation-taxes-and-alpha-are-the-shiznit/
Humanitarian award for lawyer,https://www.mto.com/Templates/media/files/Reprints/Learned%20Hand_Brad%20Brian%20-%20Daily%20Journal.pdf
M. Saleet Jafri- PhD,https://ibi.gmu.edu/faculty-directory/m-saleet-jafri/
How to Learn the Mental Models of Charlie Munger: Be a Book with ...,https://einvestingforbeginners.com/mental-models-charlie-munger/
Wisconsin Society for Healthcare Risk Management,https://www.wshrm.org/resources/Documents/Meeting%20Brochures/Conference%20Brochure%20--%20fall%202016.pdf
Bitcoin-related job postings on LinkedIn surged almost 400% in 2021,https://finbold.com/linkedin-crypto-jobs/
? Five Powerful Lessons From Charlie Munger You Can't Miss ...,https://www.geeknack.com/2022/03/06/five-powerful-lessons-from-charlie-munger-you-cant-misd/
Munger University Bihar Librarian Job Proven 2023 - GYANMALA ...,https://www.gyanmalalibrary.com/munger-university-bihar-librarian-job.html
Adam Badawi - Berkeley Law,https://www.law.berkeley.edu/our-faculty/faculty-profiles/adam-badawi/
Data Science Training Course in Munger - Fees- Placements,http://quickxpert.com/data-science-training-course-in-munger
Top 5 Life Lessons from Charlie Munger,https://www.freedomthirtyfiveblog.com/2023/01/top-5-life-lessons-from-charlie-munger.html
Senior Data Scientist Jobs in Dallas- TX (Hiring Now!) - Zippia,https://www.zippia.com/senior-data-scientist-dallas-tx-jobs/
Social Science Agenda Setting - by Kevin Munger,https://kevinmunger.substack.com/p/social-science-agenda-setting
Tweets with replies by Frank Munger (@frankmunger) / Twitter,https://mobile.twitter.com/frankmunger/with_replies
CMHCM: Home,https://www.cmhcm.org/
Senior Software Engineer at Walmart | The Muse,https://www.themuse.com/jobs/walmart/senior-software-engineer-13972f
How social learning amplifies moral outrage expression in online ...,https://www.science.org/doi/abs/10.1126/sciadv.abe5641?doi=10.1126/sciadv.abe5641
Ethical Hacking full Course in One Video | Beginner to Advanced ...,https://www.youtube.com/watch?v=jqZ5w0Lreq0
learning how to learn,https://www.researchgate.net/profile/Vinh-Phu-Nguyen/publication/338441040_Learning_how_to_learn/links/5e81b5ab299bf1a91b8a0c15/Learning-how-to-learn.pdf
[Webcast Transcript] Data Forensic Investigations Exploitation by ...,https://www.jdsupra.com/legalnews/webcast-transcript-data-forensic-8477819/
How Duke Faculty Prepared for the Fall Semester | Political Science,https://polisci.duke.edu/news/how-duke-faculty-prepared-fall-semester
Berkshire Hathaway in 2021,https://www.aabri.com/manuscripts/213452.pdf
Kobus Van Der Westhuizen on LinkedIn: It's all about how you ...,https://za.linkedin.com/posts/kobus-van-der-westhuizen-digital-tribe-bpo_its-all-about-how-you-handle-the-fall-activity-6975798986708320256-0ZQ7?trk=public_profile_like_view
Interdependent Autonomous Human–Machine Systems: The ...,https://www.mdpi.com/1099-4300/24/9/1308
State-of-the-Art Machine Learning Techniques Aiming to Improve ...,http://europepmc.org/article/MED/32067584
Reinventing capitalism to address automation: Sharing work to ...,https://journals.sagepub.com/doi/10.1177/1024529418783579?icid=int.sj-abstract.similar-articles.7
Recession Predicted by the Inverted Yield Curve | NextBigFuture.com,https://www.nextbigfuture.com/2019/05/recession-predicted-by-the-inverted-yield-curve.html
References - Non-Policy Politics,https://www.cambridge.org/core/books/nonpolicy-politics/references/A95D481A3A3B6295E9DB9AD002523BF4
Popular Reading - Finance Research - LibGuides at University of ...,https://ucsd.libguides.com/finance/pop-read
