Title,URL
Mechatronics internship in Rampur with job offer,https://internshala.com/internships/mechatronics-internship-in-rampur/ppo-true/
RAMPUR INDUSTRIES LIMITED | LinkedIn,https://in.linkedin.com/company/rampur-industries-limited
Norwegian University of Life Sciences Jobs & Careers - 14 Open ...,https://www.glassdoor.com/Jobs/Norwegian-University-of-Life-Sciences-Jobs-E1474338.htm
Seller Support | Amazon.jobs,https://www.amazon.jobs/en/teams/seller-support
Careers | Pew Research Center,https://www.pewresearch.org/about/careers/
Bangalore- India | Amazon.jobs,https://www.amazon.jobs/en/locations/bangalore-india
Coursera for Campus | Online Learning Platform for Universities,https://www.coursera.org/campus/
Mella Pet Care | LinkedIn,https://www.linkedin.com/company/mella-pet-care
Careers | Anheuser-Busch,https://www.anheuser-busch.com/careers
merewai naucusou - teacher in charge - rampur education society ...,https://fj.linkedin.com/in/merewai-naucusou-1067a4a8
Oxford Nanopore Technologies,https://nanoporetech.com/
Top Machine Learning Computer Training Institutes in Hasnabad ...,https://www.justdial.com/North%2024%20Parganas/Computer-Training-Institutes-For-Machine-Learning-in-Hasnabad-Rampur/nct-11985768
Apple Retail Store Manager Salaries | Glassdoor,https://www.glassdoor.co.in/Salary/Apple-Retail-Store-Manager-Salaries-E1138_D_KO6,26.htm
Careers | Pernod Ricard,https://www.pernod-ricard.com/en/careers
Affinity Group,https://research.fredhutch.org/pergam/en/affinity-group.html
Cosumnes River College: Home,https://crc.losrios.edu/
Software Engineer Salary in Rampur | AmbitionBox,https://www.ambitionbox.com/profile/software-engineer-salary/rampur-location
Kharahan : Student of government girls sen. Sec. School rampur ...,https://www.superprof.ca/student-government-girls-sen-sec-school-rampur-busr-iam-medical-student.html
Agriculture Jobs in Norway- January 2023 | Glassdoor,https://www.glassdoor.ca/Job/norway-agriculture-jobs-SRCH_IL.0,6_IN180_KO7,18.htm
Non-Farming Production Activities and Their Impact on Economy ...,https://www.geeksforgeeks.org/non-farming-production-activities-and-their-impact-on-economy/
Imarticus Learning: Online Training Courses & Education Programs,https://imarticus.org/
Data Entry /Back Office Jobs in Rampur,https://www.quikr.com/jobs/data-entry-back-office+rampur+zwqxj284607247
Contact | Coursera,https://about.coursera.org/contact/
Pratham – Every Child In School and Learning Well,https://www.pratham.org/
IITRAM: HOME,https://iitram.ac.in/
West Bengal: Scuffle at booth no. 82 of Rampurhat in Birbhum ...,https://www.youtube.com/watch?v=wK8c3oMq_ng
Sikkim Manipal Institute of Technology – Sikkim Manipal University,https://smu.edu.in/smit.html/
Prabha ITI Rampur Sardha-Faizabad | Facebook,https://www.facebook.com/prabhaiti/videos/484837949533232/
(PDF) ANALYSING GRANT PROGRAM OF HRSA FOR ...,https://www.researchgate.net/publication/349110289_ANALYSING_GRANT_PROGRAM_OF_HRSA_FOR_HEALTHCARE_USING_HIVE
Et agm 2013,https://pt.slideshare.net/aiesechyderabad/et-agm-2013
Browse Preprints - Authorea Team,https://www.authorea.com/browse-all?page=37&tags=%5B%22environmental+sciences%22%5D
DC launches 'One Nation One Ration card scheme' in Rajouri ...,http://www.earlytimes.in/newsdet.aspx?q=295146
Stories of 02 March- 2022 | Deccan Herald,https://www.deccanherald.com/sitemap/detail/days/2022-03-02
Xerox History Timeline of Business Innovation and Design,https://www.xerox.com/en-ie/about/history-timeline
Xerox History Timeline of Business Innovation and Design,https://www.xerox.com/el-gr/about/history-timeline
Untitled,http://link.springer.com/content/pdf/10.1057/9781137395740.pdf
Hotels Near The Spectrum In Singapore - 2022 Hotels | Trip.com,https://www.trip.com/hot/hotels-near-the-spectrum/
*RYW FUHDWLQJ DWPRVSKHUH RI IHDU LQ FRXQWU ...,https://www.dailypioneer.com/uploads/2022/epaper/september/raipur-english-edition-2022-09-05.pdf
POLICY WORDINGS,https://tagic-cms-dev.s3.ap-south-1.amazonaws.com/Policy_Wordings_home_guard_plus_policy.pdf_8d9747efb2.pdf
[OTA] Soldiers Three,https://ota.bodleian.ox.ac.uk/repository/xmlui/bitstream/handle/20.500.12024/3299/3299.html?sequence=6&isAllowed=y
Himachal Pradesh - The Tribune- Chandigarh- India,https://m.tribuneindia.com/2001/20010801/himachal.htm
Kim,https://www.gutenberg.org/files/2226/old/kimrk12h.htm
Report to Committee on Economic- Social and Cultural Rights,http://docstore.ohchr.org/SelfServices/FilesHandler.ashx?enc=4slQ6QSmlBEDzFEovLCuW5w9rnsh4PNldGRNpSobmymaAeEmtO1CbWpGZLrGwpBmSRi5lpRLa9%2BSiZ6S8cY0jerDJETF7AccsBJQNHQgqbj5FsAnClNGYcEHdgPL0K%2FD
