Title,URL
Stanford HAI: Home,https://hai.stanford.edu/
Discussing the real-world use cases of Oraichain's AI Oracle | by ...,https://blog.orai.io/discussing-the-real-world-use-cases-of-oraichains-ai-oracle-a388e899507e
Brain Team – Google Research,https://research.google/teams/brain/
Jobs/Internships at ORAI Robotics | Internshala,https://internshala.com/internships/internship-at-ORAI%20Robotics%20Private%20Limited/
Got public speaking anxiety? Orai app can help | WIRED UK,https://www.wired.co.uk/article/orai-public-speaking-app-tips
Natural Language Processing,https://shaiforai.com/en/courses/nlp
0 Graphic Design Jobs for Freshers in Orai- Feb | Internshala,https://internshala.com/fresher-jobs/graphic-design-jobs-in-Orai/
8749 Robotics Engineer Job Vacancies In Orai - Naukri.com,https://www.naukri.com/robotics-engineer-jobs-in-orai
Orai Language Speech App Founder Danish Dhamani,https://www.linkedin.com/pulse/orai-language-speech-app-founder-danish-dhamani-mitchell-chadrow?trk=articles_directory
Aasim Sani (@aasimsani) / Twitter,https://twitter.com/aasimsani
How Healthcare AI Allows for Easier Access to Information and ...,https://acorai.com/2021/10/25/how-healthcare-ai-allows-for-easier-access-to-information-and-knowledge/
Oraichain - AI Layer 1 for Data Economy and Oracle Services,https://orai.io/
Working at Unilever | Jobs and Careers at Unilever,https://careers.unilever.com/
Office Equipment Automation Jobs 2020 - Gwekaindia,https://www.gweka.com/office-equipment-automation-jobs/
AppSumo Orai Lifetime Deal $59 | AI-powered app for practicing ...,https://www.linkedin.com/pulse/orai-lifetime-deal-shopify-dropshipping?trk=pulse-article
4 Important Reasons Why You Should Study Machine Learning Now ...,https://www.upgrad.com/blog/reasons-why-you-study-machine-learning/
Orai app uses AI to help you become a better public speaker ...,https://venturebeat.com/ai/orai-app-uses-ai-to-help-you-become-a-better-public-speaker/
The impact of artificial intelligence in medicine on the future role of ...,https://www.ncbi.nlm.nih.gov/pmc/articles/PMC6779111/
Abhishek Gupta - Associate Engineer - Nagarro | LinkedIn,https://in.linkedin.com/in/abhishek-gupta-620bb8189
An Exclusive Look at How AI and Machine Learning Work at Apple ...,https://www.wired.com/2016/08/an-exclusive-look-at-how-ai-and-machine-learning-work-at-apple/
Mehak Gupta - Conversational Solution Architect - ORAI | LinkedIn,https://in.linkedin.com/in/mehak-gupta-4378aa187
Oak Ridge Institute for Science and Education (ORISE),https://orise.orau.gov/
Data Science Training Course in Orai - Fees- Placements,http://quickxpert.com/data-science-training-course-in-orai
OR/AI Engineer (Remote) - Optimal Dynamics | Built In,https://builtin.com/job/engineer/orai-engineer/1430740
Biomedicines | Free Full-Text | From Orai to E-Cadherin: Subversion ...,https://www.mdpi.com/2227-9059/8/6/169
ORAI Robotics Off Campus Drive 2022 Hiring Freshers For Sales ...,https://freshershunt.in/orai-robotics-off-campus-drive-hiring-sales-intern/
Fetch Network,https://fetch.ai/
Best Public Speaking Apps in 2023,https://virtualspeech.com/learn/public-speaking-apps
8 Reasons Why Python is Good for AI and ML| Django Stars,https://djangostars.com/blog/why-python-is-good-for-artificial-intelligence-and-machine-learning/
Conversational AI platform ORAI raises INR 6.5 crore,https://analyticsindiamag.com/conversational-ai-platform-orai-raises-inr-6-5-crore/
Jobs in Orai - Check Latest (56) Job Openings (February 2023 ...,https://www.quikr.com/jobs/orai+zwqxj760939060
Operator & Technician Jobs in Orai Jalaun District- Operator ...,https://www.olx.in/orai-jalaun-district_g4388045/operator-technician_c731
Top 10 Baby sitter in Orai- Nanny in Orai- Child Care | Sulekha,https://www.sulekha.com/child-care-services/orai
ORAI Robotics Reviews by 9 Employees | AmbitionBox,https://www.ambitionbox.com/reviews/orai-robotics-reviews
Cyber Security vs Data Science - Choosing the Right Career Path,https://intellipaat.com/blog/cyber-security-vs-data-science/
Our approach to responsible AI at Microsoft,https://www.microsoft.com/en-us/ai/our-approach
Top AI & Big Data Tokens by Market Capitalization | CoinMarketCap,https://coinmarketcap.com/view/ai-big-data/
Page 2: Best Medical Devices Companies and Startups to Work for ...,https://angel.co/startups/l/india/medical-devices?page=2
Conversational AI For Recommendations: How To Personalize ...,https://www.orai-robotics.com/post/conversational-ai-how-to-personalize-product-advisory
Best Orai Alternatives & Competitors,https://sourceforge.net/software/product/Orai/alternatives
praneet22/DevOpsForAI: Deploy end to end ML/AI ... - GitHub,https://github.com/praneet22/DevOpsForAI
Tech Talks Season 1 – Drexel IEEE Graduate (DIG) Forum,https://www.techserv.drexel.edu/~dig/2018/10/12/tech-talks-season-1/
Award-Winning AI-Powered Home Gym Membership | Tempo,https://tempo.fit/
The Future of Public Speaking: How Technology Will Give People ...,https://medium.com/prototype-capital/the-future-of-public-speaking-how-technology-will-give-people-the-confidence-they-need-to-succeed-ff25134fe157
7 Public Speaking Apps to Improve Your Skills | Rev,https://www.rev.com/blog/productivity/7-public-speaking-apps-to-improve-your-skills
Learn How To Love Talking In Public (And Stop Saying “Um” And ...,https://www.fastcompany.com/40423996/learn-how-to-love-talking-in-public-and-stop-saying-um-and-like-with-this-new-app
Metalworking groups in Orai | Facebook,https://www.facebook.com/groups/category/metalworking-orai/5170118029670803/
(PDF) STUDENTS' PERCEPTION ON THE IMPLEMENTATION OF ...,https://www.researchgate.net/publication/325894623_STUDENTS
DevOps for AI: Are You Ready to Scale | Accenture,https://www.accenture.com/us-en/blogs/software-engineering-blog/devops-for-ai
Complete Java Full Course for 2022 | Java Tutorial for Beginners ...,https://www.youtube.com/watch?v=7yf6676xMhM
Unilever Manager Reviews | Glassdoor,https://www.glassdoor.com/Reviews/Unilever-Manager-Reviews-EI_IE3513.0,8_KO9,16_IP3.htm
Bharat Light & Power – Clean Energy. Bharat Ke Liye,https://blp.co.in/
Highlights of this issue | CMAJ,https://www.cmaj.ca/content/162/9/1269
BP's Daily Digest #30 — read smart contracts on Android- branch ...,https://betterprogramming.pub/bps-daily-digest-30-read-smart-contracts-on-android-branch-specific-gitignore-and-more-2bfdeec3b0b6
VAIOT and BSC Talks — AMA Recap. Recap of the AMA Hosted by ...,https://vaiotltd.medium.com/vaiot-and-bsc-talks-ama-recap-7e47ee2e5b54
Dynamic Evaluation of Transportation Structures with iPod-Based ...,https://pdxscholar.library.pdx.edu/cgi/viewcontent.cgi?article=1131&context=trec_reports
PunctaSpecks: A tool for automated detection- tracking- and analysis ...,https://europepmc.org/article/med/32502904
220 ide segar,https://www.slideshare.net/MylenaVasconcelos/220-ide-segar-44683171
Untitled,https://archives.hkust.edu.hk/dspace/bitstream/9999/41666/1/urop_proceedings_2012-13.pdf
Books - Lane Medical Library - Stanford University School of Medicine,https://lane.stanford.edu/biomed-resources/eb.html?a=all&page=all&proxy-links=false
FohoCoin (FOHO) Overview - Charts- Markets- News- Discussion ...,https://www.advfn.com/crypto/FohoCoin-FOHO/overview
417 CLEVELAND PUBLIC LIBRARY Minutes of the Regular Board ...,https://cpl.org/wp-content/uploads/Minutes_April2015_RegularBoardMtg.pdf
THE I RIEM),https://www.draugas.org/archive/1996_reg/1996-09-14-DRAUGASe-i7-8.pdf
by MAMI MIYATA B. of Law- Meiji-gakuin University- 1974 A THESIS ...,https://open.library.ubc.ca/media/download/pdf/831/1.0097750/2
World Journal of Stem Cells - Baishideng Publishing Group,https://www.wjgnet.com/1948-0210/CitedArticlesInF6?id=10.1126%2Fscience.1092385
EVMOS (EVMOS) Panoramica - Grafici- Mercati- Notizie- Forum e ...,https://it.advfn.com/cripto/EVMOS-EVMOS/panoramica
Mobox (MBOXX) Vue d'ensemble - Graphiques- marchés- actualités ...,https://fr.advfn.com/crypto/Mobox-MBOXX/vue-d-ensemble
The national Republican. [volume] (Washington City [D.C.]) 1866 ...,https://chroniclingamerica.loc.gov/lccn/sn86053571/1869-05-11/ed-1/seq-3/
DISSERTATION HYDROCARBON CONFLICT IN THE PERUVIAN ...,https://mountainscholar.org/bitstream/handle/10217/44877/Stetson_colostate_0053A_10172.pdf?sequence=1
Visão Geral FC Santos Fan Token (SANTOS) - Gráficos- Mercados ...,https://br.advfn.com/cripto/FC-Santos-Fan-Token-SANTOS/visao-geral
Federally Funded Research: Decisions for a Decade,https://www.princeton.edu/~ota/disk1/1991/9121/9121.PDF
for the degree of M.Sc University of Toronto,https://tspace.library.utoronto.ca/bitstream/1807/12868/1/MQ45412.pdf
