Title,URL
Internship in Hapur | Internshala,https://internshala.com/internships/internship-in-hapur/
Superlite Jointings Pvt Ltd . | LinkedIn,https://in.linkedin.com/company/superlite-jointings-pvt-ltd
0 Marketing/Sales Jobs for Freshers in Hapur- Jan | Internshala,https://internshala.com/fresher-jobs/marketing%2Fsales-jobs-in-hapur/
Page 9 - Senior Architectural Assistant Jobs In Hapur - 971 Senior ...,https://www.naukri.com/senior-architectural-assistant-jobs-in-hapur-9
The cold recycling-express | Job Report | Wirtgen Group,https://www.wirtgen-group.com/en-us/news-and-media/wirtgen-group/wr240-india/
Page 10 - Senior Architectural Assistant Jobs In Hapur - 971 Senior ...,https://www.naukri.com/senior-architectural-assistant-jobs-in-hapur-10
29 Jobs and Vacancies in Hapur- Uttar Pradesh - 6 February 2023 ...,https://in.indeed.com/jobs-in-Hapur,-Uttar-Pradesh
Agriculture Jobs In Hapur Up - 2509 Agriculture Job Vacancies In ...,https://www.naukri.com/agriculture-jobs-in-hapur-up
Gaurav Chaudhary - Machine Learning Engineer - Intel Corporation ...,https://www.linkedin.com/in/gaurav-chaudhary-5aaa6b28
▷ Chemistry tutors in Hapur - TeacherOn,https://www.teacheron.com/chemistry-tutors-in-hapur
CityMall Salaries in Hapur | AmbitionBox,https://www.ambitionbox.com/salaries/citymall-salaries/hapur-location
Careers at ST - STMicroelectronics,https://www.st.com/content/st_com/en/about/careers.html
Python Training in Hapur- Best Python online Course in Hapur ...,https://www.sulekha.com/python-programming-training/hapur
▷ IT Trainer Jobs in Hapur - UrbanPro,https://www.urbanpro.com/hapur/it-trainer-jobs
Saurabh - Hapur- : I did B.Tech in IT Branch and I am good in ...,https://www.superprof.ng/did-tech-branch-and-good-programming-languages-such-java-python-have-months-work-experinces.html
20 Best jobs in Hapur- Uttar Pradesh (Hiring Now!) | SimplyHired,https://www.simplyhired.co.in/search?l=hapur%2C+uttar+pradesh
Raven Industries: Helping Farmers Serve the World,https://ravenind.com/
Ricoh Global | EMPOWERING DIGITAL WORKPLACES,https://www.ricoh.com/
Occupational Video - Sandblaster - YouTube,https://www.youtube.com/watch?v=w2vMq8hjif4
Chiller Basics - How they work - YouTube,https://www.youtube.com/watch?v=0rzQhSXVq60
pico machine se ambroidary break like embroidery machine ...,https://www.youtube.com/watch?v=Ws-qpLvA8TI
RKGIT:: Top Private engineering college in AKTU,https://www.rkgit.edu.in/
SJCIT | Best Engineering College Near Bengaluru,https://sjcit.ac.in/
DHFL Curriculum Vitae (1)-2,https://www.slideshare.net/ShyamGarg5/dhfl-curriculum-vitae-12
Education Tribune - The Tribune- Chandigarh- India,https://m.tribuneindia.com/2005/20050510/edu.htm
POLICY WORDINGS,https://tagic-cms-dev.s3.ap-south-1.amazonaws.com/Policy_Wordings_home_guard_plus_policy.pdf_8d9747efb2.pdf
Improved Fuzzy Rule Promotion-Based Localized Crop Knowledge ...,https://www.researchgate.net/publication/305745135_Improved_Fuzzy_Rule_Promotion-Based_Localized_Crop_Knowledge_Dissemination_System_for_Farmers_of_Punjab_India_Using_Mobile_Phone_Technology
Apartments for sale in Sagarpur East- Sagar Pur- New Delhi,https://housing.com/in/buy/new_delhi/flat-sagarpur_east
Untitled,https://www.marxists.org/history/usa/pubs/appeal-to-reason/110311-appealtoreason-w797.pdf
USAID Cooperative Agreement No: EPP-A-00-0400016-00,https://ipmil.cired.vt.edu/wp-content/uploads/2014/05/Phase-III-Annual-Report-2008-2009.pdf
