Title,URL
Wabtec Corporation: Homepage,https://www.wabteccorp.com/
DigiMagnum | LinkedIn,https://in.linkedin.com/company/digiblueindia
District Shahjahanpur- Government of Uttar Pradesh | Shaheed ...,https://shahjahanpur.nic.in/
K R PULP & PAPERS LTD | LinkedIn,https://in.linkedin.com/company/k-r-pulp-&-papers-ltd
18 Jobs and Vacancies in Shahjahanpur- Uttar Pradesh - 6 February ...,https://in.indeed.com/jobs-in-Shahjahanpur,-Uttar-Pradesh
KR Pulp & Paper Limited | LinkedIn,https://in.linkedin.com/company/kr-pulp-&-paper-limited
Gateway Financial Services | LinkedIn,https://www.linkedin.com/company/gateway-financial-services
Data Science Course in Shahjahanpur - Best Training Institute ...,http://quickxpertinfotech.com/data-science-course-in-shahjahanpur
Your Career at Covestro | Covestro AG,https://www.covestro.com/en/career
HPE Careers,https://careers.hpe.com/us/en
Bhms Jobs In Shahjahanpur Up - 608 Bhms Job Vacancies In ...,https://www.naukri.com/bhms-jobs-in-shahjahanpur-up
Ak - Shahjahanpur- : Good teaching and good communication and ...,https://www.superprof.ng/good-teaching-and-good-communication-and-all-doubt-clear-child-satisfied-child.html
Page 9 - Customer Support Manager Jobs In Shahjahanpur - 14720 ...,https://www.naukri.com/customer-support-manager-jobs-in-shahjahanpur-9
India - Jobs at Apple (IN),https://jobs.apple.com/en-in/search?location=india-INDC
Computer Teacher Jobs In Shahjahanpur Up - 2637 Computer ...,https://www.naukri.com/computer-teacher-jobs-in-shahjahanpur-up
GE Transportation Junior Engineer Shahjahanpur Reviews by 13 ...,https://www.ambitionbox.com/reviews/ge-transportation-reviews/junior-engineer/shahjahanpur-location
Jobs In Shahjahanpur Up - 37520 Job Vacancies In Shahjahanpur ...,https://www.naukri.com/jobs-in-shahjahanpur-up
Data Science vs Web Development | Top 8 Valuable Comparison to ...,https://www.educba.com/data-science-vs-web-development/
Top Computer Classes in Shahjahanpur - Best Computer Training ...,https://www.justdial.com/Shahjahanpur/Computer-Training-Institutes/nct-10124277
Top 10 Tailoring Classes in Shahjahanpur- Stitching- Sewing Courses,https://www.sulekha.com/tailoring-training/shahjahanpur
Additive Manufacturing & 3D Printing Solutions | EOS,https://www.eos.info/en
Mitsubishi Heavy Industries- Ltd. Global Website,https://www.mhi.com/
Wabtec Corporation (@WabtecCorp) / Twitter,https://twitter.com/WabtecCorp
Machine learning Jobs: Jobs for freshers with Machine learning ...,https://www.freshersworld.com/machine-learning-jobs/3535242
Want Online Microsoft Excel Trainer in Bahaduganj- Shahjahanpur ...,https://www.urbanpro.com/shahjahanpur-sadar/want-online-microsoft-excel-trainer-in-bahaduganj/35039466
Python Course Training in Shahjahanpur - Fees- Placements,http://qxpsols.com/courses/python-training-in-shahjahanpur
A Career in Bus Driving - YouTube,https://www.youtube.com/watch?v=a9Jh2vEfPPs
Top 11 Government Job for January 2023 #ajaycreation ...,https://www.youtube.com/watch?v=dKLr3rrvnF4
NCC,https://ncclimited.com/
ANA Group of Institution bareilly | Facebook,https://www.facebook.com/groups/408412176519138/
Stories of 02 March- 2022 | Deccan Herald,https://www.deccanherald.com/sitemap/detail/days/2022-03-02
Formative feedback to transfer self-regulation of task-oriented ...,https://www.researchgate.net/publication/296469189_Formative_feedback_to_transfer_self-regulation_of_task-oriented_reading_strategies
POLICY WORDINGS,https://tagic-cms-dev.s3.ap-south-1.amazonaws.com/Policy_Wordings_home_guard_plus_policy.pdf_8d9747efb2.pdf
Domestic Travel Protection Policy Wording.cdr,https://tagic-cms-dev.s3.ap-south-1.amazonaws.com/Policy_Wordings_domestic_travel_protection.pdf_d5dea0cdc2.pdf
