Title,URL
Remote Sensing | Free Full-Text | Analysing Process and Probability ...,https://www.mdpi.com/2072-4292/14/10/2349/htm
Data Scientist job description - Workable,https://resources.workable.com/data-scientist-job-description
A Machine Learning Tutorial with Examples | Toptal®,https://www.toptal.com/machine-learning/machine-learning-theory-an-introductory-primer
Bogopa Service Corp/ Food Bazaar Supermarket | LinkedIn,https://www.linkedin.com/company/bogopa-food-bazaar-supermarkets
Linear Programming | Applications Of Linear Programming,https://www.analyticsvidhya.com/blog/2017/02/lintroductory-guide-on-linear-programming-explained-in-simple-english/
Minitab: Data Analysis- Statistical & Process Improvement Tools,https://www.minitab.com/en-us/
Best Software Development Courses Online [2023] | Coursera,https://www.coursera.org/browse/computer-science/software-development
Careers with Translators without Borders | Open vacancies,https://translatorswithoutborders.org/careers/
SAP Software Solutions | Business Applications and Technology,https://www.sap.com/index.html
Xerox: Workplace and Digital Printing Solutions,https://www.xerox.com/en-us
Yuty® | LinkedIn,https://uk.linkedin.com/company/yutybazar
IBM Watson | IBM,https://www.ibm.com/watson
University of California San Diego,https://ucsd.edu/
Super Markets - Characteristics- Advantages and Disadvantages ...,https://www.geeksforgeeks.org/super-markets-characteristics-advantages-and-disadvantages/
The Coca-Cola Company: Refresh the World. Make a Difference,https://www.coca-colacompany.com/home
Syngenta,https://www.syngenta.com/en
Data Scientist Job Description: Role- Responsibilities- and More,https://www.simplilearn.com/data-scientist-job-description-article
Why Learn Python? 6 Reasons Why it's So Hot Right Now ...,https://codingnomads.co/why-learn-python/
Gourango Mandal - English Bazar- West Bengal- India,https://in.linkedin.com/in/gourango-mandal-6a8553160
Bain & Company: Global management consulting firm,https://www.bain.com/
Condé Nast - Careers,https://www.condenast.com/careers
Rich Careers,https://careers.rich.com/
Muhammad Taha Khan - Sotware Engineer II - Bazaar Technologies ...,https://pk.linkedin.com/in/m-taha-khan
Duracell,https://www.duracell.com/en-us/
Tata Consultancy Services: Driving Innovation and Building on Belief,https://www.tcs.com/
Homepage | Siemens US Jobs & Careers | Company | Siemens USA,https://new.siemens.com/us/en/company/jobs.html
Careers at Holy Cross | College of the Holy Cross,https://www.holycross.edu/human-resources/employment-opportunities
Cultural Survival: Homepage,https://www.culturalsurvival.org/
Qlik Sense | Modern Cloud Analytics,https://www.qlik.com/us/products/qlik-sense
Cox's Bazar - Wikipedia,https://en.wikipedia.org/wiki/Cox%27s_Bazar
AWS Machine Learning - Get Started for free,https://aws.amazon.com/campaigns/free-machine-learning-on-AWS/
Hands-On Machine Learning with Scikit-Learn- Keras- and ...,https://www.amazon.com/Hands-Machine-Learning-Scikit-Learn-TensorFlow/dp/1492032646
Zahra Yousefi - Tehran Province- Iran | Professional Profile | LinkedIn,https://ir.linkedin.com/in/yousefiz18
Transcriptionist Job Description Template 2023 | Upwork,https://www.upwork.com/hire/transcriptionists/job-description/
Room on the Roof by Ruskin Bond - review | Children's books | The ...,https://www.theguardian.com/childrens-books-site/2016/mar/21/room-on-the-roof-ruskin-bond-review
What is Freelancing & What Does it Mean to Freelance? [2021],https://freelancing.school/what-is-freelancing/
Technology Radar | An opinionated guide to technology frontiers ...,https://www.thoughtworks.com/radar
Applied Economics- MS | University of San Francisco,https://www.usfca.edu/arts-sciences/programs/graduate/applied-economics
Car Salesperson Job Description [Updated for 2023],https://www.indeed.com/hire/job-description/car-salesperson
Google product category [google_product_category] - Google ...,https://support.google.com/merchants/answer/6324436?hl=en
ERIK BRYNJOLFSSON ANDREW MCAFEE,https://edisciplinas.usp.br/pluginfile.php/622156/mod_resource/content/1/Erik-Brynjolfsson-Andrew-McAfee-Jeff-Cummings-The-Second-Machine-Age.pdf
Cafe Bazaar: Download Android Apps & Games,https://cafebazaar.ir/app?l=en
securitas.com,https://www.securitas.com/en/
30 Best-Known Proverbs in English for Students & Learners,https://preply.com/en/blog/popular-english-proverbs/
Apply Now,https://www.imf.org/en/About/Recruitment/apply-now
Intralogistics- Supply Chain Automation & Warehouse Management ...,https://www.dematic.com/en-us/
Working at ITER,https://www.iter.org/Jobs
sdmg15/Best-websites-a-programmer-should-visit: Some ... - GitHub,https://github.com/sdmg15/Best-websites-a-programmer-should-visit
ISTA,https://ist.ac.at/en/home/
Everything You Need to Know About Cashier Jobs | Handshake,https://joinhandshake.com/blog/students/cashier-job-information/
GlobalLogic: Digital Product Engineering Services,https://www.globallogic.com/
Leading partner in the world of metals - SMS group GmbH,https://www.sms-group.com/en-us
C-TEC of Licking County | Home,https://www.c-tec.edu/
CRUD - definition & overview | Sumo Logic,https://www.sumologic.com/glossary/crud/
What is ERP? | Oracle India,https://www.oracle.com/in/erp/what-is-erp/
Central Valley School District,https://www.cvsd.org/
▷ Machine Learning tutors in Kolkata city - TeacherOn,https://www.teacheron.com/machine_learning-tutors-in-kolkata_city
Find Fashion Jobs In Italy | BoF Careers,https://www.businessoffashion.com/careers/jobs/italy/
90 Famous Quotes from Fashion Icons - Harper's BAZAAR,https://www.harpersbazaar.com/fashion/designers/a1576/50-famous-fashion-quotes/
Machine Learning Engineer | The Business Standard,https://www.tbsnews.net/job/machine-learning-engineer-186898
Creative Europe | Culture and Creativity,https://culture.ec.europa.eu/creative-europe
Shooting an Elephant | The Orwell Foundation,https://www.orwellfoundation.com/the-orwell-foundation/orwell/essays-and-other-works/shooting-an-elephant/
Community College of Philadelphia |,https://www.ccp.edu/
Staley / Homepage,https://www.nkcschools.org/shs
International Women's Day | United Nations,https://www.un.org/en/observances/womens-day
Crete-Monee School District 201-U: Home,https://www.cm201u.org/
What is Fileless Malware? - CrowdStrike,https://www.crowdstrike.com/cybersecurity-101/malware/fileless-malware/
15 Most Popular Sales Interview Questions & Answers [For Freshers ...,https://www.upgrad.com/blog/sales-interview-questions-answers/
Seclore: Data-Centric Security Platform,https://www.seclore.com/
Bigtable overview | Cloud Bigtable Documentation | Google Cloud,https://cloud.google.com/bigtable/docs/overview
Durango High School,https://www.durangohighschool.net/
Bella Hadid On Health Struggles- Happiness & More: Vogue April ...,https://www.vogue.com/article/bella-hadid-cover-april-2022
NIS-Elements Advanced Research | NIS-Elements | Software | Nikon ...,https://www.microscope.healthcare.nikon.com/products/software/nis-elements/nis-elements-advanced-research
IDEA Homeschool | IDEA Homeschool,https://www.ideafamilies.org/
Liberty High School: Home,https://liberty.asd20.org/
UN Global Pulse - Big data for development and humanitarian action,https://www.unglobalpulse.org/
Alison | Free Online Courses & Online Learning,https://alison.com/en
Kroc Memphis,https://krocmemphis.org/
Aref Moradi - Co-Founder and Fullstack Developer - SpotYet | LinkedIn,https://se.linkedin.com/in/rfmrd
Best Practices for Managing Grocery Retail Supply Chains,https://www.relexsolutions.com/resources/managing-grocery-retail-supply-chains/
What is Data Loss Prevention (DLP)? Everything You Need to Know,https://www.techtarget.com/whatis/definition/data-loss-prevention-DLP
DELHI CANTONMENT BOARD,https://delhi.cantt.gov.in/
Events | Pima County Public Library | BiblioCommons,https://pima.bibliocommons.com/events
Team Leader Job Description,https://www.betterteam.com/team-leader-job-description
Education in emergencies,https://civil-protection-humanitarian-aid.ec.europa.eu/what/humanitarian-aid/education-emergencies_en
Top 10 Machine Learning Freelancers in Bangladesh | Best ...,https://www.truelancer.com/machine-learning-freelancers-in-bangladesh
View All Jobs,https://careers.brac.net/jobs
Internship in Machine Learning/Big Data : Classification of behavior ...,https://www.fotonower.com/assets/jobs/Fotonower_Position_Data_Machine_Learning.pdf
Bishop's University | Quebec Canada | English University,https://www.ubishops.ca/
M.Tech.Data Science & Engineering – BITS Pilani,https://bits-pilani-wilp.ac.in/m-tech/cluster/data-science-and-engineering.php
Dr. Arun Majumdar's Profile | Stanford Profiles,https://profiles.stanford.edu/arun-majumdar
Cisco Secure Network Analytics (formerly Stealthwatch) Data Sheet ...,https://www.cisco.com/c/en/us/products/collateral/security/stealthwatch/datasheet-c78-739398.html
Careers - Room to Read,https://www.roomtoread.org/about-us/careers/
The Library Center,https://thelibrary.org/branches/tlc.cfm
Disprz: AI-Powered Learning Experience & Upskilling Platform,https://disprz.com/
Join us at the Research Bazaar! – data science @ uw – UW–Madison,https://datascience.wisc.edu/data-science-research-bazaar/
Eni Careers,https://www.eni.com/en-IT/careers.html
The Future Supermarket,https://www.oliverwyman.com/our-expertise/insights/2019/jan/boardroom-volume-4/new-marketplace--changes-in-store/the-future-supermarket.html
