Title,URL
Machine Learning Jobs In Kozhikode Calicut - 35 Machine Learning ...,https://www.naukri.com/machine-learning-jobs-in-kozhikode-calicut
11 Best Freelance Machine Learning Engineers For Hire Near ...,https://www.upwork.com/l/in/machine-learning-experts-in-kozhikode/
130 Machine Learning jobs in Kerala- India (2 new),https://in.linkedin.com/jobs/machine-learning-jobs-kerala
What Does a Machine Learning Engineer do? Roles ...,https://www.upgrad.com/blog/what-does-a-machine-learning-engineer-do/
Internships Jobs in Calicut- Kerala- February 2023 | Glassdoor,https://www.glassdoor.com/Job/kozhikode-internships-jobs-SRCH_IL.0,9_IC2868442_KO10,21.htm
Top 10 Highest Paying Machine Learning Jobs in India [A Complete ...,https://www.upgrad.com/blog/highest-paying-machine-learning-jobs-india/
IIM Kozhikode - Certificate Programme in Data Science Machine ...,https://iimk.emeritus.org/iimk-data-science-machine-learning-and-artificial-intelligence/index.php
Machine Learning Salary in India in 2023 [For Freshers ...,https://www.upgrad.com/blog/machine-learning-engineer-salary-in-india-freshers-experienced/
Linux Jobs in Calicut- Kerala- February 2023 | Glassdoor,https://www.glassdoor.com/Job/kozhikode-linux-jobs-SRCH_IL.0,9_IC2868442_KO10,15.htm
Best Tech Companies and Startups to Work for in Kozhikode- Kerala ...,https://angel.co/startups/location/kozhikode
Best Artificial Intelligence Course in Calicut [Rated #1 Online AI ...,https://www.simplilearn.com/artificial-intelligence-training-courses-calicut-city
Machine Learning Job in Sketch App Solution Llp - Kozhikode ...,https://jobgrin.co.in/c/Sketch-App-Solution-Llp/jobs/Machine-Learning-ej8kjK9jW5
IIM Kozhikode Data Science- ML and AI Programme | LinkedIn,https://www.linkedin.com/showcase/iim-kozhikode-data-science-ml-ai
retailcloud DevOps Engineer - Triplebyte,https://triplebyte.com/company/public/retailcloud/URe1uSg/devops-engineer
Luminar Technolab: Kerala's No.1 Software Training Institute in ...,https://www.luminartechnolab.com/
Embedded Systems internship in Kozhikode with job offer,https://internshala.com/internships/embedded-systems-internship-in-kozhikode/ppo-true/
▷ Home tutor jobs in Kozhikode district | TeacherOn,https://www.teacheron.com/home-tutor-jobs-in-kozhikode_district
Data-Driven Decision Making Certificate | IIM Kozhikode | Coursera,https://www.coursera.org/certificates/data-driven-decision-making-iimk
What are the Roles and Responsibilities of a Machine Learning ...,https://emeritus.org/in/learn/what-are-the-roles-and-responsibilities-of-a-machine-learning-engineer/
National Institute of Technology Calicut,http://nitc.ac.in/index.php/?url=users/view/578/09/2/0/Shihabudheen%20K%20V/0/0/
Rajat Kathpalia - Machine Learning Engineer - Proprietary | LinkedIn,https://uk.linkedin.com/in/rajatkathpalia
Machine Learning & Advanced Analytics - Tata Elxsi,https://www.tataelxsi.com/design-digital/machine-learning-and-advanced-analytics
BROTOTYPE | BROTHER YOU NEVER HAD,https://brototype.in/
Saliency-Based Deep Learning Framework for Histopathological ...,https://papers.ssrn.com/sol3/papers.cfm?abstract_id=3973200
How AI-ML Jobs Are Witnessing Phenomenal Growth in India ...,https://executive.timespro.com/blog-detail/how-ai-ml-jobs-are-witnessing-phenomenal-growth-in-india/
RHCE 8- RHCA- CCNA- MCSA- Digital Marketing- AWS- Python ...,https://www.ipsr.org/
Job Openings | QBurst,https://www.qburst.com/company/career/openings/
Job Vacancies in Kerala | IT Jobs in Kerala | Technopark Job ...,https://www.technopark.org/job-search
Career in Machine Learning: Jobs- Career Path- Courses | Vikings ...,https://vikingscareerstrategists.com/career-in-machine-learning-jobs-career-path-courses-and-relevant-skills/
LIVEWIRE CALICUT | LIVEWIRE CALICUT- Kozhikode (Calicut ...,https://www.facebook.com/LIVEWIRECALICUT/
IIM Kozhikode Interview Experience - GeeksforGeeks,https://www.geeksforgeeks.org/iim-kozhikode-interview-experience/
Data Science- Machine Learning and Artificial Intelligence,https://iimk.ac.in/uploads/courseDetails/902180788_2022-09-26_02-54-01.pdf
Worker efficiency and job criticality consideration in virtual cellular ...,https://www.researchgate.net/publication/220358225_Worker_efficiency_and_job_criticality_consideration_in_virtual_cellular_manufacturing_environments
MuseON Communications - Kozhikode,https://museon.in/
A particle swarm optimization approach for permutation flow shop ...,https://pdfs.semanticscholar.org/b50b/0a7d564756c1c0c19496445cd4aaf391d9a1.pdf
Immersion Program: Latest News- Videos and Photos of Immersion ...,https://timesofindia.indiatimes.com/topic/immersion-program
Developing a mental health index using a machine learning ...,https://europepmc.org/article/med/35185222
Is IIM Certification Globally Recognized?,https://www.jigsawacademy.com/blogs/is-iim-certification-globally-recognized/
