Title,URL
671 Machine Learning Job Vacancies In Kolkata - Naukri.com,https://www.naukri.com/machine-learning-jobs-in-kolkata
249 Machine Learning jobs in Kolkata metropolitan area- West ...,https://in.linkedin.com/jobs/machine-learning-jobs-kolkata-metropolitan-area
Naihati Spelling Jobs,https://www.naukri.com/naihati-spelling-jobs
Commerce Internship in Naihati | Internshala,https://internshala.com/internships/commerce-internship-in-naihati/
Horizen | Naihati,https://www.facebook.com/people/Horizen/100063572184453/
Tata Consultancy Services: Driving Innovation and Building on Belief,https://www.tcs.com/
MACHINE LEARNING ENGINEER at Finarb Analytics Consulting ...,https://angel.co/company/finarb-analytics-consulting/jobs/1825941-machine-learning-engineer
▷ Online IT Job Interview Preparation tutors in Naihati - TeacherOn,https://www.teacheron.com/online-it_job_interview_preparation-tutors-in-naihati
27 Best Freelance Statistical Analysts For Hire Near Kolkata- IN ...,https://www.upwork.com/l/in/statistics-analysts-in-kolkata/
Top Computer Classes in North-24-Parganas - Best Computer ...,https://www.justdial.com/North-24-Parganas/Computer-Training-Institutes/nct-10124277
New Breed Logistics Reviews by 18 Employees | AmbitionBox,https://www.ambitionbox.com/reviews/new-breed-logistics-reviews
Deborshi Goswami - Senior Data Scientist- Machine Learning ...,https://www.linkedin.com/in/deborshi-goswami
Aptech Naihati | Naihati,https://m.facebook.com/Aptech-Naihati-107773610704979/posts/
Machine learning Jobs in Calcutta- February 2023 | Glassdoor,https://www.glassdoor.co.in/Job/calcutta-machine-learning-jobs-SRCH_IL.0,8_IC2901633_KO9,25.htm
Professional Certificate Program In AI And Machine Learning- Kolkata,https://www.simplilearn.com/pgp-ai-machine-learning-certification-training-course-kolkata-city
Gurukul Global School Secondary Teacher Salaries in Naihati ...,https://www.ambitionbox.com/salaries/gurukul-global-school-salaries/secondary-teacher/naihati-location
Jobs in Naihati - Check Latest (58) Job Openings (February 2023 ...,https://www.quikr.com/jobs/naihati+zwqxj760939060
Careers - TCG DIGITAL,https://www.tcgdigital.com/careers/
SDC Kolkata Careers Job Search | Careers - PwC India,https://www.pwc.in/careers/sdc-kolkata-jobs.html
Naihati Private ITI – NCVT ITI Training Center,https://www.naihatipvtiti.org/
Welcome to RBC Women College,http://rbccwomen.org/
Senior Engineer- Service Delivery (I7) - SAN - Cisco Switches at Dell ...,https://jobs.dell.com/job/kolkata/senior-engineer-service-delivery-i7-san-cisco-switches/375/43790346704
Arnab Raha - ArtStation,https://www.artstation.com/arnab1
Best IT Training Institute in India - Aptech Learning,https://www.aptechlearning.com/it/
Machine Learning Jobs in Kolkata in 2023 | Work From Home Jobs,https://www.turing.com/jobs/machine-learning-jobs-in-kolkata
Indian Institute of Information Technology,https://iiitkalyani.ac.in/
M.Tech.Data Science & Engineering – BITS Pilani,https://bits-pilani-wilp.ac.in/m-tech/cluster/data-science-and-engineering.php
