Title,URL
Computer Science Jobs In Raigarh Chhattisgarh - 46 Computer ...,https://www.naukri.com/computer-science-jobs-in-raigarh-chhattisgarh
Arvind Singh Chandel - Sr. Machine Learning Engineer - R&D - STL ...,https://in.linkedin.com/in/arvind-singh-chandel-36096361
Tcs Jobs In Raigarh Chattisgarh - 557 Tcs Job Vacancies In Raigarh ...,https://www.naukri.com/tcs-jobs-in-raigarh-chattisgarh
RAIGARH MINERALS PRIVATE LIMITED | LinkedIn,https://in.linkedin.com/company/raigarh-minerals-private-limited
R. R. Energy Limited | LinkedIn,https://www.linkedin.com/company/r.-r.-energy-limited
Online Data Science Instructor in VCW3+GP Raigarh Chhattisgarh ...,https://www.urbanpro.com/raigarh/online-data-science-instructor-in-vcw3-gp-raigarh-chhattisgarh/35038762
Social Media Marketing Internship in Raigarh | Internshala,https://internshala.com/internships/social%20media%20marketing-internship-in-raigarh/
Data Science Course in Raigarh - Best Training Institute - Fees ...,http://quickxpertinfotech.com/data-science-course-in-raigarh
12 Data Science Jobs and Vacancies in Chhattisgarh - 4 February ...,https://in.indeed.com/Data-Science-jobs-in-Chhattisgarh
Adani Group Raigarh Reviews by 4 Employees | AmbitionBox,https://www.ambitionbox.com/reviews/adani-group-reviews/raigarh-location
Truck Driving Jobs in Raigarh- Chattisgarh (Jan 2023) - 8 Truck ...,https://www.shine.com/job-search/truck-driving-jobs-in-raigarh
Top 10 Tailoring Classes in Raigarh- Stitching- Sewing Courses ...,https://www.sulekha.com/tailoring-training/raigarh
Early Music Jobs in Raigarh- Chattisgarh (Feb 2023) - 28 Early ...,https://www.shine.com/job-search/early-music-jobs-in-raigarh
20 Best e learning jobs in Kothrud- Pune- Maharashtra (Hiring Now ...,https://www.simplyhired.co.in/search?q=e+learning&l=kothrud%2C+pune%2C+maharashtra
Phd Courses in O.P. Jindal University-Raigarh - Chhattisgarh | S-Logix,https://slogix.in/research/o.p.-jindal-university-raigarh-chhattisgarh/
Students : Internships and Apprenticeships - Renault Group,https://www.renaultgroup.com/en/talent/students/
Intel Corporation Intern Reviews | Glassdoor,https://www.glassdoor.com/Reviews/Intel-Corporation-Intern-Reviews-EI_IE1519.0,17_KO18,24_IP2.htm
Intel Corporation Software Engineer Reviews | Glassdoor,https://www.glassdoor.com/Reviews/Intel-Corporation-Software-Engineer-Reviews-EI_IE1519.0,17_KO18,35_IP4.htm
Intel Corporation Manufacturing Technician Reviews | Glassdoor,https://www.glassdoor.com/Reviews/Intel-Corporation-Manufacturing-Technician-Reviews-EI_IE1519.0,17_KO18,42_IP2.htm
Intel Corporation Interview Questions | Glassdoor,https://www.glassdoor.com/Interview/Intel-Corporation-Interview-Questions-E1519_P4.htm
PAW Patrol - Fast and Furryness - YouTube,https://www.youtube.com/watch?v=bt2CV3RqBWs
Indian Space Research Organisation,https://www.isro.gov.in/
Dell Technologies Director Reviews | Glassdoor,https://www.glassdoor.co.uk/Reviews/Dell-Technologies-Director-Reviews-EI_IE1327.0,17_KO18,26.htm
Dell Technologies Analyst Reviews | Glassdoor,https://www.glassdoor.co.uk/Reviews/Dell-Technologies-Analyst-Reviews-EI_IE1327.0,17_KO18,25.htm
Analysis of Agriculture and Food Supply Chain through Blockchain ...,https://downloads.hindawi.com/journals/cin/2022/1296993.pdf
Product Security Jobs,https://www.monsterindia.com/search/product-security-jobs
Challenges in Developing a Strong Organizational Culture: Lessons ...,https://www.researchgate.net/publication/264122571_Challenges_in_Developing_a_Strong_Organizational_Culture_Lessons_from_a_Case_Study_of_a_High-Tech_Company_in_India
Toyota inside - glimpse,https://pt.slideshare.net/Vedzen/toyota-inside-glimpse
3 BHK Apartment / Flat for sale in Unique Twins Tower CHS Sector ...,https://www.99acres.com/3-bhk-bedroom-apartment-flat-for-sale-in-unique-twins-tower-chs-sector-20-kharghar-mumbai-navi-1650-sq-ft-spid-F66201076
Power Grid Corporation of India Directors Report- Power Grid Corp ...,https://www.moneycontrol.com/annual-report/powergridcorp/directors-report/PGC
Items where Year is 2011 - ResearchOnline@JCU,https://researchonline.jcu.edu.au/view/year/2011.type.html
Top Catering Science(Science)Colleges in Maharashtra - 2023 ...,https://collegedunia.com/science/catering-science/maharashtra-colleges
Top Science Certification Colleges in Mumbai - 2023 Rankings ...,https://collegedunia.com/science/mumbai/certification-colleges
Top Engineering Colleges in India Accepting Chattisgarh Pre ...,https://collegedunia.com/engineering/chattisgarh-pre-engineering-test-score-accepting-colleges
