Title,URL
Machine Learning Course in Sambalpur - Best Training Institute ...,http://quickxpertinfotech.com/machine-learning-course-in-sambalpur
Tapan Kumar Behera - Research Project at Sambalpur University ...,https://in.linkedin.com/in/tapan-kumar-behera-77aa83167
0 Marketing/Sales Jobs for Freshers in Sambalpur- Jan | Internshala,https://internshala.com/fresher-jobs/marketing%2Fsales-jobs-in-sambalpur/
Sambalpur District : Odisha | Sambalpur District Administration ...,https://sambalpur.nic.in/
1 Architecture Jobs for Freshers in Sambalpur- Jan | Internshala,https://internshala.com/fresher-jobs/architecture-jobs-in-Sambalpur/
Sanjoy Das,https://ece.k-state.edu/about/people/faculty/das/
Manas Mukherjee - Tech Leader- Sr Staff ML Engineer at Intuit ...,https://www.linkedin.com/in/manas-mukherjee
Career - SIT,https://silicon.ac.in/career/
Voith Senior Project Engineer Salaries in Sambalpur | AmbitionBox,https://www.ambitionbox.com/salaries/voith-salaries/senior-project-engineer/sambalpur-location
83 All Types Jobs and Vacancies in Sambalpur- Orissa - 5 February ...,https://in.indeed.com/All-Types-jobs-in-Sambalpur,-Orissa
Sambalpur University Institute of Information Technology – an ...,https://suiit.ac.in/
145 Full Time Jobs and Vacancies in Sambalpur- Orissa - 6 ...,https://in.indeed.com/Full-Time-jobs-in-Sambalpur,-Orissa
UNRAVEL 2.0 // Unstop (formerly Dare2Compete),https://unstop.com/competition/unravel-20-ethos-2022-indian-institute-of-management-iim-sambalpur-251733
Amazon Pay | Amazon.jobs,https://www.amazon.jobs/payments
Stitching Services- Stitching Job Work in Sambalpur,https://dir.indiamart.com/sambalpur/stitching-services.html
BlackBerry Careers - BlackBerry Jobs,https://www.blackberry.com/us/en/company/careers
Sales & Marketing Jobs in Sambalpur,https://www.olx.in/sambalpur_g4059063/sales-marketing_c62
Python Training in Sambalpur- Best Python online Course in ...,https://www.sulekha.com/python-programming-training/sambalpur
Summer camps | College | College of Science and Engineering,https://cse.umn.edu/college/summer-camps
NIT Rourkela,https://www.nitrkl.ac.in/
Aparna - Deheripali : I'm an University student give tuition of ...,https://www.superprof.co.uk/university-student-give-tuition-computer-science-from-school-college-from-sambalpur-odisha-india.html
Biswajit Satpathy Sambalpur University · Department of Business ...,https://www.researchgate.net/profile/Biswajit-Satpathy-3
Sambalpur University Institute of Information Technology (SUIIT ...,https://www.facultytick.com/2022/04/24/sambalpur-university-institute-of-information-technology-suiit-invites-application-for-the-post-of-junior-research-fellow-jrf-in-an-serb-sponsored-project/
PRAGATI TRADERS Company Profile | Sambalpur- Odisha- India ...,https://www.dnb.com/business-directory/company-profiles.pragati_traders.00860220a144cb05d194f40145e7bbcb.html
Careers - Hindalco,https://www.hindalco.com/careers
Top Computer Classes in Sambalpur - Best Computer Training ...,https://www.justdial.com/Sambalpur/Computer-Training-Institutes/nct-10124277
MSME Ministry to launch apparel unit at Sambalpur- Odisha to boost ...,https://in.fashionnetwork.com/news/Msme-ministry-to-launch-apparel-unit-at-sambalpur-odisha-to-boost-employment,1399893.html
Data Science Fundamentals with Python and SQL | Coursera,https://www.coursera.org/specializations/data-science-fundamentals-python-sql
Recruiters in Sambalpur - Placement Consultants in Sambalpur ...,https://www.naukri.com/recruiters-in-sambalpur
Clustering-Based Deadline Monotonic Scheduling with Dynamic ...,https://citeseerx.ist.psu.edu/document?repid=rep1&type=pdf&doi=926ff3c7b9193764a32b3a8fc41536e2cadfc04a
Sikkim Manipal Institute of Technology – Sikkim Manipal University,https://smu.edu.in/smit.html/
BLOCK M.Sc. in Cyber Security,https://egyanagar.osou.ac.in/download-slm.php?file=CSP-12-BLOCK-02.pdf
Ethnopharmacology | Apply for Honorary DSc in ...,https://sites.google.com/site/honorarydegreeacademics/ethnopharmacology-apply-for-honorary-dsc-in-ethnopharmacology-admission-announcement
Jobs in Bhubaneswar | Urgent hiring . Kisi ko urgent work ki need ho ...,https://www.facebook.com/groups/446580545945776/posts/928399331097226/
An impact study of COVID‐19 on six different industries: Automobile ...,https://europepmc.org/article/pmc/pmc8014102
About the Contributors,https://www.igi-global.com/pdf.aspx?tid=232439&ptid=217949&ctid=17&t=About%20the%20Contributors&isxn=9781522584377
IIM Society - ホーム | Facebook,https://ja-jp.facebook.com/iimsociety/?ref=page_internal
Career connect july 2016 issue by Surecom Media: CareerConnect ...,https://issuu.com/surecommediacareerconnectmagazine/docs/career_connect___july_2016_issue
Untitled,https://ccsenet.org/journal/index.php/ass/article/download/5365/4479
Graduate Marketing Jobs : Latest 55123 Graduate Marketing ...,https://www.monsterindia.com/search/graduate-marketing-jobs
Template for Self-Study Report - 2011-12,https://uaf.edu/assessment-review/files/sloa/cem/mechanical-engineering/2011-ME-Self-Study-Report.pdf
