Title,URL
Niveus Solutions Pvt. Ltd. | LinkedIn,https://in.linkedin.com/company/niveus-solutions-pvt-ltd-
4692 Data Analyst Job Vacancies In Udupi Karnatka - Naukri.com,https://www.naukri.com/data-analyst-jobs-in-udupi-karnatka
WebTraffico | LinkedIn,https://in.linkedin.com/company/webtraffico
Machine Learning Engineers - Udupi-Karnataka | JobGrin.Co.In,https://jobgrin.co.in/c/Niveus-Solutions-Pvt-Ltd/jobs/Machine-Learning-Engineers-0k5p0z5tSr
Data Science Course in Udupi - Best Training Institute - Fees ...,http://quickxpertinfotech.com/data-science-course-in-udupi
0 Finance Jobs for Freshers in Udupi- Feb | Internshala,https://internshala.com/fresher-jobs/finance-jobs-in-udupi
BTech Artificial Intelligence & Machine Learning: Admission 2023 | MIT,https://manipal.edu/mit/program-list/btech/BTech-Computer-Science-and-Engineering-Artificial-Intelligence-and-Machine-Learning.html
Data Science Training in Udupi- Course Fees- Certification | Sulekha,https://www.sulekha.com/data-science-certification-training/udupi
zomato digitizes menus using Amazon Textract and Amazon ...,https://aws.amazon.com/blogs/machine-learning/zomato-digitizes-menus-using-amazon-textract-and-amazon-sagemaker/
A Machine Learning Platform to Optimize the Translation of ...,https://ascopubs.org/doi/full/10.1200/CCI.18.00056
Python Course in Udupi,https://www.codingbytes.com/python-course/python-course-in-udupi/
MICE Udupi Reviews by 2 Employees | AmbitionBox,https://www.ambitionbox.com/reviews/mice-reviews/udupi-location
Nutanix Careers | Jobs- Culture and Life at Nutanix,https://www.nutanix.com/company/careers
Find a job | Careers at Sony,https://www.sonyjobs.com/jobs.html
Experienced Professionals,https://www.bnymellon.com/us/en/careers/experienced-professionals.html
Job alert - Mangalore and Udupi,https://www.facebook.com/jobalertteam/
22 Work From Home Part Time Jobs and Vacancies in Adi Udupi ...,https://in.indeed.com/Work-From-Home-Part-Time-jobs-in-Adi-Udupi,-Karnataka
Best Virtual Reality Companies and Startups to Work for in ...,https://angel.co/startups/l/bangalore-urban/virtual-reality-3
How to Get a Job as a Computer Technician: 10 Tips | Coursera,https://www.coursera.org/articles/how-to-get-a-job-as-a-computer-technician-tips
MITK- Moodlakatte Institute of Technology & Management ...,https://www.mitkundapura.com/
Shri Madhwa Vadiraja Institute of Technology & Management - Udupi,https://sode-edu.in/
Careers - Novelis,https://www.novelis.com/careers/
▷ Tutoring Jobs in Udupi - UrbanPro,https://www.urbanpro.com/udupi/tutor-jobs
Cera,https://www.cerahq.com/
Learning Links Foundation,https://www.learninglinksindia.org/
Top companies in Canada starting with U | Indeed.com,https://ca.indeed.com/companies/browse-companies/U
Pi - Recent News & Activity,https://www.crunchbase.com/organization/pi-3/company_overview/overview_timeline
J.P. Morgan Quantitative Researcher Interview Questions | Glassdoor,https://www.glassdoor.com/Interview/J-P-Morgan-Quantitative-Researcher-Interview-Questions-EI_IE145.0,10_KO11,34.htm
(PDF) Sensor.Network: An open data exchange for the web of things,https://www.researchgate.net/publication/224140730_SensorNetwork_An_open_data_exchange_for_the_web_of_things
Firms should train youth on new-age technologies: Narayana Murthy ...,https://economictimes.indiatimes.com/tech/internet/firms-should-train-youth-on-new-age-technologies-narayana-murthy/articleshow/66430493.cms
crowston | Kevin Crowston,https://crowston.syr.edu/user/1/papers?s=author&o=asc
Top 3319 Career Opportunities 2023 - page 6 | INOMICS,https://inomics.com/top/top/executive-senior-industry-position?page=5
Papers | Socio-computational qualitative analysis,https://socqa.syr.edu/papers?s=title&o=asc
Attention-Based Deep Entropy Active Learning Using Lexical ...,https://europepmc.org/article/pmc/pmc8042786
Papers | Citizen Science Research at Syracuse,https://citsci.syr.edu/papers?s=title&o=asc
Sustainability Intelligent Evaluation of Regional Microgrid ...,https://www.techscience.com/energy/v119n3/47291/pdf
CIO Magazine March 15- 2015 Issue by Sreekanth Sastry - Issuu,https://issuu.com/idgindia/docs/issue_5_march_low
Untitled,https://mdpi-res.com/d_attachment/information/information-11-00314/article_deploy/information-11-00314.xml
Stories of 02 March- 2022 | Deccan Herald,https://www.deccanherald.com/sitemap/detail/days/2022-03-02
