Title,URL
IJGI | Free Full-Text | Gully Erosion Susceptibility Mapping in Highly ...,https://www.mdpi.com/1304600
Amazon.in | Amazon.jobs,https://www.amazon.jobs/en/teams/in
Praveen Erode Murugesan - Senior Software Engineer - Microsoft ...,https://www.linkedin.com/in/praveenerodemurugesan
Python OpenCV | cv2.erode() method - GeeksforGeeks,https://www.geeksforgeeks.org/python-opencv-cv2-erode-method/
New High-Resolution Study on California Coastal Cliff Erosion ...,https://scripps.ucsd.edu/news/new-high-resolution-study-california-coastal-cliff-erosion-released
Erosion and Dilation of images using OpenCV in python ...,https://www.geeksforgeeks.org/erosion-dilation-images-using-opencv-python/
Confidence to Deploy AI with World-Class Training Data,https://appen.com/
Waterfront Wisdom — Healthy Habit #2: Prevent Soil Erosion and ...,https://cms4files1.revize.com/oakland/community_info/environmental_information/docs/Prevent_Soil_Erosion_and_Sedimentation.pdf
ChatGPT's ability to write like humans could erode trust in many fields,https://www.axios.com/2022/12/19/chatgpt-ai-chatbots-doomsday-truth
Machine learning job: Machine Learning Engineer at Stripe (work ...,https://jobhunt.ai/machinelearning-ml-ai-job-ot-Remote-Machine-Learning-Engineer-Stripe-remotework.html
The Erosion of Deep Literacy | National Affairs,https://nationalaffairs.com/publications/detail/the-erosion-of-deep-literacy
Data Science Course With Python Machine Learning in erode ...,https://www.apponix.com/data-science-course-in-erode
Hyper Band | LinkedIn,https://in.linkedin.com/company/hyperband
Will Algorithms Erode Our Decision-Making Skills? : All Tech ...,https://www.npr.org/sections/alltechconsidered/2017/02/08/514120713/will-algorithms-erode-our-decision-making-skills
MOSS PUBLISHING SERVICES PRIVATE LIMITED | LinkedIn,https://in.linkedin.com/company/moss-publishing-services-private-limited
1. Concerns about human agency- evolution and survival | Pew ...,https://www.pewresearch.org/internet/2018/12/10/concerns-about-human-agency-evolution-and-survival/
Best Data Science Course Training Institute in Erode | 360DigiTMG,https://360digitmg.com/india/erode/data-science-certification-course-training-institute
5656-hidden-technical-debt-in-machine-learning-systems.pdf,https://papers.neurips.cc/paper/5656-hidden-technical-debt-in-machine-learning-systems.pdf
Supercomputers in the Cloud Erode another Case for Owning Data ...,https://www.datacenterknowledge.com/supercomputers/supercomputers-cloud-erode-another-case-owning-data-centers
Should companies hire for a culture fit? Yes- but how about we call it ...,https://pattymccord.com/should-companies-hire-for-a-culture-fit-yes-but-how-about-we-call-it-a-match-for-values/
Explaining the erosion of private-sector unions: How corporate ...,https://www.epi.org/unequalpower/publications/private-sector-unions-corporate-legal-erosion/
Content Writing internship in Erode with job offer,https://internshala.com/internships/content-writing-internship-in-erode/ppo-true/
Yuval Noah Harari on Why Technology Favors Tyranny - The Atlantic,https://www.theatlantic.com/magazine/archive/2018/10/yuval-noah-harari-technology-tyranny/568330/
B.Tech. Artificial Intelligence and Data Science,https://erode-sengunthar.ac.in/datascience/
Image Operations in Python with OpenCV: Eroding- Dilation- and ...,https://www.analyticsvidhya.com/blog/2021/12/image-operations-in-python-with-opencv/
Robotics Jobs In Erode Coimbatore - 77 Robotics Job Vacancies In ...,https://www.naukri.com/robotics-jobs-in-erode-coimbatore
SWAT | Soil & Water Assessment Tool,https://swat.tamu.edu/
17 Best Freelance Content Writers For Hire Near Erode- IN - Upwork™,https://www.upwork.com/l/in/content-writers-in-erode/
dandrino/terrain-erosion-3-ways: Three Ways of Generating ... - GitHub,https://github.com/dandrino/terrain-erosion-3-ways
Urgent! Spark erosion machine operator jobs - February 2023 ...,https://uk.jooble.org/jobs-spark-erosion-machine-operator
SOIL EROSION AND SEDIMENT CONTROL NOTES,http://hepsoilnj.org/HEPSCD251SESCNOTES_7thEdrev2015.doc
MIT report examines how to make technology work for society | MIT ...,https://news.mit.edu/2019/work-future-report-technology-jobs-society-0904
Best iOS Development Course with Swift Programming | Erode,https://www.n-school.com/ios-course-erode/
Live Python Training in Erode | #1 Python Course in Erode,https://www.edureka.co/python-programming-certification-training-erode
Algorithms and the future of work,https://pubmed.ncbi.nlm.nih.gov/36128686/
Basically flawed | The Economist,https://www.economist.com/leaders/2016/06/04/basically-flawed
What's next for AI – Building trust,https://www.ibm.com/watson/advantage-reports/future-of-artificial-intelligence/building-trust-in-ai.html
Healthcare NLP - Extract Health Data - Amazon Comprehend Medical,https://aws.amazon.com/comprehend/medical/
All the Ways Hiring Algorithms Can Introduce Bias,https://hbr.org/2019/05/all-the-ways-hiring-algorithms-can-introduce-bias
Artificial Intelligence/Counter AI Developer in Laurel- Maryland ...,https://careers.jhuapl.edu/jobs/47257?lang=en-us
Web Development Internship Job Vacancies in Erode-Web ...,https://www.placementindia.com/job-search/web-development-internship-jobs-in-erode.htm
Electrical discharge machining - Wikipedia,https://en.wikipedia.org/wiki/Electrical_discharge_machining
Unit 2: Controlling Runoff- Erosion- and Sedimentation on ...,https://www.michigan.gov/-/media/Project/Websites/egle/Documents/Programs/WRD/Storm-Water-SESC/training-manual-unit2.pdf?rev=287ed20e75424c81a7c479d61313f80b
How AI in Agriculture Solves Farming Issues | Plat.AI,https://plat.ai/blog/ai-in-agriculture-solves-farming-issues/
OpenCV Morphological Operations - PyImageSearch,https://pyimagesearch.com/2021/04/28/opencv-morphological-operations/
Python Course in Erode,https://www.codingbytes.com/python-course/python-course-in-erode/
Dataquest: Learn Data Science — Python- R- SQL- PowerBI,https://www.dataquest.io/
Art for our sake: artists cannot be replaced by machines – study ...,https://www.ox.ac.uk/news/2022-03-03-art-our-sake-artists-cannot-be-replaced-machines-study
Untitled,https://scholar.harvard.edu/josemorales-arilla/publications/export/xml?f%5Btype%5D%5B100%5D=1&f%5Btype%5D%5B101%5D=1&f%5Btype%5D%5B102%5D=1&f%5Btype%5D%5B103%5D=1&f%5Btype%5D%5B104%5D=1&f%5Btype%5D%5B105%5D=1&f%5Btype%5D%5B106%5D=1&f%5Btype%5D%5B107%5D=1&f%5Btype%5D%5B108%5D=1&f%5Btype%5D%5B109%5D=1&f%5Btype%5D%5B110%5D=1&f%5Btype%5D%5B111%5D=1&f%5Btype%5D%5B112%5D=1&f%5Btype%5D%5B113%5D=1&f%5Btype%5D%5B114%5D=1&f%5Btype%5D%5B115%5D=1&f%5Btype%5D%5B116%5D=1&f%5Btype%5D%5B117%5D=1&f%5Btype%5D%5B118%5D=1&f%5Btype%5D%5B119%5D=1&f%5Btype%5D%5B120%5D=1&f%5Btype%5D%5B121%5D=1&f%5Btype%5D%5B122%5D=1&f%5Btype%5D%5B123%5D=1&f%5Btype%5D%5B124%5D=1&f%5Btype%5D%5B125%5D=1&f%5Btype%5D%5B126%5D=1&f%5Btype%5D%5B127%5D=1&f%5Btype%5D%5B128%5D=1&f%5Btype%5D%5B129%5D=1&f%5Btype%5D%5B130%5D=1&f%5Btype%5D%5B131%5D=1&f%5Btype%5D%5B132%5D=1&f%5Btype%5D%5B133%5D=1&f%5Btype%5D%5B134%5D=1&f%5Btype%5D%5B135%5D=1&f%5Btype%5D%5B1000%5D=1&f%5Btype%5D%5B1001%5D=1
Patriarchal Pressures: An Exploration of Organizational Processes ...,https://journals.sagepub.com/doi/10.1177/0730888495022003005?icid=int.sj-abstract.similar-articles.1
Six Drivers of the Future of Corporate Learning | SAP Insights,https://www.sap.com/westbalkans/insights/research/six-drivers-of-the-future-of-corporate-learning.html
Justice meets social science | Science,https://www.science.org/doi/abs/10.1126/science.add8003?doi=10.1126/science.add8003
Course Hero - Great People Company at a Critical Juncture ...,https://www.glassdoor.com/Reviews/Employee-Review-Course-Hero-RVW27997104.htm
Training-Cards for your Deep-Learner | WIRED,https://www.wired.com/beyond-the-beyond/2017/03/training-cards-deep-learner/
A Hybrid Scheduling Algorithm with Load Balancing for ...,https://citeseerx.ist.psu.edu/document?repid=rep1&type=pdf&doi=916a069f6da904d27fcdfef20c9e9c96770731cd
Does Unpaid Caregiving Erode Working Hours Among Middle-Aged ...,https://www.researchgate.net/publication/350610404_Does_Unpaid_Caregiving_Erode_Working_Hours_Among_Middle-Aged_Chinese_Adults
Algorithmic Harms and Types of Bias - by Anjana Susarla,https://anjanasusarla.substack.com/p/algorithmic-harms-and-sources-of
Security Tokens May Be the Gateway Assets for Institutional ...,https://medium.com/hackernoon/security-tokens-may-be-the-gateway-assets-for-institutional-investors-to-get-into-crypto-80ce6726dcbb
https://web-app.usc.edu/soc/syllabus/20221/15121.doc,https://web-app.usc.edu/soc/syllabus/20221/15121.doc
5 New trends in advanced business services,https://www.degruyter.com/document/doi/10.1515/9783110690668-006/pdf
Download Article | Strengthening Transatlantic Cooperation,https://www.gmfus.org/download/article/18960
How AI is establishing itself as the newest public safety officer | EY ...,https://www.ey.com/en_cz/consulting/how-ai-is-establishing-itself-as-the-newest-public-safety-officer
9 Ways to Cultivate Trust of Disruptive Technologies - WSJ,https://deloitte.wsj.com/articles/9-ways-to-cultivate-trust-of-disruptive-technologies-01582920133
CHICAGO LARYNGOLOGICAL AND OTOLOGICAL SOCIETY ...,https://jamanetwork.com/journals/jamaotolaryngology/fullarticle/558485
What is agent experience? definition + how to improve it,https://www.zendesk.de/blog/customer-or-agent-experience/
Intuition | Psychology Today Canada,https://www.psychologytoday.com/ca/basics/intuition?page=1
Health care cost containment through big data analytics | SAS Ireland,https://www.sas.com/en_ie/insights/articles/risk-fraud/health-care-cost-containment-big-data-analytics.html
recommendations for basic performance configurations | Linode ...,https://www.linode.com/community/questions/5089/recommendations-for-basic-performance-configurations
Technological Change in Health Care Delivery: Its Drivers and ...,https://www.wpusa.org/files/reports/TechnologicalChangeinHealthCareDelivery.pdf
Are We Ready for Video Recognition and Computer Vision in the ...,https://europepmc.org/article/pmc/pmc7904385
Greenpeace to release secret documents on contested EU-US trade ...,https://phys.org/news/2016-05-greenpeace-secret-documents-contested-eu-us.html
Concern for the Future- and a Deep Belief in the Transformative ...,https://www.industryweek.com/talent/article/21973278/concern-for-the-future-and-a-deep-belief-in-the-transformative-power-of-manufacturing
HPA to be made from sapphire mining clay,https://www.manmonthly.com.au/news/hpa-sapphire-mining-clay/
Interpretable Operations Research for High-Stakes Decisions ...,https://pubsonline.informs.org/doi/10.1287/inte.2022.1128
How ITW Transforms 'Pain Points' Into New Products | Better MRO,https://www.mscdirect.com/betterMRO/itw-tranforms-pain-points-into-products
Daniel Hinge - Central Banking - page 13,https://www.centralbanking.com/author/daniel-hinge?page=12
Public - Confluence,https://pistoiaalliance.atlassian.net/wiki/spaces/PUB/pages/108396550
Publications | Faculty of Engineering | Imperial College London,https://www.imperial.ac.uk/earth-science/research/research-groups/norms/publications/?respub-t4-action=citation.html&id=949114&noscript=noscript
UMSS22 Engineering and Information Sciences - UMaine Student ...,https://umaine.edu/umss/2022/04/22/umss22-engineering-and-information-sciences/
How do we help working mothers during lockdown?,https://www.smartcompany.com.au/people-human-resources/women-working-mothers-lockdown-covid19/
Microscopy Image Browser 2 (MIB2) - File Exchange - MATLAB ...,https://de.mathworks.com/matlabcentral/fileexchange/63402-microscopy-image-browser-2-mib2
STARWEST 2019 | CMCrossroads,https://www.cmcrossroads.com/conferences/starwest-2019
Digital Transformation - Application Security ... - Business Reporter,https://business-reporter.co.uk/digital-transformation/application-security-balancing-software-security-with-business-imperatives
LG Ad Solutions | LinkedIn,https://uk.linkedin.com/company/lgads
Highlights of the Symposium on Risk Management and Business ...,https://rmbi.hkust.edu.hk/news-and-events/highlights-symposium-risk-management-and-business-intelligence-2020-applying-ai-business
Why artificial intelligence needs human-centric design | Deloitte ...,https://www2.deloitte.com/uk/en/insights/deloitte-review/issue-22/artificial-intelligence-human-centric-design.html
Safety first? | Opinion | Chemistry World,https://www.chemistryworld.com/opinion/safety-first/9486.article
What is Email Marketing | Oracle Israel,https://www.oracle.com/il-en/cx/marketing/email-marketing/
