Title,URL
254 Machine Learning Jobs and Vacancies in Delhi- Delhi - 6 ...,https://in.indeed.com/Machine-Learning-jobs-in-Delhi,-Delhi
636 Machine Learning jobs in Delhi- India (15 new),https://in.linkedin.com/jobs/machine-learning-jobs-delhi
Machine learning Jobs in New Delhi- January 2023 | Glassdoor,https://www.glassdoor.co.in/Job/new-delhi-machine-learning-jobs-SRCH_IL.0,9_IC2891681_KO10,26.htm
Machine Learning Engineer at Aftershoot • Delhi • Gurgaon • Delhi ...,https://angel.co/company/aftershootco/jobs/852483-machine-learning-engineer
Esri R&D Center- New Delhi | Jobs for Data Scientists- GIS Analysts ...,https://www.esri.com/en-us/about/about-esri/rd-center-new-delhi
Careers at Microsoft | Microsoft jobs,https://careers.microsoft.com/us/en/
Machine learning Jobs in India- February 2023 | Glassdoor,https://www.glassdoor.com/Job/india-machine-learning-jobs-SRCH_IL.0,5_IN115_KO6,22.htm
Search Jobs - Google Careers,https://careers.google.com/jobs/
AI & Data Science Opportunities | JPMorganChase & Co.,https://careers.jpmorgan.com/in/en/students/programs/data-analytics-opportunities
Explore job opportunities | Adobe careers,https://www.adobe.com/careers.html
Advanced Analytics Group,https://www.bain.com/careers/roles/analytics/
Machine Learning Engineer jobs in New Delhi,https://startup.jobs/locations/new-delhi/machine-learning-engineer
14+ Deep Learning Jobs in Delhi- NCR and Gurgaon | Deep ...,https://cutshort.io/jobs/deep-learning-jobs-in-delhi-ncr-gurgaon-noida
Machine Learning Engineer Salary in India - [# Updated 2023],https://intellipaat.com/blog/machine-learning-engineer-salary-in-india/
India Machine Learning | Amazon.jobs,https://www.amazon.jobs/en/landing_pages/india-machine-learning
20 Best machine learning jobs in New Delhi- Delhi (Hiring Now ...,https://www.simplyhired.co.in/search?q=machine+learning&l=new+delhi%2C+delhi
Career Opportunities in Artificial Intelligence: List of Various Job ...,https://www.upgrad.com/blog/career-opportunities-in-artificial-intelligence/
Careers at Airbnb,https://careers.airbnb.com/
Careers | Cadence,https://www.cadence.com/en_US/home/company/careers.html
Latest Machine Learning jobs in Zurich | ai-jobs.net,https://ai-jobs.net/list/machine-learning-related-jobs-in-zurich/
Binance Job Openings,https://www.binance.com/en/careers/job-openings
Define your career with IBM,https://www.ibm.com/careers/in-en/
Top 10 Best Deep Learning Jobs to Apply For in March 2022,https://www.analyticsinsight.net/top-10-best-deep-learning-jobs-to-apply-for-in-march-2022/
6 Reasons Why Machine Learning Jobs Are High On Demand,https://www.myamcat.com/blog/amcat-concept/6-reasons-machine-learning-jobs-high-demand/
14 Machine Learning Fresher Jobs in Feb 2023 | Internshala,https://internshala.com/fresher-jobs/machine-learning-jobs/
Machine Learning Engineer job at Endovision - Instahyre,https://www.instahyre.com/job-129510-machine-learning-engineer-at-endovision-delhi/
Work with Us | BNY Mellon,https://www.bnymellon.com/us/en/careers/work-with-us.html
Machine Learning Engineer jobs in Delhi | Devjobsscanner,https://www.devjobsscanner.com/machine-learning-engineer-jobs-in-delhi/
Current Openings I Instacart Jobs and Careers I Apply Today!,https://instacart.careers/current-openings/
How Much Artificial Intelligence Engineers Make in a Year? | by ...,https://medium.com/janbask-training-learn-grow/how-much-artificial-intelligence-engineers-make-in-a-year-ac5d400e3602
Learning Jobs Openings In Gurgaon - TimesJobs.com,https://www.timesjobs.com/jobs-in-gurgaon/learning-jobs
The GIFFT Group | LinkedIn,https://uk.linkedin.com/company/the-gifft-group
Account Representative Jobs in Delhi- CA (Hiring Now!) - Zippia,https://www.zippia.com/account-representative-delhi-ca-jobs/
Senior Software Engineer - Innovation through cybersecurity | Irdeto,https://careers.irdeto.com/vacancy/senior-software-engineer-2/
