Title,URL
Pharmaceutical Machine Learning Jobs - 2022 | Indeed.com,https://uk.indeed.com/Pharmaceutical-Machine-Learning-jobs
Ai Drug Discovery Jobs- Employment | Indeed.com,https://www.indeed.com/q-Ai-Drug-Discovery-jobs.html
Artificial intelligence in drug discovery and development - PMC,https://www.ncbi.nlm.nih.gov/pmc/articles/PMC7577280/
U.S. Food and Drug Administration,https://www.fda.gov/
Exscientia | AI Drug Discovery | Pharmatech,https://www.exscientia.ai/
Deep reinforcement learning for de novo drug design | Science ...,https://www.science.org/doi/10.1126/sciadv.aap7885
R&D Data Sciences & AI Graduate Programme,https://careers.astrazeneca.com/data-sciences-and-ai-graduate-programme
PostEra- Medicinal Chemistry Powered by Machine Learning,https://postera.ai/
20 Best computational drug jobs in Remote (Hiring Now ...,https://www.simplyhired.com/search?q=computational+drug&l=remote
Drug discovery Jobs in Switzerland- February 2023 | Glassdoor,https://www.glassdoor.com/Job/switzerland-drug-discovery-jobs-SRCH_IL.0,11_IN226_KO12,26.htm
AI suggested 40-000 new possible chemical weapons in just six ...,https://www.theverge.com/2022/3/17/22983197/ai-new-possible-chemical-weapons-generative-models-vx
Research Scientist (Drug discovery and machine learning) - Rahko,https://www.monster.co.uk/job-openings/research-scientist-drug-discovery-and-machine-learning--b8b9f9a0-edcd-48c6-bb5f-20e108eeaa60
Recursion,https://www.recursion.com/
$41-$68/hr DRUG Safety Scientist Jobs in Illinois,https://www.ziprecruiter.com/Jobs/DRUG-Safety-Scientist/--in-Illinois
Public Speaking Club- BIT DURG | LinkedIn,https://www.linkedin.com/company/pscbitdurg?trk=similar-pages
Shri Krishna Enterprises- Durg | LinkedIn,https://in.linkedin.com/company/shri-krishna-enterprises-durg
Uresearcher | Lucknow,https://www.facebook.com/uresearcher/
AI and drug discovery: Data access remains a huge challenge,https://thestack.technology/ai-and-drug-discovery-data-availability/
Discovery of drug–omics associations in type 2 diabetes with ...,https://www.nature.com/articles/s41587-022-01520-x
Discount Drug Mart,https://discount-drugmart.com/
Drug Discovery With Accelerated Computing Platform | NVIDIA,https://www.nvidia.com/en-us/industries/healthcare-life-sciences/drug-discovery/
OneThree Biotech Machine Learning Researcher - Triplebyte,https://triplebyte.com/company/public/onethree-biotech/LEQIeXy/machine-learning-researcher
Drug Discovery | Coursera,https://www.coursera.org/learn/drug-discovery
Urgent! Drug discovery jobs in Remote - February 2023 (with ...,https://jooble.org/jobs-drug-discovery/Remote
Cyclica: Drug Discovery with an AI Augmented Platform,https://cyclicarx.com/
How to Use Machine Learning for Drug Discovery | by Chanin ...,https://towardsdatascience.com/how-to-use-machine-learning-for-drug-discovery-1ccb5fdf81ad
Job Opportunities | National Center for Advancing Translational ...,https://ncats.nih.gov/jobs
Artificial intelligence to deep learning: machine intelligence ...,https://link.springer.com/article/10.1007/s11030-021-10217-3
MOLI: multi-omics late integration with deep neural networks for ...,https://academic.oup.com/bioinformatics/article/35/14/i501/5529255
Multi-objective de novo drug design with conditional graph ...,https://jcheminf.biomedcentral.com/articles/10.1186/s13321-018-0287-6
Machine Learning for Precision Oncology and Drug Design | CRCM,https://www.crcm-marseille.fr/en/teams/research-teams/pedro-ballester/
Life at Tinder | Ignite Your Impact,https://www.lifeattinder.com/
Drug Discovery Project Leader · London · BenevolentAI,https://www.benevolent.com/jobs/drug-discovery-project-leader
Search Jobs - Google Careers,https://careers.google.com/jobs/results/?hl=en_US
Acellera: Computable Drug Discovery - Acellera,https://www.acellera.com/
Quris AI,https://www.quris.ai/
Quantum computing in drug development | McKinsey,https://www.mckinsey.com/industries/life-sciences/our-insights/pharmas-digital-rx-quantum-computing-in-drug-research-and-development
Drug Testing Resources for the Workplace | SAMHSA,https://www.samhsa.gov/workplace/drug-testing-resources
DrugBank | LinkedIn,https://ca.linkedin.com/company/drugbank
8 Fresher Jobs in Durg- February | Internshala,https://internshala.com/fresher-jobs/marketing-jobs-in-durg/
Quantitative Research | Jobs & Internships | JPMorgan Chase & Co.,https://careers.jpmorgan.com/us/en/our-businesses/quantitative-research
Drug Discovery Jobs in All Australia - SEEK,https://www.seek.com.au/drug-discovery-jobs
Bayer parts with Exscientia- leaving one target to AI drug hunter,https://www.fiercebiotech.com/biotech/bayer-parts-ways-exscientia-leaving-one-target-ai-drug-hunters-hands
Research Intern: Molecular Modeling and Dynamics for Drug ...,https://www.karkidi.com/job-details/33569-research-intern-molecular-modeling-and-dynamics-for-drug-discovery-job
Want the Best Results From AI? Ask a Human,https://sloanreview.mit.edu/article/want-the-best-results-from-ai-ask-a-human/
OSHA Clarifies When Post-Accident Drug Testing Is Permitted,https://www.shrm.org/resourcesandtools/legal-and-compliance/employment-law/pages/osha-clarifies-when-post-accident-drug-testing-is-permitted.aspx
Pros & Cons of Artificial Intelligence in Medicine | Drexel CCI,https://drexel.edu/cci/stories/artificial-intelligence-in-medicine-pros-and-cons/
Careers | Meta Research,https://research.facebook.com/careers/
Drug Development & Discovery jobs in Europe,https://jobs.newscientist.com/jobs/drug-development-and-discovery/europe/
Intelligent drug discovery - Powered by AI,https://www2.deloitte.com/content/dam/Deloitte/ch/Documents/life-sciences-health-care/deloitte-ch-en-intelligent-drug-discovery.pdf
Lilly jobs: Careers at Lilly,https://careers.lilly.com/us/en/
Valence Discovery Jobs,https://jobs.ashbyhq.com/valence
12 Data Science Jobs and Vacancies in Chhattisgarh - 4 February ...,https://in.indeed.com/Data-Science-jobs-in-Chhattisgarh
Steve Jobs' LSD habit- why he indulged in Marijuana- and his 1975 ...,https://www.networkworld.com/article/2222575/data-center-steve-jobs-lsd-habit-why-he-indulged-in-marijuana-and-his-1975-arrest.html
Kohl's Menomonee Falls- WI Jobs January- 2023 (Hiring Now!) - Zippia,https://www.zippia.com/kohl-s-careers-6566/jobs/menomonee-falls-wi/
Drug Diversion Analyst at Imprivata | VentureFizz,https://venturefizz.com/jobs/drug-diversion-analyst-at-imprivata-0
Data Science Intern Salary in Durg | AmbitionBox,https://www.ambitionbox.com/profile/data-science-intern-salary/durg-location
Roles and Responsibilities of a Drug Safety Associate - Sollers ...,https://sollers.edu/roles-and-responsibilities-of-a-drug-safety-associate/
Careers - Drug Plastics & Glass,https://www.drugplastics.com/careers/
California Bans Employment Discrimination For Marijuana Use ...,https://www.afslaw.com/perspectives/alerts/california-bans-employment-discrimination-marijuana-use
Best Drug Discovery Software in 2023: Compare Reviews on 60+ | G2,https://www.g2.com/categories/drug-discovery
88 Drug Discovery jobs in Belgium (2 new),https://be.linkedin.com/jobs/drug-discovery-jobs
CSIR-CDRI | Home,https://cdri.res.in/
Workforce Ready Grant | Next Level Jobs,https://nextleveljobs.org/workforce-ready-grant/available-job-training/
Shrot Raj - Senior Automation Engineer - Allstate Northern Ireland ...,https://uk.linkedin.com/in/shrot-raj
Discover our Research & Development openings | Merck Careers,https://jobs.merck.com/us/en/c/research-development-jobs
Adopting AI in Drug Discovery | BCG,https://www.bcg.com/publications/2022/adopting-ai-in-pharmaceutical-discovery
The roles of computer-aided drug synthesis in drug development ...,https://www.sciencedirect.com/science/article/pii/S2666554921001095
Cox Automotive | Cox Careers,https://jobs.coxenterprises.com/en/about-cox/businesses/cox-automotive/
Genomics PLC - Scientific Developer- Therapeutics Data Science,https://jobs.lever.co/genomicsplc/1b68ae63-fbd7-4933-b439-ee54b270d50a
Page 3 - Statistician Jobs In Durg - 25636 Statistician Job Vacancies ...,https://www.naukri.com/statistician-jobs-in-durg-3
Random Drug Testing: A Complete Guide for Employers ...,https://iprospectcheck.com/random-drug-testing/
Succeed at Zoetis,https://careers.zoetis.com/
22 drug-discovery positions in Germany | scholarshipdb.net,https://scholarshipdb.net/drug-discovery-scholarships-in-Germany
114 Drug Discovery jobs in Greece (6 new),https://gr.linkedin.com/jobs/drug-discovery-jobs
In the age of legal marijuana- many employers drop 'zero tolerance ...,https://www.latimes.com/business/la-fi-marijuana-drug-test-hiring-20190412-story.html
Search AO's & IO's,https://www.miamidade.gov/ao/home.asp
Philadelphia's ban on pre-hire marijuana testing: What you need to ...,https://www.inquirer.com/business/philadelphia-marijuana-test-employment-law-20220106.html
72 Drug Discovery jobs in Australia,https://au.linkedin.com/jobs/drug-discovery-jobs
Predicting toxicity by quantum machine learning,https://iopscience.iop.org/article/10.1088/2399-6528/abd3d8/pdf
Drug Discovery Scientist - Computational ADME/TOX Prediction at,https://startup.jobs/drug-discovery-scientist-computational-adme-tox-prediction-schrodinger-2311606
BenevolentAI (@benevolent_ai) / Twitter,https://twitter.com/benevolent_ai?lang=en
Student enrollment over last 4 decades [3]. | Download Table,https://www.researchgate.net/figure/Student-enrollment-over-last-4-decades-3_tbl1_280546277
IVS2vec: A tool of Inverse Virtual Screening based on word2vec and ...,https://europepmc.org/article/med/30910562
Ethnopharmacology | Apply for Honorary DSc in ...,https://sites.google.com/site/honorarydegreeacademics/ethnopharmacology-apply-for-honorary-dsc-in-ethnopharmacology-admission-announcement
Python for Bioinformatics - Drug Discovery Using Machine Learning ...,https://www.youtube.com/watch?v=jBlTQjcKuaY
Print Issue | Cato Unbound,https://www.cato-unbound.org/print-issue/769/
Occupations Home & Living for Sale | Redbubble,https://www.redbubble.com/shop/occupations+home-decor
6819 Desktop Intelligence Jobs Openings in India - TimesJob.com,https://www.timesjobs.com/jobskill/desktop-intelligence-jobs
Echo: Compiler-based GPU Memory Footprint Reduction for LSTM ...,https://dl.acm.org/doi/pdf/10.1109/ISCA45697.2020.00092
Computer Network Monitoring Patents and Patent Applications ...,https://patents.justia.com/patents-by-us-classification/709/224?page=4
Congressional Record,https://www.govinfo.gov/content/pkg/CREC-1995-03-14/pdf/CREC-1995-03-14.pdf
35001 Obtaining Missing Data Jobs Openings in India - TimesJob.com,https://m.timesjobs.com/jobskill/obtaining-missing-data-jobs
Shadow Flickering Analysis Jobs in India - 26371 Shadow Flickering ...,https://m.timesjobs.com/jobskill/shadow-flickering-analysis-jobs
Ashutosh Verma's Review On KK Modi University - [KKMU]- Durg ...,https://collegedunia.com/reviews/374949-ashutosh-verma-review-on-kk-modi-university-kkmu-durg
