Title,URL
Loni Brown (@MrsLoniBrown) / Twitter,https://twitter.com/MrsLoniBrown
LONI - Louisiana Optical Network Infrastructure | LinkedIn,https://www.linkedin.com/company/louisiana-optical-network-infrastructure
Introduction to Deep Learning and Its Applications,http://www.hpc.lsu.edu/training/weekly-materials/2016-Fall/machine_learning_qb2_fall_2016.pdf
LONI | Training | Archive,http://hpc.loni.org/training/archive/tutorials.php
Programmer Analyst II at USC,https://usccareers.usc.edu/job/los-angeles/programmer-analyst-ii/1209/14086723264
LONI.usc.edu,https://www.loni.usc.edu/
Babak Loni (@Babak_Loni) / Twitter,https://mobile.twitter.com/babak_loni
MRI Machine Learning Jobs- Employment | Indeed.com,https://www.indeed.com/q-MRI-Machine-Learning-jobs.html
Alzheimer's Disease Neuroimaging Initiative: ADNI,https://adni.loni.usc.edu/
SHIVARAJ LONI - Software Developer - Frontend - Brainlabs ...,https://in.linkedin.com/in/shivaraj-loni-45472b111
Careers - INI,https://www.ini.usc.edu/careers
Careers Archive - LONI,https://loni.ai/career/
Classification of Alzheimer's disease using ensemble of deep neural ...,https://adni.loni.usc.edu/adni-publications/Tanveer_2021_Classification%20of%20Alzheimer_s%20dis.pdf
446 Teacher Jobs and Vacancies in Loni- Uttar Pradesh - 6 ...,https://in.indeed.com/Teacher-jobs-in-Loni,-Uttar-Pradesh
The Feasibility of Differentiating Lewy Body Dementia and ...,https://www.ncbi.nlm.nih.gov/pmc/articles/PMC8624770/
Big Data Analytics Lab | Loni Hagen,https://lonihagen.wordpress.com/current-twitter-project/
Difference Between Machine Learning and Deep Learning ...,https://www.geeksforgeeks.org/difference-between-machine-learning-and-deep-learning/
The client interface to the LONI Pipeline execution environment ...,https://www.researchgate.net/figure/The-client-interface-to-the-LONI-Pipeline-execution-environment_fig2_262055647
How Lonnie Johnson Invented the Super Soaker,https://www.biography.com/inventors/lonnie-johnson-invent-super-soaker
12 Powerful Tips to Ace Data Science and Machine Learning ...,https://www.analyticsvidhya.com/blog/2020/10/12-powerful-tips-ace-data-science-hackathons/
Customer 360 Profiles with Zaloni: Machine learning based data ...,https://www.zaloni.com/customer-360-unification/
Automation Robotics | Engineering PREC Loni,https://pravara.in/engineering-prec-loni/automation-robotics/
Working at Mediaocean | Glassdoor,https://www.glassdoor.com/Overview/Working-at-Mediaocean-EI_IE538207.11,21.htm
Compressive Big Data Analytics: An Ensemble Meta-Algorithm for ...,https://www.biorxiv.org/content/10.1101/2020.01.20.912485v1.full
COVID-ARC,https://covid-arc.loni.usc.edu/
PyTorch on the HPC Clusters | Princeton Research Computing,https://researchcomputing.princeton.edu/support/knowledge-base/pytorch
Stack Overflow Developer Survey 2017,https://insights.stackoverflow.com/survey/2017
Generalizable deep learning model for early Alzheimer's disease ...,https://www.nature.com/articles/s41598-022-20674-x
20 Best teacher jobs in Loni- Uttar Pradesh (Hiring Now!) | SimplyHired,https://www.simplyhired.co.in/search?q=teacher&l=loni%2C+uttar+pradesh
What Is Prescriptive Analytics? How It Works and Examples,https://www.investopedia.com/terms/p/prescriptive-analytics.asp
Kauai Community College: Welcome Home,https://www.kauai.hawaii.edu/
Adobe's Loni Stark on how government can be more collaborative ...,https://fedscoop.com/adobes-loni-stark-industry-can-help-government-become-digital/
Senior Director- Strategy & Product @ Adobe: Loni Stark - Digital ...,https://www.branch.io/resources/podcast/senior-director-strategy-and-product-adobe-loni-stark-digital-disruption-and/
Information Sciences Institute,https://www.isi.edu/
EpiBioS4Rx,https://epibios.loni.usc.edu/
California 2022 Voter Guide: Lanhee Chen,https://calmatters.org/california-voter-guide-2022/controller/lanhee-chen/
Online Curriculum & Coursework for K–12 Education | Edgenuity Inc,https://www.edgenuity.com/
Humanitarian Enablers | A Day In The Life Of CTG Staff | Loni ... - CTG,https://ctg.org/a-day-in-the-life-of-ctg-staff-loni-olluru/
2023 Summer Internship - Applying ML methods in Oncology ...,https://www.takedajobs.com/job/boston/2023-summer-internship-applying-ml-methods-in-oncology-clinical-pharmacology/1113/41806956032
Top Boston- MA Blockchain Companies 2023 | Built In Boston,https://www.builtinboston.com/companies/type/blockchain-companies
LinkedIn Learning - Apps on Google Play,https://play.google.com/store/apps/details?id=com.linkedin.android.learning&hl=en_US&gl=US
On Track Recruitment Solutions | LinkedIn,https://au.linkedin.com/company/on-track-rail-solutions
Loni Hanson,https://www.cityofredlodge.net/sites/default/files/fileattachments/city_council/meeting/packets/7799/04-13-2021_supporting_documents.pdf
Longitudinal Intraindividual Cognitive Variability Is ... - Frontiers,https://www.frontiersin.org/articles/10.3389/fnagi.2022.859873/full
Looking for Python Trainer in Loni- Ghaziabad - Job ID 12670049 ...,https://www.urbanpro.com/ghaziabad/looking-for-python-trainer-in-loni/34979755
Loni Anderson Issue - ABILITY Magazine,https://abilitymagazine.com/issue/issue-072-loni-anderson/
Sign in - Google Accounts,https://support.google.com/easyokrs/?hl=en
Education Canada Network | LinkedIn,https://ca.linkedin.com/company/education-canada-network
Ashvin - Pune- : Student in MIT-SOE Loni-Kalbhor- in B-tech 2nd ...,https://www.superprof.ng/student-mit-soe-loni-kalbhor-tech-2nd-year-have-basic-knowledge-computer-science-and-also-programming-language-like.html
Using Machine Learning to Predict Dementia from Neuropsychiatric ...,https://content.iospress.com/articles/journal-of-alzheimers-disease/jad191169
Materials | Free Full-Text | Recent Advances in Materials and ...,https://www.mdpi.com/1996-1944/15/3/724/htm
Liquid Filling Machines Jobs,https://www.naukri.com/liquid-filling-machines-jobs
Careers at CDFW,https://wildlife.ca.gov/Employment/Careers
The Loni Urban Multi State Credit & Thrift Cooperative Society Jobs ...,https://www.ambitionbox.com/jobs/the-loni-urban-multi-state-credit-and-thrift-cooperative-society-jobs
Preschool Learning Foundations Vol. 1 - Child Development (CA ...,https://www.cde.ca.gov/sp/cd/re/documents/preschoollf.pdf
Department Capabilities | Southern University and A&M College,https://www.subr.edu/page/department-capabilities-computer-science
Why Career in Machine Learning in2021 | MIT FuSE,https://mitfutureskills.org/blog/why-pursue-a-career-in-machine-learning/
Top Computer Classes in Loni - Best Computer Training Institutes ...,https://www.justdial.com/Delhi/Computer-Training-Institutes-in-Loni/nct-10124277
CommScope | now meets next,https://www.commscope.com/
Convolutional Neural Networks With TensorFlow | Edureka - YouTube,https://www.youtube.com/watch?v=umGJ30-15_A
HOSPITAL Interview Questions & Answers! (Hospital and ...,https://www.youtube.com/watch?v=SvZ3Y6oqwmw
An extensible and scalable Pilot-MapReduce framework for data ...,https://digitalcommons.lsu.edu/cgi/viewcontent.cgi?article=4486&context=gradschool_theses
Laurie Anderson: The 60 Minutes Interview - CBS News,https://www.cbsnews.com/video/laurie-anderson-60-minutes-video-2022-04-03/
New research offers glimpse into workings of the brain – The Denver ...,https://www.denverpost.com/2015/06/21/new-research-offers-glimpse-into-workings-of-the-brain/
Online Program,https://ww2.amstat.org/meetings/sdss/2020/onlineprogram/Program.cfm
Transfer learning on T1-weighted images for brain age estimation,https://www.aimspress.com/article/doi/10.3934/mbe.2019218?viewType=HTML
Experiences in Analysing the Software Quality of ML Projects with ...,https://research.tudelft.nl/files/130752635/Project_smells_Experiences_in_Analysing_the_Software_Quality_of_ML_Projects_with_mllint.pdf
Search results | TU Delft Repositories,https://repository.tudelft.nl/islandora/search/subject%3A%22classification%22
EWD Archives - Page 3 of 11 - Moraine Park Technical College Blog,https://blog.morainepark.edu/category/economic-and-workforce-development/page/3/
Introducing the New Adobe Experience Manager: Powering the ...,https://www.fastcompany.com/3057823/introducing-the-new-adobe-experience-manager-powering-the-experience-business
Dynamatic Technologies Limited,https://dynamatics.com/
Artificial Intelligence in Neuroradiology: Current Status and Future ...,https://europepmc.org/article/pmc/pmc7658873
Energy Science & Engineering: Vol 8- No 10,https://onlinelibrary.wiley.com/toc/20500505/2020/8/10
Master thesis,http://fairmed.compute.dtu.dk/files/theses/Demographic%20bias%20in%20public%20neuroimaging%20databases,%20and%20its%20effect%20on%20AI%20systems%20for%20computer-aided%20diagnosis%20[Kergel%20Pedersen]%20(2021).pdf
Microsoft Technical Support Engineer Interview Questions | Glassdoor,https://www.glassdoor.co.uk/Interview/Microsoft-Technical-Support-Engineer-Interview-Questions-EI_IE1651.0,9_KO10,36.htm
July 29- 2020 edition of the Green Laker (Volume 45- No. 6) by ...,https://issuu.com/theofficialgreenlaker/docs/july_29__2020_green_laker
ISSN: 2320-5407 Int. J. Adv. Res. 7(11)- 235-242 RESEARCH ...,https://www.journalijar.com/uploads/541_IJAR-29457.pdf
Applying Deep Learning-Based Personalized Item ...,https://downloads.hindawi.com/journals/misy/2022/2364154.pdf
Coca-Cola Archives - ClickZ,https://www.clickz.com/tag/coca-cola/
An ecosystem approach for reducing recidivism | Deloitte Insights,https://www2.deloitte.com/za/en/insights/industry/public-sector/reducing-recidivism-ecosystem-approach-for-successful-reentry.html
Intelligent Grid Enabled Services for Neuroimaging Analysis,https://core.ac.uk/download/pdf/77059577.pdf
Attendees Research Statements NSF Workshop on Challenges of ...,https://confluence.pegasus.isi.edu/download/attachments/2031796/ParticipantStatements.pdf
MaPSeq- A Service-Oriented Architecture for Genomics Research ...,https://citeseerx.ist.psu.edu/document?repid=rep1&type=pdf&doi=622b0970990f260dfc6b4bb9938b4c27c61dc4f7
Loni Legend 2023: Free Porn Star Videos (87) @ xHamster,https://xhamster.com/pornstars/loni-legend
