Title,URL
Pranav Gautam - Senior RPA Engineer - Cvent | LinkedIn,https://in.linkedin.com/in/pranav-gautam-807a51103
Market/Business Research internship in Moradabad with job offer,https://internshala.com/internships/market%2Fbusiness-research-internship-in-moradabad/ppo-true/
Machine Operator Job Vacancies in Moradabad-Machine Operator ...,https://www.placementindia.com/job-search/machine-operator-jobs-in-moradabad.htm
Geetika Gupta - Associate Engineer - Nagarro | LinkedIn,https://in.linkedin.com/in/geetika-gupta-81902b206
Lathe Machine Jobs In Delhi Moradabad Malaysia - 22 Lathe ...,https://www.naukri.com/lathe-machine-jobs-in-delhi-moradabad-malaysia
Talespin ✈️ | LinkedIn,https://www.linkedin.com/company/talespin
Computer Science | Harvard John A. Paulson School of Engineering ...,https://seas.harvard.edu/computer-science
Django Jobs in Moradabad- Uttar Pradesh (Feb 2023) - 330 Django ...,https://www.shine.com/job-search/django-jobs-in-moradabad
Locations - PayPal India: Overview - PayPal Careers,https://careers.pypl.com/locations/india/
Rubina Parveen - Data Engineer - Scotiabank | LinkedIn,https://ca.linkedin.com/in/rubina-parveen-datascience
MIT Group of Institutions - Moradabad,https://www.mitmoradabad.edu.in/
Teerthanker Mahaveer University Applications are invited from ...,https://www.facultytick.com/2022/04/20/teerthanker-mahaveer-university-applications-are-invited-from-eligible-candidates-for-the-following-post-of-teaching-faculty-recruitment/
Get an electrifying career with Department of Electronics ...,https://www.youtube.com/watch?v=Ze8ZtZmCe2I
Dymax - Dymax,https://dymax.com/
(PDF) Features Exposing Responses of Hungarian Students for the ...,https://www.researchgate.net/publication/349053947_Features_Exposing_Responses_of_Hungarian_Students_for_the_Real-Time
Vijay Kumar - Singapore- Singapore | Professional Profile | LinkedIn,https://sg.linkedin.com/in/vijay-kumar-2a7956202?trk=public_post_share-update_social-details_comment_actor-image
Palantir Technologies - Forward Deployed Software Engineer: UK ...,https://jobs.lever.co/palantir/1d51a14a-e65c-479b-a36c-ba8745df4c7d/apply
WORKING PAPER SERIES,https://core.ac.uk/download/pdf/7070608.pdf
Research Development Scientist Jobs in Noida - Research ...,https://www.timesjobs.com/jobs-in-noida/research-development-scientist-jobs
Classifying Drug Ratings Using User Reviews with Transformer ...,https://europepmc.org/article/pmc/pmc9744636
Untitled,https://www.mdpi.com/2254-9625/11/4/101/xml
Teerthankar Mahaveer University: Dr. Priyank Singhal- Associate ...,https://collegedunia.com/news/c-15445-interview-dr-priyank-singhal-associate-professor-at-teerthankar-mahaveer-university-moradabad
Wintax Solution Reviews by 240 Employees | AmbitionBox,https://www.ambitionbox.com/reviews/wintax-solution-reviews?page=3
Beyond the Disaster: Communities of Practice and Statuses of Labor ...,https://journals.openedition.org/samaj/7783?lang=fr
