Title,URL
0 HR Jobs for Freshers in Sasaram- Feb | Internshala,https://internshala.com/fresher-jobs/hr-jobs-in-Sasaram/
Maurya Mediplex ( Hospital ) | LinkedIn,https://in.linkedin.com/company/maurya-healthcare
Careers at CME Group,https://www.cmegroup.com/careers.html
Industries | Aravo,https://aravo.com/industries/
IBM Careers - Software Engineering,https://www.ibm.com/careers/us-en/teams/software-engineering
Ravi - Sasaram- : I am Computer Science Engineering Student- I ...,https://www.superprof.com/computer-science-engineering-student-have-good-knowledge-science-and-mathematics-give-tuition-high-schools-and.html
Deepak - Sasaram- : I have cleared gate exam with 50 marks. I have ...,https://www.superprof.ng/have-cleared-gate-exam-with-marks-have-done-mtech-from-nit-allahabad.html
477 Part Time Counselling Jobs and Vacancies - 5 February 2023 ...,https://in.indeed.com/Part-Time-Counselling-jobs
Jobs in Sasaram - Check Latest (77) Job Openings (February 2023 ...,https://www.quikr.com/jobs/sasaram+zwqxj760939060
Library of Things: Go for broke without ... - Sacramento Public Library,https://www.saclibrary.org/Books-Media/Specialty-Checkouts/Library-of-Things
Data scientist salary in Patna- Bihar,https://in.indeed.com/career/data-scientist/salaries/Patna--Bihar
Page 2 - Security Advisor Jobs In Sasaram - 2084 Security Advisor ...,https://www.naukri.com/security-advisor-jobs-in-sasaram-2
Top 10 AC Mechanic Training Centres in Sasaram- Institutes ...,https://www.sulekha.com/ac-mechanic-training/sasaram
Safran Nacelles,https://www.safran-group.com/companies/safran-nacelles
Career | Cashify.in,https://www.cashify.in/career
Hospital Manager Salary in Sasaram | AmbitionBox,https://www.ambitionbox.com/profile/hospital-manager-salary/sasaram-location
Find Other Food Manufacturing Companies in Sasaram - Dun ...,https://www.dnb.com/business-directory/company-information.other_food_manufacturing.in.bihar.sasaram.html?page=1
Sumit Saraogi - Senior Director of Product Management - Enphase ...,https://www.linkedin.com/in/ssaraogi
Data | Free Full-Text | Congestion Adaptive Traffic Light Control and ...,https://www.mdpi.com/2306-5729/3/4/67
Impetus: Cloud and Data Engineering,https://www.impetus.com/
4 Cnc Operator Jobs and Vacancies in Noida - 2023,https://www.goodworker.in/cnc-operator-jobs-in-noida
Yubo Huang - Lead Application Consultant - NCS Group | LinkedIn,https://sg.linkedin.com/in/yubo-huang-5b434454
Netafim: Global leader in irrigation solutions,https://www.netafim.com/en/
Shershah Engineering College- Sasaram | Facebook,https://www.facebook.com/groups/566041410642620/
AWS Certification | AWS Solutions Architect Training Course,https://www.simplilearn.com/cloud-computing/aws-solution-architect-associate-training
Reading night Library Sasaram ssc mts - YouTube,https://www.youtube.com/watch?v=CZ2sSgOcEh8
Pasadena Wedding Venue Video | Imperial Palace Banquet Hall ...,https://www.youtube.com/watch?v=q5ny8dsqWIs
Packing work from home jobs? Real or Fake? - YouTube - YouTube,https://www.youtube.com/watch?v=wF_YC_5-WRg
Free Computer Typing Certificate for Govt. Jobs | Improve your ...,https://www.youtube.com/watch?v=s7QPKBu57fo
Slipper Making Machine Manufacturer | Chappal Making Machine ...,https://www.youtube.com/watch?v=ppTCn4FeW6U
Packing Job Work From Home| pen- pencil packing job 30000/M ...,https://m.youtube.com/watch?v=vFGx6L1uF0E
