Title,URL
0 Finance Jobs for Freshers in Rajnandgaon- Feb | Internshala,https://internshala.com/fresher-jobs/finance-jobs-in-rajnandgaon/
D&D Associates | LinkedIn,https://www.linkedin.com/company/d&d-associates
Machine Learning Engineer Job Description Template 2023 | Upwork,https://www.upwork.com/hire/machine-learning-experts/job-description/
30 Rajnandgaon Jobs and Vacancies - 7 February 2023 | Indeed.com,https://in.indeed.com/Rajnandgaon-jobs
Data Scientist Job Description Template 2023 | Upwork,https://www.upwork.com/hire/data-scientists/job-description/
Jabil Careers: Career Opportunities at Jabil,https://careers.jabil.com/en/
ABIS Exports Rajnandgaon Reviews by 57 Employees | AmbitionBox,https://www.ambitionbox.com/reviews/abis-exports-reviews/rajnandgaon-location?page=2
medical college Rajnandgaon Chhattisgarh Jobs - GYANMALA ...,https://www.gyanmalalibrary.com/medical-college-rajnandgaon-chhattisgarh-jobs.html
Arcadis IBI Group,https://www.ibigroup.com/
Global Fishing Watch: Transparency for a Sustainable Ocean,https://globalfishingwatch.org/
Careers | John Deere IN,https://www.deere.co.in/en/our-company/john-deere-careers/
Jobs in Rajnandgaon - Check Latest (69) Job Openings (February ...,https://www.quikr.com/jobs/rajnandgaon+zwqxj760939060
Careers - IBI Group,https://www.ibigroup.com/careers/
Office Assistant Job Description [Updated for 2023],https://www.indeed.com/hire/job-description/office-assistant
Vacancies | UNICEF Careers,https://jobs.unicef.org/en
Jobs at Eaton India,https://www.eaton.com/flash/eaton/india-hiring/lateral-hiring/index.html?wtredirect=www.eaton.com/lateral-hiring
Field Engineering Officer Jobs In Rajnandgaon - 79 Field ...,https://www.naukri.com/field-engineering-officer-jobs-in-rajnandgaon
Best Mobile Companies and Startups to Work for in Chhattisgarh ...,https://angel.co/startups/l/chhattisgarh/mobile-2
Executive - Back Office at TIOT Systems Pvt. Ltd. | intellijobs.ai,https://intellijobs.ai/job/TIOT-Systems-Pvt-Ltd-Executive-Back-Office-U8wdxcyW6NzLgVjKFKNZ
What Are The Best Resources For Competitive Programming ...,https://www.geeksforgeeks.org/what-are-the-best-resources-for-competitive-programming/
Top 10 Baby sitter in Rajnandgaon- Nanny in Rajnandgaon- Child ...,https://www.sulekha.com/child-care-services/rajnandgaon
4 Cnc Operator Jobs and Vacancies in Noida - 2023,https://www.goodworker.in/cnc-operator-jobs-in-noida
Machine learning Jobs: Jobs for freshers with Machine learning ...,https://www.freshersworld.com/machine-learning-jobs/3535242
Top Private Sector Banks in Rajnandgaon - Best Private Banks ...,https://www.justdial.com/Rajnandgaon/Private-Sector-Banks/nct-11190579
7 Things About... Olympic Swimming Pools - YouTube,https://www.youtube.com/watch?v=bZQ9ylTtBfQ
Guinea Pigs! What- Where- How - YouTube,https://www.youtube.com/watch?v=Co7-YTkbCCE
Wesleyan hindi medium school rajnandgaon | Facebook,https://www.facebook.com/100057137752811/videos/210229580146663/
LinkedIn Interview Questions | Glassdoor,https://www.glassdoor.com/Interview/LinkedIn-Interview-Questions-E34865_P4.htm
