Title,URL
761 Machine Learning Jobs and Vacancies in Tamil Nadu - 5 ...,https://in.indeed.com/Machine-Learning-jobs-in-Tamil-Nadu
C Subbu Sundar - Tirunelveli- Tamil Nadu- India | Professional ...,https://in.linkedin.com/in/c-subbu-sundar-2aaa49186
Lakshmi Tirunelveli Radhakrishnan - Software Engineer - IBM ...,https://www.linkedin.com/in/lakshmitr
Careers - Atos,https://atos.net/en/careers
Machine Learning – Jayacademy,https://jayacademy.tech/courses-course-in-detail/machine-learning/
Machine Learning (ML) Course Training in Tirunelveli- Chennai,https://360digitmg.com/india/tirunelveli/machine-learning-certification-course-training-institute
Salary: Medical Sales Representative in Tirunelveli (India) 2022 ...,https://www.glassdoor.com/Salaries/tirunelveli-medical-sales-representative-salary-SRCH_IL.0,11_IC2837546_KO12,40.htm
Web Development Internship in Tirunelveli | Internshala,https://internshala.com/internships/web-development-internship-in-tirunelveli/
iTech India Reviews in Tirunelveli (India) | Glassdoor,https://www.glassdoor.com/Reviews/iTech-India-Tirunelveli-Reviews-EI_IE496558.0,11_IL.12,23_IC2837546.htm
Centizen Talent Hub,https://www.centizen.com/
Einstein College of Engineering || Best College in Tirunelveli,https://einsteincollege.ac.in/
Top Online Placement Services in Tirunelveli - Best Online Jobs ...,https://www.justdial.com/Tirunelveli/Online-Placement-Services/nct-10964856
Livewire Tirunelveli | Tirunelveli,https://www.facebook.com/people/Livewire-Tirunelveli/100063547181220/
UiPath Careers and Employment | UiPath,https://www.uipath.com/company/careers
Machine Operator Job Vacancies in Tirunelveli-Machine Operator ...,https://www.placementindia.com/job-search/machine-operator-jobs-in-tirunelveli.htm
Big Data Platform – Amazon EMR – Amazon Web Services,https://aws.amazon.com/emr/
Careers | Bosch in India,https://www.bosch.in/careers/
iTech India Salaries in Tirunelveli | AmbitionBox,https://www.ambitionbox.com/salaries/itech-india-private-limited-salaries/tirunelveli-location
Job Openings Archive - CapeStart,https://www.capestart.com/careers/
Work From Home Internship machine learning Jobs | Glassdoor,https://www.glassdoor.co.in/Job/work-from-home-internship-machine-learning-jobs-SRCH_FW0,14_KO15,42.htm
Electronics | Free Full-Text | Machine Learning in Wireless Sensor ...,https://www.mdpi.com/2079-9292/10/9/1012
Page 236: Best Internet Companies and Startups to Work for in 2023 ...,https://angel.co/startups/industry/internet?page=236
Cognitive Model for Human Behavior Analysis | Request PDF,https://www.researchgate.net/publication/358671332_Cognitive_Model_for_Human_Behavior_Analysis
3 Best Freelance Data Analysts For Hire Near Douglasville- GA ...,https://www.upwork.com/hire/data-analysts/us/douglasville-ga/
Innova Solutions (formerly ACS Solutions),https://www.innovasolutions.com/
TRUST BASED RESOURCE SELECTION AND LIST SCHEDULING ...,https://citeseerx.ist.psu.edu/document?repid=rep1&type=pdf&doi=771470d525cb58607d456fed80cae398ce24ee80
Chest radiography images (X-ray images) analysis and COVID-19 ...,https://www.tandfonline.com/doi/pdf/10.1080/0954898X.2022.2147231?needAccess=true
International Conference on Sustainable Computing in Science ...,https://papers.ssrn.com/sol3/Delivery.cfm/SSRN_ID3355131_code3076116.pdf?abstractid=3355131&mirid=1
Study on the effect of COVID − 19 pandemic on the savings and ...,https://europepmc.org/article/pmc/pmc9236979
Erp Data Jobs in India - TimesJobs,https://m.timesjobs.com/jobskill/erp-data-jobs
Business Intelligence Fresher Jobs in India - 49909 Business ...,https://www.timesjobs.com/jobskill/business-intelligence-fresher-jobs
Developing Countermeasures of Integrating Entrepreneurship ...,https://downloads.hindawi.com/journals/jece/2022/1723712.pdf
Developing design principles to standardize e-commerce ...,https://www.ncbi.nlm.nih.gov/pmc/articles/PMC9793362/
3i Infotech Ltd. | LinkedIn,https://qa.linkedin.com/company/3i-infotech?trk=public_profile_experience-item_profile-section-card_image-click
A Custom Implementation of the Velocity Threshold Algorithm for ...,https://www.amrita.edu/publication/a-custom-implementation-of-the-velocity-threshold-algorithm-for-fixation-identification/
Detailed Table of Contents,https://www.igi-global.com/pdf.aspx?tid=230626&ptid=218574&ctid=15&t=Detailed%20Table%20of%20Contents&isxn=9781522590231
