Title,URL
Shubh Infotech Bhilai Nagar Review by 1 Employee | AmbitionBox,https://www.ambitionbox.com/reviews/shubh-infotech-reviews/bhilai-nagar-location
Techonet | LinkedIn,https://in.linkedin.com/company/techonets
262 Jobs and Vacancies in Bhilai- Chhattisgarh - 6 February 2023 ...,https://in.indeed.com/jobs-in-Bhilai,-Chhattisgarh
NimbusPost Bhilai Nagar Reviews by 8 Employees | AmbitionBox,https://www.ambitionbox.com/reviews/nimbuspost-reviews/bhilai-nagar-location
Central Business Solutions Inc. | LinkedIn,https://www.linkedin.com/company/central-business-solutions
Data Scientist Jobs in Bhilai Nagar by Chanakya Engineering ...,https://www.placementindia.com/job-detail/data-scientist-jobs-in-chhattisgarh-bhilai-nagar-for-chanakya-engineering-foundation-1081702.htm
CHANAKYA ENGINEERING FOUNDATION company has vacancy ...,https://www.workindia.in/jobs/work_from_home_data_scientist-nehru_nagar-bhilai-2541790/
Vocational Training in Bhilai | Free Internship in Bhilai- Paid ...,https://www.onetin.com/
AugTech NextWealth - Information Technology and Information ...,https://www.augnw.com/
Sharad Roy - Software Engineer - Shopee | LinkedIn,https://sg.linkedin.com/in/sharad-roy
Data Science Course Training Institute in Bhilai,https://360digitmg.com/india/bhilai/data-science-certification-course-training-institute
Best Data Science Institute - Fireblaze AI School,https://fireblazeaischool.in/data-science-course-training-bhilai
1 Marketing/Sales Jobs for Freshers in Bhilai charoda- Feb ...,https://internshala.com/fresher-jobs/marketing%2Fsales-jobs-in-bhilai%20charoda/
Careers | Volkswagen Group,https://www.volkswagenag.com/en/career.html
BIT DURG | Topmost Engineering & Management Institute,https://bitdurg.ac.in/
Procurement News - SBI In the News,https://sbi.co.in/web/sbi-in-the-news/procurement-news
M.Tech.Data Science & Engineering – BITS Pilani,https://bits-pilani-wilp.ac.in/m-tech/cluster/data-science-and-engineering.php
Gate Coaching Classes In Bhilai - Engineer Circle,https://engineercircle.org/gate-coaching-in-bhilai/
Machine learning Jobs: Jobs for freshers with Machine learning ...,https://www.freshersworld.com/machine-learning-jobs/3535242
Welcome to GATE Academy - GATE ACADEMY Learning,https://www.gateacademy.co.in/
NIIT Bhilai in Smriti Nagar- Bhilai-490020 | Sulekha Bhilai,https://www.sulekha.com/niit-bhilai-smriti-nagar-bhilai-contact-address
Rooman - Best IT- Hardware & Software Training Institute in India,https://rooman.net/
Career | NIIT,https://www.niit.com/india/career
HDFC Careers,https://www.hdfc.com/careers
IANT is India's No.1 in IT - Hardware Networking - Cyber Security ...,https://iantindia.com/
Computer Science & Engineering - IIT Gandhinagar,https://iitgn.ac.in/faculty/cse
Candidate | Deen Dayal Upadhyaya Grameen Kaushalya Yojana ...,http://ddugky.gov.in/content/enrol
Welcome to Central Tool Room & Training Centre-Bhubaneswar,https://www.cttc.gov.in/
TalentSprint: Deep Tech Expertise for Professionals and Graduates,https://talentsprint.com/
Tuition Teacher Jobs 2023-24 Job Vacancy- Bhilai - Recruitment ...,https://www.quikr.com/jobs/tuition-teacher-jobs+bhilai+zwqxj4157493934
IIT Dharwad,https://www.iitdh.ac.in/
Top Typing Classes in Durg - Best Typewriting Training Centres ...,https://www.justdial.com/Durg/Typing-Classes/nct-10505221
CSVTU: Chhattisgarh Swami Vivekanand Technical University,https://www.csvtu.ac.in/
Shop for rent in Bhilai - Rental Shops in Bhilai,https://www.99acres.com/commercial-shops-for-rent-in-bhilai-ffid
Tenders Status,https://eprocure.gov.in/eprocure/app?page=WebTenderStatusLists&service=page
Govt Science College- Durg (C.G.): Best Colleges in Durg | Bhilai ...,https://www.govtsciencecollegedurg.ac.in/
Krishna Public School (KPS)- Sunder Nagar- Bhilai: Admission- Fee ...,https://school.careers360.com/schools/krishna-public-school-sunder-nagar-bhilai
Bhilai Campus | Rungta Group of Institutions - R1 - Bhilai Raipur,https://www.rungta.ac.in/bhilai-campus.php
Find a Training Centre,http://www.pmkvyofficial.org/Training-Centre.php
Data Annotation Jobs,https://www.naukri.com/data-annotation-jobs
CRISP - Home,https://www.crispindia.com/
Kalinga University Raipur- Best University in Chhattisgarh UGC ...,https://kalingauniversity.ac.in/
RVSCET: Jamshedpur- Best Private Engineering College in ...,https://www.rvscollege.ac.in/
Machining Job Work- Machine Job Work in Bhilai- मशीनिंग जॉब वर्क ...,https://dir.indiamart.com/bhilai/machining-job-work.html
Ujjivan Small Finance Bank in India | Build a better life,https://www.ujjivansfb.in/careers
McDonald's India launches its first restaurant in Bhilai- expands its ...,https://www.equitybulls.com/category.php?id=307883
IIIT NAYA RAIPUR,https://www.iiitnr.ac.in/
Raipur | Bandhan bank,https://bandhanbank.com/branch/raipur
Kalyan Post Graduate College- Bhilainagar: Admission- Fees ...,https://www.careers360.com/colleges/kalyan-post-graduate-college-bhilainagar
Current Openings | Pidilite | Pidilite,https://pidilite.com/current-openings/
TallyPrime - Business Management Software in India | Tally Solutions,https://tallysolutions.com/tally-prime/
Bharat Financial Inclusion Limited - A 100% Subsidiary of IndusInd ...,https://www.bfil.co.in/
Software Training : Webtech solutions : Best vocational training ...,https://webtechsolutionsdurg.com/software-training
Tableau Server Administration Jobs in India - 20282 Tableau Server ...,https://www.timesjobs.com/jobskill/tableau-server-administration-jobs
Bigbasket Careers,https://careers.bigbasket.com/
Jobs & Careers | Bajaj Electricals,https://www.bajajelectricals.com/careers/
Siemens "big company" Reviews | Glassdoor,https://www.glassdoor.co.uk/Reviews/Siemens-big-company-Reviews-EI_IE3510.0,7_KH8,19.htm
Sensible Computers- Vocational Training Bhilai- Vocational Training ...,https://www.sensible-computers.com/
Rungta college- RSR Rungta- SRGI Bhilai- Engineering ...,https://www.rungtacolleges.com/
Beginner Python lessons,https://www.superprof.co.uk/lessons/python/united-kingdom/beginner/145/
Shadow Flickering Analysis Jobs in India - 26371 Shadow Flickering ...,https://m.timesjobs.com/jobskill/shadow-flickering-analysis-jobs
MSME-DFOs- Raipur GOVERNMENT OF INDIA MINISTRY OF ...,http://www.msmediraipur.gov.in/
Branch Details | The Financial Express,https://www.financialexpress.com/ifsc-code/state-bank-of-india/rbo-iv-himayatnagar-branch-in-secunderabad-sbin0021698/
Ethnopharmacology | Apply for Honorary DSc in ...,https://sites.google.com/site/honorarydegreeacademics/ethnopharmacology-apply-for-honorary-dsc-in-ethnopharmacology-admission-announcement
Top Engineering Colleges in India Accepting Chattisgarh Pre ...,https://collegedunia.com/engineering/chattisgarh-pre-engineering-test-score-accepting-colleges
