Title,URL
Mondeep Das - Machine Learning Engineer(On L&T Payroll) - Rolls ...,https://in.linkedin.com/in/mondeep-das-135732153
Machine Learning Hackathon- NIT Silchar,https://www.facebook.com/mlHackathonNITS/
Ankit Sajwan - Research And Development Engineer - Amelia- an ...,https://in.linkedin.com/in/ankit-sajwan-5794a976
Amdocs Interview Experience for Associate Software Engineer ...,https://www.geeksforgeeks.org/amdocs-interview-experience-for-associate-software-engineer-pool-campus-at-nit-silchar-nit-agartala-august-2019/
Anubhav Sachan - Software Research Engineer - Samsung ...,https://in.linkedin.com/in/anubhav4sachan
Data Science internship in Silchar with job offer,https://internshala.com/internships/data-science-internship-in-silchar/ppo-true/
AI and ML Course - Enroll in AI ML Certification with Purdue & IBM,https://www.simplilearn.com/pgp-ai-machine-learning-certification-training-course
National Institute of Technology Silchar,http://www.nits.ac.in/
TAREQ BIN AHAMMED - Data Scientist - banglalink | LinkedIn,https://bd.linkedin.com/in/tareq-bin-ahammed-9b722b145
Arpita NATH BORUAH | PhD Student | Pursing PhD | National ...,https://www.researchgate.net/profile/Arpita-Nath-Boruah
Amazon.in | Amazon.jobs,https://www.amazon.jobs/en/teams/in
Alok Singh | Smith School of Enterprise and the Environment,https://www.smithschool.ox.ac.uk/person/alok-singh
Assam: Six-day infant- family rescued from flood-hit Silchar,https://www.eastmojo.com/assam/2022/06/27/assam-six-day-infant-family-rescued-from-flood-hit-silchar/
Dr. Saroj Kr. Biswas |,http://cs.nits.ac.in/saroj/
OptCoNet: an optimized convolutional neural network for an ...,https://www.ncbi.nlm.nih.gov/pmc/articles/PMC7502308/
Best 12 Machine Learning Bachelor's Degrees in India 2023 ...,https://www.bachelorsportal.com/study-options/270205259/machine-learning-india.html
Lecturer Jobs In Silchar Eastindia - 1149 Lecturer Job Vacancies In ...,https://www.naukri.com/lecturer-jobs-in-silchar-eastindia
40 Lab Job Vacancies In Silchar Assam - Naukri.com,https://www.naukri.com/lab-jobs-in-silchar-assam
Computer Science < Northeastern University,https://catalog.northeastern.edu/graduate/computer-information-science/computer-science/
National Institute of Technology Silchar | World University Rankings ...,https://www.timeshighereducation.com/world-university-rankings/national-institute-technology-silchar
MIND 2020,http://mind2020.nits.ac.in/
Dice Daily Articles | Dice.com Career Advice,https://www.dice.com/career-advice/dice-daily
Urgent: Construction civil engineering Jobs in Silchar - January ...,https://in.jooble.org/jobs-construction-civil-engineering/Silchar
Artificial Intelligence Careers: Tips From 3 Experts | Built In,https://builtin.com/artificial-intelligence/career-in-artificial-intelligence
These BTechs used NPTEL- Udemy- Coursera MOOCs to get new ...,https://news.careers360.com/mooc-courses-engineering-btech-nptel-udemy-coursera-swayam-udacity-computer-science-engineering-skill-development-jobs-nit
Data Science with Python Training in Silchar- Courses | Sulekha,https://www.sulekha.com/data-science-with-python-training/silchar
ISMO - Boscotech Silchar,https://www.boscotechsilchar.com/courses/ismo/
ASSAM UNIVERSITY- SILCHAR DEPARTMENT OF STATISTICS ...,http://www.aus.ac.in/statistics-department/wp-content/uploads/sites/47/2022/11/NEP-AUS-PG-Statistcs-2022-NEW.pdf
NIT Silchar Recruitment 2022 – Research Associate Vacancy- Job ...,https://www.sentinelassam.com/jobs-in-assam/jobs-in-silchar/nit-silchar-research-associate-assam-job-recruitment-626158
Assam Career : NIT Silchar Recruitment 2022,https://nenow.in/assam-career/assam-career-nit-silchar-recruitment-2022-6.html
5 reasons why you shouldn't take a U-turn from Apollo but visit NIT ...,https://www.barakbulletin.com/en_US/5-reasons-why-you-shouldnt-take-a-u-turn-from-apollo-but-visit-nit-silchars-durga-puja/
Tiasha Bhowmik | Deep Learning Intern at C-Dac Silchar | F6S User ...,https://www.f6s.com/tiashabhowmik
Morgan Stanley Employee Profiles | Morgan Stanley Careers,https://www.morganstanley.com/articles/who-we-are
BOMBASTIC !!! Shillong To Silchar on Dominar - YouTube,https://www.youtube.com/watch?v=ovqI64W9Ijg
SAP Intern Reviews | Glassdoor,https://www.glassdoor.com/Reviews/SAP-intern-Reviews-EI_IE10471.0,3_KO4,10_IP4.htm
Tweets with replies by Swarnalee Mazumder (@swarnaleem) / Twitter,https://mobile.twitter.com/swarnaleem/with_replies
Detailed Table of Contents,https://www.igi-global.com/pdf.aspx?tid=208037&ptid=193072&ctid=15&t=Detailed%20Table%20of%20Contents
Business Intelligence Fresher Jobs in India - 49909 Business ...,https://www.timesjobs.com/jobskill/business-intelligence-fresher-jobs
Dr. Reddy's Reviews by 4-765 Employees | AmbitionBox,https://www.ambitionbox.com/reviews/dr-dot-reddys-reviews?page=7
