Title,URL
Summer Intern Jobs In India Haryana Panipat - 27753 Summer ...,https://www.naukri.com/summer-intern-jobs-in-india-haryana-panipat
Python Course in Panipat,https://www.codingbytes.com/python-course/python-course-in-panipat/
No Jobs at Amazon in Panipat (2023) | Glassdoor,https://www.glassdoor.com/Jobs/Amazon-Panipat-Jobs-EI_IE6036.0,6_IL.7,14_IC2921782.htm
Panipat Wattanasiri - PhD student - Imperial College London ...,https://uk.linkedin.com/in/panipatw
Software Development Internship in Panipat | Internshala,https://internshala.com/internships/software-development-internship-in-panipat/
Job offers | Air Liquide,https://www.airliquide.com/careers/job-offers
6 Computer Science Jobs for Freshers in Panipat- Jan | Internshala,https://internshala.com/fresher-jobs/computer-science-jobs-in-Panipat/
Ria Gupta - DevOps Engineer - Boeing | LinkedIn,https://ca.linkedin.com/in/ria-gupta-b58714b3
Ashoka University: Leading Liberal Arts and Sciences University,https://www.ashoka.edu.in/
Geeta University: Best Private University in Haryana Delhi NCR,https://www.geetauniversity.edu.in/
13 Fresher Jobs and Vacancies in Panipat Bus Stand- Haryana - 5 ...,https://in.indeed.com/Fresher-jobs-in-Panipat-Bus-Stand,-Haryana
Data Science Training in Panipat- Course Fees- Certification | Sulekha,https://www.sulekha.com/data-science-certification-training/panipat
Internships and apprenticeship at Nestlé | Nestlé Global,https://www.nestle.com/jobs/career-area/internships
Technologiestiftung on Twitter: "Looking for a Purpose Driven Job ...,https://twitter.com/tsbberlin/status/1587099979570634754
PANIPAT REFINERY & PETROCHEMICAL COMPLEX VACANCY ...,https://m.youtube.com/watch?v=QirxOfhIrQU
Lipsa P. on LinkedIn: Capitol AI is making your data accessible and ...,https://www.linkedin.com/posts/lpanda2014_capitol-ai-is-making-your-data-accessible-activity-6932703088688463873-Pxw7?trk=public_profile_like_view
Machining Jobs Openings In Gurgaon - TimesJobs.com,https://www.timesjobs.com/jobs-in-gurgaon/machining-jobs
Living In The U.S. | Babson College,http://www.babson.edu/admission/international-students/living-in-the-us/Pages/home.aspx
(PDF) High‐quality steganography scheme using hybrid edge ...,https://www.researchgate.net/publication/352482222_High-quality_steganography_scheme_using_hybrid_edge_detector_and_Vernam_algorithm_based_on_hybrid_fuzzy_neural_network
Textile Co. Hourly Pay | PayScale,https://www.payscale.com/research/US/Employer=Textile_Co./Hourly_Rate
Erp Data Jobs in India - TimesJobs,https://m.timesjobs.com/jobskill/erp-data-jobs
Haryana Plus - The Tribune- Chandigarh- India,https://m.tribuneindia.com/2008/20080104/harplus1.htm
Haryana - The Tribune- Chandigarh- India,https://m.tribuneindia.com/2006/20060618/haryana.htm
A Framework for an Artificial-Neural-Network-Based Electronic Nose ...,https://www.igi-global.com/chapter/a-framework-for-an-artificial-neural-network-based-electronic-nose/288965
IndusInd Bank Sales & Marketing Department Reviews by 101 ...,https://www.ambitionbox.com/reviews/indusind-bank-reviews/sales-and-marketing-department
Amazon.com Employment and Reviews | SimplyHired,https://www.simplyhired.com/company/Amazon.com/?l=Kansas+City%2C+KS
SKILL DEVELOPMENT & TRAINING CENTRE | Facebook,https://www.facebook.com/groups/268149517255455/
Vivekananda Global University: Mr. Sunil Rao- Chief Academic ...,https://collegedunia.com/news/c-54832-interview-mr-sunil-rao-chief-academic-officer-next-gen-at-vivekananda-global-university-jaipur
