Title,URL
Python Machine Learning Certification Training in Aurangabad.,https://www.edureka.co/machine-learning-certification-training-aurangabad
Data Analyst - Findability Sciences,https://findability.ai/jobs/data-analyst-2/
Vandana Kumar - Data science consultant - Maya | LinkedIn,https://in.linkedin.com/in/vandana-kumar-250120118
Entry Level Machine Learning Jobs,https://www.springboard.com/blog/data-science/entry-level-machine-learning-jobs/
Machine Learning Course Training in Aurangabad - 360DigiTMG,https://360digitmg.com/india/machine-learning-course-training-in-aurangabad
Best Artificial Intelligence Course in Aurangabad [Rated #1],https://www.simplilearn.com/artificial-intelligence-training-courses-aurangabad-city
Amazon.in | Amazon.jobs,https://www.amazon.jobs/en/teams/in
Data scientist salary in Aurangabad- Maharashtra,https://in.indeed.com/career/data-scientist/salaries/Aurangabad--Maharashtra
Artificial Intelligence Course in Aurangabad by CCE- IIT Madras,https://intellipaat.com/artificial-intelligence-course-aurangabad/
Data Science Course With Python Machine Learning in Aurangabad ...,https://www.apponix.com/data-science-course-in-aurangabad
Shubhra Deshpande - Software Development Engineer II - Amazon ...,https://www.linkedin.com/in/shubhra-deshpande
Machine Operator Job Vacancies in Aurangabad-Machine Operator ...,https://www.placementindia.com/job-search/machine-operator-jobs-in-aurangabad.htm
Saurabh Gagpalliwar - Nath Valley School Aurangabad - Pune ...,https://www.linkedin.com/in/saurabhvgagpalliwar
Best Data Science Institute - Fireblaze AI School,https://fireblazeaischool.in/data-science-course-training-aurangabad
Caterpillar | Caterpillar Careers | Build What Matters,https://www.caterpillar.com/en/careers.html
All jobs - Careers at Airbnb,https://careers.airbnb.com/positions/
B.Tech. AIML-UDICT - MGM University Aurangabad,https://mgmu.ac.in/under-graduate-programs/b-tech-aiml-udict/
16 Best walk in aurangabad jobs in Aurangabad- Maharashtra ...,https://www.simplyhired.co.in/k-walk-in-aurangabad-jobs.html
Welcome - SuperDataScience | Machine Learning | AI | Data ...,https://www.superdatascience.com/
Findability Sciences Aurangabad Reviews by 6 Employees ...,https://www.ambitionbox.com/reviews/findability-sciences-reviews/aurangabad-location
Job Search | Cerner Careers,https://careers.cerner.com/search
Executive Assistant Job in Aurangabad at Verve Advisory Private ...,https://internshala.com/job/detail/executive-assistant-fresher-jobs-in-aurangabad-at-verve-advisory-private-limited1665220979
A Fresher's Journey to Become a Data Scientist | Baord Infinity,https://www.boardinfinity.com/blog/sourabhs-journey-from-mechanical-engineering-to-data-science/
IT Software Jobs In Aurangabad -IT Software Jobs Openings In ...,https://www.timesjobs.com/job-location/aurangabad/it-software-jobs
Urgent: Paid internship Jobs in Aurangabad - February 2023 - 56 ...,https://in.jooble.org/jobs-paid-internship/Aurangabad
Internship Opportunities | Johnson & Johnson,https://www.careers.jnj.com/internship
Careers | Perkins,https://www.perkins.com/en_GB/company/careers-perkins-recruitment.html
Data Science Course in Aurangabad - Best Training Institute - Fees ...,http://quickxpertinfotech.com/data-science-course-in-aurangabad
Job vacancies at Liebherr | Liebherr,https://www.liebherr.com/en/usa/career/job-vacancies/job-vacancies.html
Scientific Internships- Fellowships / Trainees and Non-U.S. Citizens ...,https://www.fda.gov/about-fda/jobs-and-training-fda/scientific-internships-fellowships-trainees-and-non-us-citizens
Shreeyash College of Engineering and Technology Applications are ...,https://www.facultytick.com/2022/05/21/shreeyash-college-of-engineering-and-technology-applications-are-invited-from-eligible-candidates-for-the-following-post-of-teaching-faculty-and-non-teaching-recruitment/
Internships and Early Career Opportunities - Careers | JLL,https://www.us.jll.com/en/careers/early-careers
NetApp Careers – Jobs at NetApp,https://www.netapp.com/company/careers/
Career opportunities | Employment | Job openings at Eaton India,https://www.eaton.com/in/en-us/company/careers.html
The 6 Best Free Online Artificial Intelligence Courses Available Today,https://www.forbes.com/sites/bernardmarr/2018/04/16/the-6-best-free-online-artificial-intelligence-courses-for-2018/
AVD GROUP (@avdgroupofinstitutes) • Instagram photos and videos,https://www.instagram.com/avdgroupofinstitutes/?hl=en
Home - Quantiphi- Inc.,https://quantiphi.com/
Machine learning Training Internship Program with Free Gift JioBook ...,https://www.youtube.com/watch?v=KcYxPvRpbZA
Gemeindebund on Twitter: "https://t.co/7Ma9zN9Esw.Nachhaltig ...,https://twitter.com/Gemeindebund/status/1524384700621541376
Sikkim Manipal Institute of Technology – Sikkim Manipal University,https://smu.edu.in/smit.html/
JobsAurangabad | Facebook,https://m.facebook.com/groups/417952868856524/
Page 2: Best Social Media Marketing Companies and Startups to ...,https://angel.co/startups/industry/social-media-marketing?page=2
Deep Learning Training- Course- Certification | Sulekha,https://www.sulekha.com/deep-learning-training/
BE/B.Tech(CSE-IT-EC-EN- EE)/BCA/MCA/B.Sc(IT) JOB SEEKERS,https://www.facebook.com/groups/1453152564905799/?locale=sl_SI
CP GLASS S.A. | LinkedIn,https://uk.linkedin.com/company/cpglass?trk=public_profile_experience-item_profile-section-card_subtitle-click
A Smart Solar Photovoltaic Remote Monitoring and Controlling ...,https://www.researchgate.net/publication/331677910_A_Smart_Solar_Photovoltaic_Remote_Monitoring_and_Controlling
Untitled,https://mdpi-res.com/d_attachment/mathematics/mathematics-11-00612/article_deploy/mathematics-11-00612.xml
Mirza Abdul Qayyum - CompuTeach Int'l (UK) - Rawalpindi- Punjab ...,https://pk.linkedin.com/in/mirza-abdul-qayyum-5417352b
488 Agriculture / Dairy Job Vacancies - Shine.com- Apply Now!,https://www.shine.com/job-search/agriculture-dairy-jobs-4
Voice of India for startups - Groupes | Facebook,https://fr-fr.facebook.com/Voifs.india/groups/
How a school dropout empowers women,https://www.slideshare.net/vinodraieng/how-a-school-dropout-empowers-women
19358 Qa Regression Testing Jobs Openings in India,https://m.timesjobs.com/jobskill/qa-regression-testing-jobs
