Title,URL
0 Marketing/Sales Jobs for Freshers in Tinsukia- Feb | Internshala,https://internshala.com/fresher-jobs/marketing%2Fsales-jobs-in-Tinsukia/
House of Tinsel | LinkedIn,https://in.linkedin.com/company/house-of-tinsel
Amazon.in | Amazon.jobs,https://www.amazon.jobs/en/teams/in
Amoh | LinkedIn,https://in.linkedin.com/company/amoh
upGrad hiring Admissions Counselor in Tinsukia - Join leading startup,https://earlytutors.com/jobs/upgrad-admissions-counselor-in-tinsukia-as/
Working at Unilever | Jobs and Careers at Unilever,https://careers.unilever.com/
Xerox: Workplace and Digital Printing Solutions,https://www.xerox.com/en-us
Kamalika Das - Research Manager- Artificial Intelligence - Intuit ...,https://www.linkedin.com/in/kamalika-das-619bb23
Top 10 Tailoring Classes in Tinsukia- Stitching- Sewing Courses ...,https://www.sulekha.com/tailoring-training/tinsukia
Assam: Doom Dooma MLA Rupesh Gowala lays base for Tea City ...,https://www.eastmojo.com/assam/2023/01/07/assam-doom-dooma-mla-rupesh-gowala-lays-base-for-tea-city-guest-house-in-tinsukia/
Find Manufacturing Companies in Tinsukia - Dun & Bradstreet,https://www.dnb.com/business-directory/company-information.manufacturing.in.assam.tinsukia.html
Assam: Four ULFA (I) linkmen arrested- one injured in Tinsukia ...,https://www.eastmojo.com/assam/2022/12/21/assam-four-ulfa-i-linkman-arrested-one-injured-in-tinsukia-encounter/
Transportation Jobs In Tinsukia Assam - 75 Transportation Job ...,https://www.naukri.com/transportation-jobs-in-tinsukia-assam
JioMart Customer Service Officer Tinsukia Employee Benefits ...,https://www.ambitionbox.com/benefits/jiomart-benefits/customer-service-officer/tinsukia-location
1-121 Kendriya Vidyalaya Nagaon- Assam Jobs and Vacancies - 3 ...,https://in.indeed.com/Kendriya-Vidyalaya-Nagaon,-Assam-jobs-in-nationwide
FIONA Beauty Academy- Tinsukia | Tinsukia,https://www.facebook.com/fionabeautyacademy/
Top Stenography Institutes in Tinsukia - Best Short Hand Writing ...,https://www.justdial.com/Tinsukia/Stenography-Institutes/nct-10961635
Welcome to North East Frontier Railway / Indian Railways Portal,https://nfr.indianrailways.gov.in/
Pharmaceutical Packaging Jobs 2023-24 Job Vacancy- Tinsukia ...,https://www.quikr.com/jobs/pharmaceutical-packaging-jobs+tinsukia+zwqxj4157493934
Dolly Agarwal - Data Scientist - Ai Palette | LinkedIn,https://sg.linkedin.com/in/dolly-agarwal
Find School Bus Driver Jobs with weekly home time | Indeed.com,https://www.indeed.com/q-School-Bus-Driver-jobs.html
Industrial Tour to TRTC and Industrial Estate- DICC- Borguri ...,https://tinsukiacollege.in/uploads/files/TRTC.pdf
WordPress Developers Salary in India in 2023 | upGrad blog,https://www.upgrad.com/blog/wordpress-developers-salary-in-india/
Career Opportunities,https://www.blackbuck.com/careers.php
Computer Center- Women's College- Tinsukia,https://wcttsk.ac.in/data/page/computer-center/
Vol. 6 No. 8 (2022) | Journal of Positive School Psychology,https://journalppw.com/index.php/jpsp/issue/view/38
Machine learning Jobs: Jobs for freshers with Machine learning ...,https://www.freshersworld.com/machine-learning-jobs/3535242
Rats Chew Through $18-000 Worth of Cash Inside ATM in India,https://www.insider.com/rats-chew-through-cash-inside-atm-in-india-2018-6
Rat Eats Nearly $20-000 in Cash Inside ATM and Dies - Thrillist,https://www.thrillist.com/news/nation/rat-eats-cash-atm-dies
Unilever Manager Reviews | Glassdoor,https://www.glassdoor.com/Reviews/Unilever-Manager-Reviews-EI_IE3513.0,8_KO9,16_IP3.htm
Unilever Interview Questions | Glassdoor,https://www.glassdoor.com/Interview/Unilever-Interview-Questions-E3513_P5.htm
Sewing stars of Sulabh Vocational Training Centre - YouTube,https://www.youtube.com/watch?v=Dww6G65LmKg
Jhumur dance of the Tea Tribe - Assam - YouTube,https://www.youtube.com/watch?v=xdZtm_qNbV0
36367 Technical Proficiency Jobs Openings in India - TimesJob.com,https://www.timesjobs.com/jobskill/technical-proficiency-jobs
Erp Data Jobs in India - TimesJobs,https://m.timesjobs.com/jobskill/erp-data-jobs
Archives - Sep 28 - The Arunachal Times,https://www.arunachaltimes.in/archives/sep%2028%20.html
feb16 03,https://www.arunachaltimes.in/archives/feb16%2003.html
