Title,URL
UIDAI | LinkedIn,https://in.linkedin.com/company/adhaar-center
0 Computer Science Jobs for Freshers in Motihari- Jan | Internshala,https://internshala.com/fresher-jobs/computer-science-jobs-in-Motihari/
MUNIF - Chakia : Ms college motihari east champaran ms college ...,https://www.superprof.co.uk/college-motihari-east-champaran-college-motihari-college-motihari-east-champaran.html
upGrad hiring Admissions Counselor in Motihari - Join leading startup,https://earlytutors.com/jobs/upgrad-admissions-counselor-in-motihari-bh/
Software Engineer Salary in US in 2023 [All Job Roles: Highest to ...,https://www.upgrad.com/blog/software-engineer-salary-in-us/
Design and Analysis of Solar PV Rooftop in Motihari - IOPscience,https://iopscience.iop.org/article/10.1088/1742-6596/1817/1/012019/meta
Page 3 - Contact Associate Jobs In Motihari - 894 Contact Associate ...,https://www.naukri.com/contact-associate-jobs-in-motihari-3
Data Science Course in Motihari - Best Training Institute - Fees ...,http://quickxpertinfotech.com/data-science-course-in-motihari
Top 10 Tailoring Classes in Motihari- Stitching- Sewing Courses ...,https://www.sulekha.com/tailoring-training/motihari
D&D Pharmatech | LinkedIn,https://www.linkedin.com/company/ddpharmatech
Need Online Python Trainer in Motihari City- Motihari - Job ID ...,https://www.urbanpro.com/motihari/need-online-python-trainer-in-motihari-city/34961072
Motihari College of Engineering,https://www.mcemotihari.ac.in/
iMerit: AI Data Solutions,https://imerit.net/
YouVeda | LinkedIn,https://www.linkedin.com/company/youveda
Join Our Team | Yokohama Tire,https://www.yokohamatire.com/careers
Shriram Transport Finance Salaries in Motihari | AmbitionBox,https://www.ambitionbox.com/salaries/shriram-transport-finance-company-salaries/motihari-location
Jobs in Motihari - Check Latest (93) Job Openings (February 2023 ...,https://www.quikr.com/jobs/motihari+zwqxj760939060
Auto Care | 3M,https://www.3m.com/3M/en_US/auto-care-us/
Job openings | One Acre Fund,https://oneacrefund.org/job-openings
India - Jhpiego,https://www.jhpiego.org/countries-we-support/india/
Algorithms are controlling your life - Vox,https://www.vox.com/technology/2018/10/1/17882340/how-algorithms-control-your-life-hannah-fry
D&D Pharmatech,http://www.ddpharmatech.com/
George Orwell - 1984- Books & Quotes,https://www.biography.com/writer/george-orwell
Ashoka University: Leading Liberal Arts and Sciences University,https://www.ashoka.edu.in/
Account Manager (Individual Contributor role) - Remote at ...,https://angel.co/company/teikametrics/jobs/2007378-account-manager-individual-contributor-role-remote
Introduction to HAPPY's HCR3 Multihead Embroidery Machine Line ...,https://www.youtube.com/watch?v=O_Mfu1ZxQ4o
Star Agritech International,https://staragritech.com/
Adani Wilmar: Home,https://www.adaniwilmar.com/
About a million presentations are going on right now,https://pt.slideshare.net/thecroaker/death-by-powerpoint/4-About_a_million_presentations_are_going_on_right_now
Power Grid Corporation of India Directors Report- Power Grid Corp ...,https://www.moneycontrol.com/annual-report/powergridcorp/directors-report/PGC
Running Oracle EBS in the cloud (UKOUG APPS16 edition),https://www.slideshare.net/AndrejsProkopjevs/running-oracle-ebs-in-the-cloud-ukoug-apps16-edition
Final Brochure SHSS 2014-16 Web,https://www.slideshare.net/BhushanYande/final-brochure-shss-201416-web-54372313
