Title,URL
Join iMerit now to shape the future of AI and ML data | iMerit,https://imerit.net/careers/
Machine Learning Jobs In Noida Patna Bihar Kolkata Delhi Ncr ...,https://www.naukri.com/machine-learning-jobs-in-noida-patna-bihar-kolkata-delhi-ncr-lucknow-ranchi
Find jobs by job category,https://www.amazon.jobs/search-jobcategory
78 Machine Learning Faculty Jobs and Vacancies - 4 February 2023 ...,https://in.indeed.com/Machine-Learning-Faculty-jobs
SPADE RANCHI | LinkedIn,https://in.linkedin.com/company/spaderanchi
Machine Learning Course in Ranchi- Training | Sulekha,https://www.sulekha.com/machine-learning-courses/ranchi
Data Science Course in Ranchi - Certification Fee 50% Off,https://datamites.com/data-science-course-training-ranchi/
Data Science Course With Python Machine Learning in Ranchi ...,https://www.apponix.com/data-science-course-in-ranchi
Rohit Prasad: The Indian engineer who is the brain behind Alexa ...,https://timesofindia.indiatimes.com/nri/us-canada-news/rohit-prasad-the-indian-engineer-who-is-the-brain-behind-alexa/articleshow/65096284.cms
Best Data Science Course in Ranchi - IIT Madras CCE Training,https://intellipaat.com/data-scientist-course-training-ranchi/
Current Openings I Instacart Jobs and Careers I Apply Today!,https://instacart.careers/current-openings/
Career with B.Tech in Artificial Intelligence and Machine Learning,https://www.umu.ac.in/b-tech-course/empower-your-engineering-career-with-b-tech-in-artificial-intelligence-and-machine-learning-collaboration-with-tcs/
Sweta Priyadarshi - Deep Learning Engineer - Qualcomm | LinkedIn,https://www.linkedin.com/in/swetap24
All jobs - Careers at Airbnb,https://careers.airbnb.com/positions/
Birla Institute of Technology (BIT)- Mesra- Ranchi Coding hackathon ...,https://unstop.com/hackathon/machine-learning-contest-data-science-summit22-birla-institute-of-technology-bit-mesra-ranchi-263411
DOES BTECH COMPUTER SCIENCE DEGREE HAVE ANY VALUE ...,https://www.jru.edu.in/blog-post/btech-cs-it-ranchi/
Data Science Course in Ranchi [Rated #1],https://www.simplilearn.com/data-science-training-course-ranchi-city
Data Scientist Salary in Ranchi | AmbitionBox,https://www.ambitionbox.com/profile/data-scientist-salary/ranchi-location
27 Best Freelance Writers For Hire Near Ranchi- IN - Upwork™,https://www.upwork.com/l/in/writers-in-ranchi/
Python Training in Ranchi | Best Python Course Institute,https://www.edureka.co/python-programming-certification-training-ranchi
Internship in Ranchi | Internshala,https://internshala.com/internships/internship-in-ranchi/
Meet Rohit Prasad- the Ranchi Engineer Who Is The Brain Behind ...,https://www.thebetterindia.com/151975/rohit-prasad-ranchi-engineer-amazon-alexa/
Human Touch,https://fiftytwo.in/story/human-touch/
Business Analytics Course Training in Ranchi,https://360digitmg.com/india/ranchi/business-analytics-certification-course-training-institute
ICML 2023,https://icml.cc/
UiPath Careers and Employment | UiPath,https://www.uipath.com/company/careers
Job Openings and Applications,https://www.zeiss.com/corporate/int/careers/job-openings-and-applications.html
Appian Infotech | Data Services Consultancy,https://appianinfotech.com/
Home - Quantiphi- Inc.,https://quantiphi.com/
Glimpses of "Main Road" of Ranchi - YouTube,https://www.youtube.com/watch?v=N-fL-fIr-W0
Page 440: Best Enterprise Software Companies and Startups to ...,https://angel.co/startups/industry/enterprise-software?page=440
Page 438: Best Enterprise Software Companies and Startups to ...,https://angel.co/startups/industry/enterprise-software?page=438
Master Entrepreneur Program | LinkedIn,https://au.linkedin.com/company/masterentrepreneurprogram
PulDi-COVID: Chronic Obstructive Pulmonary (Lung) Diseases With ...,https://www.ncbi.nlm.nih.gov/pmc/articles/PMC9708623/
Rai earns 2019 Best Paper Award - Department of Mechanical and ...,https://engineering.buffalo.edu/mechanical-aerospace/news-and-events.host.html/content/shared/engineering/home/articles/news-articles/2019/rai-earns-2019-best-paper-award.detail.html
Sikkim Manipal Institute of Technology – Sikkim Manipal University,https://smu.edu.in/smit.html/
Prediction of Service-Level Agreement Violation in Cloud ...,https://www.researchgate.net/publication/341649232_Prediction_of_Service-Level_Agreement_Violation_in_Cloud_Computing_Using_Bayesian_Regularisation
Classification of Different Approaches for e-Science Applications in ...,https://www.computer.org/csdl/proceedings-article/2014/eait/4272z014/12OmNx8fi9R
Assignment3 1,https://www.slideshare.net/s1190177/assignment3-1
COVID 19-related burnout among healthcare workers in India and ...,https://pesquisa.bvsalud.org/global-literature-on-novel-coronavirus-2019-ncov/resource/pt/covidwho-1471995
Concepts and Shorcuts Of LCM for quantitative aptitude with ...,https://www.codingninjas.com/free-content/aptitude-preparation-course/content/concepts-shorcuts-of-lcm
Analytica July 2022 by Organon- The Analytics Club- IIM Rohtak ...,https://issuu.com/analytica_iimr/docs/analytica_july22
Apply for Honorary PhD in Mechanical Engineering - Honorary Awards,https://sites.google.com/site/honorarydegreeacademics/apply-for-honorary-phd-in-mechanical-engineering
Ultrasensitive and ultrathin phototransistors and photonic synapses ...,https://www.science.org/doi/abs/10.1126/sciadv.aay5225?doi=10.1126/sciadv.aay5225
Exploration Jobs Openings In Chennai - TimesJobs.com,https://www.timesjobs.com/jobs-in-chennai/exploration-jobs
Plant-mSubP: a computational framework for the prediction of single ...,https://go.gale.com/ps/i.do?id=GALE%7CA645219968&sid=googleScholar&v=2.1&it=r&linkaccess=abs&issn=20412851&p=AONE&sw=w
488 Agriculture / Dairy Job Vacancies - Shine.com- Apply Now!,https://www.shine.com/job-search/agriculture-dairy-jobs-4
Erp Data Jobs in India - TimesJobs,https://m.timesjobs.com/jobskill/erp-data-jobs
White knight in dark days? Supply chain finance firms- blockchain ...,https://dl.acm.org/doi/abs/10.1016/j.im.2022.103661
Bhuiyan Razib - Cars delivery & Bike delivery man - Al Nehar of ...,https://qa.linkedin.com/in/bhuiyan-razib-834529236
