Title,URL
Careers - ARA,https://www.ara.com/careers/
ARA | LinkedIn,https://www.linkedin.com/company/ara
upGrad hiring Admissions Counselor in Arrah - Join leading startup,https://earlytutors.com/jobs/upgrad-admissions-counselor-in-arrah-bh/
0 Web Development Jobs for Freshers in Arrah- Feb | Internshala,https://internshala.com/fresher-jobs/web-development-jobs-in-Arrah/
Nagarmal Sheonarain and Sons | LinkedIn,https://in.linkedin.com/company/nagarmal
Array Technologies: Home,https://arraytechinc.com/
Top 10 Tailoring Classes in Arrah- Stitching- Sewing Courses ...,https://www.sulekha.com/tailoring-training/arrah
Pranay Nandan - Arrah- Bihar- India | Professional Profile | LinkedIn,https://in.linkedin.com/in/pranay-nandan-835036124
Amazon Machine Learning Scientist Reviews | Glassdoor,https://www.glassdoor.com/Reviews/Amazon-Machine-Learning-Scientist-Reviews-EI_IE6036.0,6_KO7,33.htm
Career Opportunities- Openings and Jobs in India | HCLTech,https://www.hcltech.com/careers/Careers-in-india
Amazon Machine Learning Engineer Interview Questions | Glassdoor,https://www.glassdoor.com/Interview/Amazon-Machine-Learning-Engineer-Interview-Questions-EI_IE6036.0,6_KO7,32.htm
Saginaw Valley State University,https://www.svsu.edu/
Jobs in Arrah - Check Latest (72) Job Openings (February 2023 ...,https://www.quikr.com/jobs/arrah+zwqxj760939060
What is an Array? Types of Array | Great Learning,https://www.mygreatlearning.com/blog/what-is-an-array-learn-more-in-one-read/
Data Profiling: What Is It & How Does It Drive Decision Making?,https://blog.hubspot.com/website/data-profiling
Revel Rancharrah | Independent Living | Reno- NV 89511 | 37 reviews,https://www.aplaceformom.com/community/revel-rancharrah-1413352
XYZprinting- from desktop 3D printing to professional additive ...,https://www.3dnatives.com/en/xyzprinting-desktop-3d-printing-to-professional-additive-manufacturing-161120184/
Welcome To Bhojpur District | India,https://bhojpur.nic.in/
Photos of Clearwater at Rancharrah in Reno- NV,https://www.clearwaterliving.com/senior-living/nv/reno/kietzke-ln/photo-gallery
▷ Tutors in Arrah - TeacherOn,https://www.teacheron.com/tutors-in-arrah
Algorithms unit test Flashcards | Quizlet,https://quizlet.com/561563824/algorithms-unit-test-flash-cards/
Array Basics in Shell Scripting | Set 1 - GeeksforGeeks,https://www.geeksforgeeks.org/array-basics-shell-scripting-set-1/
India,https://www.pepsicojobs.com/india
Teneng Clifford - Back End Developer - Ejara | LinkedIn,https://cm.linkedin.com/in/bisynerd
Mount Litera Zee School Arrah,http://mountliteraarrah.org/
Kunwar Singh - Wikipedia,https://en.wikipedia.org/wiki/Kunwar_Singh
Senior living is a lifestyle- but perhaps not the one you'd imagine ...,https://www.tahoedailytribune.com/news/senior-living-is-a-lifestyle-but-perhaps-not-the-one-youd-imagine-sponsored/
Harrah's Cherokee Valley River Casino & Hotel - Official Site,https://www.caesars.com/harrahs-cherokee-valley-river
4 Cnc Operator Jobs and Vacancies in Noida - 2023,https://www.goodworker.in/cnc-operator-jobs-in-noida
Industry Trends and Career Prospects of Data Science,https://www.nshm.com/industry-trends-and-career-prospects-of-data-science/
Kotak Mahindra Bank Assistant Manager Salaries in Arrah ...,https://www.ambitionbox.com/salaries/kotak-mahindra-bank-salaries/assistant-manager/arrah-location
Top 60 C++ Interview Questions and Answers for Freshers to ...,https://www.simplilearn.com/tutorials/cpp-tutorial/cpp-interview-questions
Top Private Sector Banks in Ara - Best Private Banks Arrah - Justdial,https://www.justdial.com/Arrah/Private-Sector-Banks-in-Ara/nct-11190579
Machine learning Jobs: Jobs for freshers with Machine learning ...,https://www.freshersworld.com/machine-learning-jobs/3535242
HDFC Bank Katira- Arrah- 802301 ATM Social Timeline Information,https://near-me.hdfcbank.com/branch-atm-locator//hdfc-bank-atm-banks-katira-bhojpur-21188/Timeline?tag=AwardsAtHDFCBank
Recruitment | :: Welcome to Araria District :: | India,https://araria.nic.in/notice_category/recruitment/
The India Fix: Job riots in UP-Bihar bring home the urgency of India's ...,https://scroll.in/article/1016276/the-india-fix-job-riots-in-up-bihar-bring-home-the-urgency-of-indias-unemployment-crisis
SUPER type - Amazon Redshift,https://docs.aws.amazon.com/redshift/latest/dg/r_SUPER_type.html
Literacy Mid-South (@LiteracyMSouth) / Twitter,https://twitter.com/literacymsouth?lang=en
Aditya Bijay Jain-Chairman & Managing Director in Gyan Jyoti ...,https://www.naukri.com/recruiters/adityabijayjain-1929178
Masala in Arrah- मसाले- आरा- Bihar | Masala- Cooking Masala Price ...,https://dir.indiamart.com/arrah/spices.html
Feb | 2021 | _ The Book in Hand _,https://thebookinhand.com/2021/02/
3D/4D Samsung SonoAce R3 Ultrasound Machine at Rs 250000 in ...,https://www.indiamart.com/proddetail/samsung-sonoace-r3-ultrasound-machine-23292326873.html
TotallynotSebo - ArtStation,https://www.artstation.com/totallynotsebo
Piping | Draw Isometric Drawing from Orthographic Drawing | PART ...,https://www.youtube.com/watch?v=h9HFNeDwf2g
Amazon Reviews | Glassdoor,https://www.glassdoor.co.in/Reviews/Amazon-Reviews-EI_IE6036.0,6.htm
(PDF) Improve Content-based Image Retrieval using Deep learning ...,https://www.researchgate.net/publication/363376894_Improve_Content-based_Image_Retrieval_using_Deep_learning_model/download
Amazon Reviews in Melbourne- Australia | Glassdoor,https://www.glassdoor.co.uk/Reviews/Amazon-Melbourne-Reviews-EI_IE6036.0,6_IL.7,16_IM965.htm
Speaking English allows you to actually broaden your world- from ...,https://www.facebook.com/magnusinstitute97/videos/speaking-english-allows-you-to-actually-broaden-your-world-from-job-opportunitie/685068606176703/
Beauchamol or- The Error.,https://www.gutenberg.org/files/51898/51898-h/51898-h.htm
Research at Princeton,https://discovery.princeton.edu/wp-content/uploads/sites/174/2020/12/DISCOVERY-2020-21_final.pdf
**************k,https://files.eric.ed.gov/fulltext/ED226921.pdf
Show Business | Stewart Parker: A Life | Oxford Academic,https://academic.oup.com/book/3785/chapter/145231038
“Sinn Feiners- me arse. I'm A Socialist- Never doubt about it”: Jamie ...,https://academic.oup.com/book/8115/chapter/153582684
Top Thiruvalluvar University - [TU] Affiliated Computer Applications ...,https://collegedunia.com/computer-applications/thiruvalluvar-university-tu-affiliated-colleges
2017-10-15- Las Vegas Magazine by Greenspun Media Group - Issuu,https://issuu.com/gmgproduction/docs/2017-10-15-_las_vegas_magazine
BBWllKfi Mftff Sîff£ Muffle l¡gSA!fí,https://etd.ohiolink.edu/apexprod/rws_etd/send_file/send?accession=bgsu1554464085291745&disposition=inline
