Title,URL
0 Computer Science Jobs for Freshers in Phagwara- Feb | Internshala,https://internshala.com/fresher-jobs/computer-science-jobs-in-Phagwara/
Gentle Introduction to Least Square Based Machine Learning ...,https://papers.ssrn.com/sol3/papers.cfm?abstract_id=3708312
RAGHAV KAUSHAL - Phagwara- Punjab- India | Professional Profile ...,https://in.linkedin.com/in/raghav-kaushal
Intelligent and Secure Vehicular Network using Machine Learning ...,https://papers.ssrn.com/sol3/papers.cfm?abstract_id=3708406
Assistant Professor Jobs In Phagwara - 9269 Assistant Professor ...,https://www.naukri.com/job-listings-professor-associate-professor-assistant-professor-in-management-lovely-international-trust-phagwara-0-to-5-years-210122009198
upGrad hiring Admissions Counselor in Phagwara - Join leading ...,https://earlytutors.com/jobs/upgrad-admissions-counselor-in-phagwara-pb/
17 Mohan Lal Uppal Dav College- Phagwara Jobs and Vacancies in ...,https://in.indeed.com/Mohan-Lal-Uppal-Dav-College,-Phagwara-jobs-in-Jalandhar,-Punjab
CNC Programming Training in Phagwara- Classes- Courses- Institutes,https://www.sulekha.com/cnc-programming-training/phagwara
Am I eligible for teaching job after BTech?,https://www.tribuneindia.com/news/archive/jobs-careers/career-hotline-662139
Software Engineer Salary in Phagwara | AmbitionBox,https://www.ambitionbox.com/profile/software-engineer-salary/phagwara-location
Metaheuristic and Machine Learning-Based Smart Engine for ...,https://www.hindawi.com/journals/mpe/2021/5561065/
Top Computer Classes in Phagwara - Best Computer Training ...,https://www.justdial.com/Phagwara/Computer-Training-Institutes/nct-10124277
Find Manufacturing Companies in Phagwara - Dun & Bradstreet,https://www.dnb.com/business-directory/company-information.manufacturing.in.punjab.phagwara.html
Urgent: Atm security Jobs in Phagwara - February 2023 - 62 current ...,https://in.jooble.org/jobs-atm-security/Phagwara
DPI Librarian/ Assistant Professors Jobs at GNBL Ramgarhia ...,https://www.gyanmalalibrary.com/dpi-librarian-assistant-professors.html
LPU Jobs and Careers,https://www.lpu.in/jobs/
Harikrishna Prabhu - Staff Machine Learning Engineer - Cowbell ...,https://www.linkedin.com/in/harikrishnaprabhu
The Apple Orchard School Jobs- Employment | Indeed.com,https://www.indeed.com/q-The-Apple-Orchard-School-jobs.html
Kamalneet Singh - Staff Engineer - Nutanix | LinkedIn,https://ca.linkedin.com/in/kamalneet
(PDF) Fake News Detection Using Machine Learning approaches: A ...,https://www.researchgate.net/publication/336436870_Fake_News_Detection_Using_Machine_Learning_approaches_A_systematic_Review
GNA University GU Phagwara - www.collegedekho.com - YouTube,https://www.youtube.com/watch?v=YUNTGB9JKlY
AWS Cloud Certified | LinkedIn,https://fr.linkedin.com/company/aws-cloud-certified?trk=public_profile_profile-section-card_subtitle-click
Android Malware Detection Using Fine-Grained Features ...,https://go.gale.com/ps/i.do?id=GALE%7CA621001199&sid=googleScholar&v=2.1&it=r&linkaccess=abs&issn=10589244&p=AONE&sw=w
Amazon.com Employment and Reviews | SimplyHired,https://www.simplyhired.com/company/Amazon.com/?l=Kansas+City%2C+KS
https://knihovna.fme.vutbr.cz/images/knihovna/doku...,https://knihovna.fme.vutbr.cz/images/knihovna/dokumenty/20210621_Engineering_2015-2021_VUT.xlsx
Artificial Intelligence & Data Engineering – Industry Demand & The ...,https://www.shiksha.com/articles/artificial-intelligence-data-engineering-industry-demand-the-future-blogId-97271
Career connect july 2016 issue by Surecom Media: CareerConnect ...,https://issuu.com/surecommediacareerconnectmagazine/docs/career_connect___july_2016_issue
The Tribune- Chandigarh- India - Punjab,https://m.tribuneindia.com/2004/20040402/punjab1.htm
Pharmacy Stores | How to Apply for Honorary DSc (Doctrin de ...,https://sites.google.com/site/honorarydegreeacademics/pharmacy-stores-how-to-apply-for-honorary-dsc-doctrin-de-science-award-honoris-causa-in-pharmacy
Stories of 02 March- 2022 | Deccan Herald,https://www.deccanherald.com/sitemap/detail/days/2022-03-02
Chitkara Business School (CBS) Chandigarh Placements – Salary ...,https://www.careers360.com/colleges/chitkara-business-school-patiala/placement
Top BHM (Hospital) Colleges in Punjab - 2023 Rankings- Fees ...,https://collegedunia.com/bachelor-of-hospital-management/punjab-colleges
