Title,URL
Computer Science Internship in Ichalkaranji | Internshala,https://internshala.com/internships/computer-science-internship-in-ichalkaranji/
KEN INDIA | LinkedIn,https://in.linkedin.com/company/kenindia
0 Computer Science Jobs for Freshers in Ichalkaranji- Jan | Internshala,https://internshala.com/fresher-jobs/computer-science-jobs-in-ichalkaranji
Hardware Jobs In Sangli Ichalkaranji - 6 Hardware Job Vacancies In ...,https://www.naukri.com/hardware-jobs-in-sangli-ichalkaranji
Tarun Gupta - Staff Machine Learning Engineer - Uber | LinkedIn,https://www.linkedin.com/in/tarun-gupta-23111814
Driving Jobs In Ichalkaranji Pune - 7354 Driving Job Vacancies In ...,https://www.naukri.com/driving-jobs-in-ichalkaranji-pune
3-428 Machine Tool Industry Jobs and Vacancies - 3 February 2023 ...,https://in.indeed.com/Machine-Tool-Industry-jobs
Rotary Club Interview Experience for Development Engineer II (.Net ...,https://www.geeksforgeeks.org/rotary-club-interview-experience-for-development-engineer-ii-net-and-sql/
MathWorks - Makers of MATLAB and Simulink - MATLAB & Simulink,https://www.mathworks.com/
Find & Search Job Openings | Panasonic - Panasonic Careers,https://careers.na.panasonic.com/careers
upGrad hiring Admissions Counselor in Ichalkaranji - Join leading ...,https://earlytutors.com/jobs/upgrad-admissions-counselor-in-ichalkaranji-mh/
International Women's Day | Amazon.jobs,https://amazon.jobs/landing_pages/women-at-work?cmpid=PRDOOT2903B
NCR Global – Digital Banking- POS Systems- Payment Solutions,https://www.ncr.com/
Subhash Khot - Wikipedia,https://en.wikipedia.org/wiki/Subhash_Khot
Top 10 Share Market Courses in Ichalkaranji- Training Classes ...,https://www.sulekha.com/share-marketing-job-training/ichalkaranji
India,https://www.pepsicojobs.com/india
Stock Price Prediction using Machine Learning Algorithms,https://ijariie.com/AdminUploadPdf/Stock_Price_Prediction_Using_Machine_Learning_Algorithm_ijariie17115.pdf
Ichalkaranji Vyapari Sahakari Patsanstha Overview and Company ...,https://www.ambitionbox.com/overview/ichalkaranji-vyapari-sahakari-patsanstha-overview
Page 38: Best Mobile Companies and Startups to Work for in India ...,https://angel.co/startups/l/india/mobile-2?page=38
Kallappanna Awade Ichalkaranji Janata Sahakari Bank Jobs and ...,https://www.ambitionbox.com/jobs/kallappanna-awade-ichalkaranji-janata-sahakari-ban-jobs
ISCAR Cutting Tools - Metal Working Tools - Precision Carbide ...,https://www.iscar.com/
Part Time Night Shift Jobs 2023-24 Job Vacancy- Ichalkaranji ...,https://www.quikr.com/jobs/part-time-night-shift-jobs+ichalkaranji+zwqxj4157493934
Bcom Fresher Jobs 2023-24 Job Vacancy- Ichalkaranji ...,https://www.quikr.com/jobs/bcom-fresher-jobs+ichalkaranji+zwqxj4157493934
Ichalkaranji mahasatta news paper Jobs- Employment | Freelancer,https://www.freelancer.com/job-search/ichalkaranji-mahasatta-news-paper/
[Official] healthcare within reach - Mindray Global,https://www.mindray.com/en
TEXTILE AND ENGINEERING INSTITUTE- ICHALKARANJI. - Textile ...,https://textilevaluechain.in/news-insights/textile-and-engineering-institute-ichalkaranji/
(ISC)² Systems Security Certified Practitioner (SSCP) | Coursera,https://www.coursera.org/professional-certificates/sscp-training
Compressor Technique - Atlas Copco Group,https://www.atlascopcogroup.com/en/investor-relations/atlas-copco-for-investors/compressor-technique
Home | Miracle,https://www.miraclesoft.com/
KALLAPPANNA AWADE ICHALKARANJI JANATA SAHAKARI ...,https://www.tutorialspoint.com/ifsccode/ifsccode_kallappanna.htm
Bungalow Road- Ichalkaranji- 416115 Branch Contact Information ...,https://near-me.hdfcbank.com/branch-atm-locator/hdfc-bank-bungalow-road-savings-loans-bungalow-road-ichalkaranji-36852/Contact-Us
Sharad Institute of Technology- Polytechnic- Yadrav-Ichalkaranji ...,https://www.sitpolytechnic.ac.in/
Best Engineering Colleges in Maharashtra | Top Autonomous ...,https://www.dkte.ac.in/
Power BI Certification Training Online Course - Intellipaat,https://intellipaat.com/power-bi-training/
Mechatronic Engineers - Manufacturer from Ichalkaranji- Kolhapur ...,https://www.indiamart.com/mechatronicengineers/aboutus.html
Sharad institute of technology Polytechnic-Yadrav -Ichalkaranji ...,https://www.facebook.com/sharadpolytechnic/videos/476320516456464/
Tent & Curtain By Bhagwati Dyeing & Tent Works- Jaipur - YouTube,https://www.youtube.com/watch?v=H4j1lMoSlcU
Learn Kathak with Pandit Birju Maharaj । Class -1 | घूँघरू पूजा ...,https://www.youtube.com/watch?v=UvZ50GZNHxY
(PDF) Optimization for Efficient Supply Chain Using Swarm ...,https://www.researchgate.net/publication/45534733_Optimization_for_Efficient_Supply_Chain_Using_Swarm_Intelligence_an_Outsourcing_Perspective
