Title,URL
Raunaq Rewari - Product Manager - Productiv | LinkedIn,https://www.linkedin.com/in/raunaqrewari
1 MBA Jobs for Freshers in Rewari- Feb | Internshala,https://internshala.com/fresher-jobs/mba-jobs-in-rewari/
Machine Operator Job Vacancies in Rewari-Machine Operator ...,https://www.placementindia.com/job-search/machine-operator-jobs-in-rewari.htm
0 Marketing/Sales Jobs for Freshers in Rewari- Feb | Internshala,https://internshala.com/fresher-jobs/marketing%2Fsales-jobs-in-rewari/
Machine Learning Engineer Salary in Gurgaon/Gurugram ...,https://www.ambitionbox.com/profile/machine-learning-engineer-salary/gurgaon-location
▷ Find Python trainer jobs- coaching jobs in Rewari city - UrbanPro,https://www.urbanpro.com/rewari/python-trainer-jobs/10740402
Data Science Training in Rewari- Course Fees- Certification | Sulekha,https://www.sulekha.com/data-science-certification-training/rewari
Ais Jobs in Rewari- Haryana (Feb 2023) - 841 Ais Recruitment ...,https://www.shine.com/job-search/ais-jobs-in-rewari-2
Just Click Solution | LinkedIn,https://in.linkedin.com/company/just-click-solution
Hitachi - Careers,https://careers.hitachi.com/jobs/search
Working at Musashi Auto Parts in Rewari- Haryana: Employee ...,https://in.indeed.com/cmp/Musashi-Auto-Parts/reviews?fcountry=IN&floc=Rewari%2C+Haryana
Careers | Johnson Matthey,https://matthey.com/careers
Careers | Saint-Gobain,https://www.saint-gobain.com/en/careers
VARIANCE REDUCTION FOR REINFORCEMENT LEARN- ING IN ...,https://people.csail.mit.edu/hongzi/var-website/content/iclr-19.pdf
Somany Institute of Technology & Management | Top Engineering ...,https://somanyitmncr.com/
Psychology Graduate- ABA Autism Therapist Training & Job ...,https://www.firstnaukri.com/job-listings-psychology-graduate-aba-autism-therapist-training-cogniable-international-chandigarh-rewari-faridabad-ahmedabad-gurgaon-gurugram-bhiwadi-0-to-2-years-300123003060
Jobs in Rewari - Check Latest (80) Job Openings (February 2023 ...,https://www.quikr.com/jobs/rewari+zwqxj760939060
Tally Institute of Learning- Rewari | Rewari,https://www.facebook.com/TallyAcademyRewari/
India - Jobs at Apple (IN),https://jobs.apple.com/en-in/search?location=india-INDC
International Data Scientist Group - India Chapter | We are looking to ...,https://www.facebook.com/groups/idsg.ic/posts/956029075182309/
Erp Data Jobs in India - TimesJobs,https://m.timesjobs.com/jobskill/erp-data-jobs
Untitled,https://mas.cs.umass.edu/pub/lesserpubs.html
5927 Sap Gateway Jobs Openings in India,https://www.timesjobs.com/jobskill/sap-gateway-jobs
Haryana Plus - The Tribune- Chandigarh- India,https://m.tribuneindia.com/2008/20080125/harplus1.htm
Amazon.com Employment and Reviews | SimplyHired,https://www.simplyhired.com/company/Amazon.com/?l=Kansas+City%2C+KS
Tweets with replies by Amass Skill Ventures (@AMASSSKILL1 ...,https://mobile.twitter.com/AMASSSKILL1/with_replies
(PDF) Syntree2Vec - An algorithm to augment syntactic hierarchy ...,https://www.researchgate.net/publication/327110604_Syntree2Vec_-_An_algorithm_to_augment_syntactic_hierarchy_into_word_embeddings
Preliminary investigations on automatic segmentation methods for ...,https://www.researchgate.net/publication/302203222_Preliminary_investigations_on_automatic_segmentation_methods_for_detection_and_volume_calculation_of_brain_tumor_from_MR_images
Ethnopharmacology | Apply for Honorary DSc in ...,https://sites.google.com/site/honorarydegreeacademics/ethnopharmacology-apply-for-honorary-dsc-in-ethnopharmacology-admission-announcement
LMIS_Report_Final (22-12-2014),https://www.slideshare.net/MuhammadJavaid13/lmisreportfinal-22122014-48532213
