Title,URL
Machine Learning Jobs In Bangalore - Bengaluru,https://www.naukri.com/machine-learning-jobs-in-bangalore
3-283 Machine Learning Jobs and Vacancies in Bengaluru ...,https://in.indeed.com/Machine-Learning-jobs-in-Bengaluru,-Karnataka
Machine learning Jobs in Bangalore- February 2023 | Glassdoor,https://www.glassdoor.co.in/Job/bengaluru-machine-learning-jobs-SRCH_IL.0,9_IC2940587_KO10,26.htm
Fresher Machine Learning Jobs In Bangalore - 7206 Fresher ...,https://www.naukri.com/fresher-machine-learning-jobs-in-bangalore
Machine Learning Engineer - Careers at Apple,https://jobs.apple.com/en-us/details/200443173/machine-learning-engineer
All Jobs | Atlassian,https://www.atlassian.com/company/careers/all-jobs
20 Best machine learning jobs in bengaluru jobs in Bangalore ...,https://www.simplyhired.co.in/search?q=machine+learning+jobs+in+bengaluru&l=bangalore+urban%2C+karnataka
Sr. Machine Learning Engineer | Bangalore- KA | Cardinal Health,https://jobs.cardinalhealth.com/search/jobdetails/sr-machine-learning-engineer/0506d584-629e-42b0-bae3-d30e966714d6
Deep Learning Jobs in Bengaluru- Karnataka- India - February 2023 ...,https://angel.co/role/l/deep-learning/bangalore
Deep Learning Jobs in Bengaluru- Karnataka- India - February 2023 ...,https://angel.co/role/l/deep-learning/bangalore
Machine Learning Engineer - Timeseries in Bangalore- India | Advanta,https://jobs.siemens.com/jobs/347852?lang=en-us
Machine Learning jobs in Bangalore - Instahyre,https://www.instahyre.com/machine-learning-jobs-in-bangalore/
Salary: Machine Learning Engineer in Bangalore- India | Glassdoor,https://www.glassdoor.com/Salaries/bangalore-machine-learning-engineer-salary-SRCH_IL.0,9_IM1091_KO10,35.htm
Software Engineer III- Machine Learning- Geo - Google - Bangalore ...,https://careers.google.com/jobs/results/133453727991243462-software-engineer-iii-machine-learning-geo/?src=Jobweb
17-000+ Machine Learning jobs in India (261 new),https://www.linkedin.com/jobs/machine-learning-jobs/?originalSubdomain=in
How to get a machine learning job in Bangalore - Quora,https://www.quora.com/How-do-I-get-a-machine-learning-job-in-Bangalore
Machine Learning Science | Amazon.jobs,https://www.amazon.jobs/en/job_categories/machine-learning-science
Data Science Jobs at Walmart Global Tech India,https://one.walmart.com/content/globaltechindia/en_in/careers/data-science-jobs.html
Explore job opportunities | Adobe careers,https://www.adobe.com/careers.html
Machine Learning Jobs In Bangalore - Bengaluru,https://www.timesjobs.com/jobs-in-bangalore/machine-learning-jobs
Jobs at Y Combinator startups in Bengaluru | Y Combinator,https://www.ycombinator.com/jobs/location/bengaluru
Entry Level Machine Learning Jobs,https://www.springboard.com/blog/data-science/entry-level-machine-learning-jobs/
Machine Learning Course in Bangalore by CCE- IIT Madras - #1 ...,https://intellipaat.com/machine-learning-certification-training-course-bangalore/
Find your next job | Moveworks Careers,https://www.moveworks.com/careers
Juniper Careers,https://careers.juniper.net/
Randstad India Private Limited - Senior Computer Vision/Machine ...,https://www.monsterindia.com/seeker/cjt/job-vacancy-senior-computer-vision-machine-learning-engineer-randstad-india-private-limited-bengaluru-bangalore-6-10-years-31346885
Software Development Engineer - 2 Ssai - Bengaluru | Mendeley ...,https://www.mendeley.com/careers/job/software-development-engineer-2-ssai-8326525
Computer And Mobile Vision Engineer - Bengaluru | Mendeley ...,https://www.mendeley.com/careers/job/computer-and-mobile-vision-engineer-1247363
Data Scientist at Western Digital - BangPa-in- Thailand | ai-jobs.net,https://ai-jobs.net/job/30339-data-scientist/
Asia-Pacific is seeing a hiring boom in offshore industry machine ...,https://www.offshore-technology.com/analysis/asia-pacific-hiring-boom-offshore-industry-machine-learning-roles/
.Net WPF Developer Jobs in Energy Exemplar Pune- Bengaluru ...,https://www.ambitionbox.com/jobs/energy-exemplar-jobs?rid=naukri_141122008040
Bengaluru to host India's Largest Conference on Applied Artificial ...,https://www.indianweb2.com/2019/11/bengaluru-to-host-india-largest.html
IBM Opens First Machine Learning Hub in Bengaluru | Technology ...,https://www.gadgets360.com/apps/news/ibm-opens-first-machine-learning-hub-in-bengaluru-1733361
