Title,URL
Prasad Joshi - Nandurbar- Maharashtra- India | Professional Profile ...,https://in.linkedin.com/in/prasad-joshi-32281716a
Rajshree Patel - Data Scientist (Consultant – Level 3) - Amitech ...,https://www.linkedin.com/in/patelrajshree
Prashant Patil - Nandurbar- Maharashtra- India,https://in.linkedin.com/in/prashant-patil-8830
SomaDetect,https://somadetect.com/
Mrinal Patil - Nandurbar- Maharashtra- India | Professional Profile ...,https://in.linkedin.com/in/mrinal-patil-00485318a
Gmc Polytechnic- Shahada- District Nandurbar- Maharashtra State ...,https://www.ambitionbox.com/jobs/gmc-polytechnic-shahada-district-nandurbar-maharas-jobs
Complete wind energy and solar energy solutions | Suzlon Energy Ltd,https://www.suzlon.com/
Reliance Jio Jio Point Manager Salaries in Nandurbar | AmbitionBox,https://www.ambitionbox.com/salaries/reliance-jio-salaries/jio-point-manager/nandurbar-location
Vacancies | UNICEF Careers,https://jobs.unicef.org/en
S.A. Mission High School- Nandurbar,https://www.facebook.com/samnandurbar/
UNICEF Careers,https://jobs.unicef.org/cw/en-us/listing/
Top 10 Mobile Repairing Course in Nandurbar- Cell Phone Service ...,https://www.sulekha.com/mobile-servicing-job-training/nandurbar
Jobs in Nandurbar - Check Latest (80) Job Openings (February ...,https://www.quikr.com/jobs/nandurbar+zwqxj760939060
What is a CNC Programmer & Is It the Right Career For You? | UTI,https://www.uti.edu/blog/cnc/cnc-programming-career
HDFC Bank Adeshwar Nagar- Nandurbar- 425412 ATM Social ...,https://near-me.hdfcbank.com/branch-atm-locator/hdfc-bank-atm-nandurbar-adeshwar-nagar-atm-adeshwar-nagar-nandurbar-68052/TimelineDetails/177488
Find Manufacturing Companies in Nandurbar - Dun & Bradstreet,https://www.dnb.com/business-directory/company-information.manufacturing.in.maharashtra.nandurbar.html
Yash Enterprises- Nandurbar - Retail Trader of Laboratory ...,https://www.indiamart.com/yash-enterprises-nandurbar/
Little Rabbits,https://www.littlerabbitslearning.com/
Deepak Paramanand - Director of Artificial Intelligence - JPMorgan ...,https://uk.linkedin.com/in/deepakparamanand
Government Industrial Training Institute (Adivasi)- Taloda- Dist ...,https://iti.directory/nandurbar/government-industrial-training-institute-adivasi-taloda-dist-nandurbar
Government Industrial Training Institute (Adivasi)- Nandurbar- Dist ...,https://iti.directory/nandurbar/government-industrial-training-institute-adivasi-nandurbar-dist-nandurbar
What is lidar?,https://oceanservice.noaa.gov/facts/lidar.html
Milk in Nandurbar- दूध- नंदुरबार- Maharashtra | Get Latest Price from ...,https://dir.indiamart.com/nandurbar/milk.html
The Now: What is Machine Learning?,https://edu.gcfglobal.org/en/thenow/what-is-machine-learning/1/
Programs | PhD Graduate Education at Northeastern University,https://phd.northeastern.edu/program/
ड्राइविंग लाइसेंस का टेस्ट ऐसे होता है|how to make driving license|zip of ...,https://www.youtube.com/watch?v=1nd9Dn1yhQ0
ASHA workers demand salary hike from 1000 to Rs 10000 - YouTube,https://www.youtube.com/watch?v=MUwD-prxKvU
State-level study regions and selected pilot cities including the ...,https://www.researchgate.net/figure/State-level-study-regions-and-selected-pilot-cities-including-the-mapped-pilot-region_fig2_277967960
Rahul network resume copy,https://www.slideshare.net/pptrahul/rahul-network-resume-copy
IOT In Agriculture: Internet of Things- Solution For Smart Farming ...,https://www.jetir.org/papers/JETIR2210271.pdf
Mahabalipuram's Students Work for a Hygienic Tomorrow | NDTV ...,https://swachhindia.ndtv.com/video-details-page/mahabalipurams-students-work-for-a-hygienic-tomorrow-385212/
3cZ_X F_ZW`c^ 4ZgZ] 4`UV+ 94 e` 4V_ecV,https://www.dailypioneer.com/uploads/2021/epaper/july/bhubaneswar-english-edition-2021-07-10.pdf
Expert panel okays emergency use of Covaxin,https://www.dailypioneer.com/uploads/2021/epaper/january/hyderabad-english-edition-2021-01-03.pdf
4YZ_R SfZ]Ud gZ]]RXV Z_ 2cf_RTYR],https://www.dailypioneer.com/uploads/2021/epaper/january/bhopal-english-edition-2021-01-19.pdf
