Title,URL
Python Course in Kurnool,https://www.codingbytes.com/python-course/python-course-in-kurnool/
KURNOOL SEEDS PRIVATE LIMITED | LinkedIn,https://in.linkedin.com/company/kurnool-seeds-private-limited
INDIAN INSTITUTE OF INFORMATION TECHNOLOGY KURNOOL,https://iiitk.ac.in/
Python Training with Online Job Support Kurnool | Nexax Medical ...,https://nexax.in/python-training-with-online-job-support-kurnool/
PMKK-Rooman - Posts | Facebook,https://m.facebook.com/RoomanKurnool/posts/
Kedarnath Kurnool Gandla - Software Engineer - Facebook | LinkedIn,https://www.linkedin.com/in/kedarnath-kurnool-gandla
Jobs In Kurnool - 217 Job Vacancies In Kurnool - Naukri.com,https://www.naukri.com/jobs-in-kurnool
Nikhil Chakravarthy Kurnool - Project Manager - Saviynt | LinkedIn,https://www.linkedin.com/in/nikhilkurnool
Canada | Careers - Citi,https://www.citigroup.com/canada/en/careers/
1 Commerce Jobs for Freshers in Kurnool- Jan | Internshala,https://internshala.com/fresher-jobs/commerce-jobs-in-Kurnool/
Associate Professors Position in IIITDM Kurnool (Ad-hoc)- AP- India,https://researchersjob.com/associate-professors-position-in-iiitdm/
0 HR Jobs for Freshers in Kurnool- Jan | Internshala,https://internshala.com/fresher-jobs/hr-jobs-in-kurnool/
GPREC > G.Pulla Reddy Engineering College – Kurnool- AP- INDIA,https://www.gprec.ac.in/
UiPath Implementation Partners | RPA Consulting Services ...,https://ealliancecorp.com/
CSE – Artificial Intelligence & Machine Learning (CSM) – GPREC ...,https://www.gprec.ac.in/cse-artificial-intelligence-machine-learning-csm/
Discuss the story of a cotton farmer in Kurnool - GeeksforGeeks,https://www.geeksforgeeks.org/discuss-the-story-of-a-cotton-farmer-in-kurnool/
Top 10 Job Training in Kurnool- Centers- Institutes- Courses ...,https://www.sulekha.com/job-training/kurnool
Kurnool District Job Fair,https://education.sakshi.com/en/jobs/pvt-jobs/kurnool-district-job-fair-114884
SPAR Solutions Salaries in Kurnool | AmbitionBox,https://www.ambitionbox.com/salaries/spar-solutions-salaries/kurnool-location
Computerised Embroidery Job Works - Adoni Arts College - Kurnool,https://www.justdial.com/Kurnool/Computerised-Embroidery-Job-Works-in-Adoni-Arts-College/nct-10890829
2-629 Data Scientist Jobs and Vacancies - 6 February 2023 | Indeed ...,https://in.indeed.com/Data-Scientist-jobs
Artificial Intelligence Salary in India [For Beginners & Experienced ...,https://www.upgrad.com/blog/artificial-intelligence-salary-india-beginners-experienced/
Adobe "work life balance" Reviews | Glassdoor,https://www.glassdoor.com/Reviews/Adobe-work-life-balance-Reviews-EI_IE1090.0,5_KH6,23_IP2.htm
Comparison of Multiple Machine Learning Approaches and ...,https://www.researchgate.net/publication/362361255_Comparison_of_Multiple_Machine_Learning_Approaches_and_Sentiment_Analysis_in_Detection_of_Spam
Sap Basis Mca Computer Jobs in India - TimesJobs,https://www.timesjobs.com/jobskill/sap-basis-mca+computer-jobs
Vijay Kumar - Singapore- Singapore | Professional Profile | LinkedIn,https://sg.linkedin.com/in/vijay-kumar-2a7956202?trk=public_post_share-update_social-details_comment_actor-image
Kavan Patel - Test Engineer - DXC Technology | LinkedIn,https://au.linkedin.com/in/kavan-patel-5756314a
Data Science In Hindi- Data Science For Beginners- What Is Data ...,https://www.youtube.com/watch?v=U_CCKibxYjs
Adani Wilmar: Home,https://www.adaniwilmar.com/
Microsoft "smart people" Reviews | Glassdoor,https://www.glassdoor.com.au/Reviews/Microsoft-smart-people-Reviews-EI_IE1651.0,9_KH10,22.htm
Ability to automatically fill in data from LinkedIn Data Archive by ...,https://github.com/ashutosh1919/masterPortfolio/pull/75/files
Adobe Reviews | Glassdoor,https://www.glassdoor.co.uk/Reviews/Adobe-Reviews-E1090_P4.htm
Amazon.com Employment and Reviews | SimplyHired,https://www.simplyhired.com/company/Amazon.com/?l=Kansas+City%2C+KS
Erp Data Jobs in India - TimesJobs,https://m.timesjobs.com/jobskill/erp-data-jobs
Agmatrix - Careers bridge | Facebook,https://www.facebook.com/groups/1568195863378031/?locale=tr_TR
