Title,URL
Internship in Darjeeling | Internshala,https://internshala.com/internships/internship-in-darjeeling/
Like Darjeeling Tea? Meet One of the First Women Factory ...,https://pulitzercenter.org/stories/darjeeling-tea-meet-one-first-women-factory-managers-indias-premier-tea-region
2 MBA Jobs for Freshers in Darjeeling- Jan | Internshala,https://internshala.com/fresher-jobs/mba-jobs-in-darjeeling/
Future Vision consultancy | LinkedIn,https://www.linkedin.com/company/future-vision-consultancy
Engineer Jobs in Darjeeling- West Bengal (Feb 2023) - 563 Active ...,https://www.shine.com/job-search/engineer-jobs-in-darjeeling
upGrad hiring Admissions Counselor in Darjeeling - Join leading ...,https://earlytutors.com/jobs/upgrad-admissions-counselor-in-darjeeling-wb/
Suchi Saria - Center for Language and Speech Processing,https://www.clsp.jhu.edu/faculty/suchi-saria/
Careers at Apple,https://www.apple.com/careers/ae/
Landslide Susceptibility Assessment by Novel Hybrid Machine ...,https://www.mdpi.com/2071-1050/11/16/4386
Canada Jobs - Tech & Startup Jobs | Wellfound (formerly AngelList ...,https://angel.co/location/canada-startups
Top 10 Highest Paying Jobs in Bangalore [A Complete Report ...,https://www.upgrad.com/blog/highest-paying-jobs-in-bangalore/
Predictive distribution modeling of Swertia bimaculata in Darjeeling ...,https://ecologicalprocesses.springeropen.com/articles/10.1186/s13717-021-00294-5
Measuring landslide vulnerability status of Chukha- Bhutan using ...,https://www.nature.com/articles/s41598-021-95978-5
Suchi Saria on how data will change healthcare | Times Higher ...,https://www.timeshighereducation.com/people/interview-suchi-saria
Four new Darjeeling-Ghum toy train services from October 1,https://www.eastmojo.com/national-news/west-bengal/2022/08/30/nf-railway-to-operate-4-new-joy-ride-toy-train-services-see-details-here/
Google Developer Student Clubs Siliguri Institute of Technology ...,https://gdsc.community.dev/siliguri-institute-of-technology-darjeeling/
What is HRIS? | Oracle,https://www.oracle.com/human-capital-management/what-is-hris/
17 Manual Labor Jobs | Indeed.com,https://www.indeed.com/career-advice/finding-a-job/manual-labor-jobs
West Bengal State Electricity Distribution Company Assistant ...,https://www.ambitionbox.com/salaries/west-bengal-state-electricity-distribution-company-salaries/assistant-engineer/darjiling-location
Introduction to Faecal Sludge Management | Coursera,https://www.coursera.org/learn/faecalsludge
107 Modeling Jobs and Vacancies in West Bengal - 6 February ...,https://in.indeed.com/Modeling-jobs-in-West-Bengal
Neha Jindal - Software Engineer - Cash App | LinkedIn,https://au.linkedin.com/in/neha-jindal-09819759
Where Should your Next Work-Vacation Be? - Analytics Vidhya,https://www.analyticsvidhya.com/blog/2022/03/where-should-your-next-workcation-be/
Nail Technician job description template | Workable,https://resources.workable.com/nail-technician-job-description
The Darjeeling Limited - ArtStation,https://www.artstation.com/artwork/zD4mYQ
Google Developer Student Clubs- SIT Darjeeling (@gdsc_sit) / Twitter,https://twitter.com/gdsc_sit?lang=en
Tea Sandwiches with Darjeeling Cashew Cream ... - Kahakai Kitchen,http://kahakaikitchen.blogspot.com/2012/07/tea-sandwiches-with-darjeeling-cashew.html
Dangling- Void - Null and Wild Pointers - GeeksforGeeks,https://www.geeksforgeeks.org/dangling-void-null-wild-pointers/
Landslide susceptibility mapping using knowledge driven statistical ...,https://geoenvironmental-disasters.springeropen.com/articles/10.1186/s40677-019-0126-8
Tata Consultancy Services: Driving Innovation and Building on Belief,https://www.tcs.com/
WIPO/GEO/SFO/03/8: Protection of Darjeeling Tea,https://www.wipo.int/edocs/mdocs/geoind/en/wipo_geo_sfo_03/wipo_geo_sfo_03_8.doc
Tenzing Norgay - Wikipedia,https://en.wikipedia.org/wiki/Tenzing_Norgay
Machine learning Jobs: Jobs for freshers with Machine learning ...,https://www.freshersworld.com/machine-learning-jobs/3535242
What is a Pediatric Surgeon? - HealthyChildren.org,https://www.healthychildren.org/English/family-life/health-management/pediatric-specialists/Pages/What-is-a-Pediatric-Surgeon.aspx
5 of the Most Charming Darjeeling Tea Gardens in the World,https://teafloor.com/blog/5-charming-darjeeling-tea-gardens/
Machine Learning Using Python (Basic & Advanced Level) | ISOEH,https://www.isoeh.com/machine-learning-using-python.html
Eugenia Wan - AI Engineer - Artificial Intelligence & Deep Learning ...,https://hk.linkedin.com/in/eugeniawan
Tweets with replies by Google Developer Student Clubs- SIT ...,https://mobile.twitter.com/gdsc_sit/with_replies
Admission Officer job vacancy at St. Paul's School- Darjeeling,https://timesascent.com/new-jobs/Admission-Officer/St-Paul-s-School-Darjeeling/Darjeeling/692501
Darjeeling Institute of Information Techonology – AN ...,https://diitdarjeeling.in/
The Great British Tea Heist | History| Smithsonian Magazine,https://www.smithsonianmag.com/history/the-great-british-tea-heist-9866709/
"The Darjeeling Limited" | Salon.com,https://www.salon.com/2007/09/28/darjeeling/
Sanjay Bansal - Creating Emerging Markets - Harvard Business ...,https://www.hbs.edu/creating-emerging-markets/interviews/Pages/profile.aspx?profile=sbansal
Top 10 Tailoring Classes in Darjeeling- Stitching- Sewing Courses ...,https://www.sulekha.com/tailoring-training/darjeeling
M.Tech.Data Science & Engineering – BITS Pilani,https://bits-pilani-wilp.ac.in/m-tech/cluster/data-science-and-engineering.php
Check Latest 163 Work From Home Jobs Openings In Darjeeling ...,https://www.quikr.com/jobs/work-from-home+darjeeling+zwqxj2034660499
Microsoft Senior Program Manager Reviews | Glassdoor,https://www.glassdoor.com/Reviews/Microsoft-Senior-Program-Manager-Reviews-EI_IE1651.0,9_KO10,32_IP3.htm
Skill Development | Darjeeling District- Government of West Bengal ...,https://darjeeling.gov.in/skill-development/
Saptarshi Chakraborty | Department of Statistics,https://statistics.berkeley.edu/people/saptarshi-chakraborty
Robotics Summer Camps & Classes for Kids & Teens | 2023,https://www.idtech.com/paths/robotics
Application For Employment: North Bengal Medical College ...,https://www.hirelateral.com/job-details/medical-technologist-grade-iii-jobs-in-darjeeling-at-north-bengal-medical-college-apply-now-1206495
PAW Patrol - Fast and Furryness - YouTube,https://www.youtube.com/watch?v=bt2CV3RqBWs
Centum Learning Limited - Corporate Training & CSR Partnership ...,https://www.centumlearning.com/
Hydroelectric Power Plant - YouTube,https://www.youtube.com/watch?v=Uhjhufhg3Xk
Malik Saad - University of Education- Lahore - Khushāb- Punjab ...,https://pk.linkedin.com/in/malik-saad-203365222
(PDF) APPLICATION OF MACHINE LEARNING IN ...,https://www.researchgate.net/publication/325817677_APPLICATION_OF_MACHINE_LEARNING_IN_ENVIRONMENTAL_MANAGEMENT_-_AN_EXAMPLE_OF_LANDSLIDE_SUSCEPTIBILITY_ZONATION
Fair Trade vs. Swaccha Vyaapar: Womens Activism and ...,https://go.gale.com/ps/i.do?id=GALE%7CA379570483&sid=googleScholar&v=2.1&it=r&linkaccess=abs&issn=00463663&p=LitRC&sw=w
Adoption of machine learning for medical diagnosis | hc:41577 ...,https://hcommons.org/deposits/item/hc:41577/
Microsoft "smart people" Reviews | Glassdoor,https://www.glassdoor.com.au/Reviews/Microsoft-smart-people-Reviews-EI_IE1651.0,9_KH10,22.htm
Institute of Data Science – Publications — Maastricht University,https://cris.maastrichtuniversity.nl/en/organisations/institute-of-data-science-2/publications/?type=%2Fdk%2Fatira%2Fpure%2Fresearchoutput%2Fresearchoutputtypes%2Fcontributiontojournal%2Farticle
limited · GitHub Topics · GitHub,https://github.com/topics/limited?o=asc&s=forks
Jobs may evolve rapidly. The,https://www.slideshare.net/budmelchor/essential-21st-century-skills-the-first-3-skills/6-Jobs_may_evolve_rapidly_The
Animal and Plant Health Quarantines and Takings | hc:37893 ...,https://digitalcommons.law.msu.edu/king/45/
Support Services (Chapter 20) - Advances in Tea Agronomy,https://www.cambridge.org/core/books/advances-in-tea-agronomy/support-services/966974FC0D139670EB48A3EF92AD0D00
5 RISING STARTUPS IN INDIA,https://www.teabox.com/blogs/press/5-rising-startups-in-india
Top Consulting Firms for Healthcare Providers - 2023 Reviews ...,https://clutch.co/consulting/healthcare?page=8
Untitled,https://catalystjournal.org/index.php/catalyst/article/download/34594/26836?inline=1
Role of transportation infrastructures on the alteration of hillslope ...,https://journals.sagepub.com/doi/full/10.1177/20530196221128371
