Title,URL
Machine Learning Course in Neyveli - Best Training Institute - Fees ...,http://quickxpertinfotech.com/machine-learning-course-in-neyveli
Shilpa - Neyveli T.S- : Am a structural engineer in neyveli.Have ...,https://www.superprof.com/structural-engineer-neyveli-have-teaching-experience-teaching-favourite-profession.html
My business visual | LinkedIn,https://in.linkedin.com/company/my-business-visual
Neyveli - Wikipedia,https://en.wikipedia.org/wiki/Neyveli
Madhan Sukumar - Founding Member @ BigThinkCode ...,https://in.linkedin.com/in/madhan-sukumar
Simsoft Info Systems Review by 1 Employee | AmbitionBox,https://www.ambitionbox.com/reviews/simsoft-info-systems-reviews
Internship in Neyveli | Internshala,https://internshala.com/internships/internship-in-neyveli/
Edac Engineering Neyveli Reviews by 6 Employees | AmbitionBox,https://www.ambitionbox.com/reviews/edac-engineering-reviews/neyveli-location
Home | National Power Training Institute- Ministry of Power ...,https://npti.gov.in/npti_neyveli/home
Ram Kumar - Neyveli T.S- : Students who are pursuing Mechanical ...,https://www.superprof.ng/students-who-are-pursuing-mechanical-engineering-can-approach-for-classes-design-related-subjects-like-strength-materials.html
▷ Tutors in Cuddalore - TeacherOn,https://www.teacheron.com/tutors-in-cuddalore?ul=aX
Top Computer Classes in Neyveli - Best Computer Training ...,https://www.justdial.com/Neyveli/Computer-Training-Institutes/nct-10124277
Check Latest 107 Full Time Jobs Openings In Neyveli (February ...,https://www.quikr.com/jobs/full-time+neyveli+zwqxj2034660499
Meera Mohan - Neyveli t.s-Tamil Nadu : • NEYVELI TOWNSHIP • I ...,https://www.superprof.co.in/neyveli-township-pursued-mba-finance-teaching-knowledge-based-subject-which-you-want-learn-from-based.html
Job Opportunities in Neyveli (Tamil Nadu) | Hiring Now | Talent.com,https://in.talent.com/jobs?k=&l=neyveli
Untitled,http://odmp.org/link?url=//rinachdistfort.ga/199-yiRodmp651
Jobs In Gleam Global Service India - Naukri.com,https://www.naukri.com/gleam-global-service-india-jobs-careers-5566334
List of ATMs in Neyveli - Best ATM Locator - Justdial,https://www.justdial.com/Neyveli/ATM/nct-10022961
Audiences come to enjoy music- not to see your mathematical ...,https://indianexpress.com/article/cities/chennai/audiences-come-to-enjoy-music-not-to-see-your-mathematical-wizardry-neyeveli-venkatesh-6166623/
Google Maps Platform Terms Of Service | Google Cloud,https://cloud.google.com/maps-platform/terms
Ariv Infotech Solutions Private Limited | Neyveli,https://www.facebook.com/ARIVINFOTECH/
Darling Retail,https://darlingretail.com/
Tadano Global,https://www.tadano.com/
M.Tech.Data Science & Engineering – BITS Pilani,https://bits-pilani-wilp.ac.in/m-tech/cluster/data-science-and-engineering.php
Bilal Ali Ahamed - Principle Instrument Lead - Kongsberg Maritime ...,https://sg.linkedin.com/in/bilal-ali-ahamed-ab77891b
Top 10 Baby sitter in Neyveli- Nanny in Neyveli- Child Care | Sulekha,https://www.sulekha.com/child-care-services/neyveli
Herbalife Shop - Apps on Google Play,https://play.google.com/store/apps/details?id=com.hrbl.mobile.android.ordering&hl=en_US&gl=US
Maharishi Vidya Mandir Neyveli,http://www.maharishineyveli.com/
Fashion Camp - Create.Design.Sew,https://createdesignsew.com/
Neyveli Jobs - 36-066 openings | Glassdoor,https://www.glassdoor.co.in/Job/neyveli-jobs-SRCH_IL.0,7_IC2830724.htm
Intel International Science and Engineering Fair 2017 Grand Award ...,https://www.societyforscience.org/press-release/intel-international-science-and-engineering-fair-2017-grand-award-winners/
Sun Technologies: IT Solutions | Managed IT Services and Support,https://www.suntechnologies.com/
Maharishi Vidya Mandir (MVM)- Neyveli- Cuddalore: Admission- Fee ...,https://school.careers360.com/schools/maharishi-vidya-mandir-neyveli-cuddalore
How is the place Neyveli? - Quora,https://www.quora.com/How-is-the-place-Neyveli
Neyveli Lignite Corporation India Limited(NLC)-Directors Profile ...,https://www.psuconnect.in/company/directors/neyveli-lignite-corporation-india-limited/128
NLC Recruitment through GATE 2023 - Dates- Application Form,https://engineering.careers360.com/articles/nlc-recruitment-through-gate
(PDF) AJMR - EMPLOYEE RETENTION- A REAL TIME ...,https://www.researchgate.net/publication/345758960_AJMR_-_EMPLOYEE_RETENTION-_A_REAL_TIME_CHALLENGES_IN_INDIAN_IT_SECTOR_-_REVIEW_PAPER
Wipro PARI,https://wipropari.com/
632 Jobs and Vacancies in Tiruchchirappalli- Tamil Nadu - 7 ...,https://in.indeed.com/jobs-in-Tiruchchirappalli,-Tamil-Nadu
Vol. 6 No. 2 (2022) | Journal of Positive School Psychology,https://journalppw.com/index.php/jpsp/issue/view/29
Search for Companies in WSO Company Database,https://www.wallstreetoasis.com/company
List of Top B.Tech in Electronics Engineering Colleges in ...,https://universitykart.com/topcolleges/btech-electronics-engineering-colleges-viluppuram
Saikiran Divakaruni - Engineering Manager - ZF Group | LinkedIn,https://www.linkedin.com/in/saikirandivakaruni
List of Companies participating in Job Fair -2022,https://jntuh.ac.in/uploads/SolvixSkillDevelopment_List_companies.pdf
Top Machine Learning and Artificial Intelligence Colleges in India ...,https://www.jagranjosh.com/colleges/engineering/machine-learning-and-artificial-intelligence-engineering
SESSION –2022 - 23,https://www.npti.gov.in/sites/default/files/latest-annoucement-document/PGDC_Final%20Prospectus_Summer-2022-23_compressed.pdf
NLC Recruitment 2023 Latest 57 Neyveli Lignite Corporation Ltd ...,https://www.freshersworld.com/nlc-neyveli-lignite-corporation-recruitment-jobs/4444228
Free tailoring classes with government certificate in tamilnadu ...,https://www.youtube.com/watch?v=o5RdVbcNJZo
Sensibly Starting Up A stack,https://www.slideshare.net/gokulceosynergy/vit-30398721/38-Sensibly_Starting_UpA_stack_of
Editorial - The Tribune- Chandigarh- India,https://m.tribuneindia.com/2002/20021008/edit.htm
This document is discoverable and free to researchers across the ...,https://ageconsearch.umn.edu/bitstream/91817/2/CARR10.pdf
Branch Details | The Financial Express,https://www.financialexpress.com/ifsc-code/state-bank-of-india/rbo-iv-himayatnagar-branch-in-secunderabad-sbin0021698/
