Title,URL
Bajaj Finserv Raghunathganj Reviews by 2 Employees | AmbitionBox,https://www.ambitionbox.com/reviews/bajaj-finserv-reviews/raghunathganj-location
Aninda Sankar Sukla - Senior Data Scientist - Aays Analytics ...,https://in.linkedin.com/in/aninda-sankar-sukla-67914271
Dance Classes – Rani Bhabani Vidyaniketan,https://ranibhabani.com/courses/dance-classes/
Jobs in Raghunathganj - Check Latest (61) Job Openings (February ...,https://www.quikr.com/jobs/raghunathganj+zwqxj760939060
MDI Murshidabad,https://www.mdim.ac.in/
M.Tech.Data Science & Engineering – BITS Pilani,https://bits-pilani-wilp.ac.in/m-tech/cluster/data-science-and-engineering.php
Scientific Research on Cutting-Edge Technology: A Scientometric ...,https://papers.ssrn.com/sol3/papers.cfm?abstract_id=3870683
Job In Murshidabad Raghunathganj 2023-24 Job Vacancy ...,https://www.quikr.com/jobs/job-in-murshidabad-raghunathganj+murshidabad+zwqxj4157493934
Current Openings | Pidilite | Pidilite,https://pidilite.com/current-openings/
List of 408 Spice Money Employees - Find Emails & Phones ...,https://www.signalhire.com/companies/spice-money/employees?page=3
Kamal Kumari Devi Model School (KKDMS)- Raghunathganj ...,https://school.careers360.com/schools/kamal-kumari-devi-model-school-raghunathganj-murshidabad
Careers | SBI Card,https://www.sbicard.com/en/who-we-are/careers.page
Top Comuter Dealers in Raghunathganj - Best Computer Stores ...,https://www.justdial.com/Raghunathganj/Computer-Dealers/nct-10110698
Paschim Banga Society for Skill Development,https://www.pbssd.gov.in/
National Digital Library of In - Apps on Google Play,https://play.google.com/store/apps/details?id=com.mhrd.ndl&hl=en_US&gl=US
District Murshidabad | Government of West Bengal | Nawab Empire ...,https://murshidabad.gov.in/
Personal & Corporate Banking | MSME & Agri banking - IDBI Bank,https://www.idbibank.in/idbi-bank-careers.aspx
Associate Senior Associate Nontechnical Jobs In Begusarai - 27210 ...,https://www.naukri.com/associate-senior-associate-nontechnical-jobs-in-begusarai
SHIV DAL MILL Company Profile | Murshidabad- West Bengal- India ...,https://www.dnb.com/business-directory/company-profiles.shiv_dal_mill.2eb7b592552fb8d4780e873e5ba33844.html
Debmalya Mandal - Postdoctoral Researcher - Max Planck Institute ...,https://www.linkedin.com/in/debmalya-mandal-00185721
Careers - Tata Capital,https://www.tatacapital.com/careers.html
Rakesh Engineering Works - Manufacturer from Mohisre- Howrah ...,https://www.indiamart.com/rakesh-engineeringworks/about-us.html
Landing Page,https://kaushalpanjee.nic.in/
Pandey Mobile Service | Raghunathganj,https://www.facebook.com/PMSTAPAS/
Careers in Nagpur - Join Our Team of Ideapreneurs in Nagpur ...,https://www.hcltech.com/careers/nagpur
Top Machine Learning and Artificial Intelligence Colleges in India ...,https://www.jagranjosh.com/colleges/law/machine-learning-and-artificial-intelligence-engineering
West Bengal - SEWA Bharat,https://sewabharat.org/west-bengal/
Top 10 Mobile Repairing Course in Murshidabad- Cell Phone ...,https://www.sulekha.com/mobile-servicing-job-training/murshidabad
WEST BENGAL STATE ELECTRICITY DISTRIBUTION COMPANY ...,https://www.wbsedcl.in/irj/go/km/docs/internet/new_website/pdf/APR/12_FPPCA%202019-20%20Appendix%20-I.pdf
Careers - Latest Jobs- Recruitments and Vacancies - HeroFinCorp,https://www.herofincorp.com/career
Punjab National Bank,https://www.pnbindia.in/tender.aspx
Welcome to ABP,https://www.abp.in/
Feedback - The Compustar,https://www.thecompustar.com/feedback/
Mechanical Engineering | Top Engineering College in AP| AITS ...,https://aitsrajampet.ac.in/mechanical-engineering
CIRCLE BRANCHCD BRANCHNAME ADDRESS District State ...,https://sbi.co.in/documents/127/0/13072020_DSB+Br+100+centers+plus+Branch+Channels.pdf
Birla Corporation,https://www.birlacorporation.com/
IMT CDL: Best Distance Learning PGDM Institute in India,https://www.imtcdl.ac.in/
Star Cement,https://www.starcement.co.in/
MDI Murshidabad: Admission- Fees- Courses- Placements- Cutoff ...,https://www.careers360.com/colleges/management-development-institute-murshidabad
NBA,https://facilities.aicte-india.org/dashboard/pages/aicte_nba.php
Roland Institue of Pharmaceutical Sciences,https://www.rips.ac.in/
Automatic Blow Molding Machine Latest Price- Manufacturers ...,https://dir.indiamart.com/impcat/blow-molding-machines.html
Vocational Training Centre || Department of Technical Education ...,https://www.wbtetsd.gov.in/vocational_training/vocational_training_centre
SWIL Software: Billing- Inventory- POS Software Solution for SMEs,https://www.swindia.com/
Binpur-II Government ITI,https://binpuriigoviti.in/
CBSE Schools in Howrah | Best English Medium COED School in ...,https://www.aisedu.org/
Subject: Minutes of the meeting of the Project Approval Board held ...,https://dsel.education.gov.in/sites/default/files/2021-09/pab_wb_21.pdf
AVON RESUMES (Call +91 9889-101010) | Resume Writing ...,https://www.avonresumes.com/
Jakir Hossain Institute of Pharmacy,http://www.jhip.in/gallerys.php
INFORMATION BULLETIN,https://wbjeeb.nic.in/EXMANMGNMCMS/File/GetFile//?FileId=1&LangId=P
Certificate in Field Surveying (Amin) at George Telegraph College ...,https://www.shiksha.com/college/the-george-telegraph-training-institute-b-b-ganguly-street-kolkata-48464/course-certificate-in-field-surveying-amin-248764
Sr. No BC Orgainzation Name Agent Name Address District State ...,https://www.axisbank.com/docs/default-source/default-document-library/csc-list-june-2021.pdf
Duare Sarkar Camp List 2023: Download New District Wise Camp List,https://pmmodiyojana.in/duare-sarkar-camp/
Durga Idol into the water- Durga Puja Visarjan - YouTube,https://www.youtube.com/watch?v=VVSSYBq5cVI
