Title,URL
Younis Ali - Python Developer- Data Science- Machine Learning ...,https://in.linkedin.com/in/younis-ali-128672215
Amazon.in | Amazon.jobs,https://www.amazon.jobs/en/teams/in
Shabir Ahmad Bhat - Senior Machine Learning Engineer - Datoin ...,https://in.linkedin.com/in/bhatshabirahmed
Computer Science Internship in Srinagar | Internshala,https://internshala.com/internships/computer-science-internship-in-srinagar/
NIT Srinagar,https://nitsri.ac.in/Pages/FacultyList.aspx?nDeptID=i
0 HR Jobs for Freshers in Srinagar- Jan | Internshala,https://internshala.com/fresher-jobs/hr-jobs-in-srinagar/
Data Science Course With Python Machine Learning in Srinagar ...,https://www.apponix.com/data-science-course-in-srinagar
Python Course in Srinagar,https://www.codingbytes.com/python-course/python-course-in-srinagar/
All jobs - Careers at Airbnb,https://careers.airbnb.com/positions/
ccl research lab - People,https://sites.google.com/site/cclresearchlab/people
18 Best Freelance Java Developers For Hire Near Srinagar- IN ...,https://www.upwork.com/l/in/java-developers-in-srinagar/
Home | Jehlum - The Info Avenue,https://jehlum.in/
Teaching Assistant Salary in Srinagar | AmbitionBox,https://www.ambitionbox.com/profile/teaching-assistant-salary/srinagar-location
CUK's IT deptt holds lecture on 'Research Prospects in Artificial ...,https://kashmirreader.com/2022/12/01/cuks-it-deptt-holds-lecture-on-research-prospects-in-artificial-intelligence-machine-learning/
All Jobs - Dropbox,https://jobs.dropbox.com/all-jobs
Mart Jobs In Srinagar India - 832 Mart Job Vacancies In Srinagar ...,https://www.naukri.com/mart-jobs-in-srinagar-india
32 Rise Institute Jobs and Vacancies - 4 February 2023 | Indeed.com,https://in.indeed.com/Rise-Institute-jobs
Jobs In Data- Analysis- Insights & Machine Learning | Careers | GfK,https://www.gfk.com/careers
Cluster University Srinagar proposes new job-oriented courses,https://www.greaterkashmir.com/srinagar/cluster-university-srinagar-proposes-new-job-oriented-courses
Best machine learning institute of kashmir | NIIT Srinagar,https://niitsrinagar.com/ml.php
Applied Informatics | Machine Learning- NLP and Knowledge Graph ...,https://appliedinformaticsinc.com/
Top 10 Digital Marketing Courses In Srinagar With Course Details ...,https://digitalscholar.in/digital-marketing-courses-in-srinagar/
Embroidery & Zari Job Training in Srinagar,https://www.sulekha.com/embroidery-zari-work-job-training/srinagar
Decision tree based ensemble machine learning model for the ...,https://www.nature.com/articles/s41598-022-11731-6
Internship Program Details | Government of India : National Institute ...,https://nielit.gov.in/srinagar/content/internship-program-details
Ronit - Bharunda- : A B tech graduate from NIT Srinagar in computer ...,https://www.superprof.ng/tech-graduate-from-nit-srinagar-computer-science-engineering-ready-give-java-python-machine-learning-compiler.html
Videopreneurs of Kashmir,http://risingkashmir.com/-videopreneurs-of-kashmir
Predicting Personality Using Deep Learning Techniques | Request ...,https://www.researchgate.net/publication/329823683_Predicting_Personality_Using_Deep_Learning_Techniques
In Silico High Throughput Screening of Bimetallic and Single Atom ...,https://www.researchgate.net/publication/335801601_In_Silico_High_Throughput_Screening_of_Bimetallic_and_Single_Atom_Alloys_Using_Machine_Learning_and_Ab_Initio_Microkinetic_Modelling
11 Out Of 100 Resumes Have Job Anomalies in December Quarter ...,https://www.ndtv.com/business/11-out-of-100-resumes-have-job-anomalies-in-q4-of-2015-1285041
Bhatinda- Jammu- Srinagar natural gas pipeline to create 20-000 jobs,http://www.earlytimes.in/newsdet.aspx?q=128340
baramulla kalkharabs | Facebook,https://www.facebook.com/groups/810491663180464/
Free Online Course: Cybersecurity Job Search and Interviews ...,https://www.classcentral.com/course/cybersecurity-jobs-27205
Fear of contagion- emotional stress and coping strategies used by ...,https://www.ncbi.nlm.nih.gov/pmc/articles/PMC9694852/
Assignment3 1,https://www.slideshare.net/s1190177/assignment3-1
Sap Basis Mca Computer Jobs in India - TimesJobs,https://www.timesjobs.com/jobskill/sap-basis-mca+computer-jobs
Maharaja Malik | Kashmir Life,https://kashmirlife.net/maharaja-malik-issue-36-vol-10-194176/
druid-website/druid-powered.html at asf-site · apache/druid-website ...,https://github.com/apache/druid-website/blob/asf-site/druid-powered.html
