Title,URL
▷ Tutors in Tadepalligudem - TeacherOn,https://www.teacheron.com/tutors-in-tadepalligudem
0 Media Jobs for Freshers in Tadepalligudem- Jan | Internshala,https://internshala.com/fresher-jobs/media-jobs-in-Tadepalligudem/
NIT Andhra Pradesh: Welcome to NIT-AP,https://nitandhra.ac.in/
Internship in Tadepalligudem | Internshala,https://internshala.com/internships/internship-in-tadepalligudem/
Sri Vasavi,https://www.srivasaviengg.ac.in/
Urgent: Private school teacher Jobs in Tadepalligudem - February ...,https://in.jooble.org/jobs-private-school-teacher/Tadepalligudem
Top 10 Tailoring Classes in Tadepalligudem- Stitching- Sewing ...,https://www.sulekha.com/tailoring-training/tadepalligudem
Page 5 - Master Jobs In Tadepalligudem - 49880 Master Job ...,https://www.naukri.com/master-jobs-in-tadepalligudem-5
Urgent: Primary school teacher Jobs in Tadepalligudem - February ...,https://in.jooble.org/jobs-primary-school-teacher/Tadepalligudem
Software Engineer Salary in Tadepalligudem | AmbitionBox,https://www.ambitionbox.com/profile/software-engineer-salary/tadepalligudem-location
Jobs in Tadepalligudem - Check Latest (75) Job Openings ...,https://www.quikr.com/jobs/tadepalligudem+zwqxj760939060
Sasi Institute of Technology and Engineering (SITE) invited ...,https://www.facultytick.com/2022/08/31/sasi-institute-of-technology-and-engineering-site-invited-applications-from-eligible-candidates-for-the-following-post-of-teaching-faculty-and-various-non-teaching-recruitment/
Tharun Naredla - Senior Product Design Engineer - Quanint ...,https://in.linkedin.com/in/tharun-naredla-972740166
West Godavari Mega Job Fair,https://education.sakshi.com/en/jobs/pvt-jobs/west-godavari-mega-job-fair-117487
Durga Prasanth - Tadepalligudem- Andhra Pradesh- India ...,https://in.linkedin.com/in/durga-prasanth-810421166
NIT Andhra Pradesh Salaries in Tadepalligudem | AmbitionBox,https://www.ambitionbox.com/salaries/nit-andhra-pradesh-salaries/tadepalligudem-location
NIT-ANDHRA PRADESH (TADEPALLIGUDEM) IN SRI VASAVI ...,https://www.facebook.com/groups/789534001163072/
Find Manufacturing Companies in Tadepalligudem - Dun & Bradstreet,https://www.dnb.com/business-directory/company-information.manufacturing.in.andhra_pradesh.tadepalligudem.html
Top Security Services in Tadepalligudem - Best Security Guard ...,https://www.justdial.com/Tadepalligudem/Security-Services/nct-10426615
Lorhan Corporation Inc | LinkedIn,https://www.linkedin.com/company/lorhancorpinc
Students & Alumni Profiles – NIT - National Institute of Technology ...,https://www.university.youth4work.com/nit_national-institute-of-technology-andhra-pradesh/student-profile
SASI Institute of Technology & Engineering – Institute of Technology ...,https://www.sasi.ac.in/
NIT Andhra Pradesh PhD Admission 2022-23 Dates Eligibility,https://updateournext.com/nit-andhra-pradesh-phd-admission-2022-23/
Digital Summit | Citizen Hack,https://www.miraclesoft.com/ds18/citizen-hack
M.Tech.Data Science & Engineering – BITS Pilani,https://bits-pilani-wilp.ac.in/m-tech/cluster/data-science-and-engineering.php
SwiftAnt | Digitalization Simplified,https://www.swiftant.com/
Environmental Engineer Job Description [Updated for 2023],https://www.indeed.com/hire/job-description/environmental-engineer
Sri Vasavi Engineering College- Tadepalligudem: Admission- Fees ...,https://www.careers360.com/colleges/sri-vasavi-engineering-college-tadepalligudem
Working at Code Karo Yaaro | Glassdoor,https://www.glassdoor.com/Overview/Working-at-Code-Karo-Yaaro-EI_IE3902056.11,26.htm
Power Electronics - Junior Engineer | L&T Technology Services,https://www.ltts.com/careers/job-opportunities/power-electronics-junior-engineer
Silk Saree Printing Process || Screen Printing on Silk - YouTube,https://www.youtube.com/watch?v=7zV8qXAWW5A
7 AM | ETV Telugu News | 31st May 2020 - YouTube,https://www.youtube.com/watch?v=TdIMZnyHhuo
AP Fiber Net jobs in telugu 2021 || Andhra pradesh jobs in telugu ...,https://www.youtube.com/watch?v=1kDlWQJqLOA
(PDF) Eco-Tourism - The Enabler and Enhancer of Economic ...,https://www.researchgate.net/publication/345652662_Eco-Tourism_-_The_Enabler_and_Enhancer_of_Economic_Growth_-_Dr_K_BHANU_PRAKASH
14 567,https://www.slideshare.net/ChaitanyaGubbala/14-567
