Title,URL
577 Machine Learning Jobs and Vacancies in Gurgaon- Haryana - 5 ...,https://in.indeed.com/Machine-Learning-jobs-in-Gurgaon,-Haryana
334 Machine Learning jobs in Gurugram- Haryana- India (20 new),https://in.linkedin.com/jobs/machine-learning-jobs-gurugram
Senior Machine Learning Engineer at Pibit.ai • Gurgaon • Gurugram ...,https://angel.co/company/pibit-ai/jobs/1509329-senior-machine-learning-engineer
Sr. Data Engineer - Machine Learning in Gurgaon- - | Gartner Careers,https://jobs.gartner.com/jobs/job/72069-sr-data-engineer-machine-learning/
Computer Vision and Machine Learning Engineer at Awiros • Gurgaon,https://angel.co/company/awiros/jobs/220079-computer-vision-and-machine-learning-engineer
Machine learning Jobs in Gurgaon- Haryana- February 2023 ...,https://www.glassdoor.co.in/Job/gurgaon-machine-learning-jobs-SRCH_IL.0,7_IC2921225_KO8,24.htm
Explore job opportunities | Adobe careers,https://www.adobe.com/careers.html
Machine learning engineer Jobs in Gurgaon- Haryana- February ...,https://www.glassdoor.com/Job/gurgaon-machine-learning-engineer-jobs-SRCH_IL.0,7_IC2921225_KO8,33.htm
Data Scientist (Machine Learning) – Gurgaon (2-4 years of ...,https://www.analyticsvidhya.com/blog/2016/05/data-scientist-machine-learning-gurgaon-2-4-years-experience/
Machine Learning Science | Amazon.jobs,https://www.amazon.jobs/en/job_categories/machine-learning-science
14+ Deep Learning Jobs in Delhi- NCR and Gurgaon | Deep ...,https://cutshort.io/jobs/deep-learning-jobs-in-delhi-ncr-gurgaon-noida
Jobs - Expedia Group | Careers,https://careers.expediagroup.com/jobs/
Define your career with IBM,https://www.ibm.com/careers/in-en/
Careers at Airbnb,https://careers.airbnb.com/
Careers at Microsoft | Microsoft jobs,https://careers.microsoft.com/us/en/
20 Best machine learning data scientist jobs in Gurgaon- Haryana ...,https://www.simplyhired.co.in/search?q=machine+learning+data+scientist&l=gurgaon%2C+haryana
Data Scientist job at Synaptic - Instahyre,https://www.instahyre.com/job-157881-data-scientist-at-synaptic-gurgaon/
Manager- Startup Success Team - Google - Gurgaon- Haryana- India ...,https://careers.google.com/jobs/results/122042830961943238-manager-startup-success-team/?hl=fr
Great Learning: Online Courses- PG Certificates and Degree ...,https://www.mygreatlearning.com/
Associate Machine Learning at Sprinklr - India - Gurgaon - ai-jobs.net,https://ai-jobs.net/job/28254-associate-machine-learning/
2 Machine Learning Jobs for Freshers in Gurgaon- Feb | Internshala,https://internshala.com/fresher-jobs/machine-learning-fresher-job-in-gurgaon/
Job Openings | Uber Careers,https://www.uber.com/us/en/careers/list/
The Machine Learning Demand in Future Nowadays,https://www.ssdntech.com/blog/machine-learning-demand-in-future/
adidas Careers – Through sport- we have the power to change lives ...,https://careers.adidas-group.com/jobs?location=%5B%7B%22country%22%3A%22India%22%2C%22city%22%3A%22Gurgaon%22%7D%5D&locale=en
Machine Learning Course in Gurgaon | ML Training in Gurgaon,https://www.ssdntech.com/ai-courses/machine-learning-course-gurgaon-city
Machine Learning Engineer Salary in Gurgaon/Gurugram ...,https://www.ambitionbox.com/profile/machine-learning-engineer-salary/gurgaon-location
Careers | Cadence,https://www.cadence.com/en_US/home/company/careers.html
Urgent: Machine learning Jobs in Gurgaon - October 2022 - 7789 ...,https://in.jooble.org/jobs-machine-learning/Gurgaon
Advanced Analytics Group,https://www.bain.com/careers/roles/analytics/
Deep Learning Jobs- Job Vacancies for Deep Learning in February ...,https://www.hirist.com/k/deep-learning-jobs-2512.html
Machine Learning (ML) Course in Gurgaon - Fee 45% Off,https://datamites.com/machine-learning-course-training-gurgaon/
Expedia Group,https://expedia.wd5.myworkdayjobs.com/en-US/search/details/Recruiter--Early-Careers-Recruiting_R-74470
205-000+ Machine Learning jobs (2-491 new),https://www.linkedin.com/jobs/machine-learning-jobs-worldwide
Sr. Data Engineer - Machine Learning by Gartner! // Unstop (formerly ...,https://unstop.com/jobs/senior-data-engineer-machine-learning-gartner-601695
Work with Us | BNY Mellon,https://www.bnymellon.com/us/en/careers/work-with-us.html
Open Positions — Tower Research Capital,https://www.tower-research.com/open-positions
Meta Careers | Do the Most Meaningful Work of Your Career | Meta ...,https://www.metacareers.com/
Machine Learning Jobs In Gurgaon,https://www.timesjobs.com/jobs-in-gurgaon/machine-learning-jobs
Jobs In Data- Analysis- Insights & Machine Learning | Careers | GfK,https://www.gfk.com/careers
Machine Learning Course in Gurgaon by CCE- IIT Madras - #1 ML ...,https://intellipaat.com/machine-learning-course-gurgaon/
Find an Open Position Near You - Maven Wave Job Listings,https://www.mavenwave.com/company/careers/job-listings/
Cloud-Based AI Solutions for Understanding Content | Hive,https://thehive.ai/
Programs for Students and Internship Opportunities,https://www.att.jobs/students
dunnhumby Office Photos | Glassdoor,https://www.glassdoor.co.uk/Photos/dunnhumby-Office-Photos-IMG10677337.htm
Data Analyst Course in Gurgaon,https://www.edureka.co/masters-program/data-analyst-certification-gurgaon
Vapasi : Technical Trainer - Gurgaon | Thoughtworks Careers ...,https://www.thoughtworks.com/careers/jobs/3715347
Top 10 Hadoop Training in Gurgaon- Hadoop Course in Gurgaon ...,https://www.sulekha.com/hadoop-training/gurgaon
Dev management Jobs,https://powertofly.com/jobs/?keywords=%22Dev+Management%22
