Title,URL
Machine learning engineer salary in Mangalore- Karnataka,https://in.indeed.com/career/machine-learning-engineer/salaries/Mangalore--Karnataka
MResult | LinkedIn,https://www.linkedin.com/company/mresult
KNOWSAT | LinkedIn,https://in.linkedin.com/company/knowsat
Amazon.in | Amazon.jobs,https://www.amazon.jobs/en/teams/in
Best Artificial Intelligence Course in Mangalore [Rated #1],https://www.simplilearn.com/artificial-intelligence-training-courses-mangalore-city
Business Development internship in Mangaluru with job offer,https://internshala.com/internships/business-development-internship-in-mangaluru/ppo-true/
Infosys Careers - Internships,https://www.infosys.com/careers/internships.html
4 Best Freelance Android App Developers For Hire Near Mangalore ...,https://www.upwork.com/l/in/android-app-developers-in-mangalore/
StockGuru: Smart Way to Predict Stock Price Using Machine Learning,https://papers.ssrn.com/sol3/papers.cfm?abstract_id=3902709
LiverNet: efficient and robust deep learning model for automatic ...,https://pubmed.ncbi.nlm.nih.gov/34053009/
Refinitiv Jobs and Careers | Refinitiv,https://www.refinitiv.com/en/careers
Data Science Course Training Institute in Mangalore,https://360digitmg.com/india/mangalore/data-science-certification-course-training-institute
Machine Learning – Seminar - St. Agnes College (Autonomous ...,https://www.stagnescollege.edu.in/machine-learning-seminar/
Impelsys Salaries in Mangaluru | AmbitionBox,https://www.ambitionbox.com/salaries/impelsys-salaries/mangaluru-location
More than Just Fishing: The Formation of Livelihood Strategies in an ...,https://www.tandfonline.com/doi/full/10.1080/00220388.2019.1650168
Careers at Cognizant | Cognizant jobs,https://careers.cognizant.com/
Data Science Training in Mangalore- Course Fees- Certification ...,https://www.sulekha.com/data-science-certification-training/mangalore
Urgent: Automation engineer Jobs in Mangalore - February 2023 ...,https://in.jooble.org/jobs-automation-engineer/Mangalore
What are the Top IT Companies in Mangalore?,https://datamites.com/blog/what-are-the-top-it-companies-in-mangalore/
Software Engineering Manager (Search) | Mangalore - India | Jobs ...,https://unicourt.com/careers/UCviqQFll4
Internship,https://www.zephyrtechnologies.co/internship/
Data Science with Python Training In Mangalore | Python Data ...,https://www.traininginmangalore.in/data-science-using-python-training-in-mangalore/
The shifting sands of land governance in peri-urban Mangaluru ...,https://www.researchgate.net/publication/320376504_The_shifting_sands_of_land_governance_in_peri-urban_Mangaluru_India_fluctuating_land_as_an_
Srinivas University,https://srinivasuniversity.edu.in/
Top Natural Language Processing Companies - 2022 Reviews ...,https://clutch.co/developers/artificial-intelligence/natural-language-processing?page=5
MANISH VISHWAKARMA - Deputy Chief Engineer - Fichtner ...,https://eg.linkedin.com/in/manish-vishwakarma-66482032
UST Collaborates with Intel and SAP to Digitize the Industry 4.0 ...,http://www.uniindia.com/ust-collaborates-with-intel-and-sap-to-digitize-the-industry-4-0-journey-for-malaysian-smes/prnewswire/news/2874472.html
news - Rediff.com,https://www.rediff.com/search/news/0-40?viewtype=grid&sort_order=recency
Health-tech firm Qure.ai announces the appointment of ex-GE ...,https://www.theweek.in/wire-updates/business/2020/09/15/pwr11-qure.ai.html
Stories of 09 January- 2020 | Deccan Herald,https://www.deccanherald.com/sitemap/detail/days/2020-01-09
'Indians do well in the Silicon Valley but don't in the Indus Valley ...,https://bloncampus.thehindubusinessline.com/b-school-corner/my-internship/indians-do-well-in-the-silicon-valley-but-dont-in-the-indus-valley/article7210476.ece
