Title,URL
Cm Smith Sons Limited | LinkedIn,https://uk.linkedin.com/company/cm-smith-sons-limited
Aashrey Homes | LinkedIn,https://in.linkedin.com/company/aashrey-homes
Machine Operator Job Vacancies in Nadiad- Kheda-Machine ...,https://www.placementindia.com/job-search/machine-operator-jobs-in-nadiad.htm
0 HR Jobs for Freshers in Nadiad- Jan | Internshala,https://internshala.com/fresher-jobs/hr-jobs-in-Nadiad/
Confidence to Deploy AI with World-Class Training Data,https://appen.com/
Internship with job offer in Nadiad,https://internshala.com/internships/internship-in-nadiad/ppo-true/
Data Science Course in Nadiad - Best Training Institute - Fees ...,http://quickxpertinfotech.com/data-science-course-in-nadiad
Senior Customer Engineer Jobs In Nadiad - 2300 Senior Customer ...,https://www.naukri.com/senior-customer-engineer-jobs-in-nadiad
Ravinder Singh - Enterprise Engineer - Meta | LinkedIn,https://www.linkedin.com/in/ravindersingh31
Work From Home Jobs In Nadiad,http://shop-zwo.com/985-work-from-home-jobs-in-nadiad
Adat Science LLC | LinkedIn,https://www.linkedin.com/company/adatscience
▷ Maths tutors in Nadiad - TeacherOn,https://www.teacheron.com/maths-tutors-in-nadiad
71 Fresher Jobs and Vacancies in Nadiad- Gujarat - 6 February ...,https://in.indeed.com/Fresher-jobs-in-Nadiad,-Gujarat
Modeling & Optimization | Amazon.jobs,https://amazon.jobs/en/teams/mop
542 Automation Engineer Jobs and Vacancies in Gujarat - 5 ...,https://in.indeed.com/Automation-Engineer-jobs-in-Gujarat
upGrad hiring Admissions Counselor in Nadiad - Join leading startup,https://earlytutors.com/jobs/upgrad-admissions-counselor-in-nadiad-gj/
20 Best fresher jobs in Nadiad- Gujarat (Hiring Now!) | SimplyHired,https://www.simplyhired.co.in/search?q=fresher&l=nadiad%2C+gujarat
Operator Salary in Nadiad | AmbitionBox,https://www.ambitionbox.com/profile/operator-salary/nadiad-location
‪Dr. Harshadkumar B. Prajapati‬ - ‪Google Scholar‬,https://scholar.google.com/citations?user=_3BMswcAAAAJ&hl=en
Heat Treatment Operator Salary in Nadiad | AmbitionBox,https://www.ambitionbox.com/profile/heat-treatment-operator-salary/nadiad-location
Nadiad Ayurveda | J. S. Ayurveda Mahavidyalaya & P. D. Patel ...,https://nadiadayurveda.org/
Career Opportunities: Current Job Opening at Ace Infoway,https://www.aceinfoway.com/careers
Data Science Training Course in Nadiad - Fees- Placements,http://quickxpert.com/data-science-training-course-in-nadiad
Urgent: Internships Jobs in Nadiad - February 2023 - Current ...,https://in.jooble.org/jobs-internships/Nadiad
Machines and Job Work Manufacturer | Boss Engineering Company ...,https://www.indiamart.com/boss-engineering-company/
Artificial intelligence | TED Talks,https://www.ted.com/playlists/310/talks_on_artificial_intelligen
DevOps Engineer Salary in India in 2023 [For Freshers ...,https://www.upgrad.com/blog/devops-engineer-salary-in-india-for-freshers-experienced/
Sikkim Manipal Institute of Technology – Sikkim Manipal University,https://smu.edu.in/smit.html/
Sciative Solutions: Home Page,https://sciative.com/
Nokia Student Trainee Interview Questions | Glassdoor,https://www.glassdoor.com/Interview/Nokia-Student-Trainee-Interview-Questions-EI_IE3494.0,5_KO6,21.htm
Dharmsinh Desai Universityの社員、場所、同窓生 | LinkedIn,https://jp.linkedin.com/school/dharmsinh-desai-university/?trk=public_profile_school
(PDF) Bandwidth-Aware Scheduling of Workflow Application on ...,https://www.researchgate.net/publication/265602679_Bandwidth-Aware_Scheduling_of_Workflow_Application_on_Multiple_Grid_Sites
Shark Tank India | Starts From 20th December | Mon-Fri At 9PM ...,https://www.youtube.com/watch?v=JPoS2iUyC2c
Sap Basis Mca Computer Jobs in India - TimesJobs,https://www.timesjobs.com/jobskill/sap-basis-mca+computer-jobs
Anställda- plats- f.d. medarbetare för Dharmsinh Desai University ...,https://se.linkedin.com/school/dharmsinh-desai-university/?trk=public_profile_school_profile-section-card_full-click
Ethnopharmacology | Apply for Honorary DSc in ...,https://sites.google.com/site/honorarydegreeacademics/ethnopharmacology-apply-for-honorary-dsc-in-ethnopharmacology-admission-announcement
Nokia: 2 166 questions d'entretien avec réponses (2023) | Glassdoor,https://fr.glassdoor.ca/Entretien/Nokia-questions-entretien-d-embauche-E3494.htm
Rating - Codeforces,https://codeforces.com/ratings/organization/19079
Rating - Codeforces,https://codeforces.com/ratings/organization/3965
Rating - Codeforces,https://codeforces.com/ratings/organization/30526
Rating - Codeforces,https://codeforces.com/ratings/organization/29320
