Title,URL
Sagnik Mazumder - Software Engineer - CloudKaptan Consultancy ...,https://in.linkedin.com/in/sagnikmazumder37
Page 3 - Content Engineer Jobs In Baharampur - 12585 Content ...,https://www.naukri.com/content-engineer-jobs-in-baharampur-3
PepsiCo,https://www.pepsico.com/
Page 4 - Content Engineer Jobs In Baharampur - 12585 Content ...,https://www.naukri.com/content-engineer-jobs-in-baharampur-4
4 Cnc Operator Jobs and Vacancies in Noida - 2023,https://www.goodworker.in/cnc-operator-jobs-in-noida
IBA Group - Outsourcing & Software Development Company,https://ibagroupit.com/
Artificial Intelligence: AI Jobs- Career Path- and Salary,https://www.koenig-solutions.com/blog/everything-about-artificial-intelligence-salary-and-career-path
M.Tech.Data Science & Engineering – BITS Pilani,https://bits-pilani-wilp.ac.in/m-tech/cluster/data-science-and-engineering.php
Top 10 Tailoring Classes in Berhampore- Stitching- Sewing Courses ...,https://www.sulekha.com/tailoring-training/berhampore
Berhampore - Wikipedia,https://en.wikipedia.org/wiki/Berhampore
Susrut Eye Foundation & Research Centre Optometrist Salaries in ...,https://www.ambitionbox.com/salaries/susrut-eye-foundation-and-research-centre-salaries/optometrist/berhampore-location
Top Institutes in Berhampore - Best Academy Murshidabad - Justdial,https://www.justdial.com/Murshidabad/Institutes-in-Berhampore/nct-10268288
Careers at Royal Enfield | Royal Enfield jobs,https://careers.royalenfield.com/us/en/home
Top Institutes For Male Nursing in Murshidabad - Justdial,https://www.justdial.com/Murshidabad/Institutes-For-Male-Nursing/nct-12065197
R Language Course in Baharampur - Best Training Institute - Fees ...,http://quickxpertinfotech.com/r-language-course-in-baharampur
Rural Hospitals Overview - Rural Health Information Hub,https://www.ruralhealthinfo.org/topics/hospitals
MDI Murshidabad,https://www.mdim.ac.in/
Murshidabad- Berhampore- 742101 ATM Contact Information ...,https://near-me.hdfcbank.com/branch-atm-locator/hdfc-bank-atm-gora-bazar-berhampore-offsite-atm-murshidabad-berhampore-107194/Contact-Us
Jobs in Berhampore - Check Latest (117) Job Openings (February ...,https://www.quikr.com/jobs/berhampore+zwqxj760939060
Top 10 Machine Learning Freelancers in India | Best Machine ...,https://www.truelancer.com/machine-learning-freelancers-in-india
The Taplow Group S.A. | LinkedIn,https://www.linkedin.com/company/taplow-group-s-a1
MIT-Murshidabad Institute Of Technology,https://www.university.youth4work.com/mit_murshidabad-institute-of-technology
PhD Admission | IISER Berhampur,https://www.iiserbpr.ac.in/index.php?category=doaa&pid=phd-admission
893 Diploma Jobs and Vacancies in West Bengal - 6 February 2023 ...,https://in.indeed.com/Diploma-jobs-in-West-Bengal
Lower Ganga Division-3- CWC- Berhampore | Berhampore,https://www.facebook.com/lgd3cwc/
NIST- Berhampur,https://www.nist.edu/
Glocal Healthcare Systems Pvt. Ltd. | Quality & Affordable ...,https://ghspl.com/
Working at Northcorp Software | Glassdoor,https://www.glassdoor.co.in/Overview/Working-at-Northcorp-Software-EI_IE1813507.11,29.htm
Sustainability | Free Full-Text | Assessment of Wetland Ecosystem ...,https://www.mdpi.com/2071-1050/12/15/5932
Northcorp Software,https://www.northcorpsoftware.com/
Mount Litera Zee School (MLZS)- Baharampur- Murshidabad ...,https://school.careers360.com/schools/mount-litera-zee-school-baharampur-murshidabad
Govt. Industrial Training Institute Berhampore | ITI Directory,https://iti.directory/murshidabad/govt-industrial-training-institute-berhampore
Aptech Hazra in Baharampur ~ Profile and Reviews ~ Binly.com,https://binly.com/baharampur/training-institute/aptech-hazra/
B.Tech. in Textile Technology at Government College of ...,https://www.shiksha.com/college/government-college-of-engineering-and-textile-technology-berhampore-murshidabad-55443/course-b-tech-in-textile-technology-302361
▷ Data Science tutors in Gurugram - TeacherOn,https://www.teacheron.com/data_science-tutors-in-gurugram
Stemz Healthcare | LinkedIn,https://nl.linkedin.com/company/stemzhealthcare
District Murshidabad | Government of West Bengal | Nawab Empire ...,https://murshidabad.gov.in/
HONO – NEXT GEN HR TECH | AI DRIVEN HRMS | EMPLOYEE ...,https://www.hono.ai/
PG in Baharampur Naya- Sector 61- Gurgaon | Paying Guest ...,https://housing.com/paying-guests/pg-in-baharampur-naya-P2rp9rnn9dn1v1owc
Jana Small Finance Bank | Online Banking and Financial Services,https://www.janabank.com/
National Board of Amin Survey Education | Amin Survey Training ...,https://www.nbase.org.in/
Sector-wise Training Partners approved by National Skill ...,https://www.aicte-india.org/sites/default/files/NSDC%20approved%20training%20partners%20details.pdf
Grass Electric Chaff Cutter Machine at best price in Baharampur | ID ...,https://www.indiamart.com/proddetail/electric-chaff-cutter-machine-26039127691.html
BERHAMPUR MUNICIPAL CORPORATION (@BrahmapurCorp ...,https://twitter.com/brahmapurcorp?lang=en
Parala Maharaja Engineering College,https://www.pmec.ac.in/
Murshidabad College of Engineering & Technology,https://www.mcetbhb.net/
Black and White Show | Sudhir Chaudhary Show | Jammu-Kashmir ...,https://m.youtube.com/watch?v=k9SkDPtXLyc
West Bengal: Scuffle at booth no. 82 of Rampurhat in Birbhum ...,https://www.youtube.com/watch?v=wK8c3oMq_ng
World's largest shiva lingam shaped temple being constructed in ...,https://www.youtube.com/watch?v=tcoDlbowYw0
Gun Licence How to Get Gun Licence Legal Banduk ka licence ...,https://www.youtube.com/watch?v=tWhL70Z_IN8
New Delhi Kali Bari - YouTube,https://www.youtube.com/watch?v=rbPjDpQeFWw
Molecular docking for Beginners | Autodock Full Tutorial ...,https://www.youtube.com/watch?v=k6tqCeDIwEk
Passport Seva Kendra - Issue of Passports to Indian Citizens ...,https://www.youtube.com/watch?v=UOyZGESVcLM
