Title,URL
0 HR Jobs for Freshers in Sivakasi- Jan | Internshala,https://internshala.com/fresher-jobs/hr-jobs-in-Sivakasi/
Data scientist salary in Sivakasi- Tamil Nadu,https://in.indeed.com/career/data-scientist/salaries/Sivakasi--Tamil-Nadu
Jupiter brothers | LinkedIn,https://in.linkedin.com/company/jupiterbrothers
83 Jobs and Vacancies in Sivakasi- Tamil Nadu - 6 February 2023 ...,https://in.indeed.com/jobs-in-Sivakasi,-Tamil-Nadu
SRI HARI VENKATESWARA PAPER MILLS PRIVATE LIMITED ...,https://in.linkedin.com/company/sri-hari-venkateswara-paper-mills-private-limited
22 Freshers Job Vacancy Jobs and Vacancies in Sivakasi- Tamil ...,https://in.indeed.com/Freshers-Job-Vacancy-jobs-in-Sivakasi,-Tamil-Nadu
Fresher Jobs in Sivakasi- February 2023 | Glassdoor,https://www.glassdoor.com/Job/sivakasi-fresher-jobs-SRCH_IL.0,8_IC2831215_KO9,16.htm
Suri Graphix | LinkedIn,https://in.linkedin.com/company/suri-graphix
Galaxy Weblinks Salaries in Sivakasi | AmbitionBox,https://www.ambitionbox.com/salaries/galaxy-weblinks-salaries/sivakasi-location
Urgent: Offline data entry Jobs in Sivakasi - February 2023 - Current ...,https://in.jooble.org/jobs-offline-data-entry/Sivakasi
Junior Research Fellow (JRF) | ONSITE - Sivakasi | Snaphunt,https://snaphunt.com/jobs/695TUQC55T
Online Class 12 Tutor for French in Sivakasi (Job Id: 12645714),https://www.urbanpro.com/sivakasi/online-class-12-tutor-for-french-in-sivakasi/34936289
Giridharan Vijay Kumar Moorthy - Manufacturing Engineer - Bay ...,https://www.linkedin.com/in/girimoorthy97
8 Entry-Level Data Analyst Jobs to Start Your Career,https://www.springboard.com/blog/data-analytics/entry-level-data-analyst-jobs/
Data Science Training Course in Sivakasi - Fees- Placements,http://quickxpert.com/data-science-training-course-in-sivakasi
Find Pulp- Paper- and Paperboard Mills Companies in Sivakasi ...,https://www.dnb.com/business-directory/company-information.pulp_paper_and_paperboard_mills.in.tamil_nadu.sivakasi.html
Top 10 Baby sitter in Sivakasi- Nanny in Sivakasi- Child Care | Sulekha,https://www.sulekha.com/child-care-services/sivakasi
Careers | Volkswagen Group,https://www.volkswagenag.com/en/career.html
Die Cutting Machines in Sivakasi- Tamil Nadu | Die Cutting ...,https://dir.indiamart.com/sivakasi/die-cutting-machines.html
Job Consultancy & Placement Services For Candidate in Sivakasi ...,https://www.justdial.com/Sivakasi/Placement-Services-Candidate/nct-10372869
Quality Control Inspector - India at Fictiv,https://startup.jobs/quality-control-inspector-india-fictiv-2-4072349
ganesh engineering works-sivakasi | cutting machine | By Ganesh ...,https://www.facebook.com/ganeshengineeringwork/videos/ganesh-engineering-works-sivakasi/1561643000796952/
A hybrid cuckoo search metaheuristic algorithm for solving single ...,https://www.researchgate.net/publication/304779354_A_hybrid_cuckoo_search_metaheuristic_algorithm_for_solving_single_machine_total_weighted_tardiness_scheduling_problems_with_sequence_dependent_setup_times
ganesh engineering works- sivakasi | cum coating machine | By ...,https://www.facebook.com/ganeshengineeringwork/videos/ganesh-engineering-works-sivakasi/1561632430798009/
Solving tri-objective multistage hybrid flow shop scheduling ...,https://www.researchgate.net/publication/273184275_Solving_tri-objective_multistage_hybrid_flow_shop_scheduling_problems_using_a_discrete_firefly_algorithm
Robotics | Apply for Honorary D.Eng. Award (Doctrin de Engineering ...,https://sites.google.com/site/honorarydegreeacademics/robotics-apply-for-honorary-d-eng-award-doctrin-de-engineering-award-honoris-causa-in-robotics
A Hybrid Genetic Scatter Search Algorithm to Solve Flexible Job ...,https://www.researchgate.net/publication/345012654_A_Hybrid_Genetic_Scatter_Search_Algorithm_to_Solve_Flexible_Job_Shop_Scheduling_Problems_A_Hybrid_Algorithm_for_Scheduling_Problems
An effective genetic algorithm for flow shop scheduling problems to ...,https://go.gale.com/ps/i.do?id=GALE%7CA509321863&sid=googleScholar&v=2.1&it=r&linkaccess=abs&issn=13921207&p=AONE&sw=w
Performance evaluation of an improved hybrid genetic scatter ...,https://www.researchgate.net/publication/264821526_Performance_evaluation_of_an_improved_hybrid_genetic_scatter_search_IHGSS_algorithm_for_multistage_hybrid_flow_shop_scheduling_problems_with_missing_operations
An effective genetic algorithm for flow shop scheduling problems to ...,https://go.gale.com/ps/i.do?id=GALE%7CA509321863&sid=googleScholar&v=2.1&it=r&linkaccess=abs&issn=13921207&p=AONE&sw=w
Cognitive and Personal Dimensions of Cyber Learning - R.D. ...,https://www.slideshare.net/sivamsccsit/cognitive-and-personal-dimensions-of-cyber-learning-rdsivakumar
ST COURIER PVT LTD | The People's Choice,http://stcourier.com/
KAIZEN - July '20 Edition by SCOMC-IIMR - Issuu,https://issuu.com/scomc-iimr/docs/kaizen_july__20_edition
