Title,URL
30 Machine Learning Job Vacancies In Thrissur - Naukri.com,https://www.naukri.com/machine-learning-jobs-in-thrissur
Machine Learning classrooom training in Thrissur ... - LIVEWIRE,https://www.livewireindia.com/thrissur-centre/machine-learning-training-institute.php
Data scientist Jobs in Thrissur- February 2023 | Glassdoor,https://www.glassdoor.co.in/Job/thrissur-data-scientist-jobs-SRCH_IL.0,8_IC2867866_KO9,23.htm
Machine Learning Certification Training Course | Livewire Thrissur,https://www.livewireindia.com/blog/machine-learning-course-thrissur-training/
IES College of Architecture- Chittilappilly- Thrissur | LinkedIn,https://www.linkedin.com/company/ies-college-of-architecture-chittilappilly-thrissur
IEDC GEC Thrissur - Dr. Paul Mario Koola will walk you through how ...,https://www.facebook.com/iedcgect/photos/a.563838640486915/1486276344909802/?type=3
Amazon.in | Amazon.jobs,https://www.amazon.jobs/en/teams/in
IEEE SB GEC Thrissur | LinkedIn,https://in.linkedin.com/company/ieee-sb-gect
61 Technical Support Support Jobs and Vacancies in Trichur- Kerala ...,https://in.indeed.com/Technical-Support-Support-jobs-in-Trichur,-Kerala
Natural Language Processing Training in Thrissur,https://www.simplilearn.com/natural-language-processing-training-course-thrissur-city
92 B Tech Jobs and Vacancies in Trichur- Kerala - 5 February 2023 ...,https://in.indeed.com/B-Tech-jobs-in-Trichur,-Kerala
Artificial Intelligence & Machine Learning & Deep Learning ...,https://rapidtechs.co.in/courses/artificial-intelligence-machine-learning-deep-learning/
93 SQL Jobs and Vacancies in Trichur- Kerala - 2 February 2023 ...,https://in.indeed.com/SQL-jobs-in-Trichur,-Kerala
Machine Learning - Training,https://thrissur.livewireindia.com/machine-learning-training-thrissur.php
19 Vwex Edutech Pvt Ltd Jobs and Vacancies in Trichur- Kerala - 5 ...,https://in.indeed.com/m/jobs?q=Vwex+Edutech+Pvt+Ltd&l=Trichur%2C+Kerala
Data Science Internship in Thrissur | Internshala,https://internshala.com/internships/data-science-internship-in-thrissur/
Internship software Jobs in Thrissur- February 2023 | Glassdoor,https://www.glassdoor.com/Job/thrissur-internship-software-jobs-SRCH_IL.0,8_IC2867866_KO9,28.htm
Artificial Intelligence Course in Thrissur - Best Training Institute ...,http://quickxpertinfotech.com/artificial-intelligence-course-in-thrissur
20 Best machine learning jobs in Kerala (Hiring Now!) | SimplyHired,https://www.simplyhired.co.in/search?q=machine+learning&l=kerala
Fault Detection of Spur Gear Using Machine Learning by Vishnu ...,https://papers.ssrn.com/sol3/papers.cfm?abstract_id=4048601
Artificial Intelligence course in Irinjalakuda- Thrissur. - JES Training,https://jes-training.com/courses/artificial-intelligence-course-in-irinjalakuda-thrissur/
Master of Science in Big Data Analytics - St Thomas University Miami,https://www.stu.edu/science/programs/ms-big-data-analytics/
Will robots and AI take your job? The economic and political ...,https://www.brookings.edu/blog/techtank/2018/04/18/will-robots-and-ai-take-your-job-the-economic-and-political-consequences-of-automation/
Which Career is Better: A Data Scientist or an Artificial Intelligence ...,https://medium.com/analytics-vidhya/which-career-is-better-a-data-scientist-or-an-artificial-intelligence-engineer-b2516c5b3058
Top 12 Career Options after Computer Engineering in 2023 - Great ...,https://www.mygreatlearning.com/blog/career-options-after-computer-engineering-2/
Nihal - Thrissur- : Student in engineering college who is certified by ...,https://www.superprof.ng/student-engineering-college-who-certified-ibm-teach-machine-learning.html
Best Data Science Course Thrissur | Certification | SMEClabs,https://www.smeclabs.com/data-science-course-thrissur/
Sree Parthasarathy A (@sreeparthadme) / Twitter,https://mobile.twitter.com/sreeparthadme
(PDF) Machine Learning for Electroencephalography Decoding and ...,https://www.researchgate.net/publication/322485827_Machine_Learning_for_Electroencephalography_Decoding_and_Robotics_Dexterous_Hands_Movement
IBM Reviews | Glassdoor,https://www.glassdoor.com.hk/Reviews/IBM-Reviews-E354.htm
Keerthana Haridas - الشارقة الشارقة الإمارات العربية المتحدة | ملف ...,https://ae.linkedin.com/in/keerthana-haridas-56a549231?trk=public_profile_browsemap
TM1 Data Integrator Training Centres- Courses- Classes- Institutes ...,https://www.sulekha.com/tm1-data-integrator-training/
Google Reviews: What Is It Like to Work At Google? | Glassdoor,https://www.glassdoor.ca/Reviews/Google-Reviews-EI_IE9079.0,6.htm
Sage "good benefits" Reviews | Glassdoor,https://www.glassdoor.co.uk/Reviews/Sage-good-benefits-Reviews-EI_IE1150.0,4_KH5,18.htm
University of Michigan on The Conversation,https://theconversation.com/institutions/university-of-michigan-1290?page=12
Palantir Technologies - Forward Deployed Software Engineer: UK ...,https://jobs.lever.co/palantir/1d51a14a-e65c-479b-a36c-ba8745df4c7d/apply
1112 Test Estimates Jobs,https://www.timesjobs.com/jobskill/test-estimates-jobs
Shadow Flickering Analysis Jobs in India - 26371 Shadow Flickering ...,https://m.timesjobs.com/jobskill/shadow-flickering-analysis-jobs
CIO Magazine March 15- 2015 Issue by Sreekanth Sastry - Issuu,https://issuu.com/idgindia/docs/issue_5_march_low
