Title,URL
20466 Senior Staff Engineer Job Vacancies In Ratlam - Naukri.com,https://www.naukri.com/senior-staff-engineer-jobs-in-ratlam
D.P. Wires Limited | LinkedIn,https://in.linkedin.com/company/dpwires
Internship in Ratlam | Internshala,https://internshala.com/internships/internship-in-ratlam/
Manvendra Singh Rathore - Junior Software Engineer - EPAM ...,https://www.linkedin.com/in/manvendra-singh-rathore/
Social Media Marketing internship in Ratlam with job offer,https://internshala.com/internships/social-media-marketing-internship-in-ratlam/ppo-true/
Srishti Mehra - Machine Learning Research Engineer - Bridgewater ...,https://www.linkedin.com/in/srishtimehra
Shri Guru Tegh Bahadur Academy Post Graduate Teacher Salaries ...,https://www.ambitionbox.com/salaries/shri-guru-tegh-bahadur-academy-salaries/post-graduate-teacher/ratlam-location
Honey - Ratlam- : Student and UXdesigner teaching from 2 years ...,https://www.superprof.ng/student-and-uxdesigner-teaching-from-years-passionate-about-learning-and-making-learn.html
Careers | Veritas,https://www.veritas.com/company/careers
1-687 Artificial Intelligence Python Jobs and Vacancies - 5 February ...,https://in.indeed.com/Artificial-Intelligence-Python-jobs
Creative Spaces | LinkedIn,https://uk.linkedin.com/company/creative-spaces-design
Jobs in Ratlam - Check Latest (102) Job Openings (February 2023 ...,https://www.quikr.com/jobs/ratlam+zwqxj760939060
Top 10 Tailoring Classes in Ratlam- Stitching- Sewing Courses ...,https://www.sulekha.com/tailoring-training/ratlam
HighRadius: Autonomous Finance for O2C- Treasury & R2R,https://www.highradius.com/home/
Wire Drawing Machine and Spooling Machine Manufacturer ...,https://www.indiamart.com/kusum-industries-ratlam/
Phoenix College,https://www.phoenixcollege.edu/
Diebold Nixdorf - Bank Innovation – Retail Technology | Diebold ...,https://www.dieboldnixdorf.com/en-us/
08 common Interview question and answers - Job Interview Skills ...,https://www.youtube.com/watch?v=1mHjMNZZvFo
An Overview of the Refining Process - YouTube,https://www.youtube.com/watch?v=GYRwWyG3Qqw
1596 Mopping Floors Jobs Openings in India,https://www.timesjobs.com/jobskill/mopping-floors-jobs
1112 Test Estimates Jobs,https://www.timesjobs.com/jobskill/test-estimates-jobs
Autonomous Maintenance Jobs in India - 15925 Autonomous ...,https://www.timesjobs.com/jobskill/autonomous-maintenance-jobs
17254 Marketing Intelligence Jobs Openings in India - TimesJob.com,https://www.timesjobs.com/jobskill/marketing-intelligence-jobs
27067 Digital Projects Jobs Openings in India,https://www.timesjobs.com/jobskill/digital-projects-jobs
Ethnopharmacology | Apply for Honorary DSc in ...,https://sites.google.com/site/honorarydegreeacademics/ethnopharmacology-apply-for-honorary-dsc-in-ethnopharmacology-admission-announcement
Robotics and Automation: The Rescuers of COVID Era | Request PDF,https://www.researchgate.net/publication/353354993_Robotics_and_Automation_The_Rescuers_of_COVID_Era
Hotels Near Indian Fine Arts In Singapore - 2023 Hotels | Trip.com,https://www.trip.com/hot/hotels-near-indian-fine-arts/
4YZ_R SfZ]Ud gZ]]RXV Z_ 2cf_RTYR],https://www.dailypioneer.com/uploads/2021/epaper/january/bhopal-english-edition-2021-01-19.pdf
