Title,URL
Anirudh Dharmavaram - System Engineer - Infosys | LinkedIn,https://in.linkedin.com/in/anirudh-dharmavaram-43648a138
Work in Progress: Collect- Carve- Classify,https://peer.asee.org/work-in-progress-collect-carve-classify
Ananth Dharmavaram - Senior Software Engineer - Capgemini ...,https://in.linkedin.com/in/ananth-dharmavaram-96b9a9191
Data Science Course in Dharmavaram - Best Training Institute ...,http://quickxpertinfotech.com/data-science-course-in-dharmavaram
Introducing Artificial Neural Networks as a Specific Enthalpy ...,https://ieeexplore.ieee.org/document/9274222/
Nikhil Dharmavaram - Content Moderator - Everise | LinkedIn,https://ie.linkedin.com/in/nikhil-dharmavaram-b06a7b15a
IDEO | Global Design & Innovation Company | This Work Can't Wait,https://www.ideo.com/
Internship Jobs For Women | Work From Home Options | Full Time,https://internshala.com/internships-for-women/creative-writing-internship-in-dharmavaram/
Internships at VMware,https://careers.vmware.com/internships
Faculty Directory | ME-EM | Michigan Tech,https://www.mtu.edu/mechanical/people/faculty/
Jobs in Dharmavaram - Check Latest (70) Job Openings (February ...,https://www.quikr.com/jobs/dharmavaram+zwqxj760939060
Dharmavaram Municipality Overview and Company Profile ...,https://www.ambitionbox.com/overview/dharmavaram-municipality-overview
Part Time Jobs From Home 2023-24 Job Vacancy- Dharmavaram ...,https://www.quikr.com/jobs/part-time-jobs-from-home+dharmavaram+zwqxj4157493934
Reliance Trends Head Cashier Dharmavaram Reviews by 2 ...,https://www.ambitionbox.com/reviews/reliance-trends-reviews/head-cashier?location=dharmavaram
Top 10 Tailoring Classes in Dharmavaram- Stitching- Sewing Courses,https://www.sulekha.com/tailoring-training/dharmavaram
Asha Hospital Data Entry Operator Salaries in Dharmavaram ...,https://www.ambitionbox.com/salaries/asha-hospital-salaries/data-entry-operator/dharmavaram-location
D'source Warping Process | Dharmavaram Silk Weaving | D'Source ...,https://www.dsource.in/resource/dharmavarma-silk-weaving/warping-process
Azure Data Factory Jobs,https://www.naukri.com/azure-data-factory-jobs
How to Get a Job at Wells Fargo,https://careerkarma.com/blog/how-to-get-a-job-at-wells-fargo/
Nava Limited,https://www.navalimited.com/
Katia Sycara - The Robotics Institute Carnegie Mellon University,https://www.ri.cmu.edu/ri-faculty/katia-sycara/
Unschool - Best OTT Platform for Online Courses in 2022,https://www.unschool.in/
M.Tech.Data Science & Engineering – BITS Pilani,https://bits-pilani-wilp.ac.in/m-tech/cluster/data-science-and-engineering.php
List of State Bank Of India Branches in Dharmavaram - SBI Branch ...,https://www.justdial.com/Dharmavaram/State-Bank-Of-India/nct-11978697
PAM Access Management - Identity Management Solutions,https://arconnet.com/
New- Demo- and Refurbished Capital Medical Equipment Sales and ...,https://www.somatechnology.com/
Arthur Cotton - Wikipedia,https://en.wikipedia.org/wiki/Arthur_Cotton
Presentations: Wolfram Technology Conference 2019,https://www.wolfram.com/events/technology-conference/2019/presentations/
Sri Sathya Sai District Mega Job Fair on Oct 14th,https://education.sakshi.com/en/jobs/pvt-jobs/sri-sathya-sai-district-mega-job-fair-oct-14th-117562
National Institute of Technology- Trichy,https://www.nitt.edu/
Weaving process - Tilfi,https://www.tilfi.com/pages/weaving-process
Andhra pradesh state skill development corporation (APSSDC),https://www.apssdc.in/home/logout
AP State Skill Development Corporation,https://www.facebook.com/apssdcskilldevelopment/
APSFL,https://apsfl.in/
12 Best Computer Courses List (2020-21) - Fees & Requirements,https://www.admitkard.com/blog-editor/computer-courses-list/
Municipal Boys HIgh School Kothapeta Kothapeta- Dharmavaram ...,https://school.careers360.com/schools/municipal-boys-high-school-kothapeta-kothapeta-dharmavaram
Rural Development Trust: Home,https://rdtfvf.org/
FacultyPlus: Faculty Recruitment 2023,https://www.facultyplus.com/
Top 10 Machine Learning Freelancers in India | Best Machine ...,https://www.truelancer.com/machine-learning-freelancers-in-india
Evaluation of Sensory and Motor Skills in Neurosurgery Applicants ...,https://www.researchgate.net/publication/279991994_Evaluation_of_Sensory_and_Motor_Skills_in_Neurosurgery_Applicants_Using_a_Virtual_Reality_Neurosurgical_Simulator_The_Sensory-Motor_Quotient
MEMBERSHIP FUNCTIONS. | Download Scientific Diagram,https://www.researchgate.net/figure/MEMBERSHIP-FUNCTIONS_fig2_3923222
GAS MOTOR BLOCK DIAGRAM. | Download Scientific Diagram,https://www.researchgate.net/figure/GAS-MOTOR-BLOCK-DIAGRAM_fig1_3923222
Computer embroidery machine Basic information in Telugu - YouTube,https://www.youtube.com/watch?v=rUrKMujt5-o
Bheemla Nayak Pre Release Event LIVE | Pawan Kalyan | Rana ...,https://www.youtube.com/watch?v=XsPkLVytUV0
AI and Creativity. Can AI be an artist? | by KwonYubin | Keio SFC ...,https://medium.com/sfc-interaction-design-class-2020-spring/ai-and-creativity-fb0933abae42
