Title,URL
0 Marketing/Sales Jobs for Freshers in Raiganj- Feb | Internshala,https://internshala.com/fresher-jobs/marketing%2Fsales-jobs-in-raiganj/
Page 5 - Principal Scientist Jobs In Raiganj - 18764 Principal ...,https://www.naukri.com/principal-scientist-jobs-in-raiganj-5
Machine Learning Training Course in Raiganj - Fees- Placements,http://quickxpert.com/machine-learning-training-course-in-raiganj
RAIGANJ JEEVAN REKHA DIAGNOSTIC PRIVATE LIMITED ...,https://in.linkedin.com/company/raiganj-jeevan-rekha-diagnostic-private-limited
Seller Support | Amazon.jobs,https://www.amazon.jobs/en/teams/seller-support
Arindam Dey - Guest Lecturer - Raiganj university | LinkedIn,https://in.linkedin.com/in/arindam-dey-5b4153103
Top 10 Mobile Repairing Course in Raiganj- Cell Phone Service ...,https://www.sulekha.com/mobile-servicing-job-training/raiganj
Events Happening Today in Raiganj,https://in.bookmyshow.com/explore/events-today-raiganj
Upstate Medical University,https://www.upstate.edu/
Find Manufacturing Companies in Raiganj - Dun & Bradstreet,https://www.dnb.com/business-directory/company-information.manufacturing.in.west_bengal.raiganj.html
Sunil SAHA | Research scholar | Master of Arts | Raiganj University ...,https://www.researchgate.net/profile/Sunil-Saha-2
Sujay Bhowmick - Lead Engineer - NetApp | LinkedIn,https://au.linkedin.com/in/sujaybhowmick
Techno India Group Assistant Teacher Salaries in Raiganj ...,https://www.ambitionbox.com/salaries/techno-india-group-salaries/assistant-teacher/raiganj-location
Debabrata SARKAR | Raiganj University- Rāiganj | Geography ...,https://www.researchgate.net/profile/Debabrata-Sarkar-3
Online Java Trainer in Mohanbati- Raiganj - Job ID 12611901 ...,https://www.urbanpro.com/raiganj/online-java-trainer-in-mohanbati/34888457
Check Latest 28 Work From Home Jobs Openings In Raiganj ...,https://www.quikr.com/jobs/work-from-home+raiganj+zwqxj2034660499
Rupam Sarkar - Senior Software Engineer - Microsoft | LinkedIn,https://www.linkedin.com/in/rupam-sarkar-474b6b93
About Black Knight,https://www.blackknightinc.com/about-black-knight/
Data Science Landing Page | Global,https://career.bayer.com/en/career/working-at-bayer/functional-areas/datascience
Tata Consultancy Services: Driving Innovation and Building on Belief,https://www.tcs.com/
Welcome to BPCL e-Procurement,https://bpcltenders.eproc.in/
Careers - Sun Pharmaceutical Industries Ltd.,https://sunpharma.com/careers/
Fibroscan (Transient Elastography) for the Measurement of Liver ...,https://www.ncbi.nlm.nih.gov/pmc/articles/PMC3594956/
Laxminarayan Sahoo Department of Computer and Information ...,https://rgu-website.s3.ap-south-1.amazonaws.com/wp-content/uploads/2022/08/04071619/L_Sahoo_CV.pdf
TechnoUtsav | Deloitte UI,https://www2.deloitte.com/ui/en/pages/careers/articles/campus-connect-techno-utsav.html
Artificial Intelligence & Cloud Computing in Environmental Systems ...,https://ndpublisher.in/admin/issues/IJIDv6n1j.pdf
Artificial Intelligence & Cloud Computing in Environmental Systems ...,https://papers.ssrn.com/sol3/papers.cfm?abstract_id=3709187
Prantosh Biswas - Freelance Software Developer (HTML- CSS ...,https://linkedin.com/in/prantosh
Surface water quality assessment by Random Forest,https://iwaponline.com/wpt/article-pdf/18/1/201/1168052/wpt0180201.pdf
Digital Marketing Course in Raiganj- Enroll Now,https://www.acesoftech.com/digital-marketing-course-in-raiganj/
Education and New Developments 2017,https://files.eric.ed.gov/fulltext/ED604957.pdf
Homepage | IEC,https://iec.ch/homepage
Cognizant: Intuition engineered—human insight- superhuman speed,https://www.cognizant.com/us/en
M.Tech.Data Science & Engineering – BITS Pilani,https://bits-pilani-wilp.ac.in/m-tech/cluster/data-science-and-engineering.php
Tablighi Jamaat: How Maulana Saad Set Off Covid-19 Clusters ...,https://www.youtube.com/watch?v=wrV9xWAtS68
Durga Idol into the water- Durga Puja Visarjan - YouTube,https://www.youtube.com/watch?v=VVSSYBq5cVI
Ethnopharmacology | Apply for Honorary DSc in ...,https://sites.google.com/site/honorarydegreeacademics/ethnopharmacology-apply-for-honorary-dsc-in-ethnopharmacology-admission-announcement
Children | Free Full-Text | Does Long-Term Enrollment in Day-Care ...,https://www.mdpi.com/2227-9067/9/7/929
