Title,URL
▷ Tutors in Mancherial - TeacherOn,https://www.teacheron.com/tutors-in-mancherial
1 Operations Jobs for Freshers in Mancherial- Jan | Internshala,https://internshala.com/fresher-jobs/operations-jobs-in-Mancherial/
Senior Engineer Construction Jobs In Mancherial - 4660 Senior ...,https://www.naukri.com/senior-engineer-construction-jobs-in-mancherial
1 Customer Service Jobs for Freshers in Mancherial- Jan | Internshala,https://internshala.com/fresher-jobs/customer-service-jobs-in-Mancherial/
Sai Vinay - jntuk - Mancherial- Telangana- India | LinkedIn,https://in.linkedin.com/in/sai-vinay-5b216522a
Mancherial Cement Company Mancherial Reviews by 12 ...,https://www.ambitionbox.com/reviews/mancherial-cement-company-reviews/mancherial-location
Branch in Ambedkar Chowk- Mancherial- 504208 | HDFC Bank,https://near-me.hdfcbank.com/branch-atm-locator/hdfc-bank-mancherial-banks-ambedkar-chowk-mancherial-8535/Home
Steag Energy Services Mancherial Reviews by 10 Employees ...,https://www.ambitionbox.com/reviews/steag-energy-services-reviews/mancherial-location
Find Manufacturing Companies in Mancherial - Dun & Bradstreet,https://www.dnb.com/business-directory/company-information.manufacturing.in.telangana.mancherial.html
Embroidery & Zari Job Training in Mancherial,https://www.sulekha.com/embroidery-zari-work-job-training/mancherial
Check Latest 82 Work From Home Jobs Openings In Mancherial ...,https://www.quikr.com/jobs/work-from-home+mancherial+zwqxj2034660499
Events Happening Today in Mancherial,https://in.bookmyshow.com/explore/events-today-mancherial
Data Entry Jobs 2023-24 Job Vacancy- Mancherial - Recruitment ...,https://www.quikr.com/jobs/data-entry-jobs+mancherial+zwqxj4157493934
EE MB GRID DIV MANCHERIAL (@ee_div) / Twitter,https://mobile.twitter.com/ee_div
Nexo Group | LinkedIn,https://www.linkedin.com/company/nexo-group
Mancherial women weave magic - Telangana Today,https://telanganatoday.com/mancherial-women-weave-magic
Youth Career Accelerator - TalentSprint,https://talentsprint.com/talentsprint.dpl
BICSI - Advancing the Information & Communications Technology ...,https://www.bicsi.org/
Company | About Caterpillar - Caterpillar,https://www.caterpillar.com/en/company.html
Difference between Multiprocessing and Multiprogramming ...,https://www.geeksforgeeks.org/difference-between-multiprocessing-and-multiprogramming/
Entry Level Operations Coordinator | Evolving Systems | Jobs By ...,https://jobs.workable.com/view/dwzXd4WbUzq8FSxpykCsLd/remote-entry-level-operations-coordinator-in-delhi-at-evolving-systems
Sudhir Ramnath took charge as mancherial zone DCP - The South ...,https://thesouthindiatimes.com/states/sudhir-ramnath-took-charge-as-mancherial-zone-dcp/
Satyam Compter Education Reviews- Mancherial Ho- Mancherial ...,https://www.justdial.com/Mancherial/Satyam-Compter-Education-Beside-Fire-Station-Mancherial-HO/9999P8736-8736-160730123336-Z8X4_BZDET/reviews/page-2?xid=TWFuY2hlcmlhbCBDb21wdXRlciBUcmFpbmluZyBJbnN0aXR1dGVz&tab=moreinfo
SCPolytechnic,https://www.scpolytechnic.com/
Computer institute near me Mancherial Telangana,https://www.emaxindia.in/computer-institute-near-me-mancherial-telangana/
Decision Trees for Decision Making,https://hbr.org/1964/07/decision-trees-for-decision-making
DMLT Course details in Telugu - YouTube,https://www.youtube.com/watch?v=hBGVqr5Jkc0
Sewing Machine Repair | Stitching Machine Repair at Home | Solve ...,https://www.youtube.com/watch?v=q67Vaiu-bdo
Macherla Niyojakavargam First Attack | Nithiin | Krithi Shetty | Raja ...,https://www.youtube.com/watch?v=-vwY1ReFLlk
D mart job vacancy 2022,https://www.youtube.com/watch?v=8CpsrCeSZgE
RTO driving test in india for two wheeler || by karunesh kaushal ...,https://www.youtube.com/watch?v=XakIEIWwpBw
Material meaning in Hindi | Material ka kya matlab hota hai | daily ...,https://www.youtube.com/watch?v=i3SBYSVg4LA
BVG India: Facility Management- Emergency Response- Solid ...,https://www.bvgindia.com/
WERs (%) of models using selective fine-tuning and linear ...,https://www.researchgate.net/figure/WERs-of-models-using-selective-fine-tuning-and-linear-transformation_tbl1_335830049
