Title,URL
Data Science with Python Training in Shimla,https://www.simplilearn.com/python-for-data-science-training-shimla-city
ML Engineer vs Data Scientist - neptune.ai,https://neptune.ai/blog/ml-engineer-vs-data-scientist
Rohit Jishtu - Machine Learning Engineer - ServiceNow | LinkedIn,https://in.linkedin.com/in/rohit-jishtu-8438a620
Explainable AI and machine learning: performance evaluation and ...,https://pubmed.ncbi.nlm.nih.gov/35875826/
Jigyasa Grover - Senior Machine Learning Engineer - Twitter ...,https://www.linkedin.com/in/jigyasa-grover
SearchEngineAce | LinkedIn,https://in.linkedin.com/company/searchengineace1
Deep Learning vs. Machine Learning — What's the Difference ...,https://flatironschool.com/blog/deep-learning-vs-machine-learning/
Network engineer Jobs in Shimla- Himachal Pradesh- January 2023 ...,https://www.glassdoor.co.in/Job/shimla-network-engineer-jobs-SRCH_IL.0,6_IC2893115_KO7,23.htm
Internship in Shimla | Internshala,https://internshala.com/internships/internship-in-shimla/
Design engineer Jobs in Shimla- Himachal Pradesh- December ...,https://www.glassdoor.co.in/Job/shimla-design-engineer-jobs-SRCH_IL.0,6_IC2893115_KO7,22.htm
MBA Internship in Shimla | Internshala,https://internshala.com/internships/mba-internship-in-shimla/
150 Jobs and Vacancies in Shimla- Himachal Pradesh - 7 February ...,https://in.indeed.com/jobs-in-Shimla,-Himachal-Pradesh
Summer Internship in Shimla | Internshala,https://internshala.com/internships/summer-internship-in-shimla/
27 Best Freelance Graphic Designers For Hire Near Shimla- IN ...,https://www.upwork.com/l/in/graphic-designers-in-shimla/
Best Tech Companies and Startups to Work for in Himachal Pradesh ...,https://angel.co/startups/location/himachal-pradesh
Jobs - Job Opportunities - University of Cambridge,https://www.jobs.cam.ac.uk/job/
Python Full Stack Course in Shimla | 15 Guaranteed Interviews | 100 ...,https://www.apponix.com/python-training-in-shimla
Office Equipment Automation Jobs 2020 - Gwekaindia,https://www.gweka.com/office-equipment-automation-jobs/
Web Scraping In Python | BeautifulSoup Example,https://www.analyticsvidhya.com/blog/2019/10/web-scraping-hands-on-introduction-python/
Google Jobs In Shimla - 6092 Google Job Vacancies In Shimla ...,https://www.naukri.com/google-jobs-in-shimla
Collaboration on Wakelet in a flipped classroom – Wakelet Blog,https://blog.wakelet.com/2020/03/09/collaborative-flipped-classroom-using-wakelet/
Difference Between Artificial Intelligence vs Machine Learning vs ...,https://www.geeksforgeeks.org/difference-between-artificial-intelligence-vs-machine-learning-vs-deep-learning/
Department of Data Science and Artificial Intelligence | Himachal ...,https://hpuniv.ac.in/innerpage/department-of-data-science-and-artificial-intelligence.php
Careers at Hilton | Hilton job opportunities,https://jobs.hilton.com/apac/en
Calculating tf-idf vectors - Coursera,https://www.coursera.org/lecture/ml-foundations/calculating-tf-idf-vectors-1rg5n
Online Learning Algorithms for Dynamic Scheduling Problems ...,https://www.researchgate.net/publication/232624682_Online_Learning_Algorithms_for_Dynamic_Scheduling_Problems
A SURVEY: DEEP NETWORKS- APPLICATIONS- AND ...,https://www.jetir.org/papers/JETIR2207340.pdf
Terry Hodgkinson Inaugural Lecture - YouTube,http://eprints.leedsbeckett.ac.uk/980/1/watch_v%3DQlQYkpFOg3Y
Rohit Rohit - Houseman - Empire Hospitality Australia | LinkedIn,https://au.linkedin.com/in/rohit-rohit-68a147131
51152 Data Audit Jobs Openings in India,https://www.timesjobs.com/jobskill/data-audit-jobs
Chest radiography images (X-ray images) analysis and COVID-19 ...,https://www.tandfonline.com/doi/pdf/10.1080/0954898X.2022.2147231?needAccess=true
CURRICULUM VITAE,https://users.cs.fiu.edu/~chens/CV_Shu-Ching_Chen.pdf
mene iske liye 5 saal wait kiya | | Mumbai to Delhi ✈️ | - YouTube,https://www.youtube.com/watch?v=3tBKoU9u7eM
Education Tribune - The Tribune- Chandigarh- India,https://m.tribuneindia.com/2007/20071002/edu.htm
Erp Data Jobs in India - TimesJobs,https://m.timesjobs.com/jobskill/erp-data-jobs
Voice of India for startups - Groupes | Facebook,https://fr-fr.facebook.com/Voifs.india/groups/
Promoting teacher information literacy from a principal's perspective ...,https://www.springerprofessional.de/en/promoting-teacher-information-literacy-from-a-principal-s-perspe/23197060
Amazon.com Employment and Reviews | SimplyHired,https://www.simplyhired.com/company/Amazon.com/?l=Kansas+City%2C+KS
Ashok Kumar,https://researchid.co/rid13014
Community Engagements with Open Government Data (OGD ...,https://www.slideshare.net/DataPortalIndia/community-engagements-with-open-government-data-ogd-platform
Google to pay record $170 million fine for YouTube child privacy ...,https://theprint.in/tech/google-to-pay-record-170-million-fine-for-youtube-child-privacy-breaches/286899/
Virtual Machine Placement Using Energy Efficient Particle Swarm ...,https://sciendo.com/article/10.2478/cait-2021-0005
Aditya Birla SunLife Asset Management Company Reviews by 164 ...,https://www.ambitionbox.com/reviews/aditya-birla-sunlife-asset-management-company-reviews?page=6
Chamberlink Dec22 Jan 23 by Kemps Publishing - Issuu,https://issuu.com/kemps/docs/chamberlink_dec_2022_jan_2023
