Title,URL
Pranuthi Tenali - The University of Texas at Dallas - Richardson ...,https://in.linkedin.com/in/pranuthitenali
Meet 15-year-old data scientist from Tenali- The New Indian Express,https://www.newindianexpress.com/states/andhra-pradesh/2022/sep/25/meet-15-year-old-data-scientist-from-tenali-2501688.html
Science Internship in Tenali | Internshala,https://internshala.com/internships/science-internship-in-tenali/
Machine Learning Training Course in Tenali - Fees- Placements,http://quickxpert.com/machine-learning-training-course-in-tenali
11 Medical Imaging Job Vacancies In Tenali Ap - Naukri.com,https://www.naukri.com/medical-imaging-jobs-in-tenali-ap
Krishna Nitin Tenali - Software Developer In Test - Apple | LinkedIn,https://www.linkedin.com/in/krishna-nitin-tenali-44037012
Cherukuri kavya - Tenali- : I want to teach C Language.As it is more ...,https://www.superprof.com/want-teach-language-more-important-for-computer-science-students-learn-and-also-helps-learn-other.html
Iron Fence Shop | LinkedIn,https://www.linkedin.com/company/iron-fence-shop%C2%AE
Top 10 Tailoring Classes in Tenali- Stitching- Sewing Courses ...,https://www.sulekha.com/tailoring-training/tenali
Tenali Education Academy Overview and Company Profile ...,https://www.ambitionbox.com/overview/tenali-education-academy-overview
Top 10 Baby sitter in Tenali- Nanny in Tenali- Child Care | Sulekha,https://www.sulekha.com/child-care-services/tenali
Sales Executive Jobs in Johnson & Johnson Guntur- Tenali- Eluru ...,https://www.ambitionbox.com/jobs/johnson-and-johnson-jobs?rid=naukri_181222000922
Reliance Jiomart jobs in Tenali- 2020 | jiomart jobs | Jio career -,https://jioguide.com/reliance-jio-jobs-in-tenali-2020-jio-jobs-jio-career/
Cheshta Infotech Salaries in Tenali | AmbitionBox,https://www.ambitionbox.com/salaries/cheshta-infotech-salaries/tenali-location
Job Consultancy & Placement Services For Candidate in Tenali ...,https://www.justdial.com/Tenali/Placement-Services-Candidate/nct-10372869
Check Latest 73 Work From Home Jobs Openings In Tenali ...,https://www.quikr.com/jobs/work-from-home+tenali+zwqxj2034660499
Diesel Service Technicians and Mechanics : Occupational Outlook ...,https://www.bls.gov/ooh/installation-maintenance-and-repair/diesel-service-technicians-and-mechanics.htm
'Tenali Rama: career's benchmark',https://www.tribuneindia.com/news/archive/lifestyle/tenali-rama-careers-benchmark-830471
47 Business Analysis Jobs and Vacancies in Mangalagiri- Andhra ...,https://in.indeed.com/Business-Analysis-jobs-in-Mangalagiri,-Andhra-Pradesh
Explore Computer Programming Courses and Programs | edX,https://www.edx.org/learn/computer-programming
Microsoft Azure for Data Engineering | Coursera,https://www.coursera.org/learn/microsoft-azure-dp-203-data-engineering
Software Engineer / Developer Salary in India in 2023 [For Freshers ...,https://www.upgrad.com/blog/software-engineer-developer-salary-in-india-freshers-experienced/
Cybersecurity vs. Software Engineering: 2023 Career Guide,https://www.springboard.com/blog/cybersecurity/cyber-security-vs-software-engineering/
Urgent: Reliance trends Jobs in Tenali - February 2023 - 68 current ...,https://in.jooble.org/jobs-reliance-trends/Tenali
Geetika Infotech - Tenali,https://www.facebook.com/profile.php?id=100064187917773
Mega Job Drive | 22 Companies are Participating!!!,https://education.sakshi.com/en/jobs/pvt-jobs/mega-job-drive-twenty-two-companies-are-participating-98638
Kennels - Denali National Park & Preserve (U.S. National Park ...,https://www.nps.gov/dena/planyourvisit/kennels.htm
Researchers and Staff - Food Product Development Lab | Montana ...,https://www.montana.edu/foodprodevlab/researchers_and_staff/current_researchers.html
Mr. Tenali Ravikumar - Saveetha (Autonomous) Engineering College,https://www.saveetha.ac.in/index.php/departments/computer-science-engineering?id=783
Puzzle | Heaven and Hell - GeeksforGeeks,https://www.geeksforgeeks.org/puzzle-heaven-hell/
Icon Library | Google Cloud,https://cloud.google.com/icons
Data Science and Engineering | Electrical Engineering and ...,https://engineering.oregonstate.edu/EECS/research/data-science-and-engineering
Skoruz Technologies: Analytics Consulting Services & Solutions,https://www.skoruz.com/
Vignan University,https://www.vignan.ac.in/
▷ MSBI tutors - TeacherOn,https://www.teacheron.com/msbi-tutors
Eleven from MIT awarded 2020 Fulbright Fellowships – Career ...,https://capd.mit.edu/blog/2020/05/22/eleven-from-mit-awarded-2020-fulbright-fellowships/
5 Awesome Exercises For The Six Pack Abs - YouTube,https://www.youtube.com/watch?v=Ohzvq3OKQDc
Singer Fashion Maker Demo (Hindi language) - YouTube,https://www.youtube.com/watch?v=xOL_wib1HpE
Medical Lab Technician (MLT) Course at CEDP Skill Institute ...,https://www.youtube.com/watch?v=_9Gors7K0Iw
#ABC song in telugu |A For Apple | ABCD Alphabet Song for ...,https://www.youtube.com/watch?v=usBzVzMiiXI
How to book train tickets directly from your mobile! - YouTube,https://www.youtube.com/watch?v=vBLDATwPi24
తల్లి కాబోతున్నారా..ఐతే ఈ విషయాలు ఒక్కసారి గమనించండి..Healthy Diet ...,https://www.youtube.com/watch?v=-vxNlnXb4QM
Beginner Python lessons,https://www.superprof.co.uk/lessons/python/united-kingdom/beginner/145/
A System for Informed Prediction of Health | Request PDF,https://www.researchgate.net/publication/350206835_A_System_for_Informed_Prediction_of_Health
