Title,URL
2587 Shop Manager Job Vacancies In Tadpatri - Naukri.com,https://www.naukri.com/shop-manager-jobs-in-tadpatri-2
Komal Garad - Data Engineer - Datametica Solutions Private Limited ...,https://in.linkedin.com/in/komal-garad-133271141
President Jobs In Tadpatri - 7943 President Job Vacancies In ...,https://www.naukri.com/president-jobs-in-tadpatri
Tadipatri Uday Kiran Reddy - Teaching Assistant - Indian Institute of ...,https://in.linkedin.com/in/tadipatri-uday-kiran-reddy-18660094
Development Specialist Jobs In Tadpatri - 7388 Development ...,https://www.naukri.com/development-specialist-jobs-in-tadpatri
M.Tech.Data Science & Engineering – BITS Pilani,https://bits-pilani-wilp.ac.in/m-tech/cluster/data-science-and-engineering.php
Jobs in Tadpatri - Check Latest (71) Job Openings (February 2023 ...,https://www.quikr.com/jobs/tadpatri+zwqxj760939060
Post Graduate Programme In Artificial Intelligence And Machine ...,https://bits-pilani-wilp.ac.in/certification-programmes/pgp-ai-ml.php
NIT Andhra Pradesh: Welcome to NIT-AP,https://nitandhra.ac.in/
iStudio Technologies Salaries in India | AmbitionBox,https://www.ambitionbox.com/salaries/istudio-technologies-salaries
Top Security Services in Tadipatri - Best Security Guard Services ...,https://www.justdial.com/Tadipatri/Security-Services/nct-10426615
108 Part Time-sex Call Boy Jobs and Vacancies in Andhra Pradesh ...,https://in.indeed.com/Part-Time,sex-Call-Boy-jobs-in-Andhra-Pradesh
Open-Pit Mining Definition | Anglo American,https://www.angloamerican.com/futuresmart/stories/our-industry/mining-explained/mining-terms-explained-a-to-z/open-pit-mining-definition
IIT Bombay: Indian Institute of Technology Bombay,https://www.iitb.ac.in/
APMS Tadipatri Tadipatri- Anantapur: Admission- Fee- Affiliation,https://school.careers360.com/schools/apms-tadipatri-tadipatri-anantapur
Careers in Nagpur - Join Our Team of Ideapreneurs in Nagpur ...,https://www.hcltech.com/careers/nagpur
Best Training Institutes | Tutor Jobs - Toppers Training,https://topperstraining.in/reactjs-training--tutor-jobs
Saath Charitable Trust Ahmedabad- NGO in Gujarat,https://saath.org/
Tadipatri Engineering College: Courses- Fees- Admission- Hostel ...,https://collegedunia.com/college/28829-tadipatri-engineering-college-tec-anantapur
Paytm Hiring,https://paytm.com/fse
Cloud Computing Jobs in Pune,https://cutshort.io/jobs/cloud-computing-jobs-in-pune
Trademark Class 26: Lace- Button and Embroidery,https://www.indiafilings.com/learn/trademark-class-26-lace-and-embroidery/
Sir CV Raman Institute of Technology and Sciences- Tadipatri ...,https://www.careers360.com/colleges/sir-cv-raman-institute-of-technology-and-sciences-tadipatri
Zigsaw,https://www.zigsaw.in/jobdetails.php?apply=14650
IMT CDL: Best Distance Learning PGDM Institute in India,https://www.imtcdl.ac.in/
April 2022.cdr,https://klsvdit.edu.in/wp-content/uploads/2022/05/Final-April-2022-KLS-VDIT-.pdf
Labor Service- Labor Works in Thane- श्रम सेवा- ठाणे,https://dir.indiamart.com/thane/labor-service.html
Tire Shop Banner - Free Vectors & PSDs to Download,https://www.freepik.com/free-photos-vectors/tire-shop-banner
Ye Lin Maung - Senior Engineer - BOILERMASTER PTE LTD ...,https://sg.linkedin.com/in/ye-lin-maung-98593b10b
status of water supply- wastewater generation and treatment in class ...,https://cpcb.nic.in/openpdffile.php?id=UmVwb3J0RmlsZXMvTmV3SXRlbV8xNTNfRm9yZXdvcmQucGRm
CIRCLE BRANCHCD BRANCHNAME ADDRESS District State ...,https://sbi.co.in/documents/127/0/13072020_DSB+Br+100+centers+plus+Branch+Channels.pdf
Cleaning Expert: My Secret System to Cleaning Fast & Effectively ...,https://www.youtube.com/watch?v=TqHX3pTeRdg
How To Tarp A Roof | Severe Weather Guide - YouTube,https://www.youtube.com/watch?v=vXWMj_TbDp4
WELDY Tarpaulin welding - YouTube,https://www.youtube.com/watch?v=Tx1L5ruDNGk
