Title,URL
1Rivet | LinkedIn,https://www.linkedin.com/company/1rivet
9 Microbiologist jobs in Valsad- Gujarat- India,https://in.linkedin.com/jobs/microbiologist-jobs-valsad
Machine Learning Course in Valsad- Training | Sulekha,https://www.sulekha.com/machine-learning-courses/valsad
Confidence to Deploy AI with World-Class Training Data,https://appen.com/
20305 Senior Staff Engineer Job Vacancies In Valsad - Naukri.com,https://www.naukri.com/senior-staff-engineer-jobs-in-valsad
0 Finance Jobs for Freshers in Valsad- Jan | Internshala,https://internshala.com/fresher-jobs/finance-jobs-in-Valsad/
1Rivet Opens Second Office in Valsad- India to Boost Redundancy,https://www.prnewswire.com/news-releases/1rivet-opens-second-office-in-valsad-india-to-boost-redundancy-300617433.html
4-609 Navsari - Valsad- Surat Jobs and Vacancies in Gujarat - 5 ...,https://in.indeed.com/Navsari-,-Valsad,-Surat-jobs-in-Gujarat
1Rivet Salaries in Valsād | Glassdoor,https://www.glassdoor.co.in/Salary/1Rivet-Valsad-Salaries-EI_IE1366092.0,6_IL.7,13_IC2856083.htm
Open Roles | Verily Life Sciences,https://verily.com/careers/
VALSAD JOBS | Facebook,https://www.facebook.com/groups/1323183754464832/
Machine Operator Job Description | Freshteam,https://www.freshworks.com/hrms/job-descriptions/production-machine-operator/
6496 Processing Jobs Openings in India - TimesJob.com,https://www.timesjobs.com/jobskill/processing-jobs
kamlesh Thanki - Manager - ModernDiamond Jewellery | LinkedIn,https://ae.linkedin.com/in/kamlesh-thanki-09690717?trk=public_profile_browsemap_profile-result-card_result-card_full-click
Steam Turbines Manufacturer- Turbines Maintenance & Repair ...,https://www.triveniturbines.com/
Bryan Tang - Sales manager - Shantou Wayne Machinery Factory ...,https://cn.linkedin.com/in/bryan-tang-062585106/en?trk=people-guest_people_search-card
Aditya Birla SunLife Asset Management Company Assistant ...,https://www.ambitionbox.com/reviews/aditya-birla-sunlife-asset-management-company-reviews/assistant-manager
Radar Fernerkundung: Stand der Technik und Herausforderung für ...,https://www.researchgate.net/publication/224798904_Radar_Fernerkundung_Stand_der_Technik_und_Herausforderung_fur_die_Zukunft
