Title,URL
Manoj Kumar Saxena - Pilibhit- Uttar Pradesh- India | Professional ...,https://in.linkedin.com/in/manoj-kumar-saxena-a47620177
0 Web Development Jobs for Freshers in Pilibhit- Jan | Internshala,https://internshala.com/fresher-jobs/web-development-jobs-in-pilibhit/
piyush joshi - Ben-hur Public school Pilibhit,https://in.linkedin.com/in/piyush-joshi-1aa373176
35-983 Online Jobs Jobs and Vacancies - 5 February 2023 | Indeed ...,https://in.indeed.com/Online-Jobs-jobs-in-Pilibhit,-Uttar-Pradesh
Consilium Technology - Yesterday our Chief Technology Officer- Dr ...,https://hi-in.facebook.com/consilium.technology/photos/a.1089827747719593/2308791589156530/?type=3
Top 10 Mobile Repairing Course in Pilibhit- Cell Phone Service ...,https://www.sulekha.com/mobile-servicing-job-training/pilibhit
Data Science Training Course in Pilibhit - Fees- Placements,http://quickxpert.com/data-science-training-course-in-pilibhit
Careers – AB Mauri | NA,https://abmna.com/careers/
VAIBHAV BAJPAI - Research And Development Engineer - Tejas ...,https://www.linkedin.com/in/vaibhav-bajpai-968395157
Pushp Institute Of Sciences & Higher Studies- Pilibhit Salaries in ...,https://www.ambitionbox.com/salaries/pushp-institute-of-sciences-and-higher-studies-pilibhit-salaries
Neeraj Kumar | Advanced Analytics & Machine Learning - Verizon,https://www.linkedin.com/in/neerajkumarus
Mondi Group - Global leader in packaging and paper,https://www.mondigroup.com/en/home/
L&T Financial Services Collections Executive Salaries in Pilibhit ...,https://www.ambitionbox.com/salaries/l-and-t-finance-salaries/collections-executive/pilibhit-location
Top Ethical Hacking Institutes in Pilibhit City- Pilibhit - Best Ethical ...,https://www.justdial.com/Pilibhit/Ethical-Hacking-Training-Institutes-in-Pilibhit-City/nct-10989081
Simpa Energy Pilibhit Reviews by 8 Employees | AmbitionBox,https://www.ambitionbox.com/reviews/simpa-networks-reviews/pilibhit-location
Career Benefits of getting AWS Certifications,https://www.scholarhat.com/tutorial/aws/career-benefits-of-getting-aws-certifications
Jobs in Pilibhit - Check Latest (93) Job Openings (February 2023 ...,https://www.quikr.com/jobs/pilibhit+zwqxj760939060
Vijaya Chandra - Software Engineering Manager- Integrity - Meta ...,https://www.linkedin.com/in/vijaya-chandra-4b400745
Machine learning Jobs: Jobs for freshers with Machine learning ...,https://www.freshersworld.com/machine-learning-jobs/3535242
Karun Singh - Data Scientist - Arsenal F.C | LinkedIn,https://uk.linkedin.com/in/karun17
Fibroscan (Transient Elastography) for the Measurement of Liver ...,https://www.ncbi.nlm.nih.gov/pmc/articles/PMC3594956/
MVVNL PILIBHIT (@MvvnlPilibhit) / Twitter,https://twitter.com/mvvnlpilibhit?lang=en
Top Paying Microsoft Azure Jobs in 2022,https://www.dotnettricks.com/learn/azure/top-paying-microsoft-azure-jobs-in-2022
Language analyzers | Elasticsearch Guide [8.6] | Elastic,https://www.elastic.co/guide/en/elasticsearch/reference/current/analysis-lang-analyzer.html
M.Tech.Data Science & Engineering – BITS Pilani,https://bits-pilani-wilp.ac.in/m-tech/cluster/data-science-and-engineering.php
Government Polytechnic Pilibhit,http://www.gppilibhit.in/
Top School in Pilibhit- Best School in Pilibhit ... - Delhi Public School,https://dpspilibhit.com/Sports-Facilities
Candidate | Deen Dayal Upadhyaya Grameen Kaushalya Yojana ...,http://ddugky.gov.in/content/enrol
Hadoop Hive Tutorial-Usage of Hive Commands in HQL,https://www.projectpro.io/hadoop-tutorial/hive-commands
Best BTECH College in Bareilly- Uttar Pradesh | Rajshree Institute Of ...,https://www.rajshree.ac.in/
Technical support services | Nokia,https://www.nokia.com/networks/mobile-networks/technical-support-services/
District Shahjahanpur- Government of Uttar Pradesh | Shaheed ...,https://shahjahanpur.nic.in/
ADAMA Ltd. Listen>Learn>Deliver,https://www.adama.com/en
PRIMARY TEACHER Interview Questions And Answers (PASS Your ...,https://www.youtube.com/watch?v=am-H1zJrHPc
PEEL BANANA - THE SONG - ESL SONG FOR YOUR CLASS ...,https://www.youtube.com/watch?v=VHE3Rsl4dyE
Aryan verma - YouTube,https://m.youtube.com/c/Aryanverma2infoaryan/featured
NCC,https://ncclimited.com/
ANA Group of Institution bareilly | Facebook,https://www.facebook.com/groups/408412176519138/
Stories of 02 March- 2022 | Deccan Herald,https://www.deccanherald.com/sitemap/detail/days/2022-03-02
Stories of 02 March- 2022 | Deccan Herald,https://www.deccanherald.com/sitemap/detail/days/2022-03-02
POLICY WORDINGS,https://tagic-cms-dev.s3.ap-south-1.amazonaws.com/Policy_Wordings_home_guard_plus_policy.pdf_8d9747efb2.pdf
