Title,URL
Top 12 Career Options after Computer Engineering in 2023 - Great ...,https://www.mygreatlearning.com/blog/career-options-after-computer-engineering-2/
0 HR Jobs for Freshers in Dimapur- Feb | Internshala,https://internshala.com/fresher-jobs/hr-jobs-in-Dimapur/
Hutah Industries | LinkedIn,https://in.linkedin.com/company/hutah-industries
1 Cluster Incharge Job Vacancies In Dimapur - Naukri.com,https://www.naukri.com/cluster-incharge-jobs-in-dimapur
Bendang . - Machine Learning Engineer - Hubs | LinkedIn,https://www.linkedin.com/in/bendangnuksung/
Page 4 - Junior Engineer Jobs In Dimapur - 6913 Junior Engineer ...,https://www.naukri.com/junior-engineer-jobs-in-dimapur-4
Office Equipment Automation Jobs 2020 - Gwekaindia,https://www.gweka.com/office-equipment-automation-jobs/
All Job Openings - Unesco,https://careers.unesco.org/go/All-jobs-openings/782502/
Science Teacher Jobs in Dimapur- Nagaland (Feb 2023) - 2537 ...,https://www.shine.com/job-search/science-teacher-jobs-in-dimapur
adidas Careers – Through sport- we have the power to change lives ...,https://careers.adidas-group.com/jobs?location=%5B%7B%22country%22%3A%22India%22%2C%22city%22%3A%22Gurgaon%22%7D%5D&locale=en
Deputy Manager Salary in Banking Companies- Dimapur ...,https://www.ambitionbox.com/profile/deputy-manager-salary/dimapur-location?IndustryName=banking
CouchFashion is hiring Fullstack Developer (Senior) job in Kohima ...,https://cutshort.io/job/Fullstack-Developer-Senior-Kohima-Dimapur-Guwahati-CouchFashion-sGUC7fr0
IHMC,https://www.ihmc.us/
Digital consulting services- Digital consulting agency | VDart Inc,https://www.vdart.com/
The Alacer Group – Financial Services Consultants,https://www.alacergroup.com/
Google Scholarships,https://buildyourfuture.withgoogle.com/scholarships
Top 10 Job Training in Dimapur- Centers- Institutes- Courses ...,https://www.sulekha.com/job-training/dimapur
TOP 250+ Machine learning Interview Questions and Answers 05 ...,https://www.wisdomjobs.com/e-university/machine-learning-interview-questions-answers.html
Office Assistant Job Description [Updated for 2023],https://www.indeed.com/hire/job-description/office-assistant
Machine Learning Engineer (Recommendation System) at Riyaz ...,https://angel.co/company/riyazapp/jobs/2057972-machine-learning-engineer-recommendation-system
Ricoh Global | EMPOWERING DIGITAL WORKPLACES,https://www.ricoh.com/
First Step Korean | Coursera,https://www.coursera.org/learn/learn-korean
USHA Is Generating Job Opportunities For Inmates And Disabled ...,https://www.ndtv.com/photos/news/usha-is-generating-job-opportunities-for-inmates-and-disabled-people-by-imparting-them-vocational-skills-103971
Delhi Fashion Club Dimapur holds fashion show in Nagaland,https://in.fashionnetwork.com/news/Delhi-fashion-club-dimapur-holds-fashion-show-in-nagaland,1461810.html
Nagaland: Dimapur to lock horns with Mon in Dr T Ao finals today,https://www.eastmojo.com/news/2022/04/29/nagaland-dimapur-to-lock-horns-with-mon-in-dr-t-ao-finals-today/
NIT Nagaland,https://www.nitnagaland.ac.in/
Unisys: Global Technology Solutions – Keep Breaking Through,https://www.unisys.com/
Machine learning Jobs: Jobs for freshers with Machine learning ...,https://www.freshersworld.com/machine-learning-jobs/3535242
Christian Institute of Health Sciences and Research: CIHSR,https://cihsr.in/
BDCC | Free Full-Text | Predictors of Smartphone Addiction and ...,https://www.mdpi.com/2504-2289/6/3/92
Artificial Intelligence: AI Jobs- Career Path- and Salary,https://www.koenig-solutions.com/blog/everything-about-artificial-intelligence-salary-and-career-path
Head of AI Data and Automation,https://jobs.ericsson.com/job/Calgary-Head-of-AI-Data-and-Automation-Albe/763431302/
Nagaland Tool Room & Training Centre- Dimapur,https://nttcdimapur.org.in/
India - Jhpiego,https://www.jhpiego.org/countries-we-support/india/
Top Ethical Hacking Institutes in Dimapur - Best Ethical Hacking ...,https://www.justdial.com/Dimapur/Ethical-Hacking-Training-Institutes/nct-10989081
Field validation of deep learning based Point-of-Care device for ...,https://www.nature.com/articles/s41598-022-18249-x
Career | Cashify.in,https://www.cashify.in/career
Mutex vs Semaphore - GeeksforGeeks,https://www.geeksforgeeks.org/mutex-vs-semaphore/
Learning Links Foundation,https://www.learninglinksindia.org/
Turbocharger Repair - YouTube,https://www.youtube.com/watch?v=6JD1MQRT5AQ
JOBS IN BANK | HOW TO GET JOB IN HDFC BANK | BANK में नौकरी ...,https://www.youtube.com/watch?v=r2ILuSnUtRk
Meesho Recruitment 2022 | Meesho Careers | Meesho Jobs In India ...,https://www.youtube.com/watch?v=h35oT95nmdE
Netafim: Irrigation Services & Solutions,https://www.netafimindia.com/
Sap Is Utilities Engineering Jobs in India - 26106 Sap Is Utilities ...,https://www.timesjobs.com/jobskill/sap-is-utilities-engineering-jobs
Languages Arabic And English Jobs in India - 19018 Languages ...,https://m.timesjobs.com/jobskill/languages-arabic-and-english-jobs
CBI Roundup - July 6- 1944 - China-Burma-India Theater of World ...,http://www.cbi-theater.com/roundup/roundup070644.html
(PDF) Seasonal and individual variation in the use of rail-associated ...,https://www.researchgate.net/publication/317390028_Seasonal_and_individual_variation_in_the_use_of_rail-associated_food_attractants_by_grizzly_bears_Ursus_arctos_in_a_national_park
Determinants of household livelihood vulnerabilities to climate ...,https://www.researchgate.net/publication/342125350_Determinants_of_household_livelihood_vulnerabilities_to_climate_change_in_the_himalayan_foothills_of_West_Bengal_India
Social Network of Small Creative Firms and Its Effects on Innovation ...,https://journals.sagepub.com/doi/10.1177/2158244019898248?icid=int.sj-full-text.similar-articles.1
Top Part Time Education Colleges in India - 2023 Rankings- Fees ...,https://collegedunia.com/education/part-time-colleges
Report to Committee on Economic- Social and Cultural Rights,http://docstore.ohchr.org/SelfServices/FilesHandler.ashx?enc=4slQ6QSmlBEDzFEovLCuW5w9rnsh4PNldGRNpSobmymaAeEmtO1CbWpGZLrGwpBmSRi5lpRLa9%2BSiZ6S8cY0jerDJETF7AccsBJQNHQgqbj5FsAnClNGYcEHdgPL0K%2FD
