Title,URL
Mathematics Jobs In Giridih Jharkhand - 56 Mathematics Job ...,https://www.naukri.com/mathematics-jobs-in-giridih-jharkhand
Data Science Course in Giridih - Best Training Institute - Fees ...,http://quickxpertinfotech.com/data-science-course-in-giridih
Mongia Steel Salaries in Giridih | AmbitionBox,https://www.ambitionbox.com/salaries/mongia-steel-salaries/giridih-location
About the Noel Studio | Noel Studio for Academic Creativity | Eastern ...,https://studio.eku.edu/about-noel-studio
Indian Statistical Institute,https://www.isical.ac.in/
DPR Construction | Homepage,https://www.dpr.com/
Top 10 Tailoring Classes in Giridih- Stitching- Sewing Courses ...,https://www.sulekha.com/tailoring-training/giridih
Sanket Kedia - Software Engineer - Yugabyte | LinkedIn,https://www.linkedin.com/in/sanket-kedia
Teva Pharmaceutical Industries Ltd.,https://www.tevapharm.com/
Scheduling in Greedy Algorithms - GeeksforGeeks,https://www.geeksforgeeks.org/scheduling-in-greedy-algorithms/
Abhishek Kumar - Deep Learning Engineer - Sylvera | LinkedIn,https://uk.linkedin.com/in/iabhi7
Indian Statistical Institute - Wikipedia,https://en.wikipedia.org/wiki/Indian_Statistical_Institute
Jobs in Giridih - Check Latest (82) Job Openings (February 2023 ...,https://www.quikr.com/jobs/giridih+zwqxj760939060
Greedy approach vs Dynamic programming - GeeksforGeeks,https://www.geeksforgeeks.org/greedy-approach-vs-dynamic-programming/
Data scientist salary in Ranchi- Jharkhand,https://in.indeed.com/career/data-scientist/salaries/Ranchi--Jharkhand
Abhishek Kumar - Technical Leader- Machine Learning and Data ...,https://ca.linkedin.com/in/abhishek-kumar-862a097
THINK Global School - The World's First Traveling High School,https://thinkglobalschool.org/
Computer and Communication Sciences Division,https://ccsd.isical.ac.in/events
Khetsidas Machine Tool Works Private Limited - Manufacturer from ...,https://www.indiamart.com/khetsidas-machine-tool/aboutus.html
Branch in Bada Chowk- Giridih- 815301 | HDFC Bank,https://near-me.hdfcbank.com/branch-atm-locator/hdfc-bank-giridih-jharkhand-banks-bada-chowk-giridih-8551/Home
VERMA KUTIR UDYOG Company Profile | Giridih- Jharkhand- India ...,https://www.dnb.com/business-directory/company-profiles.verma_kutir_udyog.b9a7d05d9ce1d30e774ed3257a95955c.html
Find Manufacturing Companies in Giridih - Dun & Bradstreet,https://www.dnb.com/business-directory/company-information.manufacturing.in.jharkhand.giridih.html
Section: I NCO CODE LIST,https://adfdell.pstc.brown.edu/arisreds_data/public06/NCO_codelist.pdf
AI- ML and Data Analytics,https://web.isical.ac.in/content/ai-ml-and-data-analytics
Machine learning Jobs: Jobs for freshers with Machine learning ...,https://www.freshersworld.com/machine-learning-jobs/3535242
NLP & Deep Learning Researcher Interview – Offbeat- unusual ...,https://theinterviewportal.com/2022/05/04/nlp-deep-learning-researcher-interview/
COVID-19 Vaccination in Rural Areas – Rural Health Information Hub,https://www.ruralhealthinfo.org/topics/covid-19/vaccination
Subhash Institute of Technology- Giridih,https://www.sitgiridih.org/labs.php
Career | Cashify.in,https://www.cashify.in/career
M.Tech.Data Science & Engineering – BITS Pilani,https://bits-pilani-wilp.ac.in/m-tech/cluster/data-science-and-engineering.php
छात्रों ने गिरिडीह कॉलेज में की तालाबंदी II Jharkhand Giridih ABVP ...,https://www.youtube.com/watch?v=jWZ_Ae-ODGQ
South Africa A vs India A | Third Four-Day | Day 3 - YouTube,https://www.youtube.com/watch?v=mh0VJoIOb1o
Hickory Dickory Dock Nursery Rhyme With Lyrics - Cartoon ...,https://www.youtube.com/watch?v=t0U-1Rcq-Qg
Online Dance Class | Basic Steps Routine | 4*8 Combo | Deepak ...,https://www.youtube.com/watch?v=t5xjUisS3fw
Hickory Dickory Dock Nursery Rhyme With Lyrics - Cartoon ...,https://www.youtube.com/watch?v=BApKWGoq88I
488 Agriculture / Dairy Job Vacancies - Shine.com- Apply Now!,https://www.shine.com/job-search/agriculture-dairy-jobs-4
Digital scholarship blog: March 2018,https://blogs.bl.uk/digital-scholarship/2018/03/index.html
Packing Job Work From Home| pen- pencil packing job 30000/M ...,https://m.youtube.com/watch?v=vFGx6L1uF0E
(PDF) Qualitative reinforcement for man-machine interactions,https://www.researchgate.net/publication/314187550_Qualitative_reinforcement_for_man-machine_interactions
