Title,URL
31 Software Testing Job Vacancies In Bhimavaram Ap - Naukri.com,https://www.naukri.com/software-testing-jobs-in-bhimavaram-ap
0 Media Jobs for Freshers in Bhimavaram- Feb | Internshala,https://internshala.com/fresher-jobs/media-jobs-in-Bhimavaram/
Telemarketing Jobs In Bhimavaram - 1 Telemarketing Job ...,https://www.naukri.com/telemarketing-jobs-in-bhimavaram
Internship in Bhimavaram | Internshala,https://internshala.com/internships/internship-in-bhimavaram/
D.N.R. College of Engineering & Technology- West Godavari ...,https://www.facultyplus.com/d-n-r-college-of-engineering-technology-west-godavari-wanted-teaching-and-non-teaching-faculty/
B.Tech. (Artificial Intelligence & Machine Learning),https://www.srkrec.edu.in/aiml.php
▷ Tutors in Bhimavaram - TeacherOn,https://www.teacheron.com/tutors-in-bhimavaram
SRKR Engineering College- Bhimavaram Wanted Teaching Faculty ...,https://www.facultyplus.com/srkr-engineering-college-bhimavaram-wanted-teaching-faculty/
Careers | OpsRamp,https://opsramp.recruitee.com/
Job - TechSpeed,https://www.techspeed.com/jobs.php
Gourmet Fusion Foods- Inc | LinkedIn,https://www.linkedin.com/company/gourmet-fusion-foods-inc
Career in Machine Learning and Data Science - Analytics Vidhya,https://www.analyticsvidhya.com/blog/2021/03/career-in-machine-learning-and-data-science/
Netenrich Technologies Analyst Bhimavaram Reviews by 8 ...,https://www.ambitionbox.com/reviews/netenrich-technologies-reviews/analyst/bhimavaram-location
SHRI VISHNU ENGINEERING COLLEGE FOR WOMEN ...,http://svecw.edu.in/docs/AI&DS2020.pdf
Mobile Repairing Course in Bhimavaram- Training Institutes ...,https://www.sulekha.com/mobile-phone-repairing-training/bhimavaram
Explore Career and Job Opportunities | Intuit India,https://www.intuit.com/in/careers/
Careers | Open Job Positions | Kemin Industries USA,https://www.kemin.com/na/en-us/careers
VIT Bhimavaram Reviews on Placements- Courses- Faculty & Facilities,https://www.careers360.com/colleges/vishnu-institute-of-technology-bhimavaram/reviews
SRKR Engineering College - Bhimavaram,http://srkrec.edu.in/
Vishnu Institute of Technology | Bhimavaram,https://www.facebook.com/VITBhimavaram/?locale=br_FR
Vertex Pharmaceuticals | Home,https://www.vrtx.com/
Artificial Intelligence Careers: Tips From 3 Experts | Built In,https://builtin.com/artificial-intelligence/career-in-artificial-intelligence
Bhimavaram Institute of Engineering & Technology – Code:BVRM,https://bietbvrm.ac.in/
Hyderabad- India | Jobs & Internships | JPMorgan Chase & Co.,https://careers.jpmorgan.com/us/en/about-us/locations/hyderabad
Avantra by Trends opens new stores in Bhimavaram- Siliguri,https://in.fashionnetwork.com/news/Avantra-by-trends-opens-new-stores-in-bhimavaram-siliguri,1480879.html
Home - Nutreco Corporate,https://www.nutreco.com/en/
Bhimavaram Municipality - Email & Phone of top management ...,https://www.easyleadz.com/company/bhimavaram-municipality
Top Security Guard Services in Bhimavaram - Best Security Guard ...,https://www.justdial.com/Bhimavaram/Security-Services-For-Guard/nct-10426667
1 Professor Job Vacancies in Bhimavaram - Oct (2022),https://www.monsterindia.com/search/professor-jobs-in-bhimavaram
Flipkart Delivery Jobs In Bhimavaram 2023-24 Job Vacancy- India ...,https://www.quikr.com/jobs/flipkart-delivery-jobs-in-bhimavaram+zwqxj2726005330
(PDF) An Enhanced Technique to discover web data extraction and ...,https://www.academia.edu/54610193/An_Enhanced_Technique_to_discover_web_data_extraction_and_Data_mining_in_Multi_Cloud_Server
(PDF) Performance Evaluation Based Cross Entropy on Intrusion ...,https://www.researchgate.net/publication/354249325_Performance_Evaluation_Based_Cross_Entropy_on_Intrusion_Deteection_using_Deep_Neural_Networks
(PDF) Efficient Task Distributed Algorithm using Virtual Machines for ...,https://www.researchgate.net/publication/342509915_Efficient_Task_Distributed_Algorithm_using_Virtual_Machines_for_Fog_Computing
Performance Analysis of Artificial Neural Networks for Cardiac ...,https://www.researchgate.net/publication/296699863_Performance_Analysis_of_Artificial_Neural_Networks_for_Cardiac_Arrhythmia_Detection
Arabic Sign Language Alphabet Recognition Based on HOG-PCA ...,https://www.researchgate.net/publication/306284865_Arabic_Sign_Language_Alphabet_Recognition_Based_on_HOG-PCA_Using_Microsoft_Kinect_in_Complex_Backgrounds
DiVA - Latest publications,https://hig.diva-portal.org/smash/latest.jsf?c=4&language=en
Sunil Kumar Yakkali's Review On Jawaharlal Nehru Technological ...,https://collegedunia.com/reviews/382591-sunil-kumar-yakkali-review-on-jawaharlal-nehru-technological-university-jntuk-kakinada
Apply for Honorary LL.D. Award for Lawyers from Bombay High ...,https://sites.google.com/site/honorarydegreeacademics/apply-for-honorary-ll-d-award-for-lawyers-from-bombay-high-court-district-court-session-court-and-bar-council
