Title,URL
0 Computer Science Jobs for Freshers in Kapurthala- Jan | Internshala,https://internshala.com/fresher-jobs/computer-science-jobs-in-Kapurthala/
Suresh Meena - General Manager - Rail Land Development ...,https://in.linkedin.com/in/suresh-meena-7722a7b6
Office Equipment Automation Jobs 2020 - Gwekaindia,https://www.gweka.com/office-equipment-automation-jobs/
ITC Limited Foods Division Kapurthala Reviews by 26 Employees ...,https://www.ambitionbox.com/reviews/itc-limited-foods-division-reviews/kapurthala-location
Experts | Google Developers,https://developers.google.com/community/experts
Hello Kapurthala | Facebook,https://www.facebook.com/groups/hellokapurthala/
APS Kapurthala Jobs Proven 9+ Posts - GYANMALA LIBRARY,https://www.gyanmalalibrary.com/aps-kapurthala-jobs.html
Daljit Singh Bhalla - Arizona State University - Tempe- Arizona ...,https://www.linkedin.com/in/daljitsinghbhalla
Top 10 Tailoring Classes in Kapurthala- Stitching- Sewing Courses ...,https://www.sulekha.com/tailoring-training/kapurthala
Aerospace Engineering | Texas A&M University Engineering,https://engineering.tamu.edu/aerospace/index.html
List of Programmes / Courses Offered at Main Campus / Constituent ...,https://ptu.ac.in/admission-2022-23/campus-courses/
Indian Institute of Information Technology,https://iiitkalyani.ac.in/
Energy Efficient and Real-Time Remote Sensing in AI-Powered Drone,https://www.hindawi.com/journals/misy/2021/6650053/
Mohan Narasimhan - Operations Manager - ABROL ENGINEERING ...,https://ug.linkedin.com/in/mohan-narasimhan-836777123
The Tribune- Chandigarh- India - Education Tribune,https://m.tribuneindia.com/2005/20051206/edu.htm
Sewing stars of Sulabh Vocational Training Centre - YouTube,https://www.youtube.com/watch?v=Dww6G65LmKg
Centum Learning Limited - Corporate Training & CSR Partnership ...,https://www.centumlearning.com/
30597 Mcp Mca Computer Jobs Openings in India,https://www.timesjobs.com/jobskill/mcp-mca+computer-jobs
(PDF) Energy efficient cognitive body area network (CBAN) using ...,https://www.researchgate.net/publication/326242021_Energy_efficient_cognitive_body_area_network_CBAN_using_lookup_table_and_energy_harvesting
Career connect july 2016 issue by Surecom Media: CareerConnect ...,https://issuu.com/surecommediacareerconnectmagazine/docs/career_connect___july_2016_issue
Marginality- identity and politicisation of the Bhangi community- Delhi.,https://eprints.keele.ac.uk/8214/1/SharmaPhD1987vol1.pdf
Stories of 02 March- 2022 | Deccan Herald,https://www.deccanherald.com/sitemap/detail/days/2022-03-02
Engineering Courses at SRM University Sonepat: Eligibility & Fees ...,https://www.shiksha.com/university/srm-university-delhi-ncr-sonepat-haryana-srmuh-42930/courses/engineering-s
