Title,URL
Machine Learning Course in Palanpur - Best Training Institute ...,http://quickxpertinfotech.com/machine-learning-course-in-palanpur
Data scientist salary in Palanpur- Gujarat,https://in.indeed.com/career/data-scientist/salaries/Palanpur--Gujarat
Sunco Cashew Company | LinkedIn,https://in.linkedin.com/company/sunco-cashew-company
Internship in Palanpur | Internshala,https://internshala.com/internships/internship-in-palanpur/
palanpuronline,https://palanpuronline.com/Shows_Content.aspx?ContentID=1194&From=Events&PageFrom=NewsEvents
0 Media Jobs for Freshers in Palanpur- Feb | Internshala,https://internshala.com/fresher-jobs/media-jobs-in-Palanpur/
Palanpur Engineering And Fabrications Ltd - Email & Phone of top ...,https://www.easyleadz.com/company/palanpur-engineering-and-fabrications
Careers - Huron,https://www.huronconsultinggroup.com/company/careers
Banas Dairy Veterinary Officer Palanpur Reviews by 0 Employees ...,https://www.ambitionbox.com/reviews/banasdairy-reviews/veterinary-officer?location=palanpur
Judge Group: Staffing Agency | IT Consulting | Learning Solutions,https://www.judge.com/
Home Job - Data entry & Back office Jobs in Palanpur- Data entry ...,https://www.olx.in/palanpur_g4058718/data-entry-back-office_c1737/q-home-job
Guerbet - Homepage,https://www.guerbet.com/
ThinkData Works - Home | Facebook,https://m.facebook.com/ThinkData-Works-100245835083565/
Shivam Patel - Software Engineer - Machine Learning - Google ...,https://www.linkedin.com/in/shivamwhohelps
List of Top Data Entry Job Works in Palanpur HO - Best Online Data ...,https://www.justdial.com/Palanpur/Data-Entry-Job-Works-in-Palanpur-HO/nct-10619111
Population Growth- Employment Expansion and Technological ...,https://academic.oup.com/book/9005/chapter/162480889
ThinkData Works: Connect- Manage- and Share on a Data Catalog,https://www.thinkdataworks.com/
Branch in Banas Kantha- Palanpur- 385001 | HDFC Bank,https://near-me.hdfcbank.com/branch-atm-locator/hdfc-bank-palanpur-banks-banas-kantha-palanpur-41523/Home
Top 10 Tailoring Classes in Palanpur- Stitching- Sewing Courses ...,https://www.sulekha.com/tailoring-training/palanpur
Flipkart Delivery Jobs 2023-24 Job Vacancy- Palanpur - Recruitment ...,https://www.quikr.com/jobs/flipkart-delivery-jobs+palanpur+zwqxj4157493934
Asia No.1 Hardware & Network Institute,http://www.iantpalanpur.com/
2 BHK Apartment / Flat for sale in JT Stuti Empress Palanpur Surat ...,https://www.99acres.com/2-bhk-bedroom-apartment-flat-for-sale-in-jt-stuti-empress-palanpur-surat-1248-sq-ft-r3-spid-D15988601
3 BHK Apartment / Flat for sale in JT Stuti Icon Palanpur Surat - 1575 ...,https://www.99acres.com/3-bhk-bedroom-apartment-flat-for-sale-in-jt-stuti-icon-palanpur-surat-1575-sq-ft-spid-K66683938
Resumes- Research- and Writing on the Job Hunt | Pluralsight,https://www.pluralsight.com/courses/resumes-research-writing-job-hunt
Sarjan Foundation,https://sarjanfoundation.com/
sap-ep-engineering jobs,https://www.timesjobs.com/jobskill/sap-ep-engineering-jobs
Tweets with replies by Ruchit Rami (@ruchitrami) / Twitter,https://mobile.twitter.com/ruchitrami/with_replies
BLACK BENGAL GOAT FARMING | Best goat breed for Farming ...,https://www.youtube.com/watch?v=KPPbDtuy1Xc
Training Of Poclain Operator !! PART-1 - YouTube,https://www.youtube.com/watch?v=hAGCO9G-J98
SIGMA | LinkedIn,https://uk.linkedin.com/company/sigma18
Modeling and simulation of cylindrical electro-chemical magnetic ...,https://www.researchgate.net/publication/273369129_Modeling_and_simulation_of_cylindrical_electro-chemical_magnetic_abrasive_machining_of_AISI-420_magnetic_steel
NGOs and Poverty Reduction in Tamil Nadu: Exploring a ...,https://www.ssoar.info/ssoar/bitstream/handle/document/41577/ssoar-2014-langmann-NGOs_and_Poverty_Reduction_in.pdf?sequence=1&isAllowed=y&lnkname=ssoar-2014-langmann-NGOs_and_Poverty_Reduction_in.pdf
Erp Data Jobs in India - TimesJobs,https://m.timesjobs.com/jobskill/erp-data-jobs
Journal of Production Research & Management vol 6 issue 3,https://www.slideshare.net/STMJournals1/journal-of-production-research-management-vol-6-issue-3
The Great Human Capital Reallocation: An Empirical Analysis of ...,https://papers.ssrn.com/sol3/Delivery.cfm/SSRN_ID251030_code001212130.pdf?abstractid=251030&type=2
JournalTOCs,https://www.journaltocs.ac.uk/index.php?action=browse&subAction=subjects&publisherID=42&journalID=25201&pageb=2&userQueryID=&sort=&local_page=1&sorType=&sorCol=
Journal of Development Studies - EconPapers,https://econpapers.repec.org/article/tafjdevst/default2.htm
New Institutional Economics: A Guidebook,https://citeseerx.ist.psu.edu/document?repid=rep1&type=pdf&doi=c9b7ae941e7a8ef4c404d48f6030a9df0de8ff94
