Title,URL
Ashoka University: Leading Liberal Arts and Sciences University,https://www.ashoka.edu.in/
25 Electronic jobs in Sonipat- Haryana- India (1 new),https://in.linkedin.com/jobs/electronic-jobs-sonipat
21 Data Science Jobs for Freshers in Sonipat- Jan | Internshala,https://internshala.com/fresher-jobs/data-science-jobs-in-Sonipat/
Machine Learning Engineer in Noida- Uttar Pradesh- India | Other at ...,https://careers.adobe.com/us/en/job/R132834/Machine-Learning-Engineer
Internship in Sonipat | Internshala,https://internshala.com/internships/internship-in-sonipat/
Qc analyst Jobs in Sonipat- February 2023 | Glassdoor,https://www.glassdoor.com/Job/sonipat-qc-analyst-jobs-SRCH_IL.0,7_IC2918675_KO8,18.htm
Background Verification Jobs In Sonipat Haryana - 1495 ...,https://www.naukri.com/background-verification-jobs-in-sonipat-haryana
Cnc operator Jobs in Sonipat- February 2023 | Glassdoor,https://www.glassdoor.com/Job/sonipat-cnc-operator-jobs-SRCH_IL.0,7_IC2918675_KO8,20.htm
Python Course in Sonipat,https://www.codingbytes.com/python-course/python-course-in-sonipat/
Esri R&D Center- New Delhi | Jobs for Data Scientists- GIS Analysts ...,https://www.esri.com/en-us/about/about-esri/rd-center-new-delhi
Fynd - SDE 1 / SDE 2 - Machine Learning,https://jobs.lever.co/fynd/d3b83d37-e5c8-4a5d-87ad-b2b1e5f369b5
57 CNC Jobs and Vacancies in Haryana - 6 February 2023 | Indeed ...,https://in.indeed.com/CNC-jobs-in-Haryana
GSK: Home,https://www.gsk.com/en-gb/
JSG Group Sonipat Reviews by 39 Employees | AmbitionBox,https://www.ambitionbox.com/reviews/jsg-innotech-reviews/sonipat-location
adidas Careers – Through sport- we have the power to change lives ...,https://careers.adidas-group.com/jobs?location=%5B%7B%22country%22%3A%22India%22%2C%22city%22%3A%22Gurgaon%22%7D%5D&locale=en
Hackveda Deep Learning Engineer | SmartRecruiters,https://jobs.smartrecruiters.com/Hackveda/743999694330745-deep-learning-engineer
AAS Job Register: Current Job Ads,https://jobregister.aas.org/
Urgent: Ex serviceman graduate Jobs in Sonipat - February 2023 ...,https://in.jooble.org/jobs-ex-serviceman-graduate/Sonipat
▷ Tutors in Sonipat - TeacherOn,https://www.teacheron.com/tutors-in-sonipat
DARE TO GROW | CEVA Logistics,https://www.cevalogistics.com/en/careers
Available jobs - Atlas Copco Group,https://www.atlascopcogroup.com/en/careers/job-overview
Jifu Zhao - Machine Learning Engineer - Snap Inc. | LinkedIn,https://www.linkedin.com/in/jifuzhao
Data Science Training in Sonipat- Course Fees- Certification | Sulekha,https://www.sulekha.com/data-science-certification-training/sonipat
Computer Science vs Computer Engineering: Which Is Better- Which ...,https://research.com/degrees/computer-science-vs-computer-engineering-which-is-better-which-is-harder
Cnc operator Jobs in Sonipat- January 2023 | Glassdoor,https://www.glassdoor.co.in/Job/sonipat-cnc-operator-jobs-SRCH_IL.0,7_IC2918675_KO8,20.htm
SLM Solutions: Your Partner in Selective Laser Melting,https://www.slm-solutions.com/
4 Best Freelance TensorFlow Developers For Hire Near Baltimore ...,https://www.upwork.com/hire/tensorflow-developers/us/baltimore-md/
NewPage Solutions | LinkedIn,https://kw.linkedin.com/company/newpage-solutions?trk=ppro_cprof
Chartwell Learning & Development Ltd | LinkedIn,https://uk.linkedin.com/company/chartwell-learning-&-development-ltd
Karamvir Singh - Machine Operator - Freelance | LinkedIn,https://uk.linkedin.com/in/karamvir-singh-b5089b201
Improved household living standards can restore dry tropical forests ...,https://www.ncbi.nlm.nih.gov/pmc/articles/PMC9786345/
Twitter \ التغريدات مع الردود بواسطة IIT Delhi (iitdelhi@),https://mobile.twitter.com/iitdelhi/with_replies?lang=ar
Google Reviews: What Is It Like to Work At Google? | Glassdoor,https://www.glassdoor.ca/Reviews/Google-Reviews-EI_IE9079.0,6.htm
(PDF) Traversing through the Use of Robotics in the Medical ...,https://www.researchgate.net/publication/360732853_Traversing_through_the_Use_of_Robotics_in_the_Medical_Industry_Outlining_Emerging_Trends_and_Perspectives_for_Future_Growth
(PDF) Preparing for the Mission "Industry Demand 2030". The Work ...,https://www.researchgate.net/publication/362839226_Preparing_for_the_Mission_Industry_Demand_2030_The_Work_of_Future_and_The_Skills_for_Future_Workforce_Challenges_Opportunities
Google Quantitative Analyst Interview Questions | Glassdoor,https://www.glassdoor.co.uk/Interview/Google-Quantitative-Analyst-Interview-Questions-EI_IE9079.0,6_KO7,27.htm
Beginner Python lessons,https://www.superprof.co.uk/lessons/python/united-kingdom/beginner/145/
Amazon.com Employment and Reviews | SimplyHired,https://www.simplyhired.com/company/Amazon.com/?l=Kansas+City%2C+KS
David O. - York University - Toronto- Ontario- Canada | LinkedIn,https://ca.linkedin.com/in/david-o-3428b6117?trk=public_profile_browsemap_profile-result-card_result-card_full-click
Certified Email Marketing Professional,https://learning.shine.com/course/sales-and-marketing/certified-email-marketing-professional/pd-3262
CUBES: A practical toolkit to measure enablers and barriers to ...,https://europepmc.org/article/med/31294419
Ethnopharmacology | Apply for Honorary DSc in ...,https://sites.google.com/site/honorarydegreeacademics/ethnopharmacology-apply-for-honorary-dsc-in-ethnopharmacology-admission-announcement
Parvash of Haryana wins Mathwar Kesari dangal - Early Times,http://www.earlytimes.in/newsdet.aspx?q=132422
NEWS CLIPS,https://library.iitd.ac.in/sites/default/files/2022-01/20213112NewsClips.pdf
Docs attach severed hand,https://www.slideshare.net/ParveenKumarChadha/docs-attach-severed-hand
Engineering Courses at SRM University Sonepat: Eligibility & Fees ...,https://www.shiksha.com/university/srm-university-delhi-ncr-sonepat-haryana-srmuh-42930/courses/engineering-s
Urbanisation Through Brick Kilns: The Interrelationship Between ...,https://journals.sagepub.com/doi/10.1177/2455747120965199?icid=int.sj-abstract.citing-articles.27
