Title,URL
SRI MAA LAXMI COMPUTECH PRIVATE LIMITED hiring Computer ...,https://in.linkedin.com/jobs/view/computer-faculty-at-sri-maa-laxmi-computech-private-limited-3434788861
0 Finance Jobs for Freshers in Begusarai- Feb | Internshala,https://internshala.com/fresher-jobs/finance-jobs-in-begusarai/
616 Belts Trainer Job Vacancies In Begusarai - Naukri.com,https://www.naukri.com/belts-trainer-jobs-in-begusarai
1 Fresher Jobs in Begusarai- February | Internshala,https://internshala.com/fresher-jobs/jobs-in-Begusarai/
Dsp Software Engineer Jobs In Begusarai - 1648 Dsp Software ...,https://www.naukri.com/dsp-software-engineer-jobs-in-begusarai
Amazon Pay | Amazon.jobs,https://www.amazon.jobs/payments
616 Belts Trainer Job Vacancies In Begusarai - Naukri.com,https://www.naukri.com/belts-trainer-jobs-in-begusarai-2
Sylvester William Lall - St Paul's School- Begusarai - Ajax- Ontario ...,https://ca.linkedin.com/in/sylvesterlall
adidas Careers – Through sport- we have the power to change lives ...,https://careers.adidas-group.com/jobs?location=%5B%7B%22country%22%3A%22India%22%7D%5D&offset=0&keywords=&location_manual=India
Larsen & Toubro Limited Begusarai Reviews by 6 Employees ...,https://www.ambitionbox.com/reviews/l-and-t-reviews/begusarai-location
India,https://www.pepsicojobs.com/india
Sumit Mahato - Product Engineer - Tesla | LinkedIn,https://www.linkedin.com/in/sumit-mahato-37003176
Jobs in Begusarai - Check Latest (78) Job Openings (February 2023 ...,https://www.quikr.com/jobs/begusarai+zwqxj760939060
Top 10 Tailoring Classes in Begusarai- Stitching- Sewing Courses ...,https://www.sulekha.com/tailoring-training/begusarai
Top Ethical Hacking Institutes in Begusarai - Best Ethical Hacking ...,https://www.justdial.com/Begusarai/Ethical-Hacking-Training-Institutes/nct-10989081
Ravi - Begusarai : Computer all subject courses in begusarai bihar ...,https://www.superprof.ng/computer-all-subject-courses-begusarai-bihar-school-collage-home-tution.html
Reifenhäuser Blown Film | Reifenhauser,https://reifenhauser.com/en/company/reifenhauser-group/reifenhaeuser-blown-film
How to use a coffee machine - Which? - YouTube,https://www.youtube.com/watch?v=6Vg1qHGk8iM
FIXED in 3 STEPS! | NO Paint NO Filler! - YouTube,https://www.youtube.com/watch?v=-Y-WedpjlB0
Indian Social Entrepreneurs | SpringerLink,https://link.springer.com/chapter/10.1007/978-81-322-2827-1_4
Purchase Managers Public Group | Facebook,https://m.facebook.com/groups/1639597799587192/members/
