Title,URL
0 Computer Science Jobs for Freshers in Shivpuri- Feb | Internshala,https://internshala.com/fresher-jobs/computer-science-jobs-in-Shivpuri/
Vivek Shivpuri - CEO and Co-founder - MOZAIQ LLC | LinkedIn,https://www.linkedin.com/in/vivekshivpuri
JAGMOHAN MINERALS | LinkedIn,https://in.linkedin.com/company/jagmohan-minerals
The Hole in the Wall Project and the Power of Self-Organized Learning,https://www.edutopia.org/blog/self-organized-learning-sugata-mitra
Rashmi Shrivastava - Assistant Professor - ShriRam Group of ...,https://in.linkedin.com/in/rashmi-shrivastava-a197641a4
Top Computer Classes in Shivpuri - Best Computer Training ...,https://www.justdial.com/Hazaribagh/Computer-Training-Institutes-in-Shivpuri/nct-10124277
Raunak Jain - University Institute of Technology- RGPV - Shivpuri ...,https://in.linkedin.com/in/raunak-jain-14ba9722b/es?trk=people-guest_people_search-card
Forest Guard Salary in Shivpuri | AmbitionBox,https://www.ambitionbox.com/profile/forest-guard-salary/shivpuri-location
Divyansh Sharma - Senior Data Scientist - Mphasis | LinkedIn,https://in.linkedin.com/in/divyansh-sharma-894051a7
Check Latest 14 Work From Home Jobs Openings In Shivpuri ...,https://www.quikr.com/jobs/work-from-home+shivpuri+zwqxj2034660499
Ramco Systems Software Engineer Salaries | $3-800-$5-000,https://www.nodeflair.com/companies/ramco-systems/salaries/software_engineer
Air Flow and Rain Water Penetration Analysis on Generator ...,https://cset.mnsu.edu/globalassets/college-of-science-engineering-and-technology/automotive-and-manufacturing-engineering-technology/cvs_faculty/cv_agarwal.pdf
JNtech Networks One Day "Cyber Security" Workshop at PK ...,http://jntechnetworks.com/jntech-networks-one-day-cyber-security-workshop-at-pk-university-shivpuri-madhya-pradesh/
Careers | John Deere IN,https://www.deere.co.in/en/our-company/john-deere-careers/
Check Latest 10 Part Time Jobs Openings In Shivpuri (February ...,https://www.quikr.com/jobs/part-time+shivpuri+zwqxj2034660499
DOE Explains...the Higgs Boson | Department of Energy,https://www.energy.gov/science/doe-explainsthe-higgs-boson
RA Magazine - IEEE Robotics and Automation Society,http://www.ieee-ras.org/publications/ram
How AI model bias impacts trust | Deloitte Insights,https://www2.deloitte.com/us/en/insights/focus/cognitive-technologies/ai-model-bias.html
Advantages and Disadvantages of various CPU scheduling ...,https://www.geeksforgeeks.org/advantages-and-disadvantages-of-various-cpu-scheduling-algorithms/
Sundeep Prabhakar Chepuri,https://ece.iisc.ac.in/~spchepuri/
Aon India Home Page,https://www.aon.com/india/default.jsp
Ekta sharma-Company Recruiter in MAALAV MAHILA MILK ...,https://www.naukri.com/recruiters/ektasharma-4975620
Dr. Preeti Goyal- the faculty member is an asset to Great Learning.,https://www.mygreatlearning.com/faculty/dr-preeti-goyal
We are here to help | Contact Us | Simplilearn,https://www.simplilearn.com/contact-us
Worktones | LinkedIn,https://au.linkedin.com/company/worktones
Application of Advanced Machine Learning Algorithms to Assess ...,https://www.mdpi.com/2072-4292/12/17/2742
Lucas Nülle - Lucas-Nuelle Training Systems for vocational training ...,https://www.lucas-nuelle.us/
Machine learning Jobs: Jobs for freshers with Machine learning ...,https://www.freshersworld.com/machine-learning-jobs/3535242
Silk Saree Printing Process || Screen Printing on Silk - YouTube,https://www.youtube.com/watch?v=7zV8qXAWW5A
An ANN approach for predicting subsurface residual stresses and ...,https://www.researchgate.net/publication/223504751_An_ANN_approach_for_predicting_subsurface_residual_stresses_and_the_desired_cutting_conditions_during_hard_turning
Netafim: Irrigation Services & Solutions,https://www.netafimindia.com/
Academic Engagement Through Experiential Learning: Building ...,https://stars.library.ucf.edu/cgi/viewcontent.cgi?article=3398&context=etd
VU Research Portal,https://research.vu.nl/files/42211942/complete%20dissertation.pdf
Smoking Cessation Using Wearable Sensors: Protocol for a ...,https://pdfs.semanticscholar.org/bd7c/2e807f36734e899f7f12f27d4a5698a52900.pdf
Full article: Book Reviews,https://www.tandfonline.com/doi/full/10.1080/10357823.2010.507458
Predictors of Long-Term Enrollment and Degree Outcomes for ...,https://www.jstor.org/stable/40929572
Ludhiana Stories - The Tribune- Chandigarh- India,https://m.tribuneindia.com/2010/20100118/ldh1.htm
Top Thiruvalluvar University - [TU] Affiliated Computer Applications ...,https://collegedunia.com/computer-applications/thiruvalluvar-university-tu-affiliated-colleges
Top Manonmaniam Sundaranar University Affiliated Computer ...,https://collegedunia.com/computer-applications/manonmaniam-sundaranar-university-affiliated-colleges
*RYW FUHDWLQJ DWPRVSKHUH RI IHDU LQ FRXQWU ...,https://www.dailypioneer.com/uploads/2022/epaper/september/raipur-english-edition-2022-09-05.pdf
