Title,URL
Jobs in Bagaha - Check Latest (45) Job Openings (February 2023 ...,https://www.quikr.com/jobs/bagaha+zwqxj760939060
nagendra singh gautam - Manager Production - Tirupati Sugars ...,https://in.linkedin.com/in/nagendra-singh-gautam-6397511b
Servicenow Course in Bagaha - Best Training Institute - Fees ...,http://quickxpertinfotech.com/servicenow-course-in-bagaha
Sandeep Pandey - VP of Engineering - Meta | LinkedIn,https://www.linkedin.com/in/sandeep-pandey-43842bb5
Javascript Course in Bagaha - Best Training Institute - Fees ...,http://quickxpertinfotech.com/javascript-course-in-bagaha
Accumulator (computing) - Wikipedia,https://en.wikipedia.org/wiki/Accumulator_(computing)
Devesh Sharma - Software Engineer- Real World Data ...,https://www.linkedin.com/in/devesharma
M.Tech.Data Science & Engineering – BITS Pilani,https://bits-pilani-wilp.ac.in/m-tech/cluster/data-science-and-engineering.php
Top Vacancies | Recruitment | Online Job Search | Empower Youth,https://www.empoweryouth.com/jobs
February 2022: “Top 40” New CRAN Packages | R-bloggers,https://www.r-bloggers.com/2022/03/february-2022-top-40-new-cran-packages/
Selenium Automation Testing Training Course in Bagaha - Fees ...,http://quickxpert.in/selenium-automation-testing-course-in-bagaha
City Montessori Public School (CMPS)- Bargaon- Bagaha ...,https://school.careers360.com/schools/city-montessori-public-school-bargaon-bagaha
AHA wants Congress to pressure CMS to reverse updates for ...,https://www.fiercehealthcare.com/providers/aha-wants-congress-pressure-cms-reverse-payment-updates-inpatient-payment-rule
DOT NET Training Course in Bagaha - Fees- Placements,https://www.quickxpert.com/DOT-NET-training-course-in-bagaha
Sachidanand Singh - Clayton- Victoria- Australia | Professional ...,https://au.linkedin.com/in/sachidanand-singh-861736142
Diploma Civil Engineer Salary in Patna | AmbitionBox,https://www.ambitionbox.com/profile/diploma-civil-engineer-salary/patna-location
Untitled,http://placementbaba.com/jobs/display.php
Md.Yusuf Ali - Service Operations Manager - LOOTAH GROUP ...,https://al.linkedin.com/in/md-yusuf-ali-996374140
2015 Nepal earthquake: Facts- FAQs- and how to help | World Vision,https://www.worldvision.org/disaster-relief-news-stories/2015-nepal-earthquake-facts
Full Stack Developer Job For 6-7 Year Exp In Talent HR Networks ...,https://www.foundit.in/job/full-stack-developer-talent-hr-networks-private-limited-pune-6793939
Certificate Courses – Rama Technical Institute,https://www.ramatech.in/certificate-courses/
Careers - Ecom Express,https://ecomexpress.in/careers/
FANCER V Belts at best price in Bagaha | ID: 20376346333,https://www.indiamart.com/proddetail/v-belts-20376346333.html
bipard.bihar.gov.in/Documents/Data-Bank/SDO-Email-...,http://bipard.bihar.gov.in/Documents/Data-Bank/SDO-Email-ID-Mobile.xls
Bihar Skill Development Mission - Home,https://skillmissionbihar.org/
Careers in Nagpur - Join Our Team of Ideapreneurs in Nagpur ...,https://www.hcltech.com/careers/nagpur
Cash Management Services - CMS Services in India | HDFC Bank,https://www.hdfcbank.com/wholesale/corporates/large-corporates/value-added-services/cash-management-services
Find Tobacco Manufacturing Companies in Murshidabad - Dun ...,https://www.dnb.com/business-directory/company-information.tobacco_manufacturing.in.west_bengal.murshidabad.html
Kotak-811-UPI-Payments & Loans - Apps on Google Play,https://play.google.com/store/apps/details?id=com.msf.kbank.mobile&hl=en_US&gl=US
Dr. Amit Kumar in Bagaha Dhala Road - Best Dentists in Motihari ...,https://www.justdial.com/Motihari/Dr-Amit-Kumar-Gyan-Babu-Chowk-Bagaha-Dhala-Road/9999P6252-6252-180626211042-B8A7_BZDET
Fusion MicroFinance – NBFC | MFI Company- Microfinance- MSME ...,https://fusionmicrofinance.com/
Top Machine Learning and Artificial Intelligence Colleges in India ...,https://www.jagranjosh.com/colleges/law/machine-learning-and-artificial-intelligence-engineering
Ahsan Mukhtar - Senior Software Engineer - GagaMuller Group ...,https://pk.linkedin.com/in/ahsanmukhtar02
Bihar Animal Sciences University | बिहार पशु विज्ञान विश्वविद्यालय,https://basu.org.in/
Conducted by National Institute of Urban Affairs On behalf of Ministry ...,https://niua.org/sbm/sites/default/files/INTERIM%20REPORT_SBM%20SWM%20WORKSHOPS_0.pdf
356 Jobs in Jamtha Wardha Road- Nagpur: Latest Job Vacancies ...,https://www.workindia.in/jobs-in-jamtha-wardha-road-nagpur/
Business Background Images - Free Download on Freepik,https://www.freepik.com/free-photos-vectors/business-background
Careers - Latest Jobs- Recruitments and Vacancies - HeroFinCorp,https://www.herofincorp.com/career
100+ profils pour “Sanu Kumar” | LinkedIn,https://lu.linkedin.com/pub/dir/Sanu+Kumar/+/in-0-India
KPIT Europe - KPIT,https://www.kpit.com/europe/
Paper Cutting Machine in Patna- कागज काटने की मशीन- पटना- Bihar ...,https://dir.indiamart.com/patna/paper-cutting-machine.html
IMT CDL: Best Distance Learning PGDM Institute in India,https://www.imtcdl.ac.in/
बिहार में Part Time नौकरी की पेशकशें | Careerjet,https://www.careerjet.in/part-time-%E0%A4%A8%E0%A5%8C%E0%A4%95%E0%A4%B0%E0%A4%BF%E0%A4%AF%E0%A4%BE%E0%A4%82/%E0%A4%AC%E0%A4%BF%E0%A4%B9%E0%A4%BE%E0%A4%B0-83629.html
Welcome BUIDCO,http://www.buidco.in/
Contact Us | Johnson & Johnson India,https://www.jnj.in/contact-us
Hire freelancers in all countries- page 281,https://talent.hubstaff.com/countries/profiles?page=281
ADO.NET Online Training- ADO.NET Course | Sulekha,https://www.sulekha.com/ado-net-online-training/
How to Start a Career in Cyber Security after 12th? – [Hindi] – Quick ...,https://www.youtube.com/watch?v=wgNCM-c-jq4
Amazon per apna karobar shuru karnay k liye Pakistanio ko kya ...,https://www.youtube.com/watch?v=DCsMc68v8ho
DDUGKY- कौशल विकास व स्वरोजगार हेतु युवाओं को प्रशिक्षण ...,https://www.youtube.com/watch?v=38_GchtyQ18
After Bihar government's ban on alcohol- Purnia district turns to milk ...,https://www.youtube.com/watch?v=q3gNI8R68EI
