Title,URL
Graphic Design Courses in Nabadwip with 100% Job Placement,https://imagicnabadwip.com/course/graphic-design-courses-in-nabadwip/
subhajit mallick - Nabadwip- West Bengal- India,https://in.linkedin.com/in/subhajitkgec
Certificate Course In After Effects | Short term courses in after 12th,https://imagicnabadwip.com/course/certificate-course-in-after-effects/
Niladri Banerjee - System Engineer - Tata Consultancy Services ...,https://in.linkedin.com/in/niladri-banerjee-3a1090189
Top 10 Tailoring Classes in Nabadwip- Stitching- Sewing Courses ...,https://www.sulekha.com/tailoring-training/nabadwip
Suprio Dutta - Nabadwip Vidyasagar College - Kolkata- West Bengal ...,https://in.linkedin.com/in/suprio-dutta-696980234
Ansys STK | Digital Mission Engineering Software,https://www.ansys.com/products/missions/ansys-stk
Shopping Mall Sales Resumes 2023-24 Job Vacancy- Nabadwip ...,https://www.quikr.com/jobs/shopping-mall-sales-resumes+nabadwip+zwqxj4157493934
Sujan Dutta - Graduate Research Assistant - Rochester Institute of ...,https://www.linkedin.com/in/sujandutta99
School Teacher Jobs 2023-24 Job Vacancy- Nabadwip ...,https://www.quikr.com/jobs/school-teacher-jobs+nabadwip+zwqxj4157493934
NIL RATAN CHATTERJEE-Computer Teacher in Nabadwip ...,https://www.naukri.com/recruiters/nilratanchatterjee-1958422
R Language Course in Nabadwip - Best Training Institute - Fees ...,http://quickxpertinfotech.com/r-language-course-in-nabadwip
Group 2 and Group 4 Wholesaler | Jamuna Textile.- Nabadwip,https://www.indiamart.com/yamuna-textile/
BENGALI LANGUAGE HANDBOOK.,https://files.eric.ed.gov/fulltext/ED012914.pdf
HDFC Bank Nabadwip- Nadia- 741302 ATM Social Timeline ...,https://near-me.hdfcbank.com/branch-atm-locator//hdfc-bank-atm-atm-nabadwip-nadia-16835/Timeline?page=214
List of Top International Schools in Nabadwip - Best ICSE Board ...,https://www.justdial.com/Nadia/International-Schools-in-Nabadwip/nct-10272752
Techno India Group Public School (TIGPS)- Nabadwip- Nadia ...,https://school.careers360.com/schools/techno-india-group-public-school-nabadwip-nadia
Merry Land Institute,https://www.facebook.com/merrylandnabadwip/
▷ Electrical Engineering tutors in West Bengal - TeacherOn,https://www.teacheron.com/electrical_engineering-tutors-in-west_bengal
M.Tech.Data Science & Engineering – BITS Pilani,https://bits-pilani-wilp.ac.in/m-tech/cluster/data-science-and-engineering.php
Gaudiya Vaishnavism - Wikipedia,https://en.wikipedia.org/wiki/Gaudiya_Vaishnavism
20 Best bengali voice process jobs (Hiring Now!) | SimplyHired- IN,https://www.simplyhired.co.in/search?q=bengali+voice+process
NEWSLETTER 1-5_2.docx,https://nabadwip.tigps.in/assets/others/nabadwip-newsletter/TECHNO%20VIBES(april-july)-2.pdf
Full Stack Developer Training Course in Nabadwip - Fees- Placements,https://quickxpert.in/full-stack-developer-course-in-nabadwip
Sourav Saha - Senior Data Science QA - PropertyGuru Group ...,https://sg.linkedin.com/in/souravsaha123
Veterinary medicine | Definition- Training- History- & Facts | Britannica,https://www.britannica.com/science/veterinary-medicine
DO Information,https://www.paschimmedinipur.gov.in/system/files/do_list_pmid.pdf
144 Chinese Language Jobs and Vacancies - 6 February 2023 ...,https://in.indeed.com/Chinese-Language-jobs
DAY-NULM,https://nulm.gov.in/
Android Training Course in Nabadwip - Fees- Placements,http://quickxpert.com/android-training-course-in-nabadwip
Hybrid APP Development Training Course in Nabadwip - Fees ...,http://quickxpert.com/hybrid-APP-development-training-course-in-nabadwip
Welcome to North East Frontier Railway / Indian Railways Portal,https://nfr.indianrailways.gov.in/
Artificial intelligence proved Homoeopathic drug Ars alb is effective ...,https://www.homeobook.com/artificial-intelligence-proved-homoeopath-drug-arsenicum-alb-is-effective-against-covid-19/
Tanusree Saha - Europe Consulting Head- Data- Analytics and AI ...,https://uk.linkedin.com/in/tanusreesaha
Belur Math - Ramakrishna Math and Ramakrishna Mission Home ...,https://belurmath.org/
APPROVED TRAINING CENTRES,https://rasci.in/downloads/ApprovedTrainingCentres.pdf
Official Website of West Bengal Comprehensive Area Development ...,https://wbcadc.com/
status of water supply- wastewater generation and treatment in class ...,https://cpcb.nic.in/openpdffile.php?id=UmVwb3J0RmlsZXMvTmV3SXRlbV8xNTNfRm9yZXdvcmQucGRm
Fusion MicroFinance – NBFC | MFI Company- Microfinance- MSME ...,https://fusionmicrofinance.com/
Architecture- Town and Regional Planning | IIEST,https://www.iiests.ac.in/IIEST/AcaUnitDetails/ARCH
Jeevan Pramaan: Digital Life Certificate for Pensioners| National ...,https://www.india.gov.in/spotlight/jeevan-pramaan-digital-life-certificate-pensioners
Manipuri-English Bidirectional Statistical Machine Translation ...,https://aclanthology.org/W10-3811.pdf
NSOU - Learner Support Centre,http://www.wbnsou.ac.in/study_centres/List_of_Study_Centres_for_BDP-PG-BLIS_for_Admission.shtml
“Inquisitiveness To Explore Makes A Big Difference...” - ElectronicsB2B,https://www.electronicsb2b.com/eb-specials/my-story/inquisitiveness-explore-makes-big-difference/
Careers - Ecom Express,https://ecomexpress.in/careers/
Skilling India | Don Bosco Tech | NGOs in India- Non-Profits- Best ...,https://dbtech.in/
Untitled,http://www.buckhorninn.com/blog/?wptouch_switch=mobile&redirect=//carweaperdown.tk/143wwwbuckhorninncomsKN651
Class-6 Math(গণিত) Model Activity Task-2022-January//WBBSE ...,https://www.youtube.com/watch?v=4YZ8q1isL5c
