Title,URL
Internship in Yavatmal | Internshala,https://internshala.com/internships/internship-in-yavatmal/
SIDDHIVINAYAK INTERNATIONAL | LinkedIn,https://in.linkedin.com/company/siddhivinayak-international
0 Web Development Jobs for Freshers in Yavatmal- Jan | Internshala,https://internshala.com/fresher-jobs/web-development-jobs-in-Yavatmal/
Amey Agrawal,https://ameya.info/docs/cv.pdf
5 Layout Engineer Job Vacancies In Yavatmal Yeotmal - Naukri.com,https://www.naukri.com/layout-engineer-jobs-in-yavatmal-yeotmal
Chandni Singh - Software Engineer - Machine Learning - Motorola ...,https://www.linkedin.com/in/chandni-r-singh
Embedded Trainee Engineer Jobs In Yavatmal Yeotmal - 7 ...,https://www.naukri.com/embedded-trainee-engineer-jobs-in-yavatmal-yeotmal
S.B.Jain Institute-Nagpur "Autonomous" NAAC Accredited with 'A ...,https://zh-cn.facebook.com/officialsbjain/photos/a.396756457032371/6352922824749008/
Cad Design Engineer Jobs In Yavatmal Yeotmal - 4 Cad Design ...,https://www.naukri.com/cad-design-engineer-jobs-in-yavatmal-yeotmal
S.B.Jain Institute-Nagpur "Autonomous" NAAC Accredited with 'A ...,https://m.facebook.com/profile.php?v=feed&id=289502324424452
Security Engineer Jobs In Yavatmal Yeotmal - 5 Security Engineer ...,https://www.naukri.com/security-engineer-jobs-in-yavatmal-yeotmal
S.B.Jain Institute-Nagpur "Autonomous" NAAC Accredited with 'A ...,https://m.facebook.com/officialsbjain/photos/a.701157693258911/6278374835537141/?type=3
5 Omcr Engineer Job Vacancies In Yavatmal Yeotmal - Naukri.com,https://www.naukri.com/omcr-engineer-jobs-in-yavatmal-yeotmal
Truck Driver Jobs in Yavatmal- Maharashtra (Feb 2023) - 128 Active ...,https://www.shine.com/job-search/truck-driver-jobs-in-yavatmal
5 Content Engineer Job Vacancies In Yavatmal Yeotmal - Naukri.com,https://www.naukri.com/content-engineer-jobs-in-yavatmal-yeotmal
Data Science Training in Yavatmal- Course Fees- Certification ...,https://www.sulekha.com/data-science-certification-training/yavatmal
upGrad hiring Admissions Counselor in Yavatmal - Join leading ...,https://earlytutors.com/jobs/upgrad-admissions-counselor-in-yavatmal-mh/
2022 #Placement #Congratulations to S.B.Jain students-Batch 2022 ...,https://www.facebook.com/officialsbjain/posts/2022-placement-congratulations-to-sbjain-students-batch-2022-placed-in-capgemini/6460930487281574/
Jobs at Lenovo,https://jobs.lenovo.com/
Podar International School Salaries in Yavatmal | AmbitionBox,https://www.ambitionbox.com/salaries/podar-international-school-salaries/yavatmal-location
Emergent BioSolutions – Global Specialty Life Sciences Company,https://www.emergentbiosolutions.com/
Harsh - Yavatmal : Second Year Computer Engineering Student ...,https://www.superprof.ng/second-year-computer-engineering-student-sppu-python-web-dev-codechef-japanese-basic.html
Reliance Jiomart jobs in Yavatmal- 2020 | jiomart jobs | Jio career -,https://jioguide.com/reliance-jio-jobs-in-yavatmal-2020-jio-jobs-jio-career/
GCoE- Yavatmal,https://gcoey.ac.in/
Techaxis | Talent Search Firm,https://www.techaxisinc.com/
Introducing Viva Engage - Microsoft Community Hub,https://techcommunity.microsoft.com/t5/yammer-blog/introducing-viva-engage/bc-p/3589029/highlight/true
Sap Is Utilities Engineering Jobs in India - 26106 Sap Is Utilities ...,https://www.timesjobs.com/jobskill/sap-is-utilities-engineering-jobs
Sequenceâ•'Based Computational Approaches to Vaccine ...,https://onlinelibrary.wiley.com/doi/pdf/10.1002/9781118345313.ch9
What To Do After PhD ? Opening Career Options- Courses- Jobs ...,https://sites.google.com/site/honorarydegreeacademics/what-to-do-after-phd-opening-career-options-courses-jobs-salary-promotion
Apply for Honorary DSc for Application Engineer - Honorary Awards,https://sites.google.com/site/honorarydegreeacademics/apply-for-honorary-dsc-for-application-engineer
Performance study of artificial neural network modelling to predict ...,https://www.researchgate.net/publication/302979292_Performance_study_of_artificial_neural_network_modelling_to_predict_carried_weight_in_the_transportation_system
