Title,URL
The Global Getaways | LinkedIn,https://in.linkedin.com/company/global-getaways-ranthambhore
H.G. Infra Engineering Salaries in Sawai Madhopur | AmbitionBox,https://www.ambitionbox.com/salaries/h-dot-g-dot-infra-engineering-pvt-dot-ltd-dot-salaries/sawai-madhopur-location
Arbaaz Khan - Sawai Madhopur- Rajasthan- India | Professional ...,https://in.linkedin.com/in/arbaaz-khan-5b433818b
Nitin Maheshwari - Charlotte- North Carolina- United States ...,https://www.linkedin.com/in/nitin-maheshwari-593885
CEE Update Alumni Spotlights: Dr. Prateek Bansal | Civil and ...,https://www.cee.cornell.edu/cee/alumni/cee-update-newsletters/2020-2021-cee-update-newsletter/cee-update-alumni-spotlights-2
Abhishek Bhardwaj - Sr. Data and Machine Learning Engineer ...,https://www.linkedin.com/in/abhiai
Ranthambore Fort- Sawai Madhopur,https://www.tutorialspoint.com/ranthambore_fort/index.htm
Page 9 - Model Jobs In Sawai Madhopur - 45072 Model Job ...,https://www.naukri.com/model-jobs-in-sawai-madhopur-9
Section: I NCO CODE LIST,https://adfdell.pstc.brown.edu/arisreds_data/public06/NCO_codelist.pdf
23 Vice Principal Jobs and Vacancies in Ncr - 1 October 2022 ...,https://in.indeed.com/Vice-Principal-jobs-in-Ncr
VB Script Training in Sawai Madhopur- VB Script Course in Sawai ...,https://www.sulekha.com/vb-script-training/sawaimadhopur
Work From Home Jobs in Wazirpur in Sawai Madhopur,https://www.justdial.com/Sawai-Madhopur/Work-From-Home-Jobs-in-Wazirpur/nct-11145489
Find Manufacturing Companies in Sawai Madhopur - Dun & Bradstreet,https://www.dnb.com/business-directory/company-information.manufacturing.in.rajasthan.sawai_madhopur.html
Vikash Electronics - Retailer of Household Appliances & Washing ...,https://www.indiamart.com/vikash-electronics/
Jatka Machine Shop- Sawai Madhopur - Wholesaler of Solar Panel ...,https://www.indiamart.com/jatka-machine-shop/
PRT AND PGT ENGLISH REQUIRED Job For 2-7 Year Exp In ...,https://www.foundit.in/job/prt-and-pgt-english-required-prakratik-society-sawai-madhopur-9066349
Summer Research Initiative (SURI) - Graduate Programs,https://graduate.engineering.asu.edu/suri/
Baseline Prevalence Survey of Soil Transmitted Helminths in ...,https://files.givewell.org/files/DWDA%202009/DtWI/Rajasthan%202012%20prevalence%20survey%20report.pdf
Nation - The Tribune- Chandigarh- India,https://m.tribuneindia.com/2008/20081121/nation.htm
