Title,URL
224 Machine Learning Job Vacancies In Kochi - Naukri.com,https://www.naukri.com/machine-learning-jobs-in-kochi
130 Machine Learning jobs in Kerala- India (2 new),https://in.linkedin.com/jobs/machine-learning-jobs-kerala
Machine learning Jobs in Cochin- January 2023 | Glassdoor,https://www.glassdoor.co.in/Job/cochin-machine-learning-jobs-SRCH_IL.0,6_IC2887994_KO7,23.htm
94 Machine Learning Engineer jobs in Kochi- Kerala- India,https://in.linkedin.com/jobs/machine-learning-engineer-jobs-kochi
20 Best machine learning jobs in Kochi- Kerala (Hiring Now ...,https://www.simplyhired.co.in/search?q=machine+learning&l=kochi%2C+kerala
Define your career with IBM,https://www.ibm.com/careers/in-en/
IQVIA is hiring Data Scientist job in Kochi (Cochin) (Remote friendly ...,https://cutshort.io/job/Data-Scientist-Kochi-Cochin-IQVIA-1DdZCPaI
Data Analyst at Nielsen - Kochi- India | ai-jobs.net,https://ai-jobs.net/job/29176-data-analyst/
BerryWorks Full Stack Engineer - Machine Learning - Kochi ...,https://jobs.smartrecruiters.com/BerryWorks/743999833725067-full-stack-engineer-machine-learning-kochi
Machine learning Jobs in Kerala- February 2023 | Glassdoor,https://www.glassdoor.com/Job/kerala-machine-learning-jobs-SRCH_IL.0,6_IS4942_KO7,23.htm
9 Machine Learning Job Vacancies in Cochin Kochi Ernakulam ...,https://www.monsterindia.com/search/machine-learning-jobs-in-cochin-kochi-ernakulam
Kochi Jobs at IQVIA,https://jobs.iqvia.com/location/kochi-jobs/24443/1269750-1267254-1273874/4
Machine Learning Engineers - Inavan India Technologies - IT ...,https://www.inavan.com/jobopenings/machine-learning-engineers/
Working at IQVIA | Jobs and Careers at IQVIA,https://jobs.iqvia.com/
Machine Learning (ML) Course in Kochi - Fee 55% Off,https://datamites.com/machine-learning-course-training-kochi/
Best Machine Learning Training in Kochi- Kerala |Luminar Technolab,https://www.luminartechnolab.com/course-detail/machine-learning-training-kochi
Machine Learning Course in Kochi | IIT Kanpur,https://www.simplilearn.com/iitk-professional-certificate-course-ai-machine-learning-kochi-city
Machine Learning Lead Developer at EY in Kochi- Kerala 1402045,https://ey-careers.talentify.io/job/machine-learning-lead-developer-kochi-kerala-ey-1402045
Data Science Training in Kochi | Online Course | AP2V,https://www.ap2v.com/data-science-training-kochi
Machine Learning Jobs in Kochi- Kerala (Jan 2023) - 3 Machine ...,https://www.shine.com/job-search/machine-learning-jobs-in-kochi
Kochi Corp. | LinkedIn,https://www.linkedin.com/company/kochi-corporation
Data Scientist with Machine Learning Skills Salary in Kochi- Kerala ...,https://www.payscale.com/research/IN/Job=Data_Scientist/Salary/f669616e/Kochi-Machine-Learning
Best Artificial Intelligence Companies and Startups to Work for in ...,https://angel.co/startups/l/kochi/artificial-intelligence
Amazon.in | Amazon.jobs,https://www.amazon.jobs/en/teams/in
Urgent: Python machine learning Jobs in Kochi - February 2023 ...,https://in.jooble.org/jobs-python-machine-learning/Kochi
Machine Learning Internship,https://eyerov.freshteam.com/jobs/QqyfMU8Pu2hA/machine-learning-internship
Job Id: 27661511 – Machine Learning Engineer Job in IDTech ...,https://apna.co/job/kochi/machine-learning-engineer-27661511
Global Technology & IT Careers at Cognizant - Careers at Cognizant,https://careers.cognizant.com/global/en
Machine Learning Internship in Kochi | Internshala,https://internshala.com/internships/machine-learning-internship-in-kochi/
Careers @ UST | Explore Your Passion - UST,https://www.ust.com/en/careers
Love your Career.,https://www.valoremreply.com/careers/
All Jobs | Atlassian,https://www.atlassian.com/company/careers/all-jobs
49 Python Job Vacancies in Kochi - Feb (2023),https://www.foundit.in/search/python-jobs-in-kochi
Careers at Airbnb,https://careers.airbnb.com/
Expertzlab: Best Software Training Institutes In Kochi-Kerala,https://www.expertzlab.com/
Ignitarium - Machine Learning Engineer - Computer Vision/Python ...,https://www.ambitionbox.com/jobs/ignitarium-technology-solutions-private-limited-jobs?rid=hirist_754632
Machine Learning Training in Kochi- Machine Learning Course ...,https://www.nestsoft.com/machine-learning-training-kochi/
Python Jobs at Kochi- Kerala | Big Data and News Analyisis Startup,https://turbolab.in/python-jobs-at-cochin-kerala/
Jobs - EGU,https://www.egu.eu/jobs/?page=4&limit=10
Jobs | Aptiv,https://www.aptiv.com/en/jobs
NeST Digital | LinkedIn,https://uk.linkedin.com/company/nest-digital-pvt-ltd?trk=public_profile_experience-item_profile-section-card_image-click
Business Intelligence Jobs | Rigzone,https://www.rigzone.com/a-business-intelligence-jobs/?page=17
Home - Quantiphi- Inc.,https://quantiphi.com/
Mindy Support | Data Annotation & Customer Support Services,https://mindy-support.com/
iNFOX Technologies | Software Solutions in Kochi- Kerala,https://infoxtechnologies.com/
Artificial Intelligence Vs Machine Learning : What exactly is the ...,https://www.amrita.edu/events/artificial-intelligence-vs-machine-learning-what-exactly-is-the-difference/
Social Sciences Alumni | Division of the Humanities and Social ...,https://hss70.divisions.caltech.edu/research/pd-programs/social-sciences-alumni
Reply | LinkedIn,https://au.linkedin.com/company/reply?trk=public_profile_experience-group-header
Multilayer perceptron neural network model development for ...,https://europepmc.org/article/pmc/pmc8450520
Cordiant Technologies | LinkedIn,https://de.linkedin.com/company/cordiant-technologies?trk=public_profile_experience-item_profile-section-card_image-click
Business Intelligence Fresher Jobs in India - 49909 Business ...,https://www.timesjobs.com/jobskill/business-intelligence-fresher-jobs
Eleven Reasons To Be Excited About The Future of ... - cdixon,https://cdixon.org/2016/08/18/eleven-reasons-to-be-excited-about-the-future-of-technology
Publications | Faculty of Engineering | Imperial College London,https://www.imperial.ac.uk/earth-science/research/research-groups/palaeobiology/publications/?respub-t4-action=citation.html&id=82220&noscript=noscript
Shadow Flickering Analysis Jobs in India - 26371 Shadow Flickering ...,https://m.timesjobs.com/jobskill/shadow-flickering-analysis-jobs
(PDF) New predictors for monsoon through machine learning ...,https://www.researchgate.net/publication/318360926_New_predictors_for_monsoon_through_machine_learning_Deccan_Herald
Twitter "great culture" Reviews | Glassdoor,https://www.glassdoor.co.uk/Reviews/Twitter-great-culture-Reviews-EI_IE100569.0,7_KH8,21.htm
Complexity analysis of a matchmaker based on hidden Markov ...,https://dl.acm.org/doi/abs/10.1504/IJGUC.2014.062927
InApp | LinkedIn,https://nl.linkedin.com/company/inapp?trk=public_profile_experience-item_profile-section-card_subtitle-click
Pegasystems "work life balance" Reviews | Glassdoor,https://www.glassdoor.com.au/Reviews/Pegasystems-work-life-balance-Reviews-EI_IE5936.0,11_KH12,29.htm
IIIT Sri City on Twitter: "Information Events on Admission to Full Time ...,https://twitter.com/IIITSC/status/1531931862699937792
Microsoft Launches AI Labs in 10 Indian Educational Institutes ...,https://www.indianweb2.com/2019/06/microsoft-launches-ai-labs-in-10-indian.html
Spring Framework Training in Cochin,https://www.knowledgehut.com/web-development/spring-framework-training-cochin
