Title,URL
MBA internship in Hoshiarpur with job offer,https://internshala.com/internships/mba-internship-in-hoshiarpur/ppo-true/
Computer Science Jobs In Hoshiarpur Punjab - 1236 Computer ...,https://www.naukri.com/computer-science-jobs-in-hoshiarpur-punjab
Rozgar app helps 1-300 find jobs in Hoshiarpur in one year | Cities ...,https://indianexpress.com/article/cities/jalandhar/rozgar-app-helps-1300-find-jobs-in-hoshiarpur-in-one-year-7914876/
216 Hoshiarpur Jobs Jobs and Vacancies - 7 February 2023 ...,https://in.indeed.com/Hoshiarpur-Jobs-jobs
Castle Toyota Jalandhar | LinkedIn,https://in.linkedin.com/company/castle-toyota-jalandhar
198 Ivy Hospital- Hoshiarpur Jobs and Vacancies in North India - 30 ...,https://in.indeed.com/Ivy-Hospital,-Hoshiarpur-jobs-in-North-India
ICML | LinkedIn,https://in.linkedin.com/company/icml
Field Engineer Salary in Hoshiarpur | AmbitionBox,https://www.ambitionbox.com/profile/field-engineer-salary/hoshiarpur-location
Urgent: Private school teacher Jobs in Hoshiarpur - February 2023 ...,https://in.jooble.org/jobs-private-school-teacher/Hoshiarpur
L&T Technology Services (LTTS) | Digital Engineering- Product ...,https://www.ltts.com/
Data Science Training in Hoshiarpur- Course Fees- Certification ...,https://www.sulekha.com/data-science-certification-training/hoshiarpur
Reliance Industries Ltd Employment and Reviews | SimplyHired,https://www.simplyhired.com/company/Reliance%20Industries%20Ltd/?l=Hoshiarpur%2C+Punjab
Punjab Job Consultancy | Hoshiarpur,https://www.facebook.com/PunjabJobConsultancy/
Sales & Marketing Jobs in Hoshiarpur,https://www.olx.in/hoshiarpur_g4059079/sales-marketing_c62
Gagandeep Kaur - Hoshiarpur- : Coding is much more important for ...,https://www.superprof.ng/coding-much-more-important-for-the-students-who-really-want-something-unique.html
Hoshiarpur- Hoshiarpur- 146001 Branch Contact Information | HDFC ...,https://near-me.hdfcbank.com/branch-atm-locator/hdfc-bank-hoshiarpur-banks-hoshiarpur-hoshiarpur-41559/Contact-Us
The Weather Company- an IBM Business | Accurate Weather ...,https://www.ibm.com/weather
Rachit Kulshrestha - Senior Software Engineer - Visa | LinkedIn,https://www.linkedin.com/in/rachit-kulshrestha
American Axle & Manufacturing | Delivering Power,https://www.aam.com/
India,https://www.pepsicojobs.com/india
FORKLIFT TRAINING IN JALANDHAR-HOSHIARPUR PUNJAB ...,https://www.youtube.com/watch?v=xWYAAaTkctE
Dell Technologies Interview Questions | Glassdoor,https://www.glassdoor.com/Interview/Dell-Technologies-Interview-Questions-E1327_P3.htm
Dell Technologies Director Reviews | Glassdoor,https://www.glassdoor.co.uk/Reviews/Dell-Technologies-Director-Reviews-EI_IE1327.0,17_KO18,26.htm
Four common theoretical models for semi-variograms (Co = nugget ...,https://www.researchgate.net/figure/Four-common-theoretical-models-for-semi-variograms-Conugget-variance-and-Cstructural_fig2_324899163
Robotics and Automation: The Rescuers of COVID Era | Request PDF,https://www.researchgate.net/publication/353354993_Robotics_and_Automation_The_Rescuers_of_COVID_Era
Posts starting with 'E' - Page 1,https://il.linkedin.com/directory/posts/e-1?trk=posts_directory_page_num_nav
Tableau Server Administration Jobs in India - 20282 Tableau Server ...,https://www.timesjobs.com/jobskill/tableau-server-administration-jobs
1603 Https Jobs Openings in India - TimesJob.com,https://www.timesjobs.com/jobskill/https-jobs
Sap Is Utilities Engineering Jobs in India - 26106 Sap Is Utilities ...,https://www.timesjobs.com/jobskill/sap-is-utilities-engineering-jobs
86319 Active Directory Services Jobs Openings in India,https://www.timesjobs.com/jobskill/active-directory-services-jobs
Md Medicine Engineering Jobs in India - 31740 Md Medicine ...,https://www.timesjobs.com/jobskill/md-medicine-engineering-jobs
17673 Cognos Developer Jobs Openings in India,https://www.timesjobs.com/jobskill/cognos-developer-jobs
The Tribune- Chandigarh- India - Editorial,https://m.tribuneindia.com/2003/20030805/edit.htm
Transforming India's Green Revolution by Research and ...,https://gtr.ukri.org/projects?ref=BB%2FP027970%2F1&pn=0&fetchSize=10&selectedSortableField=title&selectedSortOrder=ASC
Stories of 02 March- 2022 | Deccan Herald,https://www.deccanherald.com/sitemap/detail/days/2022-03-02
Top BHM (Hospital) Colleges in Punjab - 2023 Rankings- Fees ...,https://collegedunia.com/bachelor-of-hospital-management/punjab-colleges
Des-Pardes in the American Suburbia,https://www.degruyter.com/document/doi/10.18574/9780814723111-005/pdf
Rating - Codeforces,https://codeforces.com/ratings/organization/19079
