Title,URL
Aniruddha Bhattacharya - Machine Learning Software Engineer ...,https://www.linkedin.com/in/aniruddhabhattacharyanyc
I.Q.Academy Warangal | LinkedIn,https://in.linkedin.com/company/i-q-academy-warangal
Data scientist salary in Warangal- Telangana,https://in.indeed.com/career/data-scientist/salaries/Warangal--Telangana
Asad Ahmed - Senior Software Engineer - CoinDCX | LinkedIn,https://in.linkedin.com/in/asad-ahmed-0b44a815b
Data Science Course in Warangal [Rated #1],https://www.simplilearn.com/data-science-training-course-warangal-city
Artificial Intelligence Course Online [#1 PGD in AI ML with NITW],https://www.edureka.co/executive-programs/machine-learning-and-ai
NIT Warangal offers a short online course on Machine Learning ...,https://content.techgig.com/upskilling-at-techgig/nit-warangal-offers-a-short-online-course-on-machine-learning/articleshow/89718494.cms
NIT Warangal Offers 5-day Online Course on Machine Learning to ...,https://www.dqindia.com/nit-warangal-offers-5-day-online-course-on-machine-learning-to-students-at-rs-500/
NIT Warangal launches online PG Diploma in AI & Machine Learning,https://content.techgig.com/upskilling-at-techgig/nit-warangal-launches-online-pg-diploma-in-ai-machine-learning/articleshow/87733862.cms
Online Short-Term Course on Applications of Machine Learning and ...,https://educatenote.com/online-short-term-course-on-applications-of-machine-learning-and-deep-learning-in-image-and-video-processing-organized-by-nit-warangal-snist-hyderabad/
9 Best Freelance AutoCAD Drafters For Hire Near Warangal- IN ...,https://www.upwork.com/l/in/autocad-freelancers-in-warangal/
Online Short-Term Course on Deep Learning Algorithms and ...,https://educatenote.com/online-short-term-course-on-deep-learning-algorithms-and-applications-in-engineering-and-sciences-organized-by-department-of-cse-nit-warangal-department-of-cse-ai-ml-snist/
Data Science Course With Python Machine Learning in warangal ...,https://www.apponix.com/data-science-course-in-warangal
Which AI/ML course is good enough to secure a job for an ...,https://www.quora.com/Which-AI-ML-course-is-good-enough-to-secure-a-job-for-an-experienced-professional-How-is-the-PG-diploma-AI-ML-course-by-NIT-Warangal-along-with-Edureka
Data Science Course Training Institute in Warangal,https://360digitmg.com/india/warangal/data-science-certification-course-training-institute
NIT Warangal is offering an Online Course on Artificial Intelligence ...,https://noticedash.com/nit-warangal-online-course-on-ai-and-machine-learning/
Jobs In Warangal - 325 Job Vacancies In Warangal - Naukri.com,https://www.naukri.com/jobs-in-warangal
Surya Penmetsa - Senior Machine Learning Engineer - Qualcomm ...,https://ca.linkedin.com/in/surya-penmetsa-94078150
Internship with job offer in Warangal,https://internshala.com/internships/marketing-internship-in-warangal/ppo-true/
Arpit Mittal - Machine Learning Engineer- Sr Staff Tech Lead - Meta ...,https://uk.linkedin.com/in/arpit-mittal-71a789b
Genpact- Hiring For Content Moderater (Non-Voice Process) Jobs in ...,https://www.ambitionbox.com/jobs/genpact-jobs?rid=naukri_040123005412
NIT-Warangal to hone skills of work force,https://www.deccanchronicle.com/nation/current-affairs/130518/nit-warangal-to-hone-skills-of-work-force.html
Dheeraj Suthar – Software Engineer – Amazon | LinkedIn,https://de.linkedin.com/in/dheeraj-suthar
Hone skills to be job-ready- KITSW graduates told - Telangana Today,https://telanganatoday.com/hone-skills-to-be-job-ready-kitsw-graduates-told
AI and Machine Learning Online Courses 2023 | Emeritus,https://emeritus.org/online-artificial-intelligence-machine-learning-courses/
PG Diploma in Artificial Intelligence and Machine Learning by E&ICT ...,https://noticebard.com/nit-warangal-pg-diploma-in-artificial-intelligence-and-machine-learning/
Best Data Science Institute - Fireblaze AI School,https://fireblazeaischool.in/data-science-course-training-warangal
NIT Warangal launched CPAI and ML (AIML),https://www.thehansindia.com/posts/index/Young-Hans/2018-05-15/NIT-Warangal-launched-CPAI-and-ML-AIML/381433
SR University Warangal hiring Faculty Posts ! Apply Online Now ...,https://skilloutlook.com/govt-jobs/sr-university-warangal-hiring-faculty-posts-apply-online-now
Ece Jobs in Warangal- Telangana (Feb 2023) - 184 Ece Openings in ...,https://www.shine.com/job-search/ece-jobs-in-warangal
Jobs In Data- Analysis- Insights & Machine Learning | Careers | GfK,https://www.gfk.com/careers
SR Future Gateway Engineering Solutions | Internships Programs ...,https://www.srgatewaysolutions.com/
Kakatiya University- Warangal-506009- Telangana- India.,https://www.kakatiya.ac.in/
Prasad Tadepalli -- Oregon State University,https://web.engr.oregonstate.edu/~tadepall/
(PDF) A Redesigning Software Procedure in Improved Software ...,https://www.researchgate.net/publication/347373862_A_Redesigning_Software_Procedure_in_Improved_Software_Management_using_Machine_Learning
Electronic Arts Interview Questions | Glassdoor,https://www.glassdoor.com/Interview/Electronic-Arts-Interview-Questions-E1628_P3.htm
Best Data Science Course in Trichur - IIT Madras CCE Training,https://intellipaat.com/data-scientist-course-training-trichur/
Mohammad Saifuddin - Chief Marketing Axtiveecu - Web Solution ...,https://bd.linkedin.com/in/saifuddinmohammad/de
TabPy Tutorial For Beginners | TabPy Training | Tableau Training ...,https://www.youtube.com/watch?v=-fBGoY_A-l0
Sap Basis Mca Computer Jobs in India - TimesJobs,https://www.timesjobs.com/jobskill/sap-basis-mca+computer-jobs
FETFX on Twitter: "Happening right now: break-out session featuring ...,https://twitter.com/FETFX_EU/status/1372479257763590151
Oracle Member Of Technical Staff Reviews | Glassdoor,https://www.glassdoor.co.uk/Reviews/Oracle-Member-Of-Technical-Staff-Reviews-EI_IE1737.0,6_KO7,32.htm
Detailed Table of Contents,https://www.igi-global.com/pdf.aspx?tid=96541&ptid=69189&ctid=15&t=Detailed%20Table%20of%20Contents
