Title,URL
Retail | Amazon.jobs,https://www.amazon.jobs/en/business_categories/retail
Arizona State University,https://www.asu.edu/
Guerbet - Homepage,https://www.guerbet.com/
Congresswoman Rosa DeLauro | Representing the 3rd District of ...,http://delauro.house.gov/
Faurecia- a global leader in automotive technology,http://www.faurecia.com/en
Release notes (2023) - Looker Studio Help,https://support.google.com/looker-studio/answer/11521624?hl=en
Syngenta,https://www.syngenta.com/en
Business Process Outsourcing (BPO) Services | Accenture,https://www.accenture.com/us-en/services/business-process-outsourcing-index
Join Our Team | Yokohama Tire,https://www.yokohamatire.com/careers
HW News English - YouTube,https://www.youtube.com/c/HWNewsEnglish/videos
Officer- Cards Backend Operations at Citi,https://jobs.citi.com/job/chennai/officer-cards-backend-operations/287/15431509760
Careers | Alcatel-Lucent Enterprise,https://www.al-enterprise.com/en/company/about-us/careers
Sushobhan Nayak - Research Engineer - Snapchat- Inc. | LinkedIn,https://www.linkedin.com/in/sushobhannayak
Remote Sensing | Free Full-Text | Coastline Vulnerability ...,https://www.mdpi.com/2072-4292/12/5/749
Difference Between Preventive vs. Predictive Maintenance,https://www.advancedtech.com/blog/preventive-vs-predictive-maintenance/
Edureka: Instructor-Led Online Training with 24X7 Lifetime Support,https://www.edureka.co/
British Control Over The Bengal - GeeksforGeeks,https://www.geeksforgeeks.org/british-control-over-the-bengal/
Baleshwar Auto Reviews by 7 Employees | AmbitionBox,https://www.ambitionbox.com/reviews/baleshwar-auto-reviews
Internship in Balasore | Internshala,https://internshala.com/internships/internship-in-balasore/
Leading partner in the world of metals - SMS group GmbH,https://www.sms-group.com/en-us
M.Tech.Data Science & Engineering – BITS Pilani,https://bits-pilani-wilp.ac.in/m-tech/cluster/data-science-and-engineering.php
Prem Rawat - Wikipedia,https://en.wikipedia.org/wiki/Prem_Rawat
Dinabandhu Behera - Product Engineer - Full Stack Data Scientist ...,https://in.linkedin.com/in/dinabandhu50
MBA Internship in Virginia city | Internshala,https://internshala.com/internships/mba-internship-in-virginia%20city
Swarnim Infosoft | LinkedIn,https://in.linkedin.com/company/swarnim-infosoft
CCTV Technology Handbook,https://www.dhs.gov/sites/default/files/publications/CCTV-Tech-HBK_0713-508.pdf
Procurement News - SBI In the News,https://sbi.co.in/web/sbi-in-the-news/procurement-news
What is QA Testing and Is It a Good Career Choice?,https://devmountain.com/blog/what-is-qa-testing-and-is-it-a-good-career-choice/
How To Get Forklift Certified - Forklift Certification FAQs | Logisnext,https://www.logisnextamericas.com/en/logisnext/resources/how-to-get-forklift-certified-forklift-certification-faqs
Salesforce Business Development Representative Reviews ...,https://www.glassdoor.com/Reviews/Salesforce-Business-Development-Representative-Reviews-EI_IE11159.0,10_KO11,46_IP4.htm
About CIPET : CSTS - Balasore,https://www.cipet.gov.in/centres/cipet-balasore/introduction.php
upGrad hiring Admissions Counselor in Balasore - Join leading startup,https://earlytutors.com/jobs/upgrad-admissions-counselor-in-balasore-od/
Authorized Test Centers for All PMI Certifications,https://www.pmi.org/update-center/-/media/pmi/documents/public/excel/microsites/update-center/pearson-vue-test-centers-as-of-april-2019.xlsx?la=en
Fakir Mohan University,https://fmuniversity.nic.in/
List of Approved Institutes in 2015-16,https://www.aicte-india.org/downloads/ET_15_16/Odisha_ET.pdf
Diamond cutting Laser for Grading- Sawing machine,https://www.stpl.com/
C-DAC: Centre for Development of Advanced Computing- India,https://www.cdac.in/
Herbalife Shop - Apps on Google Play,https://play.google.com/store/apps/details?id=com.hrbl.mobile.android.ordering&hl=en_US&gl=US
Bhavani School - Centre for Learning | Balasore,https://www.facebook.com/bhavanischool2021/
Republic of India. A Study of the Educational System of India ...,https://files.eric.ed.gov/fulltext/ED054021.pdf
Home Health Nurse Job Description [Updated for 2023],https://www.indeed.com/hire/job-description/home-health-nurse
Check Latest 8 Part Time Jobs Openings In Balasore (February ...,https://www.quikr.com/jobs/part-time+balasore+zwqxj2034660499
Find Manufacturing Companies in Balasore - Dun & Bradstreet,https://www.dnb.com/business-directory/company-information.manufacturing.in.odisha.balasore.html
Philips lighting: LED & Conventional lighting solutions,https://www.lighting.philips.com/main/home
Top 10 Tailoring Classes in Balasore- Stitching- Sewing Courses ...,https://www.sulekha.com/tailoring-training/balasore
What is an OB-GYN and what do they do?,https://www.medicalnewstoday.com/articles/324292
Balasore College Of Engineering and Technology | Best ...,https://bcetodisha.ac.in/
 ,https://www.missdig811.org/cm/dpl/downloads/content/3748/GML_Example.pdf
Collector & DM Balasore (@DBalasore) / Twitter,https://twitter.com/dbalasore?lang=en
Teddy Baldassarre,https://teddybaldassarre.com/
Top 10 Programming Languages for Blockchain App Development ...,https://www.simplilearn.com/blockchain-programming-languages-article
Pol Pot | Biography- Regime- Genocide- Death- & Facts | Britannica,https://www.britannica.com/biography/Pol-Pot
Jobs In Balasore Alloys Limited - Naukri.com,https://www.naukri.com/balasore-alloys-limited-jobs-careers-413221
Government considers Artificial Intelligence (AI) to be a kinetic ...,https://orissadiary.com/government-considers-artificial-intelligence-ai-to-be-a-kinetic-enabler-for-the-growth-of-our-digital-economy-investments-and-jobs-rajeev-chandrasekhar/
Welcome to Central Tool Room & Training Centre-Bhubaneswar,https://www.cttc.gov.in/
How to Start a Small Business at Home: 6 Tips for Success,https://www.uschamber.com/co/start/startup/starting-small-business-at-home
Helmet-based ventilation is superior to face mask for patients with ...,https://www.uchicagomedicine.org/forefront/patient-care-articles/helmet-based-ventilation-is-superior-to-face-mask-for-patients-with-respiratory-distress
Jigardan Gadhavi (@jigrra) • Instagram photos and videos,https://www.instagram.com/jigrra/?hl=en
Spinny Careers | Spinny.com,https://www.spinny.com/careers/
Scheme of Internship of Students | Defence Research and ...,https://www.drdo.gov.in/scheme-internship-students
How are EMG Technicians Important for the Healthcare Industry in ...,https://cutm.ac.in/study-guide/how-are-emergency-medical-technicians-important-for-the-healthcare-industry-in-india/
Rooman - Best IT- Hardware & Software Training Institute in India,https://rooman.net/
Indian Institute of Science,https://iisc.ac.in/
American Journal of Biomedical Science and Research: Biomedgrid,https://biomedgrid.com/
Affordable Auto Rides at Your Doorstep with Uber Auto,https://www.uber.com/in/en/ride/uber-auto/
REVA University: Top University in Bangalore- Karnataka,https://www.reva.edu.in/
Nityananda college of pharmacy | Best Pharmacy college in Balasore,https://ncpbalasore.org/
Northeastern University College of Science: Home,https://cos.northeastern.edu/
Investor Education and Protection Fund,http://www.iepf.gov.in/
Navdanya,http://www.navdanya.org/
CSIR - NAL: Home,https://www.nal.res.in/
Lab Staff - ECE | Jaypee Institue of information Technology,https://www.jiit.ac.in/lab-staff-ece
Job Opportunities,https://careers.adityabirla.com/job-opportunities
skill development programs at nist,https://nist.edu/academics/skills.html
Top Skill Development Courses in Balasore - Best Skill ...,https://www.justdial.com/Balasore/Institutes-For-Skill-Development/nct-10270074
AM/NS India,https://www.amns.in/
Information Security Management | Fanshawe College,https://www.fanshawec.ca/programs/ism1-information-security-management/next
Centurion University: Best Private University in Vizianagaram- Andra ...,https://cutmap.ac.in/
AMRIT MAHOTSAV,https://msde.gov.in/sites/default/files/2021-12/MSDE_Amrit%20Mahotsav_0.pdf
lendi.org,https://www.lendi.org/
Tata Power-DDL Customer Service Helpline Number - 1800-208-9124,https://www.tatapower-ddl.com/contact-us/touchpoints/locate-us
RotaRy club of balasoRe,https://rotaryindia.org/Documents/ebulletin/Group2273/THE_RANGER05082020122613PM.pdf
ITI Jobs | Diploma Jobs | MBA Jobs| Technical Jobs - Justjob.co.in,https://www.justjob.co.in/jobseeker/jobseeker_regd
Geethanjali College of Engineering and Technology,http://www.geethanjaliinstitutions.com/engineering/
Hidden Brains: Top Software Development Company India,https://www.hiddenbrains.com/
Indian Space Research Organisation,https://www.isro.gov.in/
Untitled,https://ustda.gov/wp-content/uploads/USTDA-Indo-Pacific-Resource-Guide-EDIT_0.pdf
Srinix college Of Engineering | A Place to Learn and grow,https://www.srinix.org/
Ramarani Institute of Technology- Balasore,http://ritbalasore.net/
Welcome to Salem Microbes,https://www.salemmicrobes.com/
The Mayan train project | Alstom,https://www.alstom.com/mayan-train-project
Dr.Reddy's - Careers,https://careers.drreddys.com/
Gati: Pioneer in Express Distribution & Supply Chain Management,https://www.gati.com/
Tops Technologies: Best IT Training & Placement Company in India,https://www.tops-int.com/
Locations,https://www.zeiss.com/corporate/int/about-zeiss/history/locations.html
DAY-NULM,https://nulm.gov.in/
Landscape Narrative of the Sundarban,https://documents1.worldbank.org/curated/en/539771546853079693/pdf/Sundarban-Joint-Landscape-Narrative.pdf
How Much Does Quess Pay in 2023? (1-411 Salaries) | Glassdoor,https://www.glassdoor.co.in/Salary/Quess-Salaries-E977654.htm
