Title,URL
Page 5 - Director Jobs In Udgir - 20992 Director Job Vacancies In ...,https://www.naukri.com/director-jobs-in-udgir-5
Top Call Center Job Services in Udgir- Latur - कॉल सेण्टर जॉब ...,https://www.justdial.com/Latur/Call-Center-Job-Services-in-Udgir/nct-11568288
Swapnil Udgir - Asst. Professor - Balaji Institute of Modern ...,https://in.linkedin.com/in/swapnil-udgir-ba490872
Artificial Intelligence Training Course in Udgir - Fees- Placements,http://quickxpert.com/artificial-intelligence-training-course-in-udgir
Shubhangi Alande - San Jose- California- United States ...,https://www.linkedin.com/in/shubhangi-alande
Part Time Online Jobs 2023-24 Job Vacancy- Udgir - Recruitment ...,https://www.quikr.com/jobs/part-time-online-jobs+udgir+zwqxj4157493934
Careers | Airbase,https://www.airbase.com/careers
Data scientist salary in Latur- Maharashtra,https://in.indeed.com/career/data-scientist/salaries/Latur--Maharashtra
Amazon's COVID-19 blog,https://www.aboutamazon.com/news/company-news/amazons-covid-19-blog-updates-on-how-were-responding-to-the-crisis
Top 5 highest paying engineering Jobs in India! - Great Learning,https://www.mygreatlearning.com/blog/highest-paying-engineering-jobs-in-india/
Udgir- Udgir- 413517 Branch Contact Information | HDFC Bank,https://near-me.hdfcbank.com/branch-atm-locator/hdfc-bank-udgir-savings-loans-udgir-udgir-36578/Contact-Us
Forum FAQ - Beginner's guide - Tutorials - UiPath Community Forum,https://forum.uipath.com/t/forum-faq-beginner-s-guide/200562
MSc in Software Engineering | University of Oxford,https://www.ox.ac.uk/admissions/graduate/courses/msc-software-engineering
Instructor Jobs in Udgir Latur - Trainer Openings in Udgir Latur ...,https://www.placementindia.com/job-search/instructor-trainer-jobs-in-udgir-latur.htm
Government Industrial Training Institute- Udgir- Dist: Latur | ITI ...,https://iti.directory/latur/government-industrial-training-institute-udgir-dist-latur
MSc Artificial Intelligence Syllabus- Colleges- Admission- Subjects ...,https://collegedunia.com/courses/master-of-science-msc-artificial-intelligence
R Language Course in Udgir - Best Training Institute - Fees ...,http://quickxpertinfotech.com/r-language-course-in-udgir
Rajiv Gandhi Polytechnic - Udgir,http://rg-polytechnic.in/
Gulf & Fraser - Power your Possible,https://www.gulfandfraser.com/
final- finally and finalize in Java - GeeksforGeeks,https://www.geeksforgeeks.org/g-fact-24-finalfinally-and-finalize-in-java/
Vivek Garg | People | University of Greenwich,https://www.gre.ac.uk/people/rep/faculty-of-engineering-and-science/vivek-garg
M.Tech.Data Science & Engineering – BITS Pilani,https://bits-pilani-wilp.ac.in/m-tech/cluster/data-science-and-engineering.php
Udemy - Online Courses – Apps on Google Play,https://play.google.com/store/apps/details?id=com.udemy.android&hl=en_IN&gl=US
Business Intelligence Courses - Top BI Certification Training,https://intellipaat.com/course-cat/business-intelligence/
Sainik School Interview : सैनिक स्कूल : Entrance Mock Interview of ...,https://www.youtube.com/watch?v=Kd0Ry3lq86I
Central Film School,https://centralfilmschool.com/
BVG India: Facility Management- Emergency Response- Solid ...,https://www.bvgindia.com/
In India's Fight Against Tuberculosis- Diagnostics Remains Poorly ...,https://science.thewire.in/health/in-indias-fight-against-tuberculosis-diagnostics-remains-poorly-understood/
Equal embedded algorithm for economic load dispatch problem with ...,https://www.researchgate.net/publication/229376598_Equal_embedded_algorithm_for_economic_load_dispatch_problem_with_transmission_losses
