Title,URL
Kshitij Khanna - Machine Learning Engineer II - Expedia Group ...,https://in.linkedin.com/in/kshitij-khanna-028413181
Abhijeet Khanna - Senior Machine Learning Engineer - Qualcomm ...,https://www.linkedin.com/in/abhijeetkhanna
Gaurang Khanna - Machine Learning Engineer - F(x) Data Labs ...,https://in.linkedin.com/in/gaurang-khanna
Real-Time Data Aggregation and Analysis: A New Era Machine ...,https://papers.ssrn.com/sol3/papers.cfm?abstract_id=3566786
N Khanna - NLP Engineer - GPSL (Global Publishing Solutions ...,https://uk.linkedin.com/in/n-khanna-600b641a7
Machine Learning Approaches to Facial and Text Analysis ...,https://papers.ssrn.com/sol3/papers.cfm?abstract_id=3392448
Ayesha Khanna- CEO of ADDO AI- AI expert- author,https://www.pcma.org/ayesha-khanna/
Projects | CAREERS Cyberteam,https://careers-ct.cyberinfrastructure.org/projects
Tellius' CEO Ajay Khanna: Closing The Data Insights Gap,https://www.forbes.com/sites/karenwalker/2021/09/28/tellius-ceo-ajay-khanna-closing-the-data-insights-gap/
CTO Sessions- Karan Khanna- Mediaocean | IDG Connect,https://www.idgconnect.com/article/3618771/cto-sessions-karan-khanna-mediaocean.html
Stanford professor Susan Athey on automation,https://www.yahoo.com/news/heres-people-get-wrong-debating-automation-stanford-professor-153530063.html
Khanna & Co. | LinkedIn,https://ca.linkedin.com/company/khanna-&-co-
How Pager's Engineering Team Is Focusing on the Patient ...,https://www.builtinnyc.com/spotlight/2019/08/01/nyc-working-at-pager-healthcare-engineering
Anchit Khanna - Data Scientist - Greyhound Recycling | LinkedIn,https://ie.linkedin.com/in/anchit-khanna
A Silicon Valley approach to moonshot economic policies in Congress,https://www.brookings.edu/blog/techtank/2018/07/06/a-silicon-valley-approach-to-moonshot-economic-policies-in-congress/
Ro Khanna: 'This is not some large bailout for the startups' - Protocol,https://www.protocol.com/ro-khanna-virtual-meetup-startups
Rahul KHANNA | Principal Engineer | Ph.D. | Intel- California ...,https://www.researchgate.net/profile/Rahul-Khanna-3
Machine Learning Engineer Resume Examples & Template (with ...,https://www.getsetresumes.com/resume-examples/machine-learning-engineer-resume-sample
Sensitivity- Specificity and Accuracy - Decoding the Relationship,https://www.analyticsvidhya.com/blog/2021/06/classification-problem-relation-between-sensitivity-specificity-and-accuracy/
How To Kick Start Your Machine Learning Career?,https://deeptechbytes.com/how-to-kick-start-your-machine-learning-career/
Machine-learning classification identifies patients with ... - JCI Insight,https://insight.jci.org/articles/view/155282
Senior Applied Research Scientist - Computer Vision at Ambient.ai ...,https://www.ycombinator.com/companies/ambient-ai/jobs/t7lr65q-senior-applied-research-scientist-computer-vision
Mohit Khanna - Data Scientist Mentor on MentorCruise,https://mentorcruise.com/mentor/mohitkhanna/
Machine Learning Approaches to Facial and Text Analysis ...,https://www.hbs.edu/ris/Publication%20Files/18-064_9aa69bf6-bf39-4f7d-bcd0-968a910e63ba.pdf
Speaking — Ayesha Khanna,https://www.ayeshakhanna.com/speaking
Prerna Khanna (@PrernaKhanna97) / Twitter,https://twitter.com/PrernaKhanna97
Nanonets People | Wellfound (formerly AngelList Talent),https://angel.co/company/nanonets/people
Architectural Engineer Jobs In Khanna - 7621 Architectural Engineer ...,https://www.naukri.com/architectural-engineer-jobs-in-khanna
Vijay Khanna - Chief Corporate Development Officer @ UiPath ...,https://www.crunchbase.com/person/vijay-khanna
Young- Schumer Unveil Endless Frontier Act to Bolster U.S. Tech ...,https://www.young.senate.gov/newsroom/press-releases/young-schumer-unveil-endless-frontier-act-to-bolster-us-tech-leadership-and-combat-china
programming | Campus Champions,https://campuschampions.cyberinfrastructure.org/tags/programming
Brevan Howard takes bigger leap into AI with key appointment,https://www.efinancialcareers.com/news/2018/12/brevan-howard-ai-karim-patrick-khiar
What Machine Learning Teaches Us about CEO Leadership Style ...,https://hbswk.hbs.edu/item/machine-learning-can-help-us-understand-ceo-behavior
Why Artificial intelligence is vital for winning the war for talent ...,https://www.businesstoday.in/technology/news/story/artificial-intelligence-jobs-ai-talent-workforce-job-loss-automation-89871-2017-11-14
AzureMLCompute job failed - Microsoft Q&A,https://learn.microsoft.com/answers/questions/769672/azuremlcompute-job-failed-1.html
Data scientist salary in Nai Mandi Khanna- Punjab,https://in.indeed.com/career/data-scientist/salaries/Nai-Mandi-Khanna--Punjab
Cancers | Free Full-Text | A Review on a Deep Learning Perspective ...,https://www.mdpi.com/2072-6694/11/1/111
NSCC Supercomputing: A Beginner's Guide to Running AI Jobs,https://help.nscc.sg/wp-content/uploads/AI-Guide-v1.1-final-1.pdf
UMSI PhDs on the job market | umsi,https://www.si.umich.edu/people/umsi-phds-job-market
Reston's Tellius raised $8M for its business intelligence software ...,https://technical.ly/software-development/tellius-series-a/
C-DAC Authorized Training Centre- Khanna: Guru Nanak Infotech ...,http://www.gninfotech.org/
The present and future of deep learning in radiology,https://pubmed.ncbi.nlm.nih.gov/31005165/
Sanjay Khanna appointed as CEO of American Express | TechGig,https://content.techgig.com/leadership/sanjay-khanna-appointed-as-ceo-of-american-express/articleshow/94192366.cms
Ayesha Khanna on AI surprises and opportunities - SAS Voices,https://blogs.sas.com/content/sascom/2021/05/07/ayesha-khanna-on-ai-surprises-and-opportunities/
TN Visa for Software/Machine Learning Engineers | US Immigration ...,https://forums.immigration.com/threads/tn-visa-for-software-machine-learning-engineers.344803/
About Us - Accelerate Journey from Data to Decisions | Tellius,https://www.tellius.com/about-us/
Saurabh Khanna | Center for Education Policy Analysis,https://cepa.stanford.edu/people/saurabh-khanna
Do You Know How Your Teams Get Work Done?,https://hbr.org/2021/12/do-you-know-how-your-teams-get-work-done
Author Page for Naveen Khanna :: SSRN,https://privpapers.ssrn.com/sol3/cf_dev/AbsByAuth.cfm?per_id=31015
Rochak Khanna - Machine Learning Developers Summit 2023,https://mlds.analyticsindiamag.com/speaker/rochak-khanna/
Aran Khanna Articles and Insights,https://devops.com/author/aran-khanna/
What and why behind fit_transform() and transform() | Towards Data ...,https://towardsdatascience.com/what-and-why-behind-fit-transform-vs-transform-in-scikit-learn-78f915cf96fe
Wages are stagnating- robots are taking our jobs. This Democrat has ...,https://www.vox.com/the-big-idea/2017/9/13/16301644/ro-khanna-eitc-wages-democratic-agenda-working-class
Ayesha Khanna on Alleviating the Fear of AI - The New Stack,https://thenewstack.io/ayesha-khanna-on-alleviating-the-fear-of-ai/
Instructors | PACT,https://algorithmicthinking.org/instructors
Jobs/Internships at Khanna Agro Industries | Internshala,https://internshala.com/internships/internship-at-Khanna%20Agro%20Industries/
Automated continuous noninvasive ward monitoring: future ...,https://www.ncbi.nlm.nih.gov/pmc/articles/PMC6543687/
UChicago researchers launch COVID-19 projects exploring health ...,https://medicine.uchicago.edu/uchicago-researchers-launch-covid-19-projects-exploring-health-disparities-machine-learning/
the Penn Theory Group,https://theory.cis.upenn.edu/
Explainable machine learning for real-time deterioration alert ...,https://www.nature.com/articles/s41598-022-15877-1
Journal of Development Economics | Vol 156- May 2022 ...,https://www.sciencedirect.com/journal/journal-of-development-economics/vol/156/suppl/C
Arpit Agarwal,http://www.columbia.edu/~aa4931/
Chetna Khanna | MS in Data Analytics Engineering- Northeastern ...,https://chetnakhanna16.github.io/
Article: Modern-day HRs are custodians of employee experience ...,https://www.peoplematters.in/article/leadership/modern-day-hrs-are-custodians-of-employee-experience-coforges-pankaj-khanna-34405
Data Science (M.A.S.) | Illinois Institute of Technology,https://www.iit.edu/academics/programs/data-science-mas
what will future jobs look like | Search Results | TED,https://www.ted.com/search?q=what+will+future+jobs+look+like
Tweets with replies by Sankalp Khanna (@SankalpKhanna) / Twitter,https://mobile.twitter.com/sankalpkhanna/with_replies
Machine Minimization for Scheduling Jobs with Interval Constraints ...,https://dl.acm.org/doi/10.1109/FOCS.2004.38
Resham Khanna on LinkedIn: #design #remotework | 80 comments,https://pk.linkedin.com/posts/reshamkhanna_design-remotework-activity-6716258951765262336-D0Pk?trk=public_profile_like_view
Breakthroughs at the disciplinary nexus: Rewards and challenges ...,https://onlinelibrary.wiley.com/doi/10.1111/ajae.12295
Dinesh Kumar – Deep Learning Engineer – SalLab GmbH | LinkedIn,https://de.linkedin.com/in/dinesh-kumar-128b37113
protein structure // Mizzou Engineering,https://engineering.missouri.edu/tag/protein-structure/
NBER Working Papers - EconPapers,https://econpapers.repec.org/paper/nbrnberwo/default22.htm
B|Sides Vancouver - Track 2,https://sites.google.com/fourthplanet.ca/bsidesvan/speakers/speakers/monday-may-2/track-2
Scheduling an Unbounded Batch Machine to Minimize Maximum ...,https://link.springer.com/chapter/10.1007/978-3-540-73814-5_16
Join the most curious minds in analytics at SAS Global Forum 2021 ...,https://www.sas.com/en_be/news/press-releases/2021/april/sgf-2021-promotional-announcement.html
Machine Learning for Product Managers — [1/6] | by Shailesh ...,https://bootcamp.uxdesign.cc/machine-learning-for-product-managers-1-6-e01021ccdb63
MACHINES THAT INTERACT WITH MEN: to teach- test- and help to ...,https://www.emerald.com/insight/content/doi/10.1108/eb049924/full/html
Tellius Introduces On-Demand Platform Utilizing Machine Learning ...,https://www.dbta.com/Editorial/News-Flashes/Tellius-Introduces-On-Demand-Platform-Utilizing-Machine-Learning-to-Glean-Insights-141743.aspx
“Donald Trump Makes Ronald Reagan Look Like Abraham Lincoln ...,https://medium.com/newco/donald-trump-makes-ronald-reagan-look-like-abraham-lincoln-b6d6d47dc84
Q&A: Tarun Khanna- Professor | Business Standard News,https://www.business-standard.com/article/management/q-a-tarun-khanna-professor-111030700023_1.html
The Long-Term Impact of Undergraduate Internships and Research ...,https://journals.sagepub.com/doi/10.1177/00986283211041071
Top 10 UX Designers for Hire Near Phoenix,https://www.toptal.com/designers/phoenix/ux
Advances In Computational Relativity – ICERM@BROWN ...,https://hyperspace.uni-frankfurt.de/2019/10/21/advances-in-computational-relativity-icermbrown/
quantreg.rfsrc function - RDocumentation,https://www.rdocumentation.org/packages/randomForestSRC/versions/3.1.0/topics/quantreg.rfsrc
