Title,URL
0 Finance Jobs for Freshers in Pudukkottai- Jan | Internshala,https://internshala.com/fresher-jobs/finance-jobs-in-pudukkottai/
Glorious Web Technologies | LinkedIn,https://in.linkedin.com/company/glorious-web-technologies
Net World Technology Corp | LinkedIn,https://www.linkedin.com/company/net-world-technology-corp
Sai Manoj Pudukotai Dinakarrao | Volgenau School of Engineering,https://volgenau.gmu.edu/profiles/spudukot
Ocrolus: Intelligent Document Automation Software,https://www.ocrolus.com/
Information Technology Security Analyst Jobs In Pudukkottai - 1966 ...,https://www.naukri.com/information-technology-security-analyst-jobs-in-pudukkottai
Jobs at NVIDIA | NVIDIA Careers,https://www.nvidia.com/en-in/about-nvidia/careers/
255 Iit Computer Science Jobs and Vacancies - 1 February 2023 ...,https://in.indeed.com/Iit-Computer-Science-jobs
Machine Operator Jobs in Pudukkottai (10 Vacancies) | Jobted India,https://www.jobted.in/machine-operator-jobs-pudukkottai
Every Moment Matters | Ionis,https://www.ionispharma.com/
Careers｜NTT DATA,https://www.nttdata.com/global/en/careers
22 Data Science Internship Jobs and Vacancies in Tamil Nadu - 5 ...,https://in.indeed.com/Data-Science-Internship-jobs-in-Tamil-Nadu
Top AWS Training Institutes in Pudukkottai HO- Pudukkottai - Best ...,https://www.justdial.com/Pudukkottai/Computer-Training-Institutes-For-Amazon-Web-Services-in-Pudukkottai-HO/nct-11301543
Impetus: Cloud and Data Engineering,https://www.impetus.com/
408 Tableau Jobs and Vacancies in Tamil Nadu - 5 February 2023 ...,https://in.indeed.com/Tableau-jobs-in-Tamil-Nadu
Sundaram Industries Pudukkottai Reviews by 12 Employees ...,https://www.ambitionbox.com/reviews/sundaram-industries-reviews/pudukkottai-location
Nearest Branches & Bank ATMs in Pudukkottai- Tamil Nadu | HDFC ...,https://near-me.hdfcbank.com/branch-atm-locator/location/tamil-nadu/pudukkottai
Raja Construction- Pudukkottai- Tamil Nadu Site Engineer Salaries ...,https://www.ambitionbox.com/salaries/raja-construction-pudukkottai-tamil-nadu-salaries/site-engineer
Fake Education Document Detection using Image Processing and ...,https://www.ijert.org/fake-education-document-detection-using-image-processing-and-deep-learning
Rotary International: Home EN,https://www.rotary.org/
iFixit: The Free Repair Manual,https://www.ifixit.com/
Top 10 AC Mechanic Training Centres in Pudukkottai- Institutes ...,https://www.sulekha.com/ac-mechanic-training/pudukkottai
KVK Pudukkottai – Tamil Nadu Agricultural University Site,https://tnau.ac.in/kvk-pudukottai/
Dr. M. Sridevi - NIT Trichy,https://www.nitt.edu/home/academics/departments/cse/faculty/sridevi/
Ramco Careers | Jobs at Ramco | Values and Work Culture,https://www.ramco.com/careers
Jobs in Pudukkottai - Check Latest (312) Job Openings (February ...,https://www.quikr.com/jobs/pudukkottai+zwqxj760939060
Training - Mastercam,https://www.mastercam.com/support/training/
machine shifting jobs in Pudukkottai- Viralimalai by Easwari ...,https://www.indiamart.com/proddetail/machine-shifting-jobs-21805963755.html
API | Individual Certification Programs,https://www.api.org/products-and-services/individual-certification-programs
Industrial Training Institute | Pudukkottai District- Government of ...,https://pudukkottai.nic.in/industrial-training-institute/
Mookambigai College,https://www.mookambigai.ac.in/
MVJCE: Top ranked engineering colleges in Bangalore| Best Private ...,https://mvjce.edu.in/
Cloud Enabled Predictive Model for Airborne Diseases with ...,https://papers.ssrn.com/sol3/Delivery.cfm/SSRN_ID3439157_code3447385.pdf?abstractid=3438114&mirid=1
Proceedings of the 3rd International Conference on Digital ...,https://dl.acm.org/doi/proceedings/10.1145/3369199?tocHeading=heading5
(PDF) Enhanced Holter Monitoring in Adaptive Environment with ...,https://www.researchgate.net/publication/327193842_Enhanced_Holter_Monitoring_in_Adaptive_Environment_with_HIVEing
ST COURIER PVT LTD | The People's Choice,http://stcourier.com/
What To Do After PhD ? Opening Career Options- Courses- Jobs ...,https://sites.google.com/site/honorarydegreeacademics/what-to-do-after-phd-opening-career-options-courses-jobs-salary-promotion
Apply for Honorary DSc for Application Engineer - Honorary Awards,https://sites.google.com/site/honorarydegreeacademics/apply-for-honorary-dsc-for-application-engineer
Race- Gender and Ethnicity Studies | Apply for Doctrin of Education ...,https://sites.google.com/site/honorarydegreeacademics/race-gender-and-ethnicity-studies-apply-for-doctrin-of-education-edd
