Title,URL
Internship in Bharuch | Internshala,https://internshala.com/internships/internship-in-bharuch/
Dhruv Kothiya - Machine Learning Engineer - Samyak Infotech Pvt ...,https://in.linkedin.com/in/dhruvkothiya
Data Science Course in Bharuch - Best Training Institute - Fees ...,http://quickxpertinfotech.com/data-science-course-in-bharuch
Engineering Internship in Bharuch | Internshala,https://internshala.com/internships/engineering-internship-in-bharuch/
72 Krishna Engineering Jobs and Vacancies - 4 February 2023 ...,https://in.indeed.com/Krishna-Engineering-jobs
Jobs at Timken,https://careers.timken.com/
Gis Jobs In Ahmedabad Bharuch Dahej Ankleshwar Surat Vadodara ...,https://www.naukri.com/gis-jobs-in-ahmedabad-bharuch-dahej-ankleshwar-surat-vadodara-baroda
Anery Patel - Machine Learning Engineer - Discover Financial ...,https://www.linkedin.com/in/anerypatel
Python Jobs in Bharuch- Gujarat (Feb 2023) - 1 Python Openings in ...,https://www.shine.com/job-search/python-jobs-in-bharuch
Careers @ Rubrik | Rubrik,https://www.rubrik.com/company/careers
Data Science/Analytics - Zicklin School of Business | Baruch College,https://zicklin.baruch.cuny.edu/academic-programs/graduate/data-science-analytics/
Jubilant Ingrevia Bharuch Reviews by 24 Employees | AmbitionBox,https://www.ambitionbox.com/reviews/jubilant-ingrevia-reviews/bharuch-location
Komel Bhojani - Doctoral Student - Amirul Mominin School | LinkedIn,https://ir.linkedin.com/in/komel-bhojani-b30a513
(PDF) A Supervised Machine Learning Approach with Re-training ...,https://www.researchgate.net/publication/281858945_A_Supervised_Machine_Learning_Approach_with_Re-training_for_Un-_structured_Document_Classification_in_UBE
44541 Enterprise Business Jobs Openings in India,https://www.timesjobs.com/jobskill/enterprise-business-jobs
Coordination Budget Preparation And Analysis Improve Systems ...,https://www.timesjobs.com/jobskill/coordination-budget-preparation-and-analysis-improve-systems-jobs
Race- Gender and Ethnicity Studies | Apply for Doctrin of Education ...,https://sites.google.com/site/honorarydegreeacademics/race-gender-and-ethnicity-studies-apply-for-doctrin-of-education-edd
Khalid Khan - Pakistan | Professional Profile | LinkedIn,https://pk.linkedin.com/in/khalid-khan-293b8860
