Title,URL
213 Machine Learning Job Vacancies In Jaipur - Naukri.com,https://www.naukri.com/machine-learning-jobs-in-jaipur
39 Machine Learning Jobs and Vacancies in Jaipur- Rajasthan - 5 ...,https://in.indeed.com/Machine-Learning-jobs-in-Jaipur,-Rajasthan
Machine Learning (ML) Course in Jaipur - Fee 45% Off,https://datamites.com/machine-learning-course-training-jaipur/
45 Machine Learning Jobs and Vacancies in Rajasthan - 5 February ...,https://in.indeed.com/Machine-Learning-jobs-in-Rajasthan
Machine Learning Course in Jaipur by CCE- IIT Madras - #1 ML ...,https://intellipaat.com/machine-learning-course-jaipur/
Sales and Marketing at IDeepeners • Jaipur • Remote (Work from ...,https://angel.co/company/ideepeners-1/jobs/958551-sales-and-marketing
27 Best Freelance Machine Learning Engineers For Hire Near ...,https://www.upwork.com/l/in/machine-learning-experts-in-jaipur/
Data scientist Jobs in Jaipur- India- February 2023 | Glassdoor,https://www.glassdoor.com/Job/jaipur-data-scientist-jobs-SRCH_IL.0,6_IM1093_KO7,21.htm
20 Best machine learning jobs in Jaipur- Rajasthan (Hiring Now ...,https://www.simplyhired.co.in/search?q=machine+learning&l=jaipur%2C+rajasthan
Axis India Machine Learning,https://www.aimlrl.com/
Machine learning engineer Jobs in Jaipur- Rajasthan- January 2023 ...,https://www.glassdoor.co.in/Job/jaipur-machine-learning-engineer-jobs-SRCH_IL.0,6_IC2942216_KO7,32.htm
Machine Learning Engineer job at Adsys - Instahyre,https://www.instahyre.com/job-203726-machine-learning-engineer-at-adsys-jaipur/
Internship-machine-learning-with-NLP,https://www.netcomedu.in/courses/internship-courses/internship-machine-learning-with-NLP
Machine Learning Jobs in Jaipur (Rajasthan) | Careerjet,https://www.careerjet.co.in/machine-learning-jobs/jaipur-83938.html
Machine Learning Job Vacancies in Jaipur-Machine Learning ...,https://www.placementindia.com/job-search/machine-learning-jobs-in-jaipur.htm
Define your career with IBM,https://www.ibm.com/careers/in-en/
Mahima Agarwal - Machine Learning Engineer - VMware | LinkedIn,https://www.linkedin.com/in/mahima1990
Artificial Intelligence Engineer Course in Jaipur,https://www.simplilearn.com/artificial-intelligence-training-courses-jaipur-city
Careers at Jumio: Join the Team | Jumio,https://www.jumio.com/careers/
Which is best training institute for machine learning in Jaipur? - Quora,https://www.quora.com/Which-is-best-training-institute-for-machine-learning-in-Jaipur
Machine Learning Jobs in Jaipur- Rajasthan (Jan 2023) - 3 Machine ...,https://www.shine.com/job-search/machine-learning-jobs-in-jaipur
Data Science Training in Jaipur | Online Course | AP2V,https://www.ap2v.com/data-science-training-jaipur
Student Performance Evaluation Expert System Using Machine ...,https://papers.ssrn.com/sol3/papers.cfm?abstract_id=3356244
Careers - partech.com,https://partech.com/careers/
Confidence to Deploy AI with World-Class Training Data,https://appen.com/
Coursera | Degrees- Certificates- & Free Online Courses,https://www.coursera.org/
Senior Developer - Data Engineer(Google Analytics-BigQuery - AI ...,https://ai-jobs.net/job/32376-senior-developer-data-engineergoogle-analytics-bigquery-aiml-mlops/
51 Machine Learning Interview Questions with Answers | Springboard,https://www.springboard.com/blog/data-science/machine-learning-interview-questions/
Machine Learning Internship in Jaipur | Internshala,https://internshala.com/internships/machine-learning-internship-in-jaipur/
Machine Learning Jobs: Salary- Freshers Jobs- Internships- Career ...,https://collegedunia.com/courses/machine-learning/career-options-and-jobs
Search results | Find available job openings at Microsoft,https://careers.microsoft.com/us/en/search-results
AI & Analytics Careers | Accenture,https://www.accenture.com/in-en/careers/explore-careers/area-of-interest/ai-and-analytics-careers
Machine Learning Training in Jaipur (33 Courses with Online ...,https://www.educba.com/data-science/courses/machine-learning-training-in-jaipur/
Careers at Airbnb,https://careers.airbnb.com/
Customer Loyalty & Engagement Careers - Loyalty Software ...,https://punchh.com/punchh-careers/
Microsoft Cloud Service Provider - Enterprise Solution - Celebal Tech,https://celebaltech.com/
upGrad Careers,https://www.upgrad.com/us/careers/
3D Printed Prosthesis Maker Partners with Jaipur Foot - The O&P ...,https://opedge.com/3d-printed-prosthesis-maker-partners-with-jaipur-foot/
Careers | Bosch Center for Artificial Intelligence,https://www.bosch-ai.com/careers/
Jobs- Student Programs & Internships | JPMorgan Chase & Co.,https://careers.jpmorgan.com/in/en/students/programs
WiMLDS: Home,https://wimlds.org/
Infosys Careers - Internships,https://www.infosys.com/careers/internships.html
MetLife,https://jobs.metlife.com/
Data Science Course With Python Machine Learning in Jaipur ...,https://www.apponix.com/data-science-course-in-jaipur
AI Engineer Salary in Jaipur | AmbitionBox,https://www.ambitionbox.com/profile/ai-engineer-salary/jaipur-location
Machine Learning Training in Jaipur - 100% Practical - Get Certified ...,https://www.jaipuriiht.com/artificial-intelligence-and-machine-learning/
careers at Manipal University Jaipur,https://jaipur.manipal.edu/muj/careers-at-muj.html
Work With Us - Jaipur Living,https://www.jaipurliving.com/careers
Great Learning: Online Courses- PG Certificates and Degree ...,https://www.mygreatlearning.com/
Why so many data scientists are leaving their jobs - KDnuggets,https://www.kdnuggets.com/2018/04/why-data-scientists-leaving-jobs.html
MCA Artificial Intelligence and Machine Learning in Jaipur,https://www.jnujaipur.ac.in/programmes/pg-programmes/mca-in-artificial-intelligence-and-machine-learning
Machine Learning Course in Jaipur | Everything you must know,https://blogs.aryacollege.org/machine-learning-course-in-jaipur/
Global Technology & IT Careers at Cognizant - Careers at Cognizant,https://careers.cognizant.com/global/en
Home - Quantiphi- Inc.,https://quantiphi.com/
Machine-Learning-NLP-Expert-work-from-home - Jobs,https://www.techgig.com/jobs/Machine-Learning-NLP-Expert-work-from-home/69097950
A Review on Machine Learning Concepts for Prediction Based ...,https://www.researchgate.net/publication/305317524_A_Review_on_Machine_Learning_Concepts_for_Prediction_Based_Application
Open Source News Roundup: April 8- 2019 | AWS Open Source Blog,https://aws.amazon.com/blogs/opensource/open-source-news-roundup-april-8-2019/
Contour. | LinkedIn,https://uk.linkedin.com/company/cbntour
Axestrack - India's First Unified Digital Logistics Platform,https://www.axestrack.com/
Celebal Technologies | LinkedIn,https://jp.linkedin.com/company/celebaltechnologies?trk=public_profile_experience-item_profile-section-card_subtitle-click
Data Scientist V Salary in India | Salary.com,https://www.salary.com/research/in-salary/benchmark/data-scientist-v-salary/in
MakeMyTrip Careers,https://careers.makemytrip.com/
Technical Lead Databricks at Srijan Technologies Pvt Ltd,https://startup.jobs/technical-lead-databricks-srijan-technologies-pvt-ltd-3840647
SKF Group | LinkedIn,https://by.linkedin.com/company/skf?trk=public_profile_experience-item_profile-section-card_image-click
Deep Learning Training- Course- Certification | Sulekha,https://www.sulekha.com/deep-learning-training/
TMSV Edutech Pvt Ltd | Facebook,https://pt-br.facebook.com/TMSVINDIA/?ref=page_internal
Optimizing scheduling in cloud using a meta-heuristic approach ...,https://www.tandfonline.com/doi/abs/10.1080/09720529.2022.2133252
Machining Jobs Openings In Gurgaon - TimesJobs.com,https://www.timesjobs.com/jobs-in-gurgaon/machining-jobs
Top Artificial Intelligence Companies in India - 2023 Reviews ...,https://clutch.co/in/developers/artificial-intelligence?page=3
Secondary SGML lessons - 19 teachers available,https://www.superprof.co.uk/lessons/sgml/united-kingdom/secondary/
