Title,URL
DLF Homes Panchkula | LinkedIn,https://www.linkedin.com/company/dlf-homes-panchkula
Best Tech Companies and Startups to Work for in Panchkula ...,https://angel.co/startups/location/panchkula
Machine Learning Engineer Jobs In Panchkula - 8 Machine ...,https://www.naukri.com/machine-learning-engineer-jobs-in-panchkula
om verma - Chitkara University - Panchkula- Haryana- India | LinkedIn,https://in.linkedin.com/in/om-verma-155659146
Alteryx: Data Science and Analytics Automation Platform,https://www.alteryx.com/
Alpha AI | LinkedIn,https://in.linkedin.com/company/alphaaico
Internship in Panchkula | Internshala,https://internshala.com/internships/internship-in-panchkula/
Mandeep Singh Sachdeva - Machine Learning Engineer - Grazitti ...,https://in.linkedin.com/in/mandeep-singh-sachdeva-69a57914b
Passion Gaming Pvt. Ltd. is hiring Junior Data Scientist job in ...,https://cutshort.io/job/Junior-Data-Scientist-Panchkula-Passion-Gaming-Pvt-Ltd--h6OszpgZ
RE/MAX Chandigarh Mohali Panchkula | LinkedIn,https://in.linkedin.com/company/re-max-chandigarh-mohali-panchkula
20 Best data science jobs in Panchkula- Haryana (Hiring Now ...,https://www.simplyhired.co.in/search?q=data+science&l=panchkula%2C+haryana
Arupriya Pandey - Software Engineer - Grazitti Interactive | LinkedIn,https://in.linkedin.com/in/arupriya-pandey-17a683176
Python Course in Panchkula,https://www.codingbytes.com/python-course/python-course-in-panchkula/
NISG– Job Vacancies in NISG | NISG,http://careers.nisg.org/jobs/
IT JOBS in TriCity- CHandigarh- Panchkula- Mohali | Facebook,https://www.facebook.com/groups/1674403639490405/
About,https://www.chatdesk.com/about
ThinkNEXT Technologies | LinkedIn,https://au.linkedin.com/company/thinknext-technologies?trk=public_profile_experience-item_profile-section-card_image-click
XenonStack | LinkedIn,https://ca.linkedin.com/company/xenonstack?trk=ppro_cprof
Туитове с отговори от Edu-Vitae Services (@evs_services) / Twitter,https://twitter.com/evs_services/with_replies?lang=bg
Uber Software Engineer Reviews | Glassdoor,https://www.glassdoor.com/Reviews/Uber-Software-Engineer-Reviews-EI_IE575263.0,4_KO5,22_IP5.htm
Erp Data Jobs in India - TimesJobs,https://m.timesjobs.com/jobskill/erp-data-jobs
Top 50+ PPC Agencies January 2023 | Upwork,https://www.upwork.com/agencies/ppc-agencies/?page=2
4 Best Freelance Time Management Specialists For Hire Near ...,https://www.upwork.com/hire/time-management-freelancers/us/grants-pass-or/
6819 Desktop Intelligence Jobs Openings in India - TimesJob.com,https://www.timesjobs.com/jobskill/desktop-intelligence-jobs
Chandigarh Stories - The Tribune- Chandigarh- India,https://m.tribuneindia.com/2009/20090704/cth1.htm
Siemens "big company" Reviews | Glassdoor,https://www.glassdoor.co.uk/Reviews/Siemens-big-company-Reviews-EI_IE3510.0,7_KH8,19.htm
(PDF) Analysis of Cloud Security Problem and Proposed Igloo ...,https://www.researchgate.net/publication/305639985_Analysis_of_Cloud_Security_Problem_and_Proposed_Igloo_Solution_Category_In_the_Cloud_Security
Duck Creek Technologies Reviews by 573 Employees | AmbitionBox,https://www.ambitionbox.com/reviews/duck-creek-reviews?page=7
Ayaz Ahmed - Sub Engineer - Public Health Engineering Department,https://pk.linkedin.com/in/ayaz-ahmed-32a37099
Urgent: Technologies Jobs - January 2023 - 55112 current ...,https://in.jooble.org/jobs-technologies
Top Custom Software Development Companies for Government ...,https://clutch.co/developers/government?page=7
