Title,URL
Commerce Lecturer Jobs In Mandya Karnataka - 732 Commerce ...,https://www.naukri.com/commerce-lecturer-jobs-in-mandya-karnataka
Santosh Mandya Jayaram - Software Engineer - Akamai ...,https://www.linkedin.com/in/santoshmj
Nectar Fresh Foods | LinkedIn,https://in.linkedin.com/company/nectar-fresh-foods
Top Embroidery Job Works in Mandya - Best Embroidery Works ...,https://www.justdial.com/Mandya/Embroidery-Job-Works/nct-10187270
0 HR Jobs for Freshers in Mandya- Feb | Internshala,https://internshala.com/fresher-jobs/hr-jobs-in-mandya/
Open positions - our job offers | PRECITEC,https://www.precitec.com/career/jobs/
Angrosh Mandya - University of Liverpool,https://www.liverpool.ac.uk/computer-science/staff/angrosh-mandya/
Meet the 8 new college roommates who just moved into a house for ...,https://www.geekwire.com/2015/meet-the-7-new-college-roommates-who-just-moved-into-a-house-for-women-studying-computer-science/
BGS Institute of Technology- Mandya Wanted Professor/Associate ...,https://www.facultyplus.com/bgs-institute-of-technology-mandya-wanted-professor-associate-professor-assistant-professor/
Adichunchanagiri University (ACU) Applications are invited from ...,https://www.facultytick.com/2022/09/28/adichunchanagiri-university-acu-applications-are-invited-from-eligible-candidates-for-the-following-post-of-teaching-faculty-recruitment/
Top 10 Job Training in Mandya- Centers- Institutes- Courses ...,https://www.sulekha.com/job-training/mandya
Mandya Organic Foods Jobs and Careers | AmbitionBox,https://www.ambitionbox.com/jobs/mandya-organic-foods-jobs
UTH UK LIMITED | LinkedIn,https://uk.linkedin.com/company/uth-uk-limited
39 India Fin Credit Jobs and Vacancies - 29 January 2023 | Indeed ...,https://in.indeed.com/India-Fin-Credit-jobs
School Teacher Jobs In Mandya- Karnataka (Hiring near me ...,https://india.recruit.net/search-school-teacher-jobs-mandya-ka
Medya- Sourav | Computer Science | University of Illinois Chicago,https://cs.uic.edu/profiles/medya-sourav/
Bharani Foundation - A PMKVY Training Center,https://www.bharanifoundation.org/
Find Manufacturing Companies in Mandya - Dun & Bradstreet,https://www.dnb.com/business-directory/company-information.manufacturing.in.karnataka.mandya.html?page=1
Dr. Raghu J. (Mandya) - Amrita Vishwa Vidyapeetham,https://amrita.edu/faculty/dr-raghu-j-mandya/
Check Latest 120 Work From Home Jobs Openings In Mandya ...,https://www.quikr.com/jobs/work-from-home+mandya+zwqxj2034660499
Healthcare | Free Full-Text | Deep Learning on Histopathology ...,https://www.mdpi.com/2227-9032/10/1/10
PES College of Engineering | Mandya- India |,https://www.researchgate.net/institution/PES-College-of-Engineering
Urgent: Part time student Jobs in Maddur - February 2023 - 11 ...,https://in.jooble.org/jobs-part-time-student/Maddur
An Overview of the Refining Process - YouTube,https://www.youtube.com/watch?v=GYRwWyG3Qqw
Part-Time Jobs For Students OR Anyone | Online Jobs at Home ...,https://www.youtube.com/watch?v=rUZPoLp2CW0
India's Best Spoken English Course | Learn English | English ...,https://www.youtube.com/watch?v=ZDJZ158WSRU
KMF in Karnataka gets "Quality Mark" Certificate for safe and quality ...,https://www.youtube.com/watch?v=SoZtbgjSFZQ
Bangalore Jobs | Facebook,https://m.facebook.com/groups/404503931161943/
Numerical Control,https://www.slideshare.net/SiddeshKumarNM/numerical-control-239148052
A Framework for an Artificial-Neural-Network-Based Electronic Nose ...,https://www.igi-global.com/chapter/a-framework-for-an-artificial-neural-network-based-electronic-nose/288965
Stories of 09 January- 2020 | Deccan Herald,https://www.deccanherald.com/sitemap/detail/days/2020-01-09
Currently browsing: Faculty of Science- Technology- Engineering ...,http://oro.open.ac.uk/view/faculty_dept/stem-kmi.type.html
Indian Social Entrepreneurs | SpringerLink,https://link.springer.com/chapter/10.1007/978-81-322-2827-1_4
Apply for Honorary LL.D. Award for Lawyers from Bombay High ...,https://sites.google.com/site/honorarydegreeacademics/apply-for-honorary-ll-d-award-for-lawyers-from-bombay-high-court-district-court-session-court-and-bar-council
