Title,URL
Machine Learning Jobs In Hyderabad Secunderabad - 3570 ...,https://www.naukri.com/machine-learning-jobs-in-hyderabad-secunderabad
935 Machine Learning Jobs and Vacancies in Hyderabad ...,https://in.indeed.com/Machine-Learning-jobs-in-Hyderabad,-Telangana
402 Deep Learning jobs in Greater Hyderabad Area (4 new),https://in.linkedin.com/jobs/deep-learning-jobs-greater-hyderabad-area
Machine Learning Science | Amazon.jobs,https://www.amazon.jobs/en/job_categories/machine-learning-science
358 Machine Learning Job Vacancies in Hyderabad - Feb (2023),https://www.foundit.in/search/machine-learning-jobs-in-hyderabad
Machine learning Jobs in Hyderābād- February 2023 | Glassdoor,https://www.glassdoor.co.in/Job/hyder%C4%81b%C4%81d-machine-learning-jobs-SRCH_IL.0,9_IC2865319_KO10,26.htm
Machine Learning Jobs In Hyderabad,https://www.timesjobs.com/jobs-in-hyderabad/machine-learning-jobs
20 Best machine learning jobs in Hyderabad- Telangana (Hiring ...,https://www.simplyhired.co.in/search?q=machine+learning&l=hyderabad%2C+telangana&pp=
Machine learning engineer Jobs in Hyderabad- India- February ...,https://www.glassdoor.com/Job/hyderabad-machine-learning-engineer-jobs-SRCH_IL.0,9_IM1076_KO10,35.htm
Entry Level Machine Learning Jobs,https://www.springboard.com/blog/data-science/entry-level-machine-learning-jobs/
Salary: Machine Learning Engineer in Hyderabad- India | Glassdoor,https://www.glassdoor.com/Salaries/hyderabad-machine-learning-engineer-salary-SRCH_IL.0,9_IM1076_KO10,35.htm
Machine Learning Jobs in Hyderabad- Telangana (Feb 2023) - 103 ...,https://www.shine.com/job-search/machine-learning-jobs-in-hyderabad
Machine Learning Engineer Job Hyderabad | AgCareers.com,https://www.agcareers.com/corteva/machine-learning-engineer-job-903337.cfm
Explore job opportunities | Adobe careers,https://www.adobe.com/careers.html
Staff Machine Learning Engineer in Hyderabad- Telangana ...,https://careers.servicenow.com/jobs/743999876790898EXT?lang=en-us
Machine Learning Job Vacancies in Hyderabad-Machine Learning ...,https://www.placementindia.com/job-search/machine-learning-jobs-in-hyderabad.htm
Careers – Notion,https://www.notion.so/careers
Machine Learning Course in Hyderabad by CCE- IIT Madras - #1 ...,https://intellipaat.com/machine-learning-certification-training-course-hyderabad/
Deepen AI Jobs | Wellfound (formerly AngelList Talent),https://angel.co/company/deepen-ai/jobs
Define your career with IBM,https://www.ibm.com/careers/in-en/
Careers | ServiceNow,https://www.servicenow.com/careers.html
Sr Machine Learning Engineer,https://factset.wd1.myworkdayjobs.com/en-US/FactSetCareers/job/Hyderabad-IND/Sr-machine-learning-engineer_R8175
Search results | Find available job openings at Microsoft,https://careers.microsoft.com/us/en/search-results
Job Artificial Intelligence/ Machine Learning Engineer - UST Global ...,https://in.talent.com/view?id=21a5b3833308
Machine Learning Jobs: Salary- Freshers Jobs- Internships- Career ...,https://collegedunia.com/courses/machine-learning/career-options-and-jobs
Job Openings | Uber Careers,https://www.uber.com/us/en/careers/list/
Jobs at NVIDIA | NVIDIA Careers,https://www.nvidia.com/en-in/about-nvidia/careers/
14 Machine Learning Fresher Jobs in Feb 2023 | Internshala,https://internshala.com/fresher-jobs/machine-learning-jobs/
Python Machine Learning Certification in Hyderabad,https://www.edureka.co/machine-learning-certification-training-hyderabad
Careers at Airbnb,https://careers.airbnb.com/
AI & Data Science Opportunities | JPMorganChase & Co.,https://careers.jpmorgan.com/in/en/students/programs/data-analytics-opportunities
Product Development Engineer II Machine learning in Hyderabad ...,https://careers.phenompeople.com/us/en/job/P-102485/Product-Development-Engineer-II-Machine-learning
Machine Learning Jobs in Hyderabad - Ascentia.ai,https://www.freshersworld.com/jobs/machine-learning-jobs-in-hyderabad-ascentia-ai-1377242
AI/ML and Automation Engineering in ... - S&P Global Jobs - Director,https://spglobalcareers.dejobs.org/hyderabad-ind/director-aiml-and-automation-engineering/D80AF597950E4898AAC2046E4FBFCFDF/job/?utm_source=.JOBS%20RSS%20Feed-DE&utm_campaign=.JOBS%20RSS%20Feed&utm_medium=.JOBS%20Universe
Senior / Lead Software Engineer - Machine Learning job at ...,https://www.instahyre.com/job-137993-senior-lead-software-engineer-machine-learning-at-salesforce-hyderabad/
Top 10 Machine Learning Jobs in FAANG to Apply for in July 2022,https://www.analyticsinsight.net/top-10-machine-learning-jobs-in-faang-to-apply-for-in-july-2022/
Professional Certificate Program In AI And Machine Learning ...,https://www.simplilearn.com/pgp-ai-machine-learning-certification-training-course-hyderabad-city
Machine Learning Engineer ( Java/Python Development) at ...,https://ai-jobs.net/job/30180-machine-learning-engineer-javapython-development/
Machine Learning Engineer Salary in Hyderabad/Secunderabad ...,https://www.ambitionbox.com/profile/machine-learning-engineer-salary/hyderabad-location
Machine Learning Engineer Jobs - Qualcomm Jobs,https://qualcomm.dejobs.org/machine-learning-engineer/jobs-in/
Careers | Cadence,https://www.cadence.com/en_US/home/company/careers.html
(WiMLDS) Women in Machine Learning & Data Science | LinkedIn,https://www.linkedin.com/company/women-in-machine-learning-data-science
Careers | Schrödinger,https://www.schrodinger.com/careers
Machine Learning Job Support - AR IT Technologies,https://www.arittechnologies.com/courses/machine-learning-job-support/
Jobs at Schrödinger,https://boards.greenhouse.io/schrdinger
Current Openings I Instacart Jobs and Careers I Apply Today!,https://instacart.careers/current-openings/
5 Tips on How to Land Machine Learning Jobs | by Rahul Agarwal ...,https://towardsdatascience.com/5-tips-on-how-to-land-machine-learning-jobs-8eb5c1c3ee95
Hyderabad Jobs at IQVIA,https://jobs.iqvia.com/location/hyderabad-jobs/24443/1269750-1254788-1269843/4
Red Hat Jobs | Opportunities are open,https://www.redhat.com/en/jobs
Applied AI & Machine Learning,https://www.jpmorgan.com/technology/applied-ai-and-ml
Careers | F5,https://www.f5.com/company/careers
ai-jobs.net on Twitter: "HIRING: Data Engineer - A4201 / Hyderabad ...,https://mobile.twitter.com/ai_jobsNET/status/1595797066394980353
HIRING 6000+ Machine Learning jobs.... - YouTube,https://www.youtube.com/watch?v=QqYwdcw7SdQ
Senior Applied Scientist - Machine Learning / NLP - Hyderabad ...,https://www.mendeley.com/careers/job/senior-applied-scientist-machine-learning-nlp-8434867
Applied AI Course | LinkedIn,https://sg.linkedin.com/company/applied-ai-course
Job Details - Google Careers,https://careers.google.com/jobs/results/78754656018145990-senior-salesforce-application-engineer/?company=Google&company=YouTube&employment_type=FULL_TIME&jlo=&location=Bangalore,%20India&location=Hyderabad,%20India&q=machine%20learning&skills=python&sort_by=relevance
#MondayOpenings: April 1- 2019 | Princeton Entrepreneurship Council,https://entrepreneurs.princeton.edu/news/mondayopenings-april-1-2019
WISDOMJOBS.COM on Twitter: "TechnoGen - Machine Learning,https://twitter.com/wisdom_jobs/status/1009329520111968256
information-technology jobs at Chubb,https://careers.chubb.com/global/en/c/information-technology-jobs?from=40&s=1
Machine-Learning-NLP-Expert-work-from-home - Jobs,https://www.techgig.com/jobs/Machine-Learning-NLP-Expert-work-from-home/69097950
Dinesh Kumar – Deep Learning Engineer – SalLab GmbH | LinkedIn,https://de.linkedin.com/in/dinesh-kumar-128b37113
CVPR 2015 Webpage - Jobs,http://www.pamitc.org/cvpr15/jobs.php?action=view&job_id=4933
Jobs in Hyderabad (October 2022) - Bayt.com,https://www.bayt.com/en/pakistan/jobs/jobs-in-hyderabad/?page=4
Search Result for tech jobs at Hyderabad – TechGig,https://content.techgig.com/searchresult.cms?query=tech%20jobs%20at%20Hyderabad
How Much Artificial Intelligence Engineers Make in a Year? | by ...,https://medium.com/janbask-training-learn-grow/how-much-artificial-intelligence-engineers-make-in-a-year-ac5d400e3602
4 Best Freelance Strategic Planning Specialists For Hire Near ...,https://www.upwork.com/hire/strategic-planning-freelancers/in/hyderabad/
ServiceNow Machine Learning Engineer Salaries in Us | Glassdoor,https://www.glassdoor.co.uk/Salary/ServiceNow-Machine-Learning-Engineer-US-Salaries-EJI_IE403326.0,10_KO11,36_IL.37,39_IN1.htm
Uplers: Jobs | LinkedIn,https://au.linkedin.com/company/weareuplers/jobs
HPEFS Inside Sales India in Hyderabad- Telangana- 500081 | Sales ...,https://careers.hpe.com/us/en/job/HPE1US1137977EXTERNALENUS/HPEFS-Inside-Sales-India
