Title,URL
0 HR Jobs for Freshers in Suryapet- Jan | Internshala,https://internshala.com/fresher-jobs/hr-jobs-in-suryapet/
Deepen AI | LinkedIn,https://www.linkedin.com/company/deepen-ai
Manideep - Suryapet : Machine learning enginner. Graduated from ...,https://www.superprof.ng/machine-learning-enginner-graduated-from-iiit-allahabad-with-tech-electronics-and-communication-engineering-degree.html
Jobs at IFF,https://careers.iff.com/
Eagle Enterprises | LinkedIn,https://in.linkedin.com/company/eagleenterprises
Infosys - Consulting | IT Services | Digital Transformation,https://www.infosys.com/
Computerised Embroidery Job Works in Suryapet,https://www.justdial.com/Suryapet/Computerised-Embroidery-Job-Works/nct-10890829
Telangana Academy for Skill and Knowledge - TASK,https://task.telangana.gov.in/training-calendar
Engineering Analyst Salary in Suryapet | AmbitionBox,https://www.ambitionbox.com/profile/engineering-analyst-salary/suryapet-location
Wits Solutions Inc.,http://www.witssolutions.com/
Top 10 Tailoring Classes in Suryapet- Stitching- Sewing Courses ...,https://www.sulekha.com/tailoring-training/suryapet
Security Guard Jobs 2023-24 Job Vacancy- Suryapet - Recruitment ...,https://www.quikr.com/jobs/security-guard-jobs+suryapet+zwqxj4157493934
Suven Life Sciences Suryapet Reviews by 5 Employees | AmbitionBox,https://www.ambitionbox.com/reviews/suven-life-sciences-reviews/suryapet-location
155 Data Entry Jobs in Suryapet- Back Office- Data Entry- Back ...,https://www.quikr.com/jobs/data-entry-back-office+suryapet+zwqxj284607247
SBFC Finance Branch Sales Manager Salaries in Suryapet ...,https://www.ambitionbox.com/salaries/sbfc-salaries/branch-sales-manager/suryapet-location
Careers in India | HSBC Holdings plc,https://www.hsbc.com/careers/where-we-hire/india
Active Metadata for DataOps | Atlan,https://atlan.com/careers
▷ Tutoring Jobs in Suryapet - UrbanPro,https://www.urbanpro.com/suryapet/tutor-jobs
Intellipaat: Online Professional Training Courses and Certification,https://intellipaat.com/
Javascript Course in Suryapet - Best Training Institute - Fees ...,http://quickxpertinfotech.com/javascript-course-in-suryapet
Machine learning Jobs: Jobs for freshers with Machine learning ...,https://www.freshersworld.com/machine-learning-jobs/3535242
How Much Does Pinterest Pay in 2023? (1-371 Salaries) | Glassdoor,https://www.glassdoor.co.in/Salary/Pinterest-Salaries-E503467.htm
Embroidery - Wikipedia,https://en.wikipedia.org/wiki/Embroidery
M.Tech.Data Science & Engineering – BITS Pilani,https://bits-pilani-wilp.ac.in/m-tech/cluster/data-science-and-engineering.php
Home tuition in Suryapet India,https://www.teachwell.in/blog.html/home-tuition/home-tutor-in-suryapet
Sana Engineering College- Telangana wanted Professor/ Associate ...,https://www.facultyplus.com/sana-engineering-college-telangana-wanted-principal-professor-associate-professor-and-assistant-professor/
Lokesh Pola - Australian technical and management college ...,https://au.linkedin.com/in/lokesh-pola-b6355b10a
Driving training courses - YouTube,https://www.youtube.com/watch?v=n0hKtPp86kM
Computer embroidery machine Basic information in Telugu - YouTube,https://www.youtube.com/watch?v=rUrKMujt5-o
Salud Responde Chile on Twitter: "8️⃣0️⃣0️⃣ ...,https://twitter.com/Salud_Responde/status/1459930535921438725
No question of lockdown- steps to vaccinate 1.5 lakh per day: Eatela,https://www.dailypioneer.com/uploads/2021/epaper/april/hyderabad-english-edition-2021-04-08.pdf
