Title,URL
190 Python- Machine Learning Jobs and Vacancies in Indore ...,https://in.indeed.com/Python,-Machine-Learning-jobs-in-Indore,-Madhya-Pradesh
Machine Learning Jobs In Indore,https://www.naukri.com/machine-learning-jobs-in-indore
Machine Learning Research Engineer at Greendeck - Cliff.ai • Indore,https://angel.co/company/greendeck/jobs/1847464-machine-learning-research-engineer
Machine learning Jobs in Indore- India | Glassdoor,https://www.glassdoor.com/Job/indore-machine-learning-jobs-SRCH_IL.0,6_IM1079_KO7,23.htm
Greendeck Machine Learning Engineer - Triplebyte,https://triplebyte.com/company/public/greendeck/OPqyrmw/machine-learning-engineer
Machine Learning (ML) Jobs in Indore,https://cutshort.io/jobs/machine-learning-ml-jobs-in-indore
Machine learning Jobs in Indore- January 2023 | Glassdoor,https://www.glassdoor.co.in/Job/indore-machine-learning-jobs-SRCH_IL.0,6_IC2876676_KO7,23.htm
Machine Learning (ML) Course in Indore - Fee 45% Off,https://datamites.com/machine-learning-course-training-Indore/
Machine Learning and Deep Learning Integrated Model to Predict ...,https://papers.ssrn.com/sol3/papers.cfm?abstract_id=3364984
Machine Learning Engineer Salary in Indore | AmbitionBox,https://www.ambitionbox.com/profile/machine-learning-engineer-salary/indore-location
Define your career with IBM,https://www.ibm.com/careers/in-en/
Python Machine Learning Certification Training in Indore.,https://www.edureka.co/machine-learning-certification-training-indore
Latest Data Scientist - Machine Learning jobs in Ireland | ai-jobs.net,https://ai-jobs.net/list/data-scientist-machine-learning-jobs-in-ireland/
RWS Careers- Employment & Jobs - RWS,https://www.rws.com/about/careers/
Current Openings I Instacart Jobs and Careers I Apply Today!,https://instacart.careers/current-openings/
Machine Learning Internship in Indore | Internshala,https://internshala.com/internships/machine-learning-internship-in-indore/
Best Machine Learning Training Institute In Indore | Data Science,https://aristautomation.com/machine-learning-course/
Job Openings | Uber Careers,https://www.uber.com/us/en/careers/list/
Kartikeya Upasani - Machine Learning Engineer - Facebook | LinkedIn,https://www.linkedin.com/in/kartikeya-upasani
Machine Learning Research Engineer at Cliff.ai | The Org,https://theorg.com/org/cliff-ai/jobs/machine-learning-research-2fd7a02e
Artificial Intelligence Machine learning Job For 4-8 Year Exp In ...,https://www.foundit.in/job/artificial-intelligence-machine-learning-noida-7864915
27 Best Freelance Data Analysts For Hire Near Indore- IN - Upwork™,https://www.upwork.com/l/in/data-analysts-in-indore/
Impetus Careers | Make your mark,https://www.impetus.com/careers/
AI / ML Engineer job at VideoVerse - Instahyre,https://www.instahyre.com/job-185958-ai-ml-engineer-at-videoverse-indore/
Machine Learning Engineer Job in Signimus Technolgies - Indore ...,https://www.mncjobsindia.com/jobs/machine-learning-engineer-indore-2806625
Current Job Opportunities & Openings in Beyond Key- Indore- MP ...,https://www.beyondkey.com/career
TaskUs - Business Insight Manager (8-12 yrs)- indore- SQL-Machine ...,https://www.iimjobs.com/j/taskus-business-insight-manager-8-12-yrs-1098653.html?ref=kp
Diaspark Career - Diaspark,https://www.diaspark.com/career/
All jobs - Careers at Airbnb,https://careers.airbnb.com/positions/
TaskUs Careers & Job Opportunities,https://www.taskus.com/careers/
Our Careers | Globant,https://www.globant.com/careers
upGrad Careers,https://www.upgrad.com/us/careers/
Entry-Level Job Opportunities,https://www.accenture.com/us-en/careers/life-at-accenture/entry-level
Best Data Science Course in Indore - IIT Madras CCE Training,https://intellipaat.com/data-scientist-course-training-indore/
Remote Jobs - Work From Home,https://www.crossover.com/jobs
Alteryx: Data Science and Analytics Automation Platform,https://www.alteryx.com/
Machine Learning Engineer / Cliff.ai / Indore | Hasjob,https://hasjob.co/cliff.ai/gz3a9
Search roles,https://careers.twitter.com/en/roles.html
Infosys Careers - Internships,https://www.infosys.com/careers/internships.html
Best Data Science Course in Indore with Placement Guarantee,https://www.datatrained.com/data-science-course-in-indore
Best Artificial Intelligence Course Training in Indore - 360DigiTMG,https://360digitmg.com/india/indore/artificial-intelligence-ai-and-deep-learning-certification-course-training-institute
Indore Job Seekers | Indore,https://www.facebook.com/indorejobseekersindore/
Careers at Amdocs | AMDOCS,https://www.amdocs.com/careers/home
Greendeck | Dynamic Pricing Engine,https://www.greendeck.co/company/careers
Interview with Vimal Bhatia- Professor- IIT Indore | IEEE Signal ...,https://signalprocessingsociety.org/newsletter/2020/10/interview-vimal-bhatia-professor-iit-indore
Deepwave Digital - Enabling deep learning and wireless systems ...,https://deepwavedigital.com/
Home - Quantiphi- Inc.,https://quantiphi.com/
Machine-Learning-NLP-Expert-work-from-home - Jobs,https://www.techgig.com/jobs/Machine-Learning-NLP-Expert-work-from-home/69097950
Is IIM Certification Globally Recognized?,https://www.jigsawacademy.com/blogs/is-iim-certification-globally-recognized/
Artificial Intelligence- Machine Learning and the Reconstruction of ...,https://journals.sagepub.com/doi/10.1177/2631454120971912
Quantum Learnings,https://quantumlearnings.in/
(PDF) Implementation of machine learning techniques to predict ...,https://www.researchgate.net/publication/355225335_Implementation_of_machine_learning_techniques_to_predict_impact_parameter_and_transverse_spherocity_in_heavy-ion_collisions_at_the_LHC
Pitchika Dinesh — Mentor Graphics | by Lokesh Singla | Career ...,https://medium.com/career-cafe/pitchika-dinesh-mentor-graphics-758b25ae280d
Data Scientist V Salary in India | Salary.com,https://www.salary.com/research/in-salary/benchmark/data-scientist-v-salary/in
54 Cookies Jobs Openings in India - TimesJob.com,https://m.timesjobs.com/jobskill/cookies-jobs
Life Changer Institute | Data Science Training Honest Review by ...,https://www.youtube.com/watch?v=SI7ZfcunAOo
DBM: Motion Graphics | LinkedIn,https://uk.linkedin.com/company/dbm-motion-graphics
Technical Lead Databricks at Srijan Technologies Pvt Ltd,https://startup.jobs/technical-lead-databricks-srijan-technologies-pvt-ltd-3840647
Dr. Manminder Singh Saluja | Devi Ahilya University- Indore ...,https://researchrevolution.academia.edu/DrManminderSinghSaluja
User Documentation Jobs Openings In Noida - TimesJobs.com,https://www.timesjobs.com/jobs-in-noida/user-documentation-jobs
IIT-Madras to provide technical expertise to boost digital payment ...,https://timesofindia.indiatimes.com/business/india-business/iit-madras-to-provide-technical-expertise-to-boost-digital-payment/articleshow/82520454.cms
