Title,URL
Page 10 - Senior Research Engineer Jobs In Chapra - 202 Senior ...,https://www.naukri.com/senior-research-engineer-jobs-in-chapra-10
Uzair Chhapra - Software Developer & Cyber Security Specialist ...,https://in.linkedin.com/in/uzc
Wabtec Corporation: Homepage,https://www.wabteccorp.com/
Data Science Course in Chhapra - Best Training Institute - Fees ...,http://quickxpertinfotech.com/data-science-course-in-chhapra
Uzair Chhapra,http://uzair.chhapra.org/
What Is a Scrum Master (and How Do I Become One)? | Coursera,https://www.coursera.org/articles/what-is-a-scrum-master
MIT Libraries,https://libraries.mit.edu/
Deepak Chopra™️ - Official Website,https://www.deepakchopra.com/
Careers | GE India,https://www.ge.com/in/careers
Jiomart jobs in Chhapra- Gujarat- 2020 | jiomart career -,https://jioguide.com/jiomart-jobs-in-chhapra-gujarat-2020-jiomart-career/
Georgia Tech Library,https://www.library.gatech.edu/
4 Cnc Operator Jobs and Vacancies in Noida - 2023,https://www.goodworker.in/cnc-operator-jobs-in-noida
Optimization Essentials for Machine Learning - Analytics Vidhya,https://www.analyticsvidhya.com/blog/2022/10/optimization-essentials-for-machine-learning/
Top 10 Laptop Repair Courses in Chhapra- Training Institutes ...,https://www.sulekha.com/laptop-repair-job-training/chhapra
NTT: Delivering digital transformation,https://services.global.ntt/en-us/
Saumya Singh - Data Engineer - Cisco | LinkedIn,https://www.linkedin.com/in/saumya-singh-26917970
Internship Jobs For Women | Work From Home Options | Full Time,https://internshala.com/internships-for-women/media-internship-in-chapra/
Careers | Pfizer: One of the world's premier biopharmaceutical ...,https://www.pfizer.com/en-in/about/careers
Tech Mahindra Machine Learning Engineer Salaries in India ...,https://www.ambitionbox.com/salaries/tech-mahindra-salaries/machine-learning-engineer
upGrad hiring Admissions Counselor in Chapra - Join leading startup,https://earlytutors.com/jobs/upgrad-admissions-counselor-in-chapra-bh/
Kids Paradise Chapra,https://www.facebook.com/kidsparadiseschoolcpr/
Alexa for Business – empower your organization with Alexa,https://aws.amazon.com/alexaforbusiness/
College of Engineering : UMass Amherst,https://www.umass.edu/engineering/
Amazon Junior Software Developer Interview Questions | Glassdoor,https://www.glassdoor.com/Interview/Amazon-Junior-Software-Developer-Interview-Questions-EI_IE6036.0,6_KO7,32.htm
Adventist Health Simi Valley | Hospital in Simi Valley,https://www.adventisthealth.org/simi-valley/
Remote Sensing | Free Full-Text | Remote Sensing of Submerged ...,https://www.mdpi.com/2072-4292/6/12/12815
Jobs in Chapra - Check Latest (61) Job Openings (February 2023 ...,https://www.quikr.com/jobs/chapra+zwqxj760939060
Deepak Chopra - Wikipedia,https://en.wikipedia.org/wiki/Deepak_Chopra
Best School Management Software System in Chhapra,https://www.techuptechnologies.com/school-management-software-system-in-chhapra/
Chapter 10 Numerical Solution Methods for Engineering Analysis,https://www.sjsu.edu/me/docs/hsu-Chapter%2010%20Numerical%20solution%20methods.pdf
Types Of Machine Learning: Supervised Vs Unsupervised Learning,https://www.softwaretestinghelp.com/types-of-machine-learning-supervised-unsupervised/
M.Tech.Data Science & Engineering – BITS Pilani,https://bits-pilani-wilp.ac.in/m-tech/cluster/data-science-and-engineering.php
My Rotary | My Rotary,https://my.rotary.org/
Native Keyword in Java - GeeksforGeeks,https://www.geeksforgeeks.org/native-keyword-java/
Md. Najmul Hasan - Spring Boot Expert and Mentor,https://www.codementor.io/@najmulcsebuet
How It's Made Nuts and bolts - YouTube,https://www.youtube.com/watch?v=3kxcw08p_oY
Best Excavator Operating Training Institute | Heavy Equipment ...,https://www.youtube.com/watch?v=IxvoyCT_stE
How To Find the Perfect Niche for Your T-Shirt Business - YouTube,https://www.youtube.com/watch?v=G96nAG8Jw0w
What is MIG Welding? (GMAW) - YouTube,https://www.youtube.com/watch?v=twUAa5LWUvk
Learn to use the hand knitting machine - YouTube,https://www.youtube.com/watch?v=eG3T05gCNI4
Top 5 Job Oriented Computer Courses | Best Computer Courses ...,https://www.youtube.com/watch?v=JfQKJNw45aI
Sewing Machine Problems In Telugu | Tips For Perfect Tailoring ...,https://www.youtube.com/watch?v=RA_br7aicWY
Aakash:1& 2 Yrs Classroom Coaching for AIPMT-AIIMS-AIEEE-IIT ...,https://www.youtube.com/watch?v=FOvipWDTm7U
MIRACULOUS | LADYBUG & CAT NOIR - THE BEGINNING | Tales ...,https://www.youtube.com/watch?v=qxBpp8S4AR4
Wo Sanam Nagpuri Wali | ओ सनम नागपुरी वाली | New Nagpuri Song ...,https://www.youtube.com/watch?v=ufQu2CHZp6g
Machine | Concrete Mixture - YouTube,https://www.youtube.com/watch?v=RM-J37ZY_6A
Linear Programming - YouTube,https://www.youtube.com/watch?v=Bzzqx1F23a8
Slipper Making Machine Manufacturer | Chappal Making Machine ...,https://www.youtube.com/watch?v=ppTCn4FeW6U
wholesale market of Designer Sarees In Classy Color Combinations ...,https://www.youtube.com/watch?v=ORROcPji7NM
Who Is Abbas Siddiqui & Why Is Congress Divided Over Alliance ...,https://www.youtube.com/watch?v=rzCLAFzLJD8
Usha Janome Foot Demo - YouTube,https://www.youtube.com/watch?v=Hk-_zcvneEU
Eckovation - #ProudMoment UNDP mentioned about the impact ...,https://m.facebook.com/story.php?story_fbid=4085419658211127&id=164624793623986
Indian Social Entrepreneurs | SpringerLink,https://link.springer.com/chapter/10.1007/978-81-322-2827-1_4
(PDF) A Stock Trend Forecast Algorithm Based on Deep Neural ...,https://www.researchgate.net/publication/353032360_A_Stock_Trend_Forecast_Algorithm_Based_on_Deep_Neural_Networks
Water quality modeling and rainfall estimation: a data driven approach,https://www.researchgate.net/profile/Mohamed-Mourad-Lafifi/post/I_am_looking_for_data_to_run_Machine_learning_algorithms_to_estimate_Dissolved_oxygen/attachment/59d64ff579197b80779a8f5b/AS%3A500483124731904%401496335883706/download/Water+quality+modeling+and+rainfall+estimation_+a+data+driven+approach.pdf
Improved Polygon Method for HIL Simulations in Real Time ...,https://www.researchgate.net/publication/354079146_Improved_Polygon_Method_for_HIL_Simulations_in_Real_Time
Towards Maqāṣid al-Sharīʿah-Based Index of Socio-Economic ...,https://www.researchgate.net/publication/335623404_Towards_Maqasid_al-Shariah-Based_Index_of_Socio-Economic_Development_An_Introduction_to_the_Issues_and_Literature
(PDF) Novel Optimization Theories and Implementations in ...,https://www.researchgate.net/publication/256752360_Novel_Optimization_Theories_and_Implementations_in_Numerical_Methods
The Concept of Big Data in Bureaucratic Service Using Sentiment ...,https://www.researchgate.net/publication/362206416_The_Concept_of_Big_Data_in_Bureaucratic_Service_Using_Sentiment_Analysis
A predictive and probabilistic load-balancing algorithm for cluster ...,https://www.researchgate.net/publication/223564873_A_predictive_and_probabilistic_load-balancing_algorithm_for_cluster-based_web_servers
Salt: The Final Frontier | Request PDF,https://www.researchgate.net/publication/235619449_Salt_The_Final_Frontier
Template for Self-Study Report - 2011-12,https://uaf.edu/assessment-review/files/sloa/cem/mechanical-engineering/2011-ME-Self-Study-Report.pdf
Search Results La,https://eh.net/page/22/?s=La
DEPARTMENT OF ACCOUNTING,https://iao.hksyu.edu/sites/default/files/handbook/FINAL_web_ACCT_handbook.pdf
फरीदाबाद मजदूर समाचार,https://libcom.org/book/export/html/37255
Afro Eurasian Studies,https://dergipark.org.tr/tr/download/issue-full-file/44779
