Title,URL
Satara Polytechnic | LinkedIn,https://in.linkedin.com/company/satara-polytechnic
Nanonets Jobs | Wellfound (formerly AngelList Talent),https://angel.co/company/nanonets/jobs
H4A Healthcare Solutions | LinkedIn,https://in.linkedin.com/company/h4a-healthcare-solutions
Machine Learning Job Vacancies in Kolhapur-Machine Learning ...,https://www.placementindia.com/job-search/machine-learning-jobs-in-kolhapur.htm
Computer Engineer Jobs In Satara Maharastra - 6459 Computer ...,https://www.naukri.com/computer-engineer-jobs-in-satara-maharastra
All jobs - Careers at Airbnb,https://careers.airbnb.com/positions/
Certara | Accelerating Medicines with Biosimulation and Tech ...,https://www.certara.com/
Wave Computing | LinkedIn,https://www.linkedin.com/company/wave-computing
Data Jobs In Satara Maharashtra - 31846 Data Job Vacancies In ...,https://www.naukri.com/data-jobs-in-satara-maharashtra
Data scientist salary in Satara- Maharashtra,https://in.indeed.com/career/data-scientist/salaries/Satara--Maharashtra
0 Full Stack Development Jobs for Freshers in Satara- Jan ...,https://internshala.com/fresher-jobs/full-stack-development-jobs-in-satara/
Machine Learning Training Course in Satara - Fees- Placements,http://quickxpert.com/machine-learning-training-course-in-satara
Kissht Finance Satara Reviews by 3 Employees | AmbitionBox,https://www.ambitionbox.com/reviews/kissht-finance-reviews/satara-location
Python Course in Satara,https://www.codingbytes.com/python-course/python-course-in-satara/
MathWorks - Makers of MATLAB and Simulink - MATLAB & Simulink,https://www.mathworks.com/
1596 Mopping Floors Jobs Openings in India,https://www.timesjobs.com/jobskill/mopping-floors-jobs
Watershed Organisation Trust (WOTR) | LinkedIn,https://uk.linkedin.com/company/watershed-organisation-trust-wotr?trk=public_profile_experience-group-header
Google Engineering Practicum Interview Questions | Glassdoor,https://www.glassdoor.com/Interview/Google-Engineering-Practicum-Interview-Questions-EI_IE9079.0,6_KO7,28.htm
(PDF) An Inclusive Look on Quality of Work Life (QWL) in Medium ...,https://www.researchgate.net/publication/285674364_An_Inclusive_Look_on_Quality_of_Work_Life_QWL_in_Medium_Scale_Unionized_Organizations
Google Reviews: What Is It Like to Work At Google? | Glassdoor,https://www.glassdoor.ca/Reviews/Google-Reviews-EI_IE9079.0,6.htm
Ahmed baseer - Teacher and Designer - Fiverr | LinkedIn,https://pk.linkedin.com/in/ahmed-baseer-742972207
Sitemaps,https://www.inc.com/sitemaps/2017/12/3
BVG India: Facility Management- Emergency Response- Solid ...,https://www.bvgindia.com/
Google Quantitative Analyst Interview Questions | Glassdoor,https://www.glassdoor.co.uk/Interview/Google-Quantitative-Analyst-Interview-Questions-EI_IE9079.0,6_KO7,27.htm
Top 50+ SEM Agencies January 2023 | Upwork,https://www.upwork.com/agencies/sem-agencies/?page=6
Data Analysis Jobs,https://www.monsterindia.com/search/data-analysis-jobs
RManagemant,https://papers.ssrn.com/sol3/Delivery.cfm/SSRN_ID2699387_code1487011.pdf?abstractid=2699387&type=2
The Tribune- Chandigarh- India - Education Tribune,https://m.tribuneindia.com/2005/20051206/edu.htm
Certification in Revenue Management,https://learning.shine.com/course/testpreps/certification-in-revenue-management/pd-6332
JobsAurangabad | Facebook,https://m.facebook.com/groups/417952868856524/
