Title,URL
Nikoo Technocast | LinkedIn,https://in.linkedin.com/company/nikoo-technocast
Kartik Khandelwal - Software Engineer- Machine Learning - Meta ...,https://www.linkedin.com/in/kartikkhandelwal
32677 Project Intern Job Vacancies In Veraval - Naukri.com,https://www.naukri.com/project-intern-jobs-in-veraval
Office Equipment Automation Jobs 2020 - Gwekaindia,https://www.gweka.com/office-equipment-automation-jobs/
The Aditya Birla Public School Salaries in Veraval | AmbitionBox,https://www.ambitionbox.com/salaries/the-aditya-birla-public-school-salaries/veraval-location
Big data architecture style - Azure Architecture Center | Microsoft Learn,https://learn.microsoft.com/en-us/azure/architecture/guide/architecture-styles/big-data
Aditya Birla Group Veraval Reviews by 198 Employees | AmbitionBox,https://www.ambitionbox.com/reviews/aditya-birla-group-reviews/veraval-location
India - Jobs at Apple (IN),https://jobs.apple.com/en-in/search?location=india-INDC
Aditya Birla Group Engineer Veraval Reviews by 8 Employees ...,https://www.ambitionbox.com/reviews/aditya-birla-group-reviews/engineer/veraval-location
Job Consultancy & Placement Services For Candidate in Veraval ...,https://www.justdial.com/Veraval/Placement-Services-Candidate/nct-10372869
Careers at Ryan,https://www.ryan.com/careers/
Job Opportunities,https://careers.adityabirla.com/job-opportunities
Martin Engineering,https://www.martin-eng.com/
On the Front Line of Climate Change- Fisherfolk Stare Into the Abyss ...,https://pulitzercenter.org/stories/front-line-climate-change-fisherfolk-stare-abyss
Universal Logistics Holdings- Inc.,https://www.universallogistics.com/
Jobs in Veraval - Check Latest (67) Job Openings (February 2023 ...,https://www.quikr.com/jobs/veraval+zwqxj760939060
1-047 Computer Commerce Education Jobs and Vacancies - 6 ...,https://in.indeed.com/Computer-Commerce-Education-jobs
Top 10 Tailoring Classes in Veraval- Stitching- Sewing Courses ...,https://www.sulekha.com/tailoring-training/veraval
Pandas Tricks: Arrange Columns Machine learning - DataMites ...,https://www.youtube.com/watch?v=RgVGUjypTQ4
Apple Engineer Interview Questions | Glassdoor,https://www.glassdoor.com/Interview/Apple-Engineer-Interview-Questions-EI_IE1138.0,5_KO6,14_IP3.htm
Hussain Akhtar - Student Collaborator - University of Bradford ...,https://uk.linkedin.com/in/hussainwakhtar?trk=public_profile_browsemap
Netafim: Irrigation Services & Solutions,https://www.netafimindia.com/
27067 Digital Projects Jobs Openings in India,https://www.timesjobs.com/jobskill/digital-projects-jobs
