Title,URL
Page 6 - Compensation Operator Jobs In Mahesana - 140 ...,https://www.naukri.com/compensation-operator-jobs-in-mahesana-6
Flu Social | LinkedIn,https://in.linkedin.com/company/flu-social
Internship with job offer in Mehsana,https://internshala.com/internships/internship-in-mehsana/ppo-true/
Internship Job Vacancies in Mehsana-Internship Openings in ...,https://www.placementindia.com/job-search/internship-jobs-in-mahesana.htm
Python Internship Jobs in Mehsana | Careerjet,https://www.careerjet.co.in/python-internship-jobs/mehsana-219623.html
Careers | Volkswagen Group,https://www.volkswagenag.com/en/career.html
Urgent: Mnc company Jobs in Mahesana - February 2023 - 122 ...,https://in.jooble.org/jobs-mnc-company/Mahesana
1-907 Unigraphics Nx- Design Engineer Jobs and Vacancies in ...,https://in.indeed.com/Unigraphics-Nx,-Design-Engineer-jobs-in-Gujarat
Urgent: Honda company Jobs in Mahesana (district) - February ...,https://in.jooble.org/jobs-honda-company/Mahesana-(district)
Careers — Sandvik Group,https://www.home.sandvik/en/careers/
The Mehsana Urban Co-operative Bank Ltd.,https://www.mucbank.com/
Amit Patel - Senior Design Manager - Analog Devices | LinkedIn,https://www.linkedin.com/in/amitp-patel
Agro Vikas Salaries in Mehsana | AmbitionBox,https://www.ambitionbox.com/salaries/agro-vikas-salaries/mehsana-location
Reliance Company Jobs in Mehsana- Gujarat (Feb 2023) - 60 ...,https://www.shine.com/job-search/reliance-company-jobs-in-mehsana
CNC Programming Training in Mehsana- Classes- Courses- Institutes,https://www.sulekha.com/cnc-programming-training/mehsana
upGrad hiring Admissions Counselor in Mehsana - Join leading ...,https://earlytutors.com/jobs/upgrad-admissions-counselor-in-mehsana-gj/
Morgan Advanced Materials: Advancing materials science,https://www.morganadvancedmaterials.com/
Genus IntelliGen Technologies,https://www.genusintelligen.com/
Dr. Jignesh Prajapati - Neuro Physician in Ahmedabad,http://www.drjigneshprajapati.com/
Gujarat Power Engineering and Research Institute,https://gperi.ac.in/
Live Project Training in Mehsana | Final Year Project Training In ...,https://www.tops-int.com/live-project-training-mehsana/
CNC Job Work in Mahesana GIDC- Mehsana | ID: 20300000488,https://www.indiamart.com/proddetail/cnc-job-work-20300000488.html
Ammann Group | LinkedIn,https://ca.linkedin.com/company/ammann-group?trk=public_profile_topcard-past-company
Adani Wilmar: Home,https://www.adaniwilmar.com/
Welcome to Musashi Auto Parts India Pvt. Ltd.,https://musashi.co.in/
