Title,URL
1522 Data Analyst Job Vacancies In Pollachi Tamilnadu - Naukri.com,https://www.naukri.com/data-analyst-jobs-in-pollachi-tamilnadu
Sarmangal Synthetics | LinkedIn,https://in.linkedin.com/company/sarmangal-synthetics
Mathematics Jobs In Pollachi Tamilnadu - 465 Mathematics Job ...,https://www.naukri.com/mathematics-jobs-in-pollachi-tamilnadu
No Jobs at Amazon in Pollachi (2023) | Glassdoor,https://www.glassdoor.com/Jobs/Amazon-Pollachi-Jobs-EI_IE6036.0,6_IL.7,15_IC2834527.htm
Data Science Internship in Pollachi | Internshala,https://internshala.com/internships/data-science-internship-in-pollachi/
Careers at Zoho Corporation,https://www.zoho.com/careers/jobdetails/?job_id=2803000614929688
Media Internship in Pollachi | Internshala,https://internshala.com/internships/media-internship-in-pollachi/
Careers at TIAA | TIAA jobs,https://careers.tiaa.org/global/en/
4 Katomaran Technologies jobs,https://www.linkedin.com/jobs/katomaran-technologies-jobs-worldwide
Job Opportunities in Pollachi (Tamil Nadu) | Hiring Now | Talent.com,https://in.talent.com/jobs?k=&l=pollachi
Careers,https://www.smarttech.com/en/careers
Artificial Intelligence Training in Pollachi- AI Training in Pollachi ...,https://www.sulekha.com/artificial-intelligence-training/pollachi
Urgent: Cnc machine operator Jobs in Pollachi - February 2023 ...,https://in.jooble.org/jobs-cnc-machine-operator/Pollachi
Careers | Sirius Computer Solutions,https://www.siriuscom.com/about-us/careers/
Carahsoft: Government IT Solutions,https://www.carahsoft.com/
Caterpillar Careers | Career Areas - Caterpillar,https://www.caterpillar.com/en/careers/career-areas.html
Freshworks careers | Explore Job Opportunities at Freshworks,https://www.freshworks.com/company/careers/
ARGO-HYTOS: A strong brand in fluid technology,https://www.argo-hytos.com/
Kusters Engineering Design Engineer 3 Salaries in Pollachi ...,https://www.ambitionbox.com/salaries/kusters-engineering-salaries/design-engineer-3/pollachi-location
Artificial Intelligence Salary in India [For Beginners & Experienced ...,https://www.upgrad.com/blog/artificial-intelligence-salary-india-beginners-experienced/
VVDN Technologies - #hiringalerts We're looking for Architects ...,https://m.facebook.com/vvdntech/photos/a.418182771551410/4951914154844893/
Onward Technologies,http://www.onwardgroup.com/
US Careers at Zoho Corporation,https://us-careers.zohorecruit.com/jobs/Careers
Jobs in Pollachi - Check Latest (143) Job Openings (February 2023 ...,https://www.quikr.com/jobs/pollachi+zwqxj760939060
Check Latest 28 Work From Home Jobs Openings In Pollachi ...,https://www.quikr.com/jobs/work-from-home+pollachi+zwqxj2034660499
Airtel Part Time Pollachi Jobs - Mitula Jobs,https://jobs.mitula.in/jobs/airtel-part-time-pollachi
Careers · Gravity Payments,https://gravitypayments.com/careers/
Top 10 Colleges for B.Tech .Artificial Intelligence &Data Science ...,https://www.youtube.com/watch?v=Qli-aGED904
(PDF) An Investigation Study on QoS and Traffic Aware Job ...,https://www.researchgate.net/publication/325815963_An_Investigation_Study_on_QoS_and_Traffic_Aware_Job_Scheduling_Techniques_with_Big_Data
Tweets with replies by Santhosh M (@santhosh_m31) / Twitter,https://mobile.twitter.com/santhosh_m31/with_replies
Tejas Networks: A Leading Global Optical Networking Products ...,https://www.tejasnetworks.com/
Netafim: Irrigation Services & Solutions,https://www.netafimindia.com/
Dynamatic Technologies Limited,https://dynamatics.com/
Easy Buy & Easy Sell | Facebook,https://www.facebook.com/groups/181158805990902/
Winter/Spring 2012,https://scholar.valpo.edu/cgi/viewcontent.cgi?article=1133&context=jvbl
