Title,URL
Data scientist salary in Nellore- Andhra Pradesh,https://in.indeed.com/career/data-scientist/salaries/Nellore--Andhra-Pradesh
Machine Learning Course in Nellore - Best Training Institute - Fees ...,http://quickxpertinfotech.com/machine-learning-course-in-nellore
20 Best Freelance Java Developers For Hire Near Nellore- IN ...,https://www.upwork.com/l/in/java-developers-in-nellore/
Naveen Nellore - Senior Big Data Developer - Tata Consultancy ...,https://in.linkedin.com/in/naveen-nellore-935108b3
SivaSundeep Nellore - Coppell- Texas- United States | Professional ...,https://www.linkedin.com/in/sivasundeep-nellore
Abhi Nellore (@AbhiNellore) / Twitter,https://twitter.com/AbhiNellore
Naveen Nellore - Senior Manager QA Engineering - Akamai ...,https://www.linkedin.com/in/naveen-nellore-9582862
Omasy Research hiring Clinical Sas Programmer in Nellore- Andhra ...,https://in.linkedin.com/jobs/view/clinical-sas-programmer-at-omasy-research-3390125600
Flex Jobs in Nellore- Andhra Pradesh (Feb 2023) - 164 Flex ...,https://www.shine.com/job-search/flex-jobs-in-nellore
Siva Sai Nellore – BMC Software | Blogs,https://www.bmc.com/blogs/author/siva_sai_nellore/
Nellore- India Chapter - Omdena,https://omdena.com/local-chapters/nellore-india-chapter/
Computer Science Internship in Nellore | Internshala,https://internshala.com/internships/computer-science-internship-in-nellore/
Data Science Training in Nellore- Course Fees- Certification | Sulekha,https://www.sulekha.com/data-science-certification-training/nellore
1 Finance Jobs for Freshers in Nellore- Jan | Internshala,https://internshala.com/fresher-jobs/finance-jobs-in-Nellore/
Jobs and Career I Siemens Gamesa,https://www.siemensgamesa.com/en-int/career
0 HR Jobs for Freshers in Nellore- Jan | Internshala,https://internshala.com/fresher-jobs/hr-jobs-in-Nellore/
Nellore Genotyping Allows Brazilian Beef Industry to Flourish,https://www.illumina.com/science/customer-stories/icommunity-customer-interviews-case-studies/lobo-ancp-interview-nellore-genotyping.html
Retail | Amazon.jobs,https://www.amazon.jobs/en/business_categories/retail
Terralogic - Software Development and IT Services Company,https://terralogic.com/
Bachelor of Technology (B.Tech.) CSE in Artificial Intelligence and ...,https://universitykart.com/university/universitycourse/svcn-nellore/b-tech-cse-in-artificial-intelligence-and-machine-learning
SPSR Nellore District Mega Job Mela on Dec 9th,https://education.sakshi.com/en/jobs/pvt-jobs/spsr-nellore-district-mega-job-mela-121287
data science Jobs in Nellore,https://www.timesjobs.com/jobskill/data-science-jobs-in-nellore
Software Engineer Salary in Nellore | AmbitionBox,https://www.ambitionbox.com/profile/software-engineer-salary/nellore-location
Tweets with replies by Vamshi Vedantham (@vamsykrishnavvs ...,https://mobile.twitter.com/vamsykrishnavvs/with_replies
Rail-RNA: Scalable analysis of RNA-seq splicing and coverage ...,https://www.researchgate.net/publication/307625861_Rail-RNA_Scalable_analysis_of_RNA-seq_splicing_and_coverage
DBS Bank Senior Officer Interview Questions | Glassdoor,https://www.glassdoor.com/Interview/DBS-Bank-Senior-Officer-Interview-Questions-EI_IE611812.0,8_KO9,23.htm
DBS Bank Sr Officer Interview Questions | Glassdoor,https://www.glassdoor.com/Interview/DBS-Bank-Sr-Officer-Interview-Questions-EI_IE611812.0,8_KO9,19.htm
Automatic apple slicer - YouTube,https://www.youtube.com/watch?v=OBcWzb_hnqc
Erp Data Jobs in India - TimesJobs,https://m.timesjobs.com/jobskill/erp-data-jobs
Rail-RNA: scalable analysis of RNA-seq splicing and coverage ...,https://europepmc.org/article/med/27592709
emr · GitHub Topics · GitHub,https://github.com/topics/emr?o=desc&s=
Vishnu Vardhan Dadi – Student Assistant – Escarda Technologies ...,https://de.linkedin.com/in/vishnu-vardhan-dadi-287264168
and Applications******International Journal of Engineering Research,https://www.ijera.com/pages/certi-volume-9-issue-4.html
