Title,URL
0 Media Jobs for Freshers in Etawah- Feb | Internshala,https://internshala.com/fresher-jobs/media-jobs-in-Etawah/
upGrad hiring Admissions Counselor in Etawah - Join leading startup,https://earlytutors.com/jobs/upgrad-admissions-counselor-in-etawah-up/
2 Fresher Jobs in Etawah- February | Internshala,https://internshala.com/fresher-jobs/jobs-in-Etawah/
Modeling & Optimization | Amazon.jobs,https://amazon.jobs/en/teams/mop
Operator & Technician Jobs in Etawah,https://www.olx.in/etawah_g4059272/operator-technician_c731
2174 Guest Faculty Job Vacancies In Etawah Up - Naukri.com,https://www.naukri.com/guest-faculty-jobs-in-etawah-up
Top 10 Share Market Courses in Etawah- Training Classes ...,https://www.sulekha.com/share-marketing-job-training/etawah
Raj - Etawah- : Job Title : COMPUTER TEACHER Location : Etawah ...,https://www.superprof.ng/job-title-computer-teacher-location-etawah-job-profile-graduation-computer-diploma-educational-professional-qualification.html
Predicting House Prices with Machine Learning | by John Ade-Ojo ...,https://towardsdatascience.com/predicting-house-prices-with-machine-learning-62d5bcd0d68f
141 Service Engineer Packaging Machine Jobs and Vacancies - 6 ...,https://in.indeed.com/Service-Engineer-Packaging-Machine-jobs
Artificial Intelligence Training Course in Etawah - Fees- Placements,http://quickxpert.com/artificial-intelligence-training-course-in-etawah
Reliance Jiomart jobs in Etawah- 2020 | jiomart jobs | Jio career -,https://jioguide.com/reliance-jio-jobs-in-etawah-2020-jio-jobs-jio-career/
Latest Job Vacancies | Search and apply | Diageo Careers,https://www.diageo.com/en/careers/search-and-apply
Sumer Joshi - Software Engineer - Rally Health | LinkedIn,https://www.linkedin.com/in/sumer-joshi-74388916
Find Manufacturing Companies in Etawah - Dun & Bradstreet,https://www.dnb.com/business-directory/company-information.manufacturing.in.uttar_pradesh.etawah.html?page=1
On-the-job training - Wikipedia,https://en.wikipedia.org/wiki/On-the-job_training
Power BI Desktop—Interactive Reports | Microsoft Power BI,https://powerbi.microsoft.com/en-us/desktop/
Mother Dairy Fruit & Vegetable Etawah Reviews by 23 Employees ...,https://www.ambitionbox.com/reviews/mother-dairy-fruit-and-vegetable-pvt-dot-ltd-reviews/etawah-location
Top Computer Classes in Etawah New City - Best Computer ...,https://www.justdial.com/Etawah/Computer-Training-Institutes-in-Etawah-New-City/nct-10124277
Allot: Network Intelligence & Security Solutions - Know it. Control it ...,https://www.allot.com/
Build Highly Interactive E-Learning Courses with ... - Articulate 360,https://articulate.com/360/storyline
Plastic Injection Molding - YouTube,https://www.youtube.com/watch?v=RMjtmsr3CqA
Adani Wilmar: Home,https://www.adaniwilmar.com/
DJI Enterprise - Drone Solutions for a New Generation of Work ...,https://www.youtube.com/watch?v=ljDGjXdVX8M
What To Do After PhD ? Opening Career Options- Courses- Jobs ...,https://sites.google.com/site/honorarydegreeacademics/what-to-do-after-phd-opening-career-options-courses-jobs-salary-promotion
History of John Deere Tractors | John Deere - YouTube,https://www.youtube.com/watch?v=PUlfURGkQxc
Race- Gender and Ethnicity Studies | Apply for Doctrin of Education ...,https://sites.google.com/site/honorarydegreeacademics/race-gender-and-ethnicity-studies-apply-for-doctrin-of-education-edd
SBI ATM: Cash withdrawal through Automated Teller Machine ...,https://www.youtube.com/watch?v=YjzlP5wKBTY
Apply for Honorary DSc for Application Engineer - Honorary Awards,https://sites.google.com/site/honorarydegreeacademics/apply-for-honorary-dsc-for-application-engineer
Race- Gender and Ethnicity Studies | Apply for Doctrin of Education ...,https://sites.google.com/site/honorarydegreeacademics/race-gender-and-ethnicity-studies-apply-for-doctrin-of-education-edd
Apply for Honorary DSc for Application Engineer - Honorary Awards,https://sites.google.com/site/honorarydegreeacademics/apply-for-honorary-dsc-for-application-engineer
Software Engineer | Apply for Honorary D.Eng. Award (Doctrin de ...,https://sites.google.com/site/honorarydegreeacademics/software-engineer-apply-for-honorary-d-eng-award-doctrin-de-engineering-award-honoris-causa
Dairy Technology | How to Apply for Honorary DSc (Doctrin de ...,https://sites.google.com/site/honorarydegreeacademics/dairy-technology-how-to-apply-for-honorary-dsc-doctrin-de-science-award-honoris-causa-in-dairy-technology
Ethnopharmacology | Apply for Honorary DSc in ...,https://sites.google.com/site/honorarydegreeacademics/ethnopharmacology-apply-for-honorary-dsc-in-ethnopharmacology-admission-announcement
Famous Neurologists | World Renowned Doctors in Neurology ...,https://sites.google.com/site/honorarydegreeacademics/famous-neurologists-world-renowned-doctors-in-neurology
University of Calcutta | Biswaraj Datta Conferred with Honorary PhD ...,https://sites.google.com/site/honorarydegreeacademics/university-of-calcutta-biswaraj-datta-conferred-with-honorary-phd-in-business-administration
Cleveland Clinic | Apply for Honorary Doctor of Medicine (Dr. Med ...,https://sites.google.com/site/honorarydegreeacademics/cleveland-clinic-apply-for-honorary-doctor-of-medicine-dr-med
Indian Institute of Hotel Management | Biswaraj Datta Conferred with ...,https://sites.google.com/site/honorarydegreeacademics/indian-institute-of-hotel-management-biswaraj-datta-conferred-with-honorary-phd-in-business-administration
How to conduct legal analysis and research on various legal matters ...,https://sites.google.com/site/honorarydegreeacademics/how-to-conduct-legal-analysis-and-research-on-various-legal-matters
Robotics | Apply for Honorary D.Eng. Award (Doctrin de Engineering ...,https://sites.google.com/site/honorarydegreeacademics/robotics-apply-for-honorary-d-eng-award-doctrin-de-engineering-award-honoris-causa-in-robotics
American Dental Association (ADA) | Apply for Honorary Doctor of ...,https://sites.google.com/site/honorarydegreeacademics/american-dental-association-ada-apply-for-honorary-doctor-of-medicine-dr-med
Australian Medical Association | Apply for Honorary Doctor of Medicine,https://sites.google.com/site/honorarydegreeacademics/australian-medical-association-apply-for-honorary-doctor-of-medicine
Apply for Honorary PhD in Mining Engineering - Honorary Awards,https://sites.google.com/site/honorarydegreeacademics/apply-for-honorary-phd-in-mining-engineering
After MS in General Surgery Apply for Honorary Doctor of Medicine ...,https://sites.google.com/site/honorarydegreeacademics/after-ms-in-general-surgery-apply-for-honorary-doctor-of-medicine
Bedford Trust Hospital | Apply for Honorary Doctor of Medicine (Dr ...,https://sites.google.com/site/honorarydegreeacademics/bedford-trust-hospital-apply-for-honorary-doctor-of-medicine-dr-med
Apply for Honorary D.Sc in Fisheries - Honorary Awards,https://sites.google.com/site/honorarydegreeacademics/apply-for-honorary-d-sc-in-fisheries
Gender- Sexuality- HIV/AIDS and Human Rights: From Seoul- South ...,https://sites.google.com/site/honorarydegreeacademics/gender-sexuality-hiv-aids-and-human-rights-from-seoul-south-korea-and-japan
Apply for Honorary PhD | National Park Conservation Program ...,https://sites.google.com/site/honorarydegreeacademics/apply-for-honorary-phd-national-park-conservation-program
Poultry Products and Marketing | How to Apply for Honorary DSc ...,https://sites.google.com/site/honorarydegreeacademics/poultry-products-and-marketing-how-to-apply-for-honorary-dsc-doctrin-de-science-award-honoris-causa-in-poultry-products-and-marketing
Solicitar Honorario D. Litt. en lengua y literatura españolas ...,https://sites.google.com/site/honorarydegreeacademics/solicitar-honorario-d-litt-en-lengua-y-literatura-espanolas
Apply for Honorary D.Sc in Sheep and Wool Research - Honorary ...,https://sites.google.com/site/honorarydegreeacademics/apply-for-honorary-d-sc-in-sheep-and-wool-research
Apply for Honorary D.Sc in Columbia- United States | Admission ...,https://sites.google.com/site/honorarydegreeacademics/apply-for-honorary-d-sc-in-columbia-united-states-admission-announcement
Most Popular Dermatologists | World Renowned Doctors in ...,https://sites.google.com/site/honorarydegreeacademics/most-popular-dermatologists-world-renowned-doctors-in-dermatology
European Mycology Research Award - Honorary Awards,https://sites.google.com/site/honorarydegreeacademics/european-mycology-research-award
Apply for Honorary DSc in Occupational & Physical Therapy ...,https://sites.google.com/site/honorarydegreeacademics/apply-for-honorary-dsc-in-occupational-physical-therapy
Apply for Honorary DSc in Orthopaedics and Traumatology ...,https://sites.google.com/site/honorarydegreeacademics/apply-for-honorary-dsc-in-orthopaedics-and-traumatology
Post Doctorate Fellow in Oregon | Apply for Honorary D.Sc ...,https://sites.google.com/site/honorarydegreeacademics/post-doctorate-fellow-in-oregon-apply-for-honorary-d-sc
Legal Specialization in Cyber Law | How to Apply? - Honorary Awards,https://sites.google.com/site/honorarydegreeacademics/legal-specialization-in-cyber-law-how-to-apply
Nursing and Midwifery | Apply for Honorary DSc in Nursing and ...,https://sites.google.com/site/honorarydegreeacademics/nursing-and-midwifery-apply-for-honorary-dsc-in-nursing-and-midwifery
What are Challenges to United States Economy after COVID-19 ...,https://sites.google.com/site/honorarydegreeacademics/what-are-challenges-to-united-states-economy-after-covid-19-coronavirus-outbreak-in-china-apply-for-honorary-phd-with-your-logical-answer
Apply for Honorary Doctor of Medicine (Dr. Med.) for Orthopedic ...,https://sites.google.com/site/honorarydegreeacademics/apply-for-honorary-doctor-of-medicine-dr-med-for-orthopedic-surgeon-orthopedist
How to choose a Law Firm? | What is Legal Practice area ...,https://sites.google.com/site/honorarydegreeacademics/how-to-choose-a-law-firm-what-is-legal-practice-area
Application For Honorary DSc in Mechanical Engineering ...,https://sites.google.com/site/honorarydegreeacademics/application-for-honorary-dsc-in-mechanical-engineering
Pharmacy Stores | How to Apply for Honorary DSc (Doctrin de ...,https://sites.google.com/site/honorarydegreeacademics/pharmacy-stores-how-to-apply-for-honorary-dsc-doctrin-de-science-award-honoris-causa-in-pharmacy
Apply for Honorary PhD in Mechanical Engineering - Honorary Awards,https://sites.google.com/site/honorarydegreeacademics/apply-for-honorary-phd-in-mechanical-engineering
Psychologists | Apply for Honorary DSc - Honorary Awards,https://sites.google.com/site/honorarydegreeacademics/psychologists-apply-for-honorary-dsc
Sexual Harassment | What are Legal Procedures and Guidelines ...,https://sites.google.com/site/honorarydegreeacademics/sexual-harassment-what-are-legal-procedures-and-guidelines
How could Wuhan- China become epicentre of COVID-19 ...,https://sites.google.com/site/honorarydegreeacademics/how-could-wuhan-become-epicentre-of-covid-19-coronavirus-outbreak-apply-for-honorary-phd-with-your-logical-answer
Apply for Honorary Doctor of Medicine (Dr. Med.) for Rheumatologist ...,https://sites.google.com/site/honorarydegreeacademics/apply-for-honorary-doctor-of-medicine-dr-med-for-rheumatologist
Clinical Psychiatrist | Apply for Honorary DSc - Honorary Awards,https://sites.google.com/site/honorarydegreeacademics/clinical-psychiatrist-apply-for-honorary-dsc
Legal Consultants in Legal Services | Apply for Honorary LLD Award ...,https://sites.google.com/site/honorarydegreeacademics/legal-consultants-in-legal-services-apply-for-honorary-lld-award-in-law-practice-area
Apply for Honorary Doctor of Medicine (Dr. Med.) for Parasitologist ...,https://sites.google.com/site/honorarydegreeacademics/apply-for-honorary-doctor-of-medicine-dr-med-for-parasitologist
How To Publish Research Article to Earn PhD Degree | 4 Step ...,https://sites.google.com/site/honorarydegreeacademics/how-to-publish-research-article-to-earn-phd-degree-4-step-literature-guideline
Apply for Honorary PhD | Uniwersytet Wrocławski Poland .pl ...,https://sites.google.com/site/honorarydegreeacademics/apply-for-honorary-phd-uniwersytet-wroclawski-poland-pl
How to Become a Certified Yoga Trainer - Honorary Awards,https://sites.google.com/site/honorarydegreeacademics/how-to-become-a-certified-yoga-trainer
Confucianism | Apply for Honorary ThD (Doctrin de Theology Award ...,https://sites.google.com/site/honorarydegreeacademics/confucianism-apply-for-honorary-thd-doctrin-de-theology-award
Ecologist | Apply for Honorary PhD | Vacancy for Honorary PhD for ...,https://sites.google.com/site/honorarydegreeacademics/ecologist-apply-for-honorary-phd-vacancy-for-honorary-phd-for-ecologist
Application for Honorary D.Sc in Entomology - Honorary Awards,https://sites.google.com/site/honorarydegreeacademics/application-for-honorary-d-sc-in-entomology
Apply for Honorary Doctor of Medicine (Dr. Med.) for Pulmonologist ...,https://sites.google.com/site/honorarydegreeacademics/apply-for-honorary-doctor-of-medicine-dr-med-for-pulmonologist
Apply For Honorary PhD for School Principal | School Education ...,https://sites.google.com/site/honorarydegreeacademics/apply-for-honorary-phd-for-school-principal-school-education-development-program
Apply for Honorary PhD | Uniwersytet Gdański Poland .pl - Honorary ...,https://sites.google.com/site/honorarydegreeacademics/apply-for-honorary-phd-uniwersytet-gdanski-poland-pl
Advances in Applied Mathematics - Honorary Awards,https://sites.google.com/site/honorarydegreeacademics/advances-in-applied-mathematics
United Kingdom Chambers specialized in litigation and legal advice ...,https://sites.google.com/site/honorarydegreeacademics/united-kingdom-chambers-specialized-in-litigation-and-legal-advice-on-uk-laws
Apply for Honorary PhD in Engineering and D.Eng. | Engineering ...,https://sites.google.com/site/honorarydegreeacademics/apply-for-honorary-phd-in-engineering-and-d-eng-engineering-colleges-in-south-korea
Application For Honorary DSc in Pulmonary Disease Internal Medicine,https://sites.google.com/site/honorarydegreeacademics/application-for-honorary-dsc-in-pulmonary-disease-internal-medicine
Research Students | Apply for Honorary DSc - Honorary Awards,https://sites.google.com/site/honorarydegreeacademics/research-students-apply-for-honorary-dsc
Apply for Honorary Doctor of Medicine (Dr. Med.) for Neonatologist ...,https://sites.google.com/site/honorarydegreeacademics/apply-for-honorary-doctor-of-medicine-dr-med-for-neonatologist
Indonesia Dental Council | Apply for Honorary Doctor of Medicine ...,https://sites.google.com/site/honorarydegreeacademics/indonesia-dental-council-apply-for-honorary-doctor-of-medicine-dr-med
Mathematical Archive and Mathematical Reviews - Honorary Awards,https://sites.google.com/site/honorarydegreeacademics/mathematical-archive-and-mathematical-reviews
Experience in MRI- CT Scan- X Ray with research publications in ...,https://sites.google.com/site/honorarydegreeacademics/experience-in-mri-ct-scan-x-ray-with-research-publications-in-journals-apply-for-honorary-ph-d
Apply for Honorary Doctor of Medicine (Dr. Med.) for Palliative Care ...,https://sites.google.com/site/honorarydegreeacademics/apply-for-honorary-doctor-of-medicine-dr-med-for-palliative-care-specialist
Apply for Honorary D.Sc in Goat Research - Honorary Awards,https://sites.google.com/site/honorarydegreeacademics/apply-for-honorary-d-sc-in-goat-research
Honorary Doctorates from Europe | Apply for Honorary D.Sc ...,https://sites.google.com/site/honorarydegreeacademics/honorary-doctorates-from-europe-apply-for-honorary-d-sc
Application For Honorary DSc in Medical Genetics - Honorary Awards,https://sites.google.com/site/honorarydegreeacademics/application-for-honorary-dsc-in-medical-genetics
Lawyers In United Kingdom - Competitive Fees - Honorary Awards,https://sites.google.com/site/honorarydegreeacademics/lawyers-in-united-kingdom---competitive-fees
Apply for Award of Honorary DSc in Gerontology (Doctrin De ...,https://sites.google.com/site/honorarydegreeacademics/apply-for-award-of-honorary-dsc-in-gerontology-doctrin-de-science-award-honoris-causa
Application For Honorary DSc in Environmental Engineering ...,https://sites.google.com/site/honorarydegreeacademics/application-for-honorary-dsc-in-environmental-engineering
Apply for Honorary Doctor of Medicine (Dr. Med.) for Spinal Cord ...,https://sites.google.com/site/honorarydegreeacademics/apply-for-honorary-doctor-of-medicine-dr-med-for-spinal-cord-injury-specialist
