Title,URL
Machine Learning Jobs In Tirunelveli Vellore - 6 Machine Learning ...,https://www.naukri.com/machine-learning-jobs-in-tirunelveli-vellore
Data Scientist Jobs in Vellore- ON (with Salaries) 2022 | Indeed.com ...,https://ca.indeed.com/Data-Scientist-jobs-in-Vellore,-ON
Wonder Worth Solutions hiring L3/L4 - MACHINE LEARNING ...,https://in.linkedin.com/jobs/view/l3-l4-machine-learning-engineers-at-wonder-worth-solutions-3337485488
Raushan Kumar - Principal Software Engineer - Microsoft | LinkedIn,https://www.linkedin.com/in/raushank
21 Computer jobs in Vellore- Tamil Nadu- India,https://in.linkedin.com/jobs/computer-jobs-vellore
761 Machine Learning Jobs and Vacancies in Tamil Nadu - 5 ...,https://in.indeed.com/Machine-Learning-jobs-in-Tamil-Nadu
12 Developer jobs in Vellore- Tamil Nadu- India,https://in.linkedin.com/jobs/developer-jobs-vellore
Unnikrishnan Menon - Machine Learning Engineer II - Raven ...,https://www.linkedin.com/in/unnikrishnan-menon/
15 Ai Engineer Jobs and Vacancies in Vellore- Tamil Nadu - 14 ...,https://in.indeed.com/AI-Engineer-jobs-in-Vellore,-Tamil-Nadu
Inside Praneet Dutta's ML Journey From Vellore To Google DeepMind,https://analyticsindiamag.com/inside-praneet-duttas-ml-journey-from-vellore-to-google-deepmind/
Ranking of Supplier Performance Using Machine Learning ...,https://papers.ssrn.com/sol3/papers.cfm?abstract_id=3628378
Prediction of Work-Related Risk Factors among Bus Drivers Using ...,https://pubmed.ncbi.nlm.nih.gov/36429898/
Teaching assistant for machine learning Jobs | Glassdoor,https://www.glassdoor.co.in/Job/teaching-assistant-for-machine-learning-jobs-SRCH_KO0,39.htm
Ram Yoogesh G. - Machine Learning Engineer 2 - Epic for Kids ...,https://ca.linkedin.com/in/ramyoogesh
Vacancy for Research Associate at Vellore Institute of Technology ...,https://www.pharmatutor.org/content/april-2022/vacancy-for-research-associate-at-vellore-institute-of-technology
A Machine Learning approach for automation of Resume ...,https://www.sciencedirect.com/science/article/pii/S187705092030750X/pdf?md5=f108828b0945aff4e4df03811ce3e57e&pid=1-s2.0-S187705092030750X-main.pdf
Gayatri Pradhan - Machine Learning Engineer - Xailient Inc. | LinkedIn,https://au.linkedin.com/in/gayatri-pradhan
Computer Science and Engineering with specialization in Artificial ...,https://www.topuniversities.com/vellore-institute-technology-vit/computer-science-engineering-specialization-artificial-intelligence-machine-learning
17 Best Freelance C++ Programmers & Developers For Hire Near ...,https://www.upwork.com/hire/c-plus-plus-programmers/in/vellore/
L3/L4 - MACHINE LEARNING ENGINEER Jobs Opening in Wonder ...,https://www.freshersworld.com/jobs/l3-l4-machine-learning-engineer-jobs-opening-in-wonder-worth-solutions-at-vellore-1622298
Assistant Professor/Associate Professor/Professor- Math job with ...,https://www.timeshighereducation.com/unijobs/listing/325057/assistant-professor-associate-professor-professor-math/
Wonder Worth Solutions Pvt Ltd is hiring L3/L4 - MACHINE ...,https://cutshort.io/job/L3-L4-MACHINE-LEARNING-ENGINEERS-Vellore-Wonder-Worth-Solutions-Pvt-Ltd-NImEJGU5
Best 12 Machine Learning Bachelor's Degrees in India 2023 ...,https://www.bachelorsportal.com/study-options/270205259/machine-learning-india.html
Job search | Amazon.jobs,https://www.amazon.jobs/en/search?base_query=&loc_query=Tamil+Nadu%2C+India&region=Tamil+Nadu&country=IND
Best 25 Machine Learning Master's Degrees in India 2023 ...,https://www.mastersportal.com/study-options/270205259/machine-learning-india.html
Top AIML Colleges in Vellore - 2023 Updated - List,https://www.university.youth4work.com/colleges-4-aiml,artificial+intelligence+and+machine+learning-in-vellore
20 Best jobs in Vellore- Tamil Nadu (Hiring Now!) | SimplyHired,https://www.simplyhired.co.in/search?l=vellore%2C+tamil+nadu
Computer Science Internship in Vellore | Internshala,https://internshala.com/internships/computer-science-internship-in-vellore/
Which VIT would be best for CS in artificial Intelligence and Machine ...,https://www.quora.com/Which-VIT-would-be-best-for-CS-in-artificial-Intelligence-and-Machine-Learning
82 positions at VELLORE INSTITUTE OF TECHNOLOGY ...,https://scholarshipdb.net/scholarships-at-VELLORE-INSTITUTE-OF-TECHNOLOGY
Machine Learning Training Course in Vellore - Fees- Placements,http://quickxpert.com/machine-learning-training-course-in-vellore
Vellore Ads (@velloreads) • Instagram photos and videos,https://www.instagram.com/velloreads/?hl=en
(PDF) Enhanced Resource Allocation and Workload Management ...,https://www.researchgate.net/publication/341830580_Enhanced_Resource_Allocation_and_Workload_Management_using_Reinforcement_Learning_Method_for_Cloud_Environment
A Platform for Machine Learning. Our general assumption is that ...,https://medium.com/@dattaraj/a-platform-for-machine-learning-791f76a7f14a
protein structure // Mizzou Engineering,https://engineering.missouri.edu/tag/protein-structure/
Microsoft Senior Program Manager Reviews | Glassdoor,https://www.glassdoor.com/Reviews/Microsoft-Senior-Program-Manager-Reviews-EI_IE1651.0,9_KO10,32_IP3.htm
Untitled,https://www.indianjournals.com/ijor.aspx?target=ijor:ije&volume=80&issue=2&article=018
Arm Interview Questions | Glassdoor,https://www.glassdoor.co.uk/Interview/Arm-Interview-Questions-E7834_P3.htm
NBER Working Papers - EconPapers,https://econpapers.repec.org/paper/nbrnberwo/default29.htm
Comparative Study on Marks Prediction using Data Mining and ...,http://search.proquest.com/openview/c9fc7dca835b5e39387c08884fc18921/1?pq-origsite=gscholar&cbl=1606379
Socioeconomic impact due to COVID-19: An empirical assessment ...,https://europepmc.org/article/pmc/pmc8829432
Secondary SGML lessons - 19 teachers available,https://www.superprof.co.uk/lessons/sgml/united-kingdom/secondary/
DeePKS+ABACUS as a Bridge between Expensive Quantum ...,https://deepai.org/publication/deepks-abacus-as-a-bridge-between-expensive-quantum-mechanical-models-and-machine-learning-potentials
From the Editors,https://www.computer.org/csdl/magazine/it/2021/03/09464114/1uHcnAyNxYs
AISC 207 - OGSA-DAI Extension for Executing External Jobs in ...,https://link.springer.com/content/pdf/10.1007%2F978-3-642-37169-1_15.pdf
Performance Assessment of Certain Machine Learning Models for ...,https://go.gale.com/ps/i.do?id=GALE%7CA696907857&sid=googleScholar&v=2.1&it=r&linkaccess=abs&issn=16875265&p=AONE&sw=w
