Title,URL
Annamacharya Institute of Technology & Sciences Rajampet ...,https://www.facultytick.com/2022/04/12/annamacharya-institute-of-technology-sciences-rajampet-applications-are-invited-from-eligible-candidates-for-the-following-post-of-teaching-faculty-recruitment/
Artificial Intelligence And Machine Learning | AITS Rajampet,https://aitsrajampet.ac.in/artificial-intelligence-and-machine-learning
Rspace International | LinkedIn,https://in.linkedin.com/company/rspace-international
5 Tips to boost your resume for a Dream Job,https://aitsrajampet.ac.in/5-tips-to-boost-your-resume-for-a-dream-job
NK Group of Industries | LinkedIn,https://in.linkedin.com/company/nk-group-of-industries
Minimizing the total completion time on a multi-machine FMS using ...,https://dl.acm.org/doi/abs/10.1007/s00500-021-06411-y
Decyl Inc | LinkedIn,https://www.linkedin.com/company/decyl
Top Engineering Colleges in AP | Become an Engineer Here,https://annamacharyagroup.org/admissions/
Annamacharya Institute of Technology and Sciences- Rajampet ...,https://www.facultyplus.com/annamacharya-institute-of-technology-and-sciences-wanted-professor-associate-professor-assistant-professor/
Careers at Mphasis | Explore Technology and IT Careers at Mphasis,https://careers.mphasis.com/
PHP MYSQL Jobs in Rajampet Archives | PHP Training in Kolkata ...,https://www.acesoftech.com/tag/php-mysql-jobs-in-rajampet/
Video Gallery | AITS Rajampet,https://www.aitsrajampet.ac.in/video-gallery/
AITS Rajampet Cutoff,https://collegedunia.com/college/12838-annamacharya-institute-of-technology-and-science-aits-rajampet/cutoff
Qlik Sense jobs,https://www.naukri.com/qlik-sense-jobs
Participate in Hackathons- bring change and even solve business ...,https://www.hackerearth.com/challenges/hackathon/
Name of Faculty Dr. Kadiyala Ramana Designation Associate ...,https://www.cbit.ac.in/wp-content/uploads/2019/04/ITD_K.Ramana_May-2022.pdf
AITS Rajampet Courses & Fees Structure 2023: Duration- Seats ...,https://www.careers360.com/colleges/annamacharya-institute-of-technology-and-sciences-rajampet/courses
What does a Office Clerk do and How to Become an Office Clerk,https://www.yourfreecareertest.com/office-clerk/
B.Tech. in Civil Engineering at Annamacharya Institute of ...,https://www.shiksha.com/college/annamacharya-institute-of-technology-and-sciences-rajampet-kadapa-46594/course-b-tech-in-civil-engineering-228853
CCTV Technology Handbook,https://www.dhs.gov/sites/default/files/publications/CCTV-Tech-HBK_0713-508.pdf
M.Tech.Data Science & Engineering – BITS Pilani,https://bits-pilani-wilp.ac.in/m-tech/cluster/data-science-and-engineering.php
Chakravarthi Menta - Database Specialist - Flag Asset Management ...,https://au.linkedin.com/in/chakravarthi-menta-a515b339
Annamacharya Institute of Technology & Sciences Rajampet ...,https://www.ambitionbox.com/reviews/annamacharya-institute-of-technology-and-sciences-reviews/rajampet-location
Startup Internship at Rjwada • Delhi • Delhi • Remote (Work from ...,https://angel.co/company/rjwada/jobs/2312432-startup-internship
Salesforce Certification Training Course - Simplilearn,https://www.simplilearn.com/salesforce/salesforce-administrator-and-developer-training
APSSDC,http://engineering.apssdc.in/
An Improved Task Allocation Scheme in Serverless Computing ...,https://www.researchgate.net/publication/346034888_An_Improved_Task_Allocation_Scheme_in_Serverless_Computing_Using_Gray_Wolf_Optimization_GWO_Based_Reinforcement_Learning_RIL_Approach
About ABS « Advanced Business Solutions,https://www.advancedbusinesssolutions.com/about-abs/
Top Security Services in Rajampet Kadapa - Best Security Guard ...,https://www.justdial.com/Kadapa/Security-Services-in-Rajampet-Kadapa/nct-10426615
Biomedical Diagnosis of Breast Cancer Using Deep Learning and ...,https://www.mdpi.com/2075-4418/12/11/2863
VOL 11 ISSUE 4 2022,http://journalstd.com/VOL-11-ISSUE-4-2022/
Sree Vidyanikethan Engineering College: Home,https://www.svec.education/
AITS- Rajampet- a Self-contained Campus.,https://www.facebook.com/media/set/?set=a.1178338012333283&type=3
VOLUME 8 ISSUE 9 2021 – Gis science journal,https://gisscience.net/volume-8-issue-9-2021/
Artificial Intelligence: In India- 60% Of Businesses Will Combine ...,https://www.inventiva.co.in/trends/artificial-intelligence-business-2026/
Amit Kumar Stefan Mozar Editors Proceedings of the 2nd ...,https://link.springer.com/content/pdf/10.1007/978-981-13-8715-9.pdf
