Title,URL
Artificial Intelligence and Data Science Department -ECB Bikaner,https://www.ecb.ac.in/department/ai_ds.php?info=scope
From Bikaner to the big fours: How Trailhead helped change this ...,https://yourstory.com/2019/11/bikaner-big-fours-trailhead-change-engineer
Java Developer Jobs In Bikaner,https://www.naukri.com/java-developer-jobs-in-bikaner
Saumya Saran - Senior Software Engineer- Machine Learning - C3 ...,https://www.linkedin.com/in/saumya-saran-062a7079
Design internship in Bikaner with job offer,https://internshala.com/internships/design-internship-in-bikaner/ppo-true/
Aishwarya Sharma - Software Engineer - Microsoft | LinkedIn,https://www.linkedin.com/in/aishwaryasharma27
Fashion Design internship in Bikaner with job offer,https://internshala.com/internships/fashion-design-internship-in-bikaner/ppo-true/
Top 10 Bank Security Guards Jobs in Bikaner- ATM Security Jobs ...,https://www.sulekha.com/bank-atm-security-guards-jobs/bikaner
2 Fresher Jobs in Bikaner- February | Internshala,https://internshala.com/fresher-jobs/jobs-in-Bikaner/
Rajasthan: New courses in Kota- Bikaner universities to prepare ...,https://timesofindia.indiatimes.com/city/jaipur/new-courses-in-kota-bikaner-varsities-to-prepare-youths-for-the-job-market/articleshow/85577892.cms
0 Marketing/Sales Jobs for Freshers in Bikaner- Feb | Internshala,https://internshala.com/fresher-jobs/marketing%2Fsales-jobs-in-bikaner
Job Id: 27661511 – Machine Learning Engineer Job in IDTech ...,https://apna.co/job/kochi/machine-learning-engineer-27661511
Jobs/Internships at Bikaner Motors | Internshala,https://internshala.com/internships/internship-at-Bikaner%20Motors%20Private%20Limited
29 Arm Institute of Learning Jobs and Vacancies - 4 February 2023 ...,https://in.indeed.com/Arm-Institute-of-Learning-jobs
1 Media Jobs for Freshers in Bikaner- Jan | Internshala,https://internshala.com/fresher-jobs/media-jobs-in-Bikaner/
Predictive Analytics Jobs in Bikaner- Rajasthan (Feb 2023) - 210 ...,https://www.shine.com/job-search/predictive-analytics-jobs-in-bikaner-2
Careers & Job Openings - Bobcat Company,https://www.bobcat.com/na/en/company/careers
Bachelor of Technology (B.Tech.) CSE in Artificial Intelligence ...,https://universitykart.com/university/universitycourse/bikaner-technical-university-bikaner/b-tech-cse-in-artificial-intelligence-and-machine-learning
IT Software Jobs in Jaipur- Pune- Bikaner- Singapore | Careers,https://www.ranosys.com/in/about-us/career/
CATL,https://www.catl.com/
Dr Shah Rukh Khan - Life Lessons - YouTube,https://www.youtube.com/watch?v=VnnXAiTOLbo
Information systems,https://www.slideshare.net/JaipalDhobale/information-systems-83992599
Stability Enhancement of DFIG based Wind Turbine System through ...,https://www.researchgate.net/publication/320632886_Stability_Enhancement_of_DFIG_based_Wind_Turbine_System_through_Linear_Quadratic_Regulator
Palantir Technologies - Forward Deployed Software Engineer: UK ...,https://jobs.lever.co/palantir/1d51a14a-e65c-479b-a36c-ba8745df4c7d/apply
Energies | Free Full-Text | Feature Selection in Energy Consumption ...,https://www.mdpi.com/1996-1073/15/8/2761
Tweets with replies by Dr. Nehra (@ArpitaNehra) / Twitter,https://twitter.com/ArpitaNehra/with_replies
Business Intelligence Fresher Jobs in India - 49909 Business ...,https://www.timesjobs.com/jobskill/business-intelligence-fresher-jobs
Autonomous Maintenance Jobs in India - 15925 Autonomous ...,https://www.timesjobs.com/jobskill/autonomous-maintenance-jobs
Product Security Jobs,https://www.monsterindia.com/search/product-security-jobs
Race- Gender and Ethnicity Studies | Apply for Doctrin of Education ...,https://sites.google.com/site/honorarydegreeacademics/race-gender-and-ethnicity-studies-apply-for-doctrin-of-education-edd
Software Engineer | Apply for Honorary D.Eng. Award (Doctrin de ...,https://sites.google.com/site/honorarydegreeacademics/software-engineer-apply-for-honorary-d-eng-award-doctrin-de-engineering-award-honoris-causa
BTech AI and ML Syllabus- Subjects- Top Colleges- Yearly ...,https://collegedunia.com/courses/bachelor-of-technology-btech-artificial-intelligence-and-machine-learning/syllabus
HDB Financial Services Legal Department Salaries in India ...,https://www.ambitionbox.com/salaries/hdb-financial-services-salaries/legal-department
