Title,URL
843 Machine Learning Jobs and Vacancies in Thane- Maharashtra ...,https://in.indeed.com/Machine-Learning-jobs-in-Thane,-Maharashtra
Machine Learning Engineer Jobs In Thane - 49 Machine Learning ...,https://www.naukri.com/machine-learning-engineer-jobs-in-thane
20 Best machine learning jobs in Thane- Maharashtra (Hiring Now ...,https://www.simplyhired.co.in/search?q=machine+learning&l=thane%2C+maharashtra&pp=
Machine Learning Jobs In Thane,https://www.naukri.com/machine-learning-jobs-in-thane
Entry Level Machine Learning Jobs,https://www.springboard.com/blog/data-science/entry-level-machine-learning-jobs/
Thāne Jobs at IQVIA,https://jobs.iqvia.com/location/thane-jobs/24443/1269750-1264418-1254661/4
Artificial Intelligence Course in Thane by CCE- IIT M - #1 AI ML ...,https://intellipaat.com/artificial-intelligence-course-thane/
Working at IQVIA | Jobs and Careers at IQVIA,https://jobs.iqvia.com/
Bringle Excellence Machine Learning Internship | SmartRecruiters,https://jobs.smartrecruiters.com/BringleExcellence/105163547-machine-learning-internship
Machine Learning Course in Thane - Best Training Institute - Fees ...,http://quickxpertinfotech.com/machine-learning-course-in-thane
Arithane Foam Roofing | LinkedIn,https://www.linkedin.com/company/arithane-foam-roofing
Careers at Bringle Excellence,https://careers.smartrecruiters.com/BringleExcellence?search=&page=1&location=Thane
Data Science Training in Thane | Best Job Oriented Course In 2019,https://www.livewireindia.com/blog/data-science-training-thane/
Python Data Science Trainer Jobs in Thane by Dcodetech Industrail ...,https://www.placementindia.com/job-detail/python-data-science-trainer-jobs-in-thane-for-dcodetech-industrail-training-pvt-ltd-1088929.htm
Data Science Training Classes in Thane [with JobAssist],https://www.simplilearn.com/data-science-training-course-thane-city
Imaging Scientist/Lead Engineer/AI Researcher - Machine/Deep ...,https://www.ambitionbox.com/jobs/aira-matrix-jobs?rid=hirist_977240
Computer Vision Engineer at AjnaLens • India • Thane | Wellfound ...,https://angel.co/company/ajnalens/jobs/2299872-computer-vision-engineer
Job Opportunities in Thane city - Thaneweb | 9 major employment ...,https://thaneweb.com/lifestyle-thane/Job-Opportunities-in-Thane-city-9-major-employment-trends-for-2022-monster-report-jan-2022.html
Machine Learning Jobs in Wells Fargo (Feb 2023) - 10618 Machine ...,https://www.shine.com/job-search/machine-learning-jobs-in-wells-fargo
Alteryx: Data Science and Analytics Automation Platform,https://www.alteryx.com/
Data Science Course With Python Machine Learning in Thane ...,https://www.apponix.com/data-science-course-in-thane
Panna Sikdar - Data Entry Clerk - Sikdar Technologies Private Limited,https://bd.linkedin.com/in/panna-sikdar-9b3156207
Trusting Social | LinkedIn,https://au.linkedin.com/company/trustingsocial?trk=public_profile_experience-group-header
Sailotech | LinkedIn,https://ch.linkedin.com/company/sailotech-private-limited?trk=public_profile_experience-item_profile-section-card_subtitle-click
Preetam Pawar - Dublin Business School - Dublin- County Dublin ...,https://ie.linkedin.com/in/preetam-pawar?trk=public_profile_samename-profile
Junaid Malik - WEB DEVELOPER - Freelance | LinkedIn,https://pk.linkedin.com/in/junaid-malik-3b5606207
4 BHK Apartment / Flat for sale in Hiranandani Meadows Manpada ...,https://www.99acres.com/4-bhk-bedroom-apartment-flat-for-sale-in-hiranandani-meadows-manpada-mumbai-thane-1825-sq-ft-spid-P66302254
Compare working at eClerx vs Mann+Hummel | Indeed.com,https://www.indeed.com/companies/compare/Eclerx-vs-Mann+hummel-6dcc72da448716e1-fb39ec3a16fd10ad
Ravikumar Patel - Northeastern University - Scarborough- Ontario ...,https://ca.linkedin.com/in/ravikumar-patel-4a49b1181?trk=public_profile_browsemap
Sap Is Utilities Engineering Jobs in India - 26106 Sap Is Utilities ...,https://www.timesjobs.com/jobskill/sap-is-utilities-engineering-jobs
Journal of Experimental Zoology Part A: Ecological and Integrative ...,https://onlinelibrary.wiley.com/loi/24715646/year/2018
Unemployed Sr. Auditor/Sr. Accountant | LinkedIn,https://uk.linkedin.com/company/unemployed-sr.-auditor-sr.-accountant?trk=public_profile_experience-item_profile-section-card_image-click
A Note on the Multiple-Processor Multitask Scheduling | Request PDF,https://www.researchgate.net/publication/340936318_A_Note_on_the_Multiple-Processor_Multitask_Scheduling
Q3 Technologies | LinkedIn,https://de.linkedin.com/company/q3-technologies?trk=public_profile_experience-item_profile-section-card_subtitle-click
Unemployed Sr. Auditor/Sr. Accountant | LinkedIn,https://za.linkedin.com/company/unemployed-sr.-auditor-sr.-accountant?trk=public_profile_topcard-current-company
1018 Construction Engineering Job Vacancies in Bangalore - Nov ...,https://www.monsterindia.com/search/construction-engineering-jobs-in-bangalore
