Title,URL
JNTUK | University College of Engineering Vizianagaram,https://jntukucev.ac.in/
Jawaharlal Nehru Technological University - Gurajada- Vizianagaram,https://jntugv.edu.in/
Jobs In Vizianagaram - 102 Job Vacancies In Vizianagaram - Naukri ...,https://www.naukri.com/jobs-in-vizianagaram
▷ Python 3 tutors in Vizianagaram - TeacherOn,https://www.teacheron.com/python_3-tutors-in-vizianagaram
Stock Market Prediction Using Machine Learning Methods by ...,https://papers.ssrn.com/sol3/papers.cfm?abstract_id=3554945
Vizianagaram District Mega Job Fair to be held on Oct 14th,https://education.sakshi.com/en/jobs/pvt-jobs/vizianagaram-district-mega-job-fair-be-held-oct-14th-117486
Bachelor of Technology in Computer Science And Engineering ...,https://cutm.ac.in/programmes/computer-science-and-engineering/
Varun Motors Vizianagaram Reviews by 3 Employees | AmbitionBox,https://www.ambitionbox.com/reviews/varun-motors-reviews/vizianagaram-location
lendi.org,https://www.lendi.org/
Damera Venkata Lakshmi Vinuthna - Gayatri Vidya Parishad ...,https://in.linkedin.com/in/damera-venkata-lakshmi-vinuthna-3527a5245
Career opportunities | Employment | Job openings at Eaton India,https://www.eaton.com/in/en-us/company/careers.html
upGrad hiring Admissions Counselor in Vizianagaram - Join leading ...,https://earlytutors.com/jobs/upgrad-admissions-counselor-in-vizianagaram-ap/
Sai Akhilesh Gade - Executive Engineer - Elektrobit | LinkedIn,https://in.linkedin.com/in/sai-akhilesh-gade-21a016159
Top Embroidery Job Works in Vizianagaram - Best Embroidery ...,https://www.justdial.com/Vizianagaram/Embroidery-Job-Works/nct-10187270
Internships and Part-Time Students | Careers | John Deere US,https://www.deere.com/en/our-company/john-deere-careers/jobs-for-students/internships-and-part-time-students/
Top Placement Services For Driver Candidate in Kothavalasa ...,https://www.justdial.com/Vizianagaram/Placement-Services-For-Driver-Candidate-in-Kothavalasa/nct-10373058
Andhra pradesh state skill development corporation (APSSDC),https://www.apssdc.in/home/logout
Top Python Training in Vizianagaram - Best Python Tutorials - Justdial,https://www.justdial.com/Vizianagaram/Computer-Training-Institutes-For-Python/nct-10944102
Join iMerit now to shape the future of AI and ML data | iMerit,https://imerit.net/careers/
Panasonic Career Opportunities,https://careers.na.panasonic.com/
Top 10 Mobile Repairing Course in Vizianagaram- Cell Phone ...,https://www.sulekha.com/mobile-servicing-job-training/vizianagaram
Best Biostatistics Courses & Certifications [2023] | Coursera,https://www.coursera.org/courses?query=biostatistics
Welcome to GMRIT,http://www.gmrit.org/
Artificial Intelligence Training Course in Vizianagaram - Fees ...,https://www.quickxpert.com/artificial-intelligence-training-course-in-vizianagaram
Careers - Druva,https://www.druva.com/about/careers/
Reliance Jiomart jobs in Vizianagaram–2020 | jio mart career,https://jioguide.com/reliance-jio-jobs-in-vizianagaram-2020-jio-jobs-jio-career/
Ethnix opens new stores in Pune- Vizianagaram- Ahmedabad,https://in.fashionnetwork.com/news/Ethnix-opens-new-stores-in-pune-vizianagaram-ahmedabad,1478904.html
Rami Krispin no LinkedIn: Create a data package · Issue #12 ...,https://br.linkedin.com/posts/rami-krispin_create-a-data-package-issue-12-ramikrispin-activity-6982361193197834240-5ywt?trk=public_profile_like_view
Hanuman Chalisa Full With Lyrics | हनुमान चालीसा | Powerful ...,https://www.youtube.com/watch?v=kC8VzzPPY2A
Automated assessment for Alzheimer's disease diagnosis from MRI ...,https://www.researchgate.net/publication/354350775_Automated_assessment_for_Alzheimer
(PDF) Convolutional Neural Network Based Skin Lesion Classification,https://www.researchgate.net/publication/342170520_Convolutional_Neural_Network_Based_Skin_Lesion_Classification
A Framework for an Artificial-Neural-Network-Based Electronic Nose ...,https://www.igi-global.com/chapter/a-framework-for-an-artificial-neural-network-based-electronic-nose/288965
Certified Email Marketing Professional,https://learning.shine.com/course/sales-and-marketing/certified-email-marketing-professional/pd-3262
THE PROCEEDINGS OF THE 4TH INTERNATIONAL ...,http://virtualreality.harran.edu.tr/vr2022/proceedings/VR2022.pdf
Amit Kumar Stefan Mozar Editors Proceedings of the 2nd ...,https://link.springer.com/content/pdf/10.1007/978-981-13-8715-9.pdf
Advances in Applied Mathematics - Honorary Awards,https://sites.google.com/site/honorarydegreeacademics/advances-in-applied-mathematics
Tweets with replies by Abhinav Madan (@gramtarang_ets) / Twitter,https://mobile.twitter.com/gramtarang_ets/with_replies
