Title,URL
Internship in Malegaon | Internshala,https://internshala.com/internships/internship-in-malegaon/
RASIKA DESHPANDE - Malegaon- Maharashtra- India ...,https://in.linkedin.com/in/rasika-deshpande-b2b89a1b4
0 Marketing/Sales Jobs for Freshers in Malegaon- Feb | Internshala,https://internshala.com/fresher-jobs/marketing%2Fsales-jobs-in-malegaon/
Amazon Pay | Amazon.jobs,https://www.amazon.jobs/payments
Graphcore: Accelerating machine learning for a world of intelligent ...,https://www.graphcore.ai/
Salsa | LinkedIn,https://www.linkedin.com/company/salsa-dev
Data Science Course in Malegaon - Best Training Institute - Fees ...,http://quickxpertinfotech.com/data-science-course-in-malegaon
Top Computer Classes in Malegaon - Best Computer Training ...,https://www.justdial.com/Nashik/Computer-Training-Institutes-in-Malegaon/nct-10124277
Xerox: Workplace and Digital Printing Solutions,https://www.xerox.com/en-us
Jobs in Malegaon - Check Latest (70) Job Openings (February 2023 ...,https://www.quikr.com/jobs/malegaon+zwqxj760939060
Top 10 Share Market Courses in Malegaon- Training Classes ...,https://www.sulekha.com/share-marketing-job-training/malegaon
Loom Careers and Jobs | Loom,https://www.loom.com/careers
Workforce Solutions | Talent & Global Staffing Solutions Company,https://www.nlbservices.com/
Careers | Airbase,https://www.airbase.com/careers
Turing: Hire the World's Most Deeply Vetted Remote Developers,https://www.turing.com/
Best AutoCAD Training In Malegaon | SevenMentor,https://www.sevenmentor.com/autocad-training-in-malegaon
Malegaon Power Supply Electrical Engineer Salaries in India ...,https://www.ambitionbox.com/salaries/malegaon-power-supply-salaries/electrical-engineer
Best Front End Web Development Courses & Certifications [2023 ...,https://www.coursera.org/courses?query=front%20end%20web%20development
Cyber Security Salary in India: For Freshers & Experienced [2023 ...,https://www.upgrad.com/blog/cyber-security-salary-in-india/
Working at Unilever | Jobs and Careers at Unilever,https://careers.unilever.com/
General Mills Careers - Jobs In General Mills - Naukri.com,https://www.naukri.com/general-mills-jobs-careers-5768
Meta Data Scientist Interview Questions | Glassdoor,https://www.glassdoor.co.in/Interview/Meta-Data-Scientist-Interview-Questions-EI_IE40772.0,4_KO5,19.htm
Mr. Rajesh Jakhotia- the faculty member is an asset to Great Learning.,https://www.mygreatlearning.com/faculty/mr-rajesh-jakhotia
Government Industrial Training Institute- Malegaon (Bk)- Dist: Pune ...,https://iti.directory/pune/government-industrial-training-institute-malegaon-bk-dist-pune
DevFest | Google Developers,https://developers.google.com/community/devfest
Armstrong: Material Handling Warehouse Automation Solutions ...,https://www.armstrongltd.com/
careers - blinkit,https://blinkit.com/careers/jobs
Loom Jobs (with Salaries) 2022 | Indeed.com Canada,https://ca.indeed.com/Loom-jobs
D S Engineers- Malegaon - Manufacturer of Hydraulic Press ...,https://www.indiamart.com/d-s-engineers-malegaon/
Bulldozer for Children | Truck Tunes for Kids | Twenty Trucks Channel,https://www.youtube.com/watch?v=Q1gCqhNF4Ss
Shaikh Asif | Malegaon Teesra Festival Mahilaon ke liye Khaas ...,https://www.youtube.com/watch?v=PTlWBZCH3iw
Ali Akbar Hospital Malegaon,https://www.facebook.com/malegaondevelopmentfront/videos/ali-akbar-hospital-malegaon/313935399904077/
Adani Wilmar: Home,https://www.adaniwilmar.com/
Hinduja Group Ltd.,https://www.hindujagroup.com/
European Mycology Research Award - Honorary Awards,https://sites.google.com/site/honorarydegreeacademics/european-mycology-research-award
Theorizing spatial dynamics of metropolitan regions: A preliminary ...,https://www.researchgate.net/publication/319307723_Theorizing_spatial_dynamics_of_metropolitan_regions_A_preliminary_study_in_Java_and_Madura_Islands_Indonesia
Preventing the preventable through effective surveillance: the case ...,https://europepmc.org/article/pmc/pmc3648462
(PDF) SOUTH ASIA PROGRAM | Soaked Dream - Academia.edu,https://www.academia.edu/43250086/SOUTH_ASIA_PROGRAM
Opinions - The Tribune- Chandigarh- India,https://m.tribuneindia.com/2012/20120819/edit.htm
Nation - The Tribune- Chandigarh- India,https://m.tribuneindia.com/2010/20100630/nation.htm
