Title,URL
MD RAMEEZ - Kishanganj- Bihar- India,https://in.linkedin.com/in/md-rameez-41907a1a0
0 Finance Jobs for Freshers in Kishanganj- Feb | Internshala,https://internshala.com/fresher-jobs/finance-jobs-in-kishanganj/
Zeba Rahman - Clinical Research Coordinator - Ireland based ...,https://in.linkedin.com/in/zeba-rahman-6b9813137
Firoz Ahmed - Hardware/Mechanical R&D Engineer - PayGo Energy ...,https://www.linkedin.com/in/firozahmed
Aptech computer training institute in Patna | Bhagalpur | Kishanganj ...,https://www.aptechlearning.com/it/aptech-centres-bihar.aspx
Oriental Public School Salaries in Kishanganj | AmbitionBox,https://www.ambitionbox.com/salaries/oriental-public-school-salaries/kishanganj-location
Jobs in Kishanganj - Check Latest (48) Job Openings (February ...,https://www.quikr.com/jobs/kishanganj+zwqxj760939060
Reports on Sewing Machines for Girls for Self-Reliance - GlobalGiving,https://www.globalgiving.org/projects/sewing-machine-to-needy-girl-for-self-reliance/reports/?pageNo=3
Indian NGO-NGO in India-NGO in Kishanganj Bihar-Rural ...,http://www.azadindia.org/index.html
Find Manufacturing Companies in Kishanganj - Dun & Bradstreet,https://www.dnb.com/business-directory/company-information.manufacturing.in.bihar.kishanganj.html
Media Coverage,https://beabihar.com/Media-Coverage.aspx
This NGO is sending over 3-000 girls to school in India ...,https://www.photographerswithoutborders.org/online-magazine/2018/11/23/meet-azad-india-the-ngo-helping-to-send-over-3000-girls-from-kishanganj-district-to-school
Top 10 Maths Tuition in Kishanganj- Math Tutors- Tuition Centres ...,https://www.sulekha.com/maths-tuitions/kishanganj
Top Upcoming Events in Kishanganj | Best Live Events in ...,https://in.bookmyshow.com/explore/events-kishanganj
Education | Welcome to Kishanganj District | India,https://kishanganj.nic.in/education/
Software Company in Kishanganj - CodeRelisher,https://www.coderelisher.com/software-company-in-kishanganj.php
Machine learning Jobs: Jobs for freshers with Machine learning ...,https://www.freshersworld.com/machine-learning-jobs/3535242
Recording studio - Wikipedia,https://en.wikipedia.org/wiki/Recording_studio
Global AC drive manufacturer - Danfoss Drives | Danfoss,https://www.danfoss.com/en/about-danfoss/our-businesses/drives/
M.Tech.Data Science & Engineering – BITS Pilani,https://bits-pilani-wilp.ac.in/m-tech/cluster/data-science-and-engineering.php
Online Engineering Diploma Tutor for Electrical Engineering ...,https://www.urbanpro.com/kishanganj/online-engineering-diploma-tutor-for-electrical-engineering-diploma-in-kochadhaman/35058105
Recruitment | :: Welcome to Araria District :: | India,https://araria.nic.in/notice_category/recruitment/
Hotel Daftari Palace in Kishanganj | Best Rates & Deals on Orbitz,https://www.orbitz.com/Kishanganj-Hotels-Hotel-Daftari-Palace.h34817312.Hotel-Information
Aanand Roy - Software Engineer - Search UX - Yelp | LinkedIn,https://ca.linkedin.com/in/aanandshekharroy
C-DAC: Centre for Development of Advanced Computing- India,https://www.cdac.in/
Milli Girls School (MGS)- Kishanganj- Kishanganj: Admission- Fee ...,https://school.careers360.com/schools/milli-girls-school-kishanganj
Private Pharmacy Colleges in Kishanganj 2023 – Courses- Fees ...,https://pharmacy.careers360.com/colleges/list-of-private-pharmacy-colleges-in-kishanganj
Bertalan Meskó- MD- PhD on LinkedIn: Understanding Machine ...,https://lt.linkedin.com/posts/bertalanmesko_understanding-machine-learning-and-deep-learning-activity-7026795159933566976-6Utt
5-917 Diploma Graduate Jobs and Vacancies - 6 February 2023 ...,https://in.indeed.com/Diploma-Graduate-jobs
Nehru Yuva Kendra Sangathan,https://nyks.nic.in/
Bihar Animal Sciences University | बिहार पशु विज्ञान विश्वविद्यालय,https://basu.org.in/
MATA GUJRI UNIVERSITY,https://www.ugc.ac.in/pdfnews/4478027_MATA-GUJRI-UNIVERSITY-BIHAR-1.pdf
Rice Puffing Machine,https://www.indiamart.com/proddetail/rice-puffing-machine-15480136591.html
GOVERNMENT ENGINEERING COLLEGE KISHANGANJ ...,https://www.youtube.com/watch?v=HVjgI7ESo5c
Netafim: Irrigation Services & Solutions,https://www.netafimindia.com/
Bihar के Kishanganj में Muslims और आदिवासियों के बीच सांप्रदायिक ...,https://www.youtube.com/watch?v=5uR-g0JGNGU
What To Do After PhD ? Opening Career Options- Courses- Jobs ...,https://sites.google.com/site/honorarydegreeacademics/what-to-do-after-phd-opening-career-options-courses-jobs-salary-promotion
Driving training courses - YouTube,https://www.youtube.com/watch?v=n0hKtPp86kM
Apply for Honorary DSc for Application Engineer - Honorary Awards,https://sites.google.com/site/honorarydegreeacademics/apply-for-honorary-dsc-for-application-engineer
Bangladesh: A Path Toward Prosperity - YouTube,https://www.youtube.com/watch?v=g7JszjkvHlM
Race- Gender and Ethnicity Studies | Apply for Doctrin of Education ...,https://sites.google.com/site/honorarydegreeacademics/race-gender-and-ethnicity-studies-apply-for-doctrin-of-education-edd
bajaj platina 100cc comfortec | BS4 AHO with led light | detail review ...,https://www.youtube.com/watch?v=XjMDhm9lHug
Software Engineer | Apply for Honorary D.Eng. Award (Doctrin de ...,https://sites.google.com/site/honorarydegreeacademics/software-engineer-apply-for-honorary-d-eng-award-doctrin-de-engineering-award-honoris-causa
SSC CPO Physical Camp में क्या हुआ | Kishanganj BSF Camp ...,https://www.youtube.com/watch?v=kmYv-1buHUs
Ethnopharmacology | Apply for Honorary DSc in ...,https://sites.google.com/site/honorarydegreeacademics/ethnopharmacology-apply-for-honorary-dsc-in-ethnopharmacology-admission-announcement
Trial passenger train from Silchar reaches Tripura - YouTube,https://www.youtube.com/watch?v=MXk4bKYd3eY
Famous Neurologists | World Renowned Doctors in Neurology ...,https://sites.google.com/site/honorarydegreeacademics/famous-neurologists-world-renowned-doctors-in-neurology
Training For Plumber Work - YouTube,https://www.youtube.com/watch?v=WFOxLFj4Azs
मुंबई गुवाहाटी एक्सप्रेस | Mumbai Guwahati Express | 15645 ...,https://www.youtube.com/watch?v=oRvxsLQH6RI
Famous Neurologists | World Renowned Doctors in Neurology ...,https://sites.google.com/site/honorarydegreeacademics/famous-neurologists-world-renowned-doctors-in-neurology
Cleveland Clinic | Apply for Honorary Doctor of Medicine (Dr. Med ...,https://sites.google.com/site/honorarydegreeacademics/cleveland-clinic-apply-for-honorary-doctor-of-medicine-dr-med
University of Calcutta | Biswaraj Datta Conferred with Honorary PhD ...,https://sites.google.com/site/honorarydegreeacademics/university-of-calcutta-biswaraj-datta-conferred-with-honorary-phd-in-business-administration
Robotics | Apply for Honorary D.Eng. Award (Doctrin de Engineering ...,https://sites.google.com/site/honorarydegreeacademics/robotics-apply-for-honorary-d-eng-award-doctrin-de-engineering-award-honoris-causa-in-robotics
Indian Institute of Hotel Management | Biswaraj Datta Conferred with ...,https://sites.google.com/site/honorarydegreeacademics/indian-institute-of-hotel-management-biswaraj-datta-conferred-with-honorary-phd-in-business-administration
Coronavirus World Championship Portugal COVID 19 ! - World ...,https://sites.google.com/site/worldchampionshipwinners/coronavirus-world-championship-portugal-covid-19
American Dental Association (ADA) | Apply for Honorary Doctor of ...,https://sites.google.com/site/honorarydegreeacademics/american-dental-association-ada-apply-for-honorary-doctor-of-medicine-dr-med
Apply for Honorary PhD in Mining Engineering - Honorary Awards,https://sites.google.com/site/honorarydegreeacademics/apply-for-honorary-phd-in-mining-engineering
Australian Medical Association | Apply for Honorary Doctor of Medicine,https://sites.google.com/site/honorarydegreeacademics/australian-medical-association-apply-for-honorary-doctor-of-medicine
Coronavirus World Championship Peru COVID 19 ! - World ...,https://sites.google.com/site/worldchampionshipwinners/coronavirus-world-championship-peru-covid-19
After MS in General Surgery Apply for Honorary Doctor of Medicine ...,https://sites.google.com/site/honorarydegreeacademics/after-ms-in-general-surgery-apply-for-honorary-doctor-of-medicine
Bedford Trust Hospital | Apply for Honorary Doctor of Medicine (Dr ...,https://sites.google.com/site/honorarydegreeacademics/bedford-trust-hospital-apply-for-honorary-doctor-of-medicine-dr-med
How to conduct legal analysis and research on various legal matters ...,https://sites.google.com/site/honorarydegreeacademics/how-to-conduct-legal-analysis-and-research-on-various-legal-matters
Gender- Sexuality- HIV/AIDS and Human Rights: From Seoul- South ...,https://sites.google.com/site/honorarydegreeacademics/gender-sexuality-hiv-aids-and-human-rights-from-seoul-south-korea-and-japan
Dairy Technology | How to Apply for Honorary DSc (Doctrin de ...,https://sites.google.com/site/honorarydegreeacademics/dairy-technology-how-to-apply-for-honorary-dsc-doctrin-de-science-award-honoris-causa-in-dairy-technology
Most Popular Dermatologists | World Renowned Doctors in ...,https://sites.google.com/site/honorarydegreeacademics/most-popular-dermatologists-world-renowned-doctors-in-dermatology
Solicitar Honorario D. Litt. en lengua y literatura españolas ...,https://sites.google.com/site/honorarydegreeacademics/solicitar-honorario-d-litt-en-lengua-y-literatura-espanolas
Apply for Honorary D.Sc in Sheep and Wool Research - Honorary ...,https://sites.google.com/site/honorarydegreeacademics/apply-for-honorary-d-sc-in-sheep-and-wool-research
Apply for Honorary D.Sc in Columbia- United States | Admission ...,https://sites.google.com/site/honorarydegreeacademics/apply-for-honorary-d-sc-in-columbia-united-states-admission-announcement
Apply for Honorary DSc in Occupational & Physical Therapy ...,https://sites.google.com/site/honorarydegreeacademics/apply-for-honorary-dsc-in-occupational-physical-therapy
Post Doctorate Fellow in Oregon | Apply for Honorary D.Sc ...,https://sites.google.com/site/honorarydegreeacademics/post-doctorate-fellow-in-oregon-apply-for-honorary-d-sc
Apply for Honorary DSc in Orthopaedics and Traumatology ...,https://sites.google.com/site/honorarydegreeacademics/apply-for-honorary-dsc-in-orthopaedics-and-traumatology
Nursing and Midwifery | Apply for Honorary DSc in Nursing and ...,https://sites.google.com/site/honorarydegreeacademics/nursing-and-midwifery-apply-for-honorary-dsc-in-nursing-and-midwifery
European Mycology Research Award - Honorary Awards,https://sites.google.com/site/honorarydegreeacademics/european-mycology-research-award
How to smoothly run Food Supply Chain during Coronavirus - World ...,https://sites.google.com/site/worldchampionshipwinners/how-to-smoothly-run-food-supply-chain-during-coronavirus
Apply for Honorary PhD in Mechanical Engineering - Honorary Awards,https://sites.google.com/site/honorarydegreeacademics/apply-for-honorary-phd-in-mechanical-engineering
What are Challenges to United States Economy after COVID-19 ...,https://sites.google.com/site/honorarydegreeacademics/what-are-challenges-to-united-states-economy-after-covid-19-coronavirus-outbreak-in-china-apply-for-honorary-phd-with-your-logical-answer
How to find a lawyer with Honorary LL.D Award for a lawsuit ...,https://sites.google.com/site/honorarydegreeacademics/how-to-find-a-lawyer-with-honorary-ll-d-award-for-a-lawsuit
Psychologists | Apply for Honorary DSc - Honorary Awards,https://sites.google.com/site/honorarydegreeacademics/psychologists-apply-for-honorary-dsc
Clinical Psychiatrist | Apply for Honorary DSc - Honorary Awards,https://sites.google.com/site/honorarydegreeacademics/clinical-psychiatrist-apply-for-honorary-dsc
How could Wuhan- China become epicentre of COVID-19 ...,https://sites.google.com/site/honorarydegreeacademics/how-could-wuhan-become-epicentre-of-covid-19-coronavirus-outbreak-apply-for-honorary-phd-with-your-logical-answer
Apply for Honorary Doctor of Medicine (Dr. Med.) for Orthopedic ...,https://sites.google.com/site/honorarydegreeacademics/apply-for-honorary-doctor-of-medicine-dr-med-for-orthopedic-surgeon-orthopedist
Application For Honorary DSc in Mechanical Engineering ...,https://sites.google.com/site/honorarydegreeacademics/application-for-honorary-dsc-in-mechanical-engineering
Apply for Honorary PhD | Uniwersytet Wrocławski Poland .pl ...,https://sites.google.com/site/honorarydegreeacademics/apply-for-honorary-phd-uniwersytet-wroclawski-poland-pl
Legal Specialization in Cyber Law | How to Apply? - Honorary Awards,https://sites.google.com/site/honorarydegreeacademics/legal-specialization-in-cyber-law-how-to-apply
Apply for Honorary Doctor of Medicine (Dr. Med.) for Rheumatologist ...,https://sites.google.com/site/honorarydegreeacademics/apply-for-honorary-doctor-of-medicine-dr-med-for-rheumatologist
Apply for Honorary Doctor of Medicine (Dr. Med.) for Parasitologist ...,https://sites.google.com/site/honorarydegreeacademics/apply-for-honorary-doctor-of-medicine-dr-med-for-parasitologist
Indonesia Dental Council | Apply for Honorary Doctor of Medicine ...,https://sites.google.com/site/honorarydegreeacademics/indonesia-dental-council-apply-for-honorary-doctor-of-medicine-dr-med
How to choose a Law Firm? | What is Legal Practice area ...,https://sites.google.com/site/honorarydegreeacademics/how-to-choose-a-law-firm-what-is-legal-practice-area
How to Become a Certified Yoga Trainer - Honorary Awards,https://sites.google.com/site/honorarydegreeacademics/how-to-become-a-certified-yoga-trainer
Confucianism | Apply for Honorary ThD (Doctrin de Theology Award ...,https://sites.google.com/site/honorarydegreeacademics/confucianism-apply-for-honorary-thd-doctrin-de-theology-award
Apply for Honorary PhD | Uniwersytet Gdański Poland .pl - Honorary ...,https://sites.google.com/site/honorarydegreeacademics/apply-for-honorary-phd-uniwersytet-gdanski-poland-pl
Research Students | Apply for Honorary DSc - Honorary Awards,https://sites.google.com/site/honorarydegreeacademics/research-students-apply-for-honorary-dsc
Legal Consultants in Legal Services | Apply for Honorary LLD Award ...,https://sites.google.com/site/honorarydegreeacademics/legal-consultants-in-legal-services-apply-for-honorary-lld-award-in-law-practice-area
Apply For Honorary PhD for School Principal | School Education ...,https://sites.google.com/site/honorarydegreeacademics/apply-for-honorary-phd-for-school-principal-school-education-development-program
Sexual Harassment | What are Legal Procedures and Guidelines ...,https://sites.google.com/site/honorarydegreeacademics/sexual-harassment-what-are-legal-procedures-and-guidelines
Lawyers and Law Firms Ranking | Low Cost Solution for Legal ...,https://sites.google.com/site/honorarydegreeacademics/lawyers-and-law-firms-ranking-low-cost-solution-for-legal-advice-for-your-business-in-uk
Apply for Honorary Doctor of Medicine (Dr. Med.) for Pulmonologist ...,https://sites.google.com/site/honorarydegreeacademics/apply-for-honorary-doctor-of-medicine-dr-med-for-pulmonologist
Ecologist | Apply for Honorary PhD | Vacancy for Honorary PhD for ...,https://sites.google.com/site/honorarydegreeacademics/ecologist-apply-for-honorary-phd-vacancy-for-honorary-phd-for-ecologist
