Title,URL
Movidu Technology Pvt Ltd | LinkedIn,https://in.linkedin.com/company/movidu-technology-pvt-limited
upGrad hiring Admissions Counselor in Singrauli - Join leading startup,https://earlytutors.com/jobs/upgrad-admissions-counselor-in-singrauli-mp/
Saba Zaidi - Indian Institute of Technology- Guwahati - Singrauli ...,https://in.linkedin.com/in/saba-zaidi-a54430181
Internships at WIPO,https://www.wipo.int/jobs/en/internships/index.html
Gmmco Singrauli Reviews by 37 Employees | AmbitionBox,https://www.ambitionbox.com/reviews/gmmco-reviews/singrauli-location
Working at Reliance Power in Singrauli- Madhya Pradesh ...,https://in.indeed.com/cmp/Reliance-Power/reviews?fcountry=IN&floc=Singrauli%2C+Madhya+Pradesh
Mining Engineer Salary in Singrauli | AmbitionBox,https://www.ambitionbox.com/profile/mining-engineer-salary/singrauli-location
Inmovidu Tech,http://inmovidutech.com/
Aditya Birla Group Singrauli Reviews by 139 Employees | AmbitionBox,https://www.ambitionbox.com/reviews/aditya-birla-group-reviews/singrauli-location
India Careers & Jobs | Rolls-Royce,https://careers.rolls-royce.com/india
Caterpillar in India - Caterpillar,https://www.caterpillar.com/en/company/global-footprint/apd/india.html
Careers - Hindalco,https://www.hindalco.com/careers
Sarvesh Shukla - Cloud Support Engineer I - Amazon Web Services ...,https://www.linkedin.com/in/sarvesh-shukla-43b445128
Senior Network Analyst Jobs In Singrauli - 671 Senior Network ...,https://www.naukri.com/senior-network-analyst-jobs-in-singrauli
Machine learning Jobs: Jobs for freshers with Machine learning ...,https://www.freshersworld.com/machine-learning-jobs/3535242
Mining | Hexagon,https://hexagon.com/company/divisions/mining
Machine Learning | linkedin-skill-assessments-quizzes,https://ebazhanov.github.io/linkedin-skill-assessments-quizzes/machine-learning/machine-learning-quiz.html
Data Entry Jobs 2023-24 Job Vacancy- Singrauli - Recruitment ...,https://www.quikr.com/jobs/data-entry-jobs+singrauli+zwqxj4157493934
Cbse Internship resume in Singrauli- Madhya Pradesh- India - May ...,https://www.postjobfree.com/resume/admd54/cbse-internship-singrauli-madhya
Bhupinder Singh - Service Technician - CEA | LinkedIn,https://au.linkedin.com/in/bhupinder-singh-02239737
Job Opportunities in India | Volvo Group,https://www.volvogroup.com/en/about-us/organization/our-global-presence/volvo-group-india/job-opportunities.html
Arun Kumar Bais - Senior Manager - AIA Singapore | LinkedIn,https://sg.linkedin.com/in/arun-kumar-baishya
Metallurgical and Materials Engineering: Home,https://metallurgy.mines.edu/
Zacco - Patent prosecution | Trademark | Design | Legal ...,https://www.zacco.com/
M.Tech.Data Science & Engineering – BITS Pilani,https://bits-pilani-wilp.ac.in/m-tech/cluster/data-science-and-engineering.php
NCL Salary | Salary of NCL Staff | NCL Singrauli Salary Slip ...,https://www.youtube.com/watch?v=GsDhkKjy9dM
Caterpillar Interview Questions | Glassdoor,https://www.glassdoor.com/Interview/Caterpillar-Interview-Questions-E137_P5.htm
Hinduja Group Ltd.,https://www.hindujagroup.com/
Homogenization and locality of landscape characteristics in the ...,https://www.researchgate.net/publication/356500412_Homogenization_and_locality_of_landscape_characteristics_in_the_waterfront_space_based_on_geotagged_photographs
Use of satellite-based aerosol optical depth and spatial clustering to ...,https://www.researchgate.net/publication/230576536_Use_of_satellite-based_aerosol_optical_depth_and_spatial_clustering_to_predict_ambient_PM25_concentrations
Local determinants of household gas and electricity consumption in ...,https://www.researchgate.net/publication/326442478_Local_determinants_of_household_gas_and_electricity_consumption_in_Randstad_region_Netherlands_application_of_geographically_weighted_regression
Categorization of Losses across Supply Chains: Cases of ...,https://www.igi-global.com/chapter/categorization-losses-across-supply-chains/69278
Power Grid Corporation of India Directors Report- Power Grid Corp ...,https://www.moneycontrol.com/annual-report/powergridcorp/directors-report/PGC
Stories of 02 March- 2022 | Deccan Herald,https://www.deccanherald.com/sitemap/detail/days/2022-03-02
