Title,URL
Machine Learning Jobs in Wells Fargo (Feb 2023) - 10618 Machine ...,https://www.shine.com/job-search/machine-learning-jobs-in-wells-fargo
Data scientist Jobs in Dombivli- February 2023 | Glassdoor,https://www.glassdoor.com/Job/dombivli-data-scientist-jobs-SRCH_IL.0,8_IC4470242_KO9,23.htm
Internship in Dombivli | Internshala,https://internshala.com/internships/internship-in-dombivli/
473 Python Jobs and Vacancies in Dombivli- Maharashtra - 6 ...,https://in.indeed.com/Python-jobs-in-Dombivli,-Maharashtra
20 Best lecturer jobs in Dombivli- Maharashtra (Hiring Now ...,https://www.simplyhired.co.in/search?q=lecturer&l=dombivli%2C+maharashtra&pp=
34 Data Scientist Jobs and Vacancies in Dombivli- Maharashtra - 6 ...,https://in.indeed.com/Data-Scientist-jobs-in-Dombivli,-Maharashtra
Amit Chaudhari - Backend Engineer - SDE 1 - GrayQuest | LinkedIn,https://in.linkedin.com/in/amit-chaudhari-20783a18
1-541 Fresher Jobs and Vacancies in Dombivli- Maharashtra - 6 ...,https://in.indeed.com/Fresher-jobs-in-Dombivli,-Maharashtra
Data Science Course With Python Machine Learning in dombivli ...,https://www.apponix.com/data-science-course-in-dombivli
17 Best Freelance Graphic Designers For Hire Near Dombivli- IN ...,https://www.upwork.com/l/in/graphic-designers-in-dombivli/
Suyog Gupta - Senior Staff Machine Learning Engineer - Cruise ...,https://www.linkedin.com/in/suyog-gupta-28515117
Nutanix Careers | Jobs- Culture and Life at Nutanix,https://www.nutanix.com/company/careers
Hawk-Eye Innovations Careers: Home,https://careers.hawkeyeinnovations.com/
Black & Veatch Salaries in Kalyan/Dombivli | AmbitionBox,https://www.ambitionbox.com/salaries/black-and-veatch-salaries/kalyan-dombivli-location
Artificial Intelligence (AI) Training in Dombivali East- Mumbai | Sulekha,https://www.sulekha.com/artificial-intelligence-training/dombivali-east-mumbai
Open jobs - Metso Outotec,https://www.mogroup.com/corporate/careers/open-jobs/
Start your career at Valmet - where everything works together,https://www.valmet.com/about-us/careers/
Sap Is Utilities Engineering Jobs in India - 26106 Sap Is Utilities ...,https://www.timesjobs.com/jobskill/sap-is-utilities-engineering-jobs
Business Intelligence Fresher Jobs in India - 49909 Business ...,https://www.timesjobs.com/jobskill/business-intelligence-fresher-jobs
Anujkumar Sharma (@anujkumar0001) / Twitter,https://twitter.com/anujkumar0001
Indian Institute of Technology Bombay (IIT) - Recent News & Activity,https://www.crunchbase.com/organization/indian-institute-of-technology-bombay/school_summary/overview_timeline
19358 Qa Regression Testing Jobs Openings in India,https://m.timesjobs.com/jobskill/qa-regression-testing-jobs
IBM Reviews | Glassdoor,https://www.glassdoor.com.hk/Reviews/IBM-Reviews-E354.htm
part time jobs in dombivli,https://aeromotiveinc.com/ntd5h51/page.php?id=part-time-jobs-in-dombivli
Amazon Reviews | Glassdoor,https://www.glassdoor.co.in/Reviews/Amazon-Reviews-EI_IE6036.0,6.htm
Amazon Reviews in Melbourne- Australia | Glassdoor,https://www.glassdoor.co.uk/Reviews/Amazon-Melbourne-Reviews-EI_IE6036.0,6_IL.7,16_IM965.htm
Google Reviews: What Is It Like to Work At Google? | Glassdoor,https://www.glassdoor.ca/Reviews/Google-Reviews-EI_IE9079.0,6.htm
Poverty and under nutrition among under five age group children in ...,https://go.gale.com/ps/i.do?id=GALE%7CA481245246&sid=googleScholar&v=2.1&it=r&linkaccess=abs&issn=20672462&p=AONE&sw=w
