Title,URL
SINGHAL METALLOYS PRIVATE LIMITED | LinkedIn,https://in.linkedin.com/company/singhal-metalloys-private-limited
0 Marketing/Sales Jobs for Freshers in Palwal- Feb | Internshala,https://internshala.com/fresher-jobs/marketing%2Fsales-jobs-in-palwal/
Unify Technology | LinkedIn,https://in.linkedin.com/company/unify-technology
20430 Iti Fitter Job Vacancies In Palwal Haryana - Naukri.com,https://www.naukri.com/iti-fitter-jobs-in-palwal-haryana
Machine Learning Engineer in Noida- Uttar Pradesh- India | Other at ...,https://careers.adobe.com/us/en/job/R132834/Machine-Learning-Engineer
▷ Tutors in Palwal - TeacherOn,https://www.teacheron.com/tutors-in-palwal?ul=243
Careers | PHOENIX CONTACT,https://www.phoenixcontact.com/en-pc/about-us/careers
Computer Course – Sopan Success Academy,http://sopansuccessacademy.com/category/computer-course/
Job Description - Management Trainee - Machine Learning ...,https://genpact.taleo.net/careersection/sgy_external_career_section/jobdetail.ftl?job=948599&src=DS-10971
Fynd - SDE 1 / SDE 2 - Machine Learning,https://jobs.lever.co/fynd/d3b83d37-e5c8-4a5d-87ad-b2b1e5f369b5
Data Science Course in Palwal - Dreamer Infotech,https://dreamerinfotech.in/data-science-training-course-in-palwal/
Northbeam,https://www.northbeam.io/
Best Tech Companies and Startups to Work for in Faridabad ...,https://angel.co/startups/location/faridabad
Hackveda Deep Learning Engineer | SmartRecruiters,https://jobs.smartrecruiters.com/Hackveda/743999694330745-deep-learning-engineer
Legal Services - Elevate,https://elevateservices.com/
472 Machine Learning Jobs and Vacancies in Noida- Uttar Pradesh ...,https://in.indeed.com/Machine-Learning-jobs-in-Noida,-Uttar-Pradesh
Action Construction Equipment Palwal Reviews by 62 Employees ...,https://www.ambitionbox.com/reviews/action-construction-equipment-reviews/palwal-location
B.Tech.,https://svsu.ac.in/wp-content/uploads/2022/07/Btech.pdf
Next-Generation Firewalls - Palo Alto Networks,https://www.paloaltonetworks.com/network-security/next-generation-firewall
Google Machine Learning Engineer Reviews | Glassdoor,https://www.glassdoor.co.in/Reviews/Google-machine-learning-engineer-Reviews-EI_IE9079.0,6_KO7,32.htm
List of Top B.Tech in Information Technology Colleges in Palwal ...,https://universitykart.com/topcolleges/btech-information-technology-colleges-palwal
Pulkit Goel - Senior Software Engineer - Yahoo! | LinkedIn,https://www.linkedin.com/in/pulkitgoel
Sarvesh R. Agrawal | Acoustician | Researcher | Audio Engineer,https://www.sarveshagrawal.com/
Top 10 Tailoring Classes in Palwal- Stitching- Sewing Courses ...,https://www.sulekha.com/tailoring-training/palwal
Independent Living Program - Shaurya Centre- Palwal | Glimpse of ...,https://www.facebook.com/shauryaFoundationTrust.org/videos/independent-living-program-shaurya-centre-palwal/495746894676029/
Google Reviews: What Is It Like to Work At Google? | Glassdoor,https://www.glassdoor.ca/Reviews/Google-Reviews-EI_IE9079.0,6.htm
Google Software Engineer(Internship) Interview Questions,https://www.glassdoor.ca/Interview/Google-Interview-Questions-E9079.htm?filter.jobTitleExact=Software+Engineer%28Internship%29
Google Quantitative Analyst Interview Questions | Glassdoor,https://www.glassdoor.co.uk/Interview/Google-Quantitative-Analyst-Interview-Questions-EI_IE9079.0,6_KO7,27.htm
(PDF) Managing Disasters With An Ai Neural Network Routing ...,https://www.researchgate.net/publication/344385539_Managing_Disasters_With_An_Ai_Neural_Network_Routing_Using_Smart_Phones
Ethnopharmacology | Apply for Honorary DSc in ...,https://sites.google.com/site/honorarydegreeacademics/ethnopharmacology-apply-for-honorary-dsc-in-ethnopharmacology-admission-announcement
Inspecting what you expect: Applying modern tools and techniques ...,https://escholarship.org/content/qt7hw5z2w2/qt7hw5z2w2_noSplash_3240588c0a1a0bfac70551f4f6e838fd.pdf?t=odhtj2
Tweets with replies by Amass Skill Ventures (@AMASSSKILL1 ...,https://mobile.twitter.com/AMASSSKILL1/with_replies
Best Restaurants in Block 22- Tilak Nagar- New Delhi | November ...,https://housing.com/landmarks/block-22-tilak-nagar-new-delhi-overview/restaurants-ES5Proaoys97s1i3h28
NCR stories - The Tribune- Chandigarh- India,https://m.tribuneindia.com/2002/20020604/ncr1.htm
