Title,URL
Ballari Institute of Technology & Management Applications are ...,https://www.facultytick.com/2022/06/22/ballari-institute-of-technology-management-applications-are-invited-from-eligible-candidates-for-the-following-post-of-teaching-faculty-recruitment/
Meghana Ballari - Yonsei University - San Francisco Bay Area ...,https://www.linkedin.com/in/meghana-ballari
Zaheed Hussain - Student - Ballari Institute of Technology and ...,https://in.linkedin.com/in/zaheed-hussain-62957b1b8
9 Best Freelance Python Consultants For Hire Near Bellary- IN ...,https://www.upwork.com/hire/python-consultants/in/bellary/
Women in Engineering – IEEE Ballari Institute Of Technology ...,https://site.ieee.org/sb-bitm/communities/women-in-engineering/
Market/Business Research Internship in Ballari | Internshala,https://internshala.com/internships/market%2Fbusiness-research-internship-in-ballari/
Computer Science Jobs In Bellary Karnataka - 13463 Computer ...,https://www.naukri.com/computer-science-jobs-in-bellary-karnataka
36 Company Jobs and Vacancies in Bellary- Karnataka - 5 February ...,https://in.indeed.com/Company-jobs-in-Bellary,-Karnataka
VR Engineering Works Site Engineer Salaries in Ballari | AmbitionBox,https://www.ambitionbox.com/salaries/vr-engineering-works-salaries/site-engineer/ballari-location
CSE ... - Rao Bahadur Y. Mahabaleswarappa Engineering College,https://www.rymec.in/index.php/programs/under-graduate/artificial-intelligence-and-machine-learning
Accelerating Genomics and High Performance Computing on AWS ...,https://aws.amazon.com/blogs/apn/accelerating-genomics-and-high-performance-computing-on-aws-with-relevance-lab-research-gateway-solution/
Ethical Hacking Training in Bellary﻿ | Ceh Training Institute In 2019 ...,https://www.livewireindia.com/blog/ethical-hacking-training-chennai/
Open jobs - Metso Outotec,https://www.mogroup.com/corporate/careers/open-jobs/
Truck Driver Jobs in Bellary- Karnataka (Jan 2023) - 116 Active ...,https://www.shine.com/job-search/truck-driver-jobs-in-bellary
Belleayre Mountain | New York's Best Ski Resort | Catskill Park- NY,https://www.belleayre.com/
Jobs at IFF,https://careers.iff.com/
Bellary City Survey form Mahanagara Palike - YouTube,https://www.youtube.com/watch?v=FM2MtvNkjjI
Customer Engagement Engineer - Raipur | Mendeley Careers,https://www.mendeley.com/careers/job/customer-engagement-engineer-7235467
Efficient Face Recognition by Compact Symmetric Elliptical Texture ...,https://www.researchgate.net/publication/326147619_Efficient_Face_Recognition_by_Compact_Symmetric_Elliptical_Texture_Matrix_Csetm
(PDF) A Review on Secure Storage Using Bidirectional Verification ...,https://www.researchgate.net/publication/332672925_A_Review_on_Secure_Storage_Using_Bidirectional_Verification_Techniques_in_Cloud_Computing
(PDF) Optimized Multi Class SVM Classifier for Named Entity ...,https://www.researchgate.net/publication/286523949_Optimized_Multi_Class_SVM_Classifier_for_Named_Entity_Extraction_for_Workflow_Scheduling_in_Cloud
Yashasvi choudari - Vancouver- British Columbia- Canada ...,https://ca.linkedin.com/in/yashasvichoudari
Applied Machine Learning Toward Drug Discovery Enhancement ...,https://journals.sagepub.com/doi/10.1177/11779322221090349?icid=int.sj-abstract.similar-articles.2
S S. - Member Smart Grid Working Group Asset Management ...,https://uk.linkedin.com/in/s-s-06713615
Search results | J. Murrey Atkins Library | UNC Charlotte,https://repository.charlotte.edu/islandora/search?type=dismax&f%5B0%5D=mods_originInfo_encoding_w3cdtf_dateCreated_s%3A2019
Programs Developing Jobs Openings In Bangalore - TimesJobs.com,https://www.timesjobs.com/jobs-in-bangalore/programs-developing-jobs
Operations Management Jobs In Bangalore - Operations ...,https://www.timesjobs.com/jobs-in-bangalore/operations-management-jobs
Tableau Server Administration Jobs in India - 20282 Tableau Server ...,https://www.timesjobs.com/jobskill/tableau-server-administration-jobs
Web Designer Programmer Post Graduate Jobs in India - 103199 ...,https://www.timesjobs.com/jobskill/web-designer-programmer-post+graduate-jobs
Product Security Jobs,https://www.monsterindia.com/search/product-security-jobs
Erp Data Jobs in India - TimesJobs,https://m.timesjobs.com/jobskill/erp-data-jobs
Divami Design Labs Client Reviews | Clutch.co,https://clutch.co/profile/divami-design-labs?page=1
Ethnopharmacology | Apply for Honorary DSc in ...,https://sites.google.com/site/honorarydegreeacademics/ethnopharmacology-apply-for-honorary-dsc-in-ethnopharmacology-admission-announcement
Stories of 16 March- 2021 | Deccan Herald,https://www.deccanherald.com/sitemap/detail/days/2021-03-16
AIChE Newsletter Fall 2013.Final.pub,https://aiche.org.uiowa.edu/sites/aiche.org.uiowa.edu/files/newsletter/2013FallNews.pdf
Career connect july 2016 issue by Surecom Media: CareerConnect ...,https://issuu.com/surecommediacareerconnectmagazine/docs/career_connect___july_2016_issue
