Title,URL
0 HR Jobs for Freshers in Buxar- Jan | Internshala,https://internshala.com/fresher-jobs/hr-jobs-in-Buxar/
30421 Pro C Job Vacancies In Buxar - Naukri.com,https://www.naukri.com/pro-c-jobs-in-buxar
upGrad hiring Admissions Counselor in Buxar - Join leading startup,https://earlytutors.com/jobs/upgrad-admissions-counselor-in-buxar-bh/
Mamta Kumari - Dr MGR Educational and Research Institute - Buxar ...,https://in.linkedin.com/in/mamta-kumari-599586220
Yash Mishra - North Carolina State University - Raleigh- North ...,https://www.linkedin.com/in/yashmishra12/
Battle of Buxar 1764 - GeeksforGeeks,https://www.geeksforgeeks.org/battle-of-buxar-1764/
Vishal Mega Mart Buxar Reviews by 7 Employees | AmbitionBox,https://www.ambitionbox.com/reviews/vishal-mega-mart-reviews/buxar-location
Introduction to Programming with MATLAB | Coursera,https://www.coursera.org/learn/matlab
Vishal Mega Mart Department Manager Salaries in Buxar ...,https://www.ambitionbox.com/salaries/vishal-mega-mart-salaries/department-manager/buxar-location
Top 10 AC Mechanic Training Centres in Buxar- Institutes | Sulekha ...,https://www.sulekha.com/ac-mechanic-training/buxar
Software Engineer Salary in Buxar | AmbitionBox,https://www.ambitionbox.com/profile/software-engineer-salary/buxar-location
Aptech computer training institute in Patna | Buxar - Aptech Learning,https://www.aptechlearning.com/it/aptech-centres-bihar.aspx
Jobs in Buxar - Check Latest (64) Job Openings (February 2023 ...,https://www.quikr.com/jobs/buxar+zwqxj760939060
Top IAS Coaching in Buxar - Best IAS Institutes - Justdial,https://www.justdial.com/Buxar/IAS-Institutes-in-Buxar-HO/nct-10989195
HOME | fairlawnlibrary,https://www.fairlawnlibrary.org/
Ericsson jobs,https://jobs.ericsson.com/
Qualcomm Software Engineer(Internship) Interview Questions,https://www.glassdoor.com/Interview/Qualcomm-Interview-Questions-E640.htm?filter.jobTitleExact=Software+Engineer%28Internship%29
Data Science Training Course in Buxar - Fees- Placements,http://quickxpert.com/data-science-training-course-in-buxar
Careers,https://www.piramalpharmasolutions.com/careers
Best School Management Software System in Buxar,https://www.techuptechnologies.com/school-management-software-system-in-buxar/
Samir Aghayev - Mechanical Engineer - Buxar Mühəndislik | LinkedIn,https://az.linkedin.com/in/agayevsamir
Python Programming and Data Exploration in Python | NIIT,https://www.niit.com/india/short-term-courses/data-analytics/python-programming-and-data-exploration-python
Dumraon- Buxar- 802118 ATM Contact Information | HDFC Bank,https://near-me.hdfcbank.com/branch-atm-locator/hdfc-bank-atm-dumraon-atm-dumraon-buxar-17175/Contact-Us
Rohit Pandey – Medium,https://medium.com/@rohitpandey576
Machine learning Jobs: Jobs for freshers with Machine learning ...,https://www.freshersworld.com/machine-learning-jobs/3535242
Marc Andreessen - Wikipedia,https://en.wikipedia.org/wiki/Marc_Andreessen
Hemkunt Foundation: Home,https://hemkuntfoundation.com/
4 Cnc Operator Jobs and Vacancies in Noida - 2023,https://www.goodworker.in/cnc-operator-jobs-in-noida
Qualcomm Software Engineer(Internship) Interview Questions,https://www.glassdoor.ca/Interview/Qualcomm-Interview-Questions-E640.htm?filter.jobTitleExact=Software+Engineer%28Internship%29
M.Tech.Data Science & Engineering – BITS Pilani,https://bits-pilani-wilp.ac.in/m-tech/cluster/data-science-and-engineering.php
Niraj Sharma - Senior Machine Learning Engineer - ITV | LinkedIn,https://uk.linkedin.com/in/niraj-sharma-04309666
Patna to Buxar my new blog #patna #buxar #like # - YouTube,https://www.youtube.com/watch?v=JNJ-jUjMEoM
Stator and Rotor - Difference Between stator and Rotor - YouTube,https://www.youtube.com/watch?v=ANqT09GQZ04
Car FUSE Change || In case of Electrical Equipment Failure || TATA ...,https://www.youtube.com/watch?v=vFiTAErhQZw
How to Sew a Band Collar - YouTube,https://www.youtube.com/watch?v=vqBelewfaZI
How a car suspension system works? - YouTube,https://www.youtube.com/watch?v=DKql4Is8Pas
Tractor Steering system - YouTube,https://www.youtube.com/watch?v=tJ1VGQHRpkE
Vanilla Cake Recipe Demonstration - Joyofbaking.com - YouTube,https://www.youtube.com/watch?v=6Zx7dm0Y1sk
How To Repair Cutter Machine CM4- Armature replesment..Marble ...,https://www.youtube.com/watch?v=Jb3Kpr8_khs
How To Repair Cutter Machine CM4- Armature replesment..Marble ...,https://www.youtube.com/watch?v=Jb3Kpr8_khs
Pakistan: Improving Education through Greater Accountability and ...,https://www.youtube.com/watch?v=_4subqhHmNs
Aakash:1& 2 Yrs Classroom Coaching for AIPMT-AIIMS-AIEEE-IIT ...,https://www.youtube.com/watch?v=FOvipWDTm7U
Bajaj Platina 110 H-Gear Review | Top speed- Mileage- Price ...,https://www.youtube.com/watch?v=jnlUOHjc1gY
Pushpa Thank You Meet LIVE | Allu Arjun | Rashmika | Fahadh ...,https://www.youtube.com/watch?v=UdnHLt_totU
Laser Mole Removal Treatment । तिल को जड़ से हटाने का उपाय | Mole ...,https://www.youtube.com/watch?v=DI-Ym28rG88
Khatme Resul Ke Ladle Qawwali live at Kaliyar Sharif - YouTube,https://www.youtube.com/watch?v=QuetU4wBYC0
Amazon.com Employment and Reviews | SimplyHired,https://www.simplyhired.com/company/Amazon.com/?l=Kansas+City%2C+KS
https://www.gutenberg.org/files/12006/12006-8.txt,https://www.gutenberg.org/files/12006/12006-8.txt
