Title,URL
MATRIX- Sikar (official page) | LinkedIn,https://in.linkedin.com/company/matrix-sikar
Media internship in Sikar with job offer,https://internshala.com/internships/media-internship-in-sikar/ppo-true/
MATRIX Education- Sikar | LinkedIn,https://in.linkedin.com/company/matrix-edu-sikar
Internship in Sikar | Internshala,https://internshala.com/internships/internship-in-sikar/
Dhruv Sirsikar - Software Engineer - Microsoft | LinkedIn,https://www.linkedin.com/in/dhruv-sirsikar-832513170
0 Graphic Design Jobs for Freshers in Sikar- Feb | Internshala,https://internshala.com/fresher-jobs/graphic-design-jobs-in-Sikar/
Python Course in Sikar,https://www.codingbytes.com/python-course/python-course-in-sikar/
Artificial Intelligence Course in Sikar - Best Training Institute - Fees ...,http://quickxpertinfotech.com/artificial-intelligence-course-in-sikar
upGrad hiring Admissions Counselor in Sikar - Join leading startup,https://earlytutors.com/jobs/upgrad-admissions-counselor-in-sikar-rj/
Amazon Pay | Amazon.jobs,https://www.amazon.jobs/payments
Reliance jio Salaries in Sikar | AmbitionBox,https://www.ambitionbox.com/salaries/reliance-jio-salaries/sikar-location
Top 10 Bank Security Guards Jobs in Sikar- ATM Security Jobs Sikar ...,https://www.sulekha.com/bank-atm-security-guards-jobs/sikar
Cadd Centre Sikar (@caddcentresikar) / Twitter,https://twitter.com/caddcentresikar
AminiasI Qualo Morris Sikar - Nil - Nil | LinkedIn,https://pg.linkedin.com/in/aminiasi-qualo-morris-sikar-216370130
Google Cloud Alliance | Deloitte US,https://www2.deloitte.com/us/en/pages/about-deloitte/solutions/google-cloud.html
Careers at Apple,https://www.apple.com/careers/in/
Edu Apps,https://www.eduappcenter.com/
Careers | Pernod Ricard,https://www.pernod-ricard.com/en/careers
Sharmistha Sikdar - Tuck School of Business,https://www.tuck.dartmouth.edu/faculty/faculty-directory/sharmistha-sikdar
National Apprenticeship Week | Apprenticeship.gov,https://www.apprenticeship.gov/national-apprenticeship-week
5-270 Rswm Limited Reengus -sikar- Rajasthan Jobs and Vacancies ...,https://in.indeed.com/Rswm-Limited-Reengus-,sikar,-Rajasthan-jobs-in-Rajasthan
MTS Systems,https://www.mts.com/en
▷ IT Trainer Jobs in Sikar - UrbanPro,https://www.urbanpro.com/sikar/it-trainer-jobs
Rahul Prasad - Fiji | Professional Profile | LinkedIn,https://fj.linkedin.com/in/rahul-prasad-856510126
Jobs in Sikar - Check Latest (83) Job Openings (February 2023 ...,https://www.quikr.com/jobs/sikar+zwqxj760939060
NCCER Home - The leader in construction training- education ...,https://www.nccer.org/
Museum of Science- Boston: Home,https://www.mos.org/
Daniel Sikar: Hadoop MapReduce - 06/09/2010,https://www.slideshare.net/skillsmatter/hadoop-mapreduce-usergroupdanielsikarpresentation06092010
The 10 Best Programming Languages for AI Development,https://www.makeuseof.com/best-programming-languages-ai-development/
Procurement News - SBI In the News,https://sbi.co.in/web/sbi-in-the-news/procurement-news
Bridgestone Global Website,https://www.bridgestone.com/
Branch in Station Road- Sikar- 332001 | HDFC Bank,https://near-me.hdfcbank.com/branch-atm-locator/hdfc-bank-sikar-banks-station-road-sikar-8837/Home
Careers | John Deere IN,https://www.deere.co.in/en/our-company/john-deere-careers/
CLC sikar campus visit with Er Shrawan Choudhary/clc sikar ...,https://www.youtube.com/watch?v=tp3ithXnWYs
New Jobs in Rajasthan - Vacancies in Sikar - Latest Job Requirements,https://www.youtube.com/watch?v=8wVTKVjqSjA
5 सबसे अधिक Salary वाले कंप्यूटर कोर्स | Highest paying Jobs,https://www.youtube.com/watch?v=YZUxNeDRyrY
Hello Games: Homepage,https://hellogames.org/
Pooja Jangir – Stuttgart- Baden-Württemberg- Deutschland ...,https://de.linkedin.com/in/pooja-jangir-1b086295
(PDF) Clustering of Social Networking Data Using SparkR in Big ...,https://www.researchgate.net/publication/328526600_Clustering_of_Social_Networking_Data_Using_SparkR_in_Big_Data_Second_International_Conference_ICACDS_2018_Dehradun_India_April_20-21_2018_Revised_Selected_Papers_Part_II
(PDF) Implementing "At-the-Elbow" Training in the Emergency ...,https://www.researchgate.net/publication/323665825_Implementing_At-the-Elbow_Training_in_the_Emergency_Department_Feasibility_Outcomes_and_Lessons
Items where Year is 2022 - Leeds Beckett Repository,https://eprints.leedsbeckett.ac.uk/view/year/2022.default.html
Ethnopharmacology | Apply for Honorary DSc in ...,https://sites.google.com/site/honorarydegreeacademics/ethnopharmacology-apply-for-honorary-dsc-in-ethnopharmacology-admission-announcement
Browse by UCL Departments and Centres - UCL Discovery,https://discovery.ucl.ac.uk/view/UCL/D05/2020.html
Technology as a Double-Edged Sword: Understanding Life ...,https://europepmc.org/article/pmc/pmc8850397
TDK Corporation | TDK,https://www.tdk.com/en/index.html
Power Grid Corporation of India Directors Report- Power Grid Corp ...,https://www.moneycontrol.com/annual-report/powergridcorp/directors-report/PGC
Mody University to conduct MEET 2017 on May 27 & 28,https://engineering.careers360.com/news/mody-university-conduct-meet-2017-on-may-27-28-221758
Associations of Maternal Stress- Prenatal Exposure to Per- and ...,https://escholarship.org/content/qt5zz4v15s/qt5zz4v15s.pdf?t=qndxv2
Nation - The Tribune- Chandigarh- India,https://m.tribuneindia.com/2010/20100630/nation.htm
Rating - Codeforces,https://codeforces.com/ratings/organization/19079
Rating - Codeforces,https://codeforces.com/ratings/organization/30526
Rating - Codeforces,https://codeforces.com/ratings/organization/6961
Rating - Codeforces,https://codeforces.com/ratings/organization/1637
