Title,URL
1 Marketing/Sales Jobs for Freshers in Adilabad- Jan | Internshala,https://internshala.com/fresher-jobs/marketing%2Fsales-jobs-in-Adilabad/
2 System Programmer Job Vacancies In Adilabad - Naukri.com,https://www.naukri.com/system-programmer-jobs-in-adilabad
Machine Learning-Chennai -Dadra & Nagar Haveli - Silvassa ...,https://www.timesjobs.com/job-detail/machine-learning-priyanka-vinayak-chennai-dadra-nagar-haveli-silvassa-adilabad-itanagar-dhubri-0-to-1-yrs-jobid-slzxxszKhq9zpSvf__PLUS__uAgZw==
Careers｜NTT DATA,https://www.nttdata.com/global/en/careers
Amazon Pay | Amazon.jobs,https://www.amazon.jobs/payments
Welcome to S.G.Government Polytechnic - Adilabad,http://polytechnicts.cgg.gov.in/adilabad.edu
Nearest Branches & Bank ATMs in Adilabad- Telangana | HDFC Bank,https://near-me.hdfcbank.com/branch-atm-locator/location/telangana/adilabad
Top 10 Tailoring Classes in Adilabad- Stitching- Sewing Courses ...,https://www.sulekha.com/tailoring-training/adilabad
Reliance Jiomart jobs in Adilabad- 2020 | jiomart jobs | Jio career -,https://jioguide.com/reliance-jio-jobs-in-adilabad-2020-jio-jobs-jio-career/
krishna chivte - software Engineer - javascript developer ...,https://in.linkedin.com/in/krishna-chivte-2708b816a
Ather Shareef - Senior Software Engineer - Microsoft | LinkedIn,https://www.linkedin.com/in/athershareef
Osmani Associates | LinkedIn,https://in.linkedin.com/company/osmani-associates
Build a model to predict the impact of weather on urban air quality ...,https://aws.amazon.com/blogs/machine-learning/build-a-model-to-predict-the-impact-of-weather-on-urban-air-quality-using-amazon-sagemaker/
Urgent: Icici bank Jobs in Adilabad (district) - February 2023 - 20 ...,https://in.jooble.org/jobs-icici-bank/Adilabad-(district)
Syed Rizwan Ali - Vidya Jyothi Institute Of Technology - Hyderabad ...,https://in.linkedin.com/in/syed-rizwan-ali-b12103193
23 Yarn Manufacturing Company Jobs and Vacancies - 2 February ...,https://in.indeed.com/Yarn-Manufacturing-Company-jobs
RAJENDRA KUMAR - Associate Professor - Anurag University ...,https://in.linkedin.com/in/rajendra-kumar-343b045b
Check Latest 131 Work From Home Jobs Openings In Adilabad ...,https://www.quikr.com/jobs/work-from-home+adilabad+zwqxj2034660499
HDFC Bank Salaries in Adilabad | AmbitionBox,https://www.ambitionbox.com/salaries/hdfc-bank-salaries/adilabad-location
Manager-Business-Analysis-and-Planning-Senior-Consultant ...,https://www.techgig.com/jobs/Manager-Business-Analysis-and-Planning-Senior-Consultant/68515381
Data & Intelligence | NTT DATA,https://us.nttdata.com/en/services/data-and-intelligence
GENIUS INSTITUTE Training institute in Adilabad | GENIUS ...,https://www.freshersworld.com/training-institutes/genius-institute-training-institutes-in-adilabad/4343013414
Edge Computing | IoT Solutions | ADLINK,https://www.adlinktech.com/en/Index
Best Machine Learning Training Institute Machine Learning ...,https://cedlearn.com/machine-learning
2021–22 Academic Catalog | Olivet College,https://www.olivetcollege.edu/wp-content/uploads/2021/09/2021%E2%80%9322-Academic-Catalog-Searchable.pdf
Maulana Azad National Urdu University [MANUU]- Adilabad ...,https://universitykart.com/university/universitydetails/maulana-azad-university-hyderabad
Adilabad Bulletin News 09:00PM | Adilabad Headlines | Amma ...,https://www.youtube.com/watch?v=2i4XT0Jtoeo
Erp Data Jobs in India - TimesJobs,https://m.timesjobs.com/jobskill/erp-data-jobs
Bangalore Jobs | Facebook,https://m.facebook.com/groups/404503931161943/
Forecasting Dengue Fever using Classification Techniques in Data ...,https://www.researchgate.net/publication/334155032_Forecasting_Dengue_Fever_using_Classification_Techniques_in_Data_Mining
