Title,URL
Staunch IT Solutions Machine Learning Engineer Salaries in Eluru ...,https://www.ambitionbox.com/salaries/staunch-it-solutions-salaries/machine-learning-engineer/eluru-location
MAGANTI IT SOLUTIONS PRIVATE LIMITED | LinkedIn,https://in.linkedin.com/company/maganti-it-solutions-private-limited
Internship in Eluru | Internshala,https://internshala.com/internships/internship-in-eluru/
e-wave | LinkedIn,https://in.linkedin.com/company/e-wave-scooters
Data Science Summer Internship in Eluru | Internshala,https://internshala.com/internships/data-science-summer-internship-in-eluru/
upGrad hiring Admissions Counselor in Eluru - Join leading startup,https://earlytutors.com/jobs/upgrad-admissions-counselor-in-eluru-ap/
Data Science Training in Eluru- Course Fees- Certification | Sulekha,https://www.sulekha.com/data-science-certification-training/eluru
Eluru District Job Mela on Dec 23rd,https://education.sakshi.com/en/jobs/pvt-jobs/eluru-district-job-mela-dec-23rd-122074
Computerised Embroidery Job Works in Eluru,https://www.justdial.com/Eluru/Computerised-Embroidery-Job-Works/nct-10890829
SIR C R REDDY COLLEGE OF ENGINEERING - Eluru,https://sircrrengg.ac.in/
Search our Job Opportunities at IQVIA,https://jobs.iqvia.com/search-jobs
Reliance Jiomart jobs in Eluru- 2020 | jiomart jobs | Jio career -,https://jioguide.com/reliance-jio-jobs-in-eluru-2020-jio-jobs-jio-career/
Top Embroidery Job Works in Eluru - Best Embroidery Works - Justdial,https://www.justdial.com/Eluru/Embroidery-Job-Works/nct-10187270
RWS Careers- Employment & Jobs - RWS,https://www.rws.com/about/careers/
St. Joseph Dental College Eluru,https://stjosephdentaleluru.com/
Data Science Training Course in Eluru - Fees- Placements,http://quickxpert.com/data-science-training-course-in-eluru
Work At Home Jobs- Jobs in Eluru- Job Vacancies & Openings in ...,https://www.olx.in/eluru_g4058517/jobs_c4/q-work-at-home
ALLWYN | Unlock the Power of Artificial Intelligence,https://allwyncorp.com/
Ramachandra College of Engineering- Eluru | RCEE,https://www.rcee.ac.in/
Sir C.R.Reddy College of Engineering - Eluru- India - College ...,https://m.facebook.com/profile.php?v=feed&id=1396607560569643
ASHOK KUMAR - Eluru- : I can teach any subject in electrical ...,https://www.superprof.ca/can-teach-any-subject-electrical-engineering-near-city-eluru.html
Guerbet - Homepage,https://www.guerbet.com/
RPA Jobs | Careers in Automation | Automation Anywhere,https://www.automationanywhere.com/company/careers
Eluru- West Godavari- 534006 Branch Photos & Videos | HDFC Bank,https://near-me.hdfcbank.com/branch-atm-locator/hdfc-bank-eluru-banks-eluru-west-godavari-10740/Photos-Videos
Cloud Engineer Jobs Opening in Cassius Technologies at Eluru,https://www.freshersworld.com/jobs/cloud-engineer-jobs-opening-in-cassius-technologies-at-eluru-1663621
Jobs in Eluru - Check Latest (318) Job Openings (February 2023 ...,https://www.quikr.com/jobs/eluru+zwqxj760939060
The Seedcare Institute | Syngenta Seedcare,https://www.syngentaseedcare.com/seedcare-institute
Amazon Delivery Jobs 2023-24 Job Vacancy- Eluru - Recruitment ...,https://www.quikr.com/jobs/amazon-delivery-jobs+eluru+zwqxj4157493934
Fractal Analytics Salary in India in 2023 [Average to Highest ...,https://www.upgrad.com/blog/fractal-analytics-salary-in-india/
Computer Operator Jobs In Eluru 2023-24 Job Vacancy- Eluru ...,https://www.quikr.com/jobs/computer-operator-jobs-in-eluru+eluru+zwqxj4157493934
Sample Characteristics Table 2a. Reason to Move Component of ...,https://www.researchgate.net/figure/Sample-Characteristics-Table-2a-Reason-to-Move-Component-of-Joint-Model_tbl1_238197030
All Academia articles – Page 12 | Chemistry World,https://www.chemistryworld.com/academia/32.subject?page=12
February 2021 – Page 3 | Chemistry World,https://www.chemistryworld.com/february-2021/3218.issue?page=3
How does machine learning compare to conventional econometrics ...,https://onlinelibrary.wiley.com/doi/10.1111/grow.12587
Built Environment Factors Affecting Bike Sharing Ridership: Data ...,https://journals.sagepub.com/doi/full/10.1177/0361198119849908
Built Environment Factors Affecting Bike Sharing Ridership: Data ...,https://journals.sagepub.com/doi/10.1177/0361198119849908?icid=int.sj-abstract.citing-articles.187
SIMULTANEOUS ESTIMATION OF FLEXIBLE MODELS AND ...,https://transit.ce.unlv.edu/apaz/wp-content/uploads/2018/03/trb-simultaneous-estimation_11112017.pdf
Determining Factors Affecting Public Bike Ridership and Its Spatial ...,https://www.ncbi.nlm.nih.gov/pmc/articles/PMC9647037/
View All Items | ucf.digital.flvc.org,http://ucf.digital.flvc.org/islandora/search/catch_all_subjects_mt%3A(Automation)
DVR & Dr. HS MIC College of Technology,https://mictech.edu.in/
Content Posted in 2021 | STARS - Showcase of Text- Archives ...,https://stars.library.ucf.edu/2021.4.html
Prediction for Origin-Destination Distribution of Dockless Shared ...,https://europepmc.org/article/pmc/pmc9024127
SEMI-ANNUAL PROGRESS REPORT FOR UNIVERSITY ...,http://safersim.nads-sc.uiowa.edu/docs/Semi-Annual_Progress_Report-Apr2022.pdf
