Title,URL
IEEE Student Branch - BIT Mesra (Deoghar Campus) | LinkedIn,https://in.linkedin.com/company/ieee-student-branch-bit-mesra-deoghar-campus
1 Fresher Jobs in Deoghar- January | Internshala,https://internshala.com/fresher-jobs/jobs-in-Deoghar/
Lecturer Jobs In Deoghar Jharkhand - 100 Lecturer Job Vacancies ...,https://www.naukri.com/lecturer-jobs-in-deoghar-jharkhand
Alation: Enterprise Data Catalog & Data Governance,https://www.alation.com/
34 Jobs in Jobs and Vacancies in Deoghar- Jharkhand - 2 February ...,https://in.indeed.com/Jobs-in-jobs-in-Deoghar,-Jharkhand
Omega Business Solutions | LinkedIn,https://www.linkedin.com/company/omega-business-solutions
Imacathon: All Wrapped In One by Birla Institute of Technology (BIT ...,https://unstop.com/hackathon/imacathon-all-wrapped-in-one-birla-institute-of-technology-bit-deoghar-336686
MISH Hospital and Clinics | LinkedIn,https://www.linkedin.com/company/mish-hospital-and-clinics
34 Vacancy Jobs and Vacancies in Deoghar- Jharkhand - 1 ...,https://in.indeed.com/Vacancy-jobs-in-Deoghar,-Jharkhand
upGrad hiring Admissions Counselor in Deoghar - Join leading startup,https://earlytutors.com/jobs/upgrad-admissions-counselor-in-deoghar-jh/
V-Mart Salaries in Deoghar | AmbitionBox,https://www.ambitionbox.com/salaries/v-mart-salaries/deoghar-location
20 Best job vacancy in jobs in Deoghar- Jharkhand (Hiring Now ...,https://www.simplyhired.co.in/search?q=job+vacancy+in&l=deoghar%2C+jharkhand
About Us - Emeritus - Online Certificate Courses | Diploma Programs,https://emeritus.org/about-us/
Women Leaders in AI,https://www.ibm.com/watson/women-leaders-in-ai/2021-list/
page 12 of 48 Programmer Jobs in Deoghar Feb 2023. Apply 4-770 ...,https://www.fresherslive.com/search-jobs/programmer-jobs-in-deoghar/12
Job Guarantee Machine Learning Program - Career Launcher,https://www.careerlauncher.com/machine-learning-job-guarantee-program/
Women in Tech India by WomenTech Network,https://www.womentech.net/en-es/in/India?page=4
10 of the Highest-Paying Aviation Jobs (With Salaries) | Indeed.com,https://www.indeed.com/career-advice/finding-a-job/highest-paying-aviation-jobs
Raja Babu | IIT Kanpur,https://therajababu.com/
Looking for Online Python Trainer in Rohani- Deoghar - Job ID ...,https://www.urbanpro.com/deoghar/looking-for-online-python-trainer-in-rohani/35031030
Top 10 Beautician Courses in Deoghar- Makeup Courses | Sulekha ...,https://www.sulekha.com/beautician-job-training/deoghar
Find Manufacturing Companies in Deoghar - Dun & Bradstreet,https://www.dnb.com/business-directory/company-information.manufacturing.in.jharkhand.deoghar.html
Career | NIIT,https://www.niit.com/india/career
Davison Community Schools / Homepage,https://www.davisonschools.org/
Behind The Scenes – See How Paint Is Made! - YouTube,https://www.youtube.com/watch?v=OiCsmzBMqmQ
Professional badminton racket stringing in 10 steps - YouTube,https://www.youtube.com/watch?v=RBViCtBwbV4
MakeMyTrip Careers,https://careers.makemytrip.com/
Effects of the COVID-19 pandemic and lockdown on alcohol use ...,https://europepmc.org/article/pmc/pmc8183243
Engineering Jobs | Facebook,https://www.facebook.com/groups/engineeringjobsofficial/
(PDF) Implementing lean paradigm in an Indian foundry facility: a ...,https://www.researchgate.net/publication/340833136_Implementing_lean_paradigm_in_an_Indian_foundry_facility_a_case_study
mechanical engineering jobs in uae for freshers 2022,https://aeromotiveinc.com/ntd5h51/page.php?id=mechanical-engineering-jobs-in-uae-for-freshers-2022
Rating - Codeforces,https://codeforces.com/ratings/organization/19079
Rating - Codeforces,https://codeforces.com/ratings/organization/30526
