Title,URL
Senior Technical Specialist Jobs In Malerkotla - 34075 Senior ...,https://www.naukri.com/senior-technical-specialist-jobs-in-malerkotla
KS Agricultural Industries | LinkedIn,https://in.linkedin.com/company/ks-agricultural-industries
'Not a common tailoring job'—Muslim women in Malerkotla stitch ...,https://theprint.in/features/not-a-common-tailoring-job-muslim-women-in-malerkotla-stitch-flags-for-har-ghar-tiranga/1079563/
228 Zscaler Data Jobs and Vacancies in India - 31 January 2023 ...,https://in.indeed.com/Zscaler-Data-jobs-in-India
Top 10 Share Market Courses in Malerkotla- Training Classes ...,https://www.sulekha.com/share-marketing-job-training/malerkotla
Jobs in Malerkotla- Job Vacancies & Openings in Malerkotla | OLX,https://www.olx.in/malerkotla_g4059086/jobs_c4
Syngenta,https://www.syngenta.com/en
Malerkotla - Wikipedia,https://en.wikipedia.org/wiki/Malerkotla
American Robotics | LinkedIn,https://www.linkedin.com/company/american-robotics-inc
Vardhman Fabrics Malerkotla Reviews by 17 Employees ...,https://www.ambitionbox.com/reviews/vardhaman-fabrics-reviews/malerkotla-location
Ishwar Agro Industries (@ishwaragroindustries) • Instagram photos ...,https://www.instagram.com/ishwaragroindustries/?hl=en
Arihant Spinning Mills Malerkotla Reviews by 7 Employees ...,https://www.ambitionbox.com/reviews/arihant-spinning-mills-reviews/malerkotla-location
Jobs in Malerkotla - Check Latest (67) Job Openings (February 2023 ...,https://www.quikr.com/jobs/malerkotla+zwqxj760939060
Untitled,https://www.mrsptuonline.com/home
Security Guard Jobs 2023-24 Job Vacancy- Malerkotla - Recruitment ...,https://www.quikr.com/jobs/security-guard-jobs+malerkotla+zwqxj4157493934
Home tuition in Malerkotla India,https://www.teachwell.in/blog.html/home-tuition/home-tutor-in-malerkotla
Husband of Akali sarpanch shot dead in Malerkotla,https://www.tribuneindia.com/news/archive/punjab/husband-of-akali-sarpanch-shot-dead-in-malerkotla-489718
issuperset() in Python - GeeksforGeeks,https://www.geeksforgeeks.org/issuperset-in-python/
Librarian & Assistant Professors at Harf College Malerkotla ...,https://www.gyanmalalibrary.com/librarian-assistant-professors-at-harf-college-malerkotla.html
Chapter 9: Plumbing | Healthy Housing Reference Manual | NCEH,https://www.cdc.gov/nceh/publications/books/housing/cha09.htm
Amazon Delivery Driver Interview Questions | Glassdoor,https://www.glassdoor.com/Interview/Amazon-Delivery-Driver-Interview-Questions-EI_IE6036.0,6_KO7,22.htm
Find Job | Work Assist,https://workassist.in/job-category/business-analytics
Today Fresher IT/Core - Non IT Jobs and HR/Recruiter jobs,https://groups.google.com/g/freshersjobupdatessk/c/pFUIDQYs7Ek
About the Team | Khan Academy,https://www.khanacademy.org/about/the-team
Bhupindra Global School (BGS)- Nabha Road- Malerkotla ...,https://school.careers360.com/schools/bhupindra-global-school-nabha-road-malerkotla
M.Tech.Data Science & Engineering – BITS Pilani,https://bits-pilani-wilp.ac.in/m-tech/cluster/data-science-and-engineering.php
Zscaler Software Engineer Intern Jobs | Glassdoor,https://www.glassdoor.co.in/Jobs/Zscaler-software-engineer-intern-Jobs-EI_IE359434.0,7_KO8,32.htm
GMR Institute of Technology: Curating Futuristic Courses for ...,https://www.gmrgroup.in/blog/Gmr-Institute-of-technology-curating-futuristic-courses-for-increased-job-opportunities.aspx
Tzit Education in Malerkotla - Best Computer Software Training ...,https://www.justdial.com/Sangrur/Tzit-Education-Malerkotla/9999P1672-1672-170606221039-E5Z9_BZDET
Careers- Recruitment- Jobs and Vacancies at IndusInd Bank,https://www.indusind.com/in/en/personal/career.html
GMR Institute of Technology: Curating Futuristic Courses for ...,https://www.gmrairports.com/Gmr-Institute-of-technology-curating-futuristic-courses-for-increased-job-opportunities.aspx
Automation Testing Course in Malerkotla - Best Training Institute ...,http://quickxpertinfotech.com/automation-testing-course-in-malerkotla
S.S Products Of India - Manufacturer from Malerkotla Road ...,https://www.indiamart.com/ss-products-of-india-ludhiana/aboutus.html
Read Our Blog About What Conditions Neurologists Treat | WWMG,https://www.wwmedgroup.com/blog/conditions-neurologists-treat/
Sarvhitkari Vidya Mandir,https://svmmalerkotla.com/
Computer institute near me Malerkotla Punjab,https://www.emaxindia.in/computer-institute-near-me-malerkotla-punjab/
Govt Industrial Training Institute Malerkotla | ITI Directory,https://iti.directory/sangrur/govt-industrial-training-institute-malerkotla
ਖਾਲੀ ਅਸਾਮੀਆਂ Vacancies,http://www.punjabiuniversity.ac.in/pages/Pages.aspx?dsenc=%E0%A8%96%E0%A8%BE%E0%A8%B2%E0%A9%80%20%E0%A8%85%E0%A8%B8%E0%A8%BE%E0%A8%AE%E0%A9%80%E0%A8%86%E0%A8%82%20Vacancies
Malerkotla -Today Crime against Press Conference SSP Madam ...,https://www.youtube.com/watch?v=zBRhqncwfoU
How to Fix Tailbone Pain for Good - YouTube,https://www.youtube.com/watch?v=nQXO8xlZ9ZE
7HP Mini Tiller for Small Farmers | Mini Tiller Trailer | Rajaspray in ...,https://www.youtube.com/watch?v=miBhQpbmDpY
rajaldesar road accident bolero car and truck accident - YouTube,https://www.youtube.com/watch?v=WppNpmvXccs
Interview with Punjab plus channel... | By Singla Multispeciality ...,https://www.facebook.com/100063939070001/videos/interview-with-punjab-plus-channel/2788960447844266/
ITI Mechanic Motor Vehicle | Career in Mechanic Motor Vehicle ...,https://m.facebook.com/studyitiskills/videos/iti-mechanic-motor-vehicle-career-in-mechanic-motor-vehicle-motor-mechanic-cours/1632056560469284/
The Tribune- Chandigarh- India - Punjab,https://m.tribuneindia.com/2004/20040402/punjab1.htm
Chandigarh Stories - The Tribune- Chandigarh- India,https://m.tribuneindia.com/2012/20120507/cth1.htm
Template:Newsdirect old - SikhiWiki- free Sikh encyclopedia.,https://www.sikhiwiki.org/index.php/Template:Newsdirect_old
