Title,URL
28 Machine Learning Engineer jobs in Greater Visakhapatnam Area,https://in.linkedin.com/jobs/machine-learning-engineer-jobs-greater-visakhapatnam-area
Urgent: Python machine learning Jobs in Visakhapatnam - February ...,https://in.jooble.org/jobs-python-machine-learning/Visakhapatnam
73 Data Scientist jobs in Visakhapatnam- Andhra Pradesh- India (3 ...,https://in.linkedin.com/jobs/data-scientist-jobs-visakhapatnam
Machine Learning (ML) Course in Visakhapatnam - Fee 55% Off,https://datamites.com/machine-learning-course-training-vizag/
Machine Learning Engineer Job For 1-2 Year Exp In InnData ...,https://www.foundit.in/job/machine-learning-engineer-inndata-analytics-private-limited-visakhapatnam-7493555
Job Openings | Uber Careers,https://www.uber.com/us/en/careers/list/
Machine Learning Engineer yearly salaries in Visakhapatnam- AP at ...,https://in.indeed.com/cmp/Inndata-Analytics-Private-Limited/salaries/Machine-Learning-Engineer/Visakhapatnam-AP
Join iMerit now to shape the future of AI and ML data | iMerit,https://imerit.net/careers/
25 Machine Learning Jobs and Vacancies in Andhra Pradesh - 3 ...,https://in.indeed.com/Machine-Learning-jobs-in-Andhra-Pradesh
Data annotator at Nanyatt • Visakhapatnam | Wellfound (formerly ...,https://angel.co/company/nanyatt/jobs/1232177-data-annotator
Best Data Science Course in Vizag - IIT Madras CCE Training,https://intellipaat.com/data-scientist-course-training-vizag/
Data Science Course in Vizag [with JobAssist],https://www.simplilearn.com/data-science-training-course-vizag-city
Machine Learning Training- Visakhapatnam - Appleton Innovations,https://appletoninnovations.com/ml-certification-1
ML / AI Engineers - Visakhapatnam/Vizag - Inndata Analytics - 0 to 1 ...,https://www.firstnaukri.com/job-listings-ml-ai-engineers-inndata-analytics-visakhapatnam-vizag-0-to-1-years-310322501806?isCrawler=true
Best Artificial Intelligence Course in Vizag [Rated #1],https://www.simplilearn.com/artificial-intelligence-training-courses-vizag-city
Define your career with IBM,https://www.ibm.com/careers/in-en/
Amazon.in | Amazon.jobs,https://www.amazon.jobs/en/teams/in
Inlight Data Analytics Private Limited | LinkedIn,https://www.linkedin.com/company/inlightdata
TCS to open its offices in Visakhapatnam; more jobs will emerge ...,https://content.techgig.com/hiring/tcs-to-open-its-offices-in-visakhapatnam-more-jobs-will-emerge/articleshow/73242503.cms
Data Scientist Salary in Visakhapatnam | AmbitionBox,https://www.ambitionbox.com/profile/data-scientist-salary/visakhapatnam-location
Artificial Intelligence Course Training in Vizag,https://360digitmg.com/india/artificial-intelligence-ai-and-deep-learning-in-visakhapatnam
Imaginnovate Intern - Triplebyte,https://triplebyte.com/company/public/imaginnovate/LdXmvww/intern
Enveda Biosciences | Plant-Powered Drug Discovery,https://www.envedabio.com/
Data engineer Jobs in Visakhapatnam- February 2023 | Glassdoor,https://www.glassdoor.co.in/Job/visakhapatnam-data-engineer-jobs-SRCH_IL.0,13_IC2879606_KO14,27.htm
Design internship in Visakhapatnam with job offer,https://internshala.com/internships/design-internship-in-visakhapatnam/ppo-true/
Guru teja - Visakhapatnam- : Experienced in Artificial Intelligence ...,https://www.superprof.ng/experienced-artificial-intelligence-and-machine-learning-can-give-tuitions-python-programming-ranging-from-basic-level.html
Miracle Software Systems- Inc is hiring Data Engineer job in ...,https://cutshort.io/job/Data-Engineer-Visakhapatnam-Miracle-Software-Systems-Inc-BxzAjaZX
Jobs at Synopsys | Synopsys Careers,https://www.synopsys.com/careers.html
Staff Data Scientist Jobs Opening in A Client of Freshersworld at ...,https://www.freshersworld.com/jobs/staff-data-scientist-jobs-opening-in-a-client-of-freshersworld-at-visakhapatnam-1490109
17 Best trainer jobs in Visakhapatnam- Andhra Pradesh (Hiring Now ...,https://www.simplyhired.co.in/search?q=trainer&l=visakhapatnam%2C+andhra+pradesh
AWS Training in Visakhapatnam | AWS Certification Course Online,https://www.edureka.co/aws-certification-training-visakhapatnam
▷ JAVA tutors in Visakhapatnam - TeacherOn,https://www.teacheron.com/java-tutors-in-visakhapatnam
Learning Hiring Preferences - The AI Behind LinkedIn Jobs,https://www.walshmedicalmedia.com/proceedings/learning-hiring-preferences--the-ai-behind-linkedin-jobs-59695.html
Phenom Reviews | Glassdoor,https://www.glassdoor.com/Reviews/Phenom-Reviews-E799020_P3.htm
Data Categorization and Noise Analysis in Mobile Communication ...,https://www.scirp.org/html/3-9501218_18621.htm
IntelliCompute | LinkedIn,https://ch.linkedin.com/company/intellicompute?trk=public_profile_experience-item_profile-section-card_image-click
Debananda Mohanty - Maintenance Manager - Bhatia general ...,https://ae.linkedin.com/in/debananda-mohanty-652194a5
(PDF) Medical Image Classification Through Deep Learning,https://www.researchgate.net/publication/335230400_Medical_Image_Classification_Through_Deep_Learning
Ravi Theja Tummalapenta - University of Hertfordshire - Luton ...,https://uk.linkedin.com/in/ravi-theja-tummalapenta-33a647140
GITAM Deemed University on LinkedIn: #gitamalumni ...,https://ca.linkedin.com/posts/gitam-deemed-university_gitamalumni-gitamdeemedtobeuniversity-activity-6977959975767728128-28sy?trk=public_profile_like_view
Exploring the long-term changes in the Madden Julian Oscillation ...,https://europepmc.org/article/med/33122654
Darija H. Bräuniger on Twitter: ""Man kann durch Daten einen ...,https://mobile.twitter.com/harrowna/status/609060702641352707
All Industry articles – Page 11 | Chemistry World,https://www.chemistryworld.com/industry/39.subject?page=11
Indeed "lead generation" Reviews | Glassdoor,https://www.glassdoor.ca/Reviews/Indeed-lead-generation-Reviews-EI_IE100561.0,6_KH7,22.htm
Iqra Chauhan - Administration - Amazon | LinkedIn,https://pk.linkedin.com/in/iqra-chauhan-9a08651b4
7 Best Freelance Vue.js Developers For Hire Near Ashburn- VA ...,https://www.upwork.com/hire/vue-js-developers/us/ashburn-va/
Improving the Grid Scheduling Performance with Fault Tolerance ...,https://link.springer.com/chapter/10.1007/978-3-642-27443-5_2
Robokalam | LinkedIn,https://de.linkedin.com/company/robokalam?trk=public_profile_experience-item_profile-section-card_subtitle-click
O rigin al A rticle,https://papers.ssrn.com/sol3/Delivery.cfm/SSRN_ID3275166_code2357647.pdf?abstractid=3275166&mirid=1
Erp Data Jobs in India - TimesJobs,https://m.timesjobs.com/jobskill/erp-data-jobs
Tableau Server Administration Jobs in India - 20282 Tableau Server ...,https://www.timesjobs.com/jobskill/tableau-server-administration-jobs
SPSS Analytics Online Training,https://www.sulekha.com/spss-analytics-online-training/
