Title,URL
CareerLake,https://www.facebook.com/careerlake/
C C++ Developer at DocketRun • Hubli • Dharwad • Hubli ...,https://angel.co/company/docketrun/jobs/1558419-c-c-developer
Amey Dharwadker - Machine Learning Tech Lead - Video ...,https://www.linkedin.com/in/ameydharwadker
IIT Dharwad,https://www.iitdh.ac.in/
Join iMerit now to shape the future of AI and ML data | iMerit,https://imerit.net/careers/
Hubli Dharwad Municipal Corporation | LinkedIn,https://in.linkedin.com/company/hubli-dharwad-municipal-corporation
Job Guaranteed Training Courses in Hubli Dharwad - Apponix ...,https://www.apponix.com/hubli/training-courses-in-hubli-dharwad.html
Indian Institute of Information Technology Dharwad | LinkedIn,https://in.linkedin.com/company/iiit-dharwad
1336 Tool Die Maker Job Vacancies In Dharwad Karnataka - Naukri ...,https://www.naukri.com/tool-die-maker-jobs-in-dharwad-karnataka
Office Equipment Automation Jobs 2020 - Gwekaindia,https://www.gweka.com/office-equipment-automation-jobs/
Infosys Careers - Internships,https://www.infosys.com/careers/internships.html
28 Machine Learning Job Vacancies In Mysore - Naukri.com,https://www.naukri.com/machine-learning-jobs-in-mysore
266 Jobs and Vacancies in Hubli- Karnataka - 6 February 2023 ...,https://in.indeed.com/jobs-in-Hubli,-Karnataka
Mca Jobs In Hubli - 34 Mca Job Vacancies In Hubli - Naukri.com,https://www.naukri.com/mca-jobs-in-hubli
Analytics Vidhya | Learn everything about Data Science- Artificial ...,https://www.analyticsvidhya.com/
Full Stack Developer & Machine Learning Job in Docketrun ...,https://jobgrin.co.in/c/Docketrun/jobs/Full-Stack-Developer-Machine-Learning-fANyCWawsV
CareerBoost - Jobs for Freshers & College Students in India,https://www.mygreatlearning.com/academy/careerboost
AKASA: AI for Healthcare and Revenue Cycle Operations,https://akasa.com/
Data Science Course in Hubli Dharwad - Best Training Institute ...,http://quickxpertinfotech.com/data-science-course-in-hubli-dharwad
Career Opportunities- Openings and Jobs in India | HCLTech,https://www.hcltech.com/careers/Careers-in-india
Top 8 Highest Paying Jobs in India in Arts Field [A Complete Report ...,https://www.upgrad.com/blog/highest-paying-jobs-india-arts-field/
Docketrun: Home,https://docketrun.com/
Computer Science Internship in Hubballi-dharwad | Internshala,https://internshala.com/internships/computer-science-internship-in-hubballi-dharwad/
Machine learning Jobs: Jobs for freshers with Machine learning ...,https://www.freshersworld.com/machine-learning-jobs/3535242
Amazon Pay | Amazon.jobs,https://www.amazon.jobs/payments
Search our Job Opportunities at Unilever,https://careers.unilever.com/search-jobs
Collaborative Filtering Jobs in Dharwad- Karnataka (Feb 2023) - 9 ...,https://www.shine.com/job-search/collaborative-filtering-jobs-in-dharwad
4 Internship Job Vacancies in Hubli Dharwad - Nov (2022),https://www.monsterindia.com/search/internship-jobs-in-hubli-dharwad
DharwadHubballiTutor,https://www.dharwadhubballitutor.com/
Data Science Training in Dharwad- Course Fees- Certification ...,https://www.sulekha.com/data-science-certification-training/dharwad
▷ Tutors in Dharwad - TeacherOn,https://www.teacheron.com/tutors-in-dharwad?ul=4t
26 New/Updated CFD Jobs Since Last Week,https://www.cfd-online.com/Forum/news.cgi/read/110605
KLE Technological University - One of the Top Best Universities in ...,https://www.kletech.ac.in/
Igeeks is India's no.1 internship platform with 5000+ internships in ...,https://www.igeekstechnologies.com/
Bacardi Careers | Bacardi Jobs - Bacardi Limited,https://www.bacardilimited.com/careers/
Akash Murthy - Product Specialist - IIT Dharwad - Euprime | LinkedIn,https://uk.linkedin.com/in/akashmurthy
Senior C/C++ Engineer - DocketRun Tech Private Limited,https://www.deshpandestartups.org/docketrun-sr-engg
Beyond Bengaluru clusters to create over 10 lakh jobs: Karnataka IT ...,https://www.newindianexpress.com/states/karnataka/2022/aug/23/beyond-bengaluru-clusters-to-create-over-10-lakh-jobs-karnataka-it-minister-dr-cn-ashwath-2490382.html
Top Business Intelligence Jobs to Apply in January 2022,https://www.analyticsinsight.net/top-business-intelligence-jobs-to-apply-in-january-2022/
Careers - Motorola Solutions - Asia,https://www.motorolasolutions.com/en_xp/about/careers.html
Artificial Intelligence and Data Science Department -ECB Bikaner,https://www.ecb.ac.in/department/ai_ds.php?info=scope
SDMCET- Dharwad,https://sdmcet.ac.in/
Jobs in infokalash Hubli | ID-1039799-Recruiters in Hubli,https://www.placementindia.com/job-recruiters/infokalash-hubli-dharwad-1039799-ffid/
HAEGL TECHNOLOGIES PVT LTD,https://haegl.in/
Quest Global: We strive to be the most trusted partner for the world's ...,https://www.quest-global.com/
M.Tech.Data Science & Engineering – BITS Pilani,https://bits-pilani-wilp.ac.in/m-tech/cluster/data-science-and-engineering.php
CDAIT | Georgia Tech on Twitter: "How does the @FCC ...,https://twitter.com/cdaitgt/status/1391782833396633601
Access to Tap Water and Per capita Availability of Water Source ...,https://www.researchgate.net/figure/Access-to-Tap-Water-and-Per-capita-Availability-of-Water-Source-School-of-Planning-and_fig3_254091301
Autonomous Maintenance Jobs in India - 15925 Autonomous ...,https://www.timesjobs.com/jobskill/autonomous-maintenance-jobs
Search Result for dharwad – TechGig,https://content.techgig.com/searchresult.cms?query=dharwad
Algorithms in comparative genomics,https://digitalcommons.njit.edu/cgi/viewcontent.cgi?article=1239&context=dissertations
Electronic copy available at: https://ssrn.com/abstract=3873187,https://papers.ssrn.com/sol3/Delivery.cfm/SSRN_ID3873187_code4740087.pdf?abstractid=3873187
Physician Emotional Labour and Job Performance: The Mediating ...,https://journals.sagepub.com/doi/abs/10.1177/0972063415606281
Indian Social Entrepreneurs | SpringerLink,https://link.springer.com/chapter/10.1007/978-81-322-2827-1_4
Languages Arabic And English Jobs in India - 19018 Languages ...,https://m.timesjobs.com/jobskill/languages-arabic-and-english-jobs
Software Industry in India: Product and Intellectual Property Focus,http://dspace.mit.edu/bitstream/handle/1721.1/67561/761697629-MIT.pdf;sequence=2
Stories of 07 February- 2019 | Deccan Herald,https://www.deccanherald.com/sitemap/detail/days/2019-02-07
Dushan Dsanayake on LinkedIn: Only BLU underwater restaurant ...,https://lk.linkedin.com/posts/dushan-dsanayake-3b647068_only-blu-underwater-restaurant-maldives-activity-6980195922513182720-VW2o?trk=public_profile_like_view
COVID-19 third wave to likely peak in October- National Institute of ...,https://www.edexlive.com/news/2021/aug/23/covid-19-third-wave-tolikely-peak-in-octobernational-institute-of-disaster-management-report-warn-23450.html
Plant May June 2013 by Annex Business Media - Issuu,https://issuu.com/glaciermedia/docs/plnt_mayjun2013
Ethnopharmacology | Apply for Honorary DSc in ...,https://sites.google.com/site/honorarydegreeacademics/ethnopharmacology-apply-for-honorary-dsc-in-ethnopharmacology-admission-announcement
pipelining · GitHub Topics · GitHub,https://github.com/topics/pipelining?o=asc&s=forks
Uday_Mirji_Fresher_2015_Resume,https://www.slideshare.net/UDAYMIRJI/udaymirjifresher2015resume
