Title,URL
670 Machine Learning Jobs and Vacancies in Chennai- Tamil Nadu ...,https://in.indeed.com/Machine-Learning-jobs-in-Chennai,-Tamil-Nadu
2414 Machine Learning Job Vacancies In Chennai - Naukri.com,https://www.naukri.com/machine-learning-jobs-in-chennai
Machine learning Jobs in Chennai- February 2023 | Glassdoor,https://www.glassdoor.co.in/Job/chennai-machine-learning-jobs-SRCH_IL.0,7_IC2833209_KO8,24.htm
20 Best data scientist (machine learning) jobs in Chennai- Tamil ...,https://www.simplyhired.co.in/search?q=data+scientist+%28machine+learning%29&l=chennai%2C+tamil+nadu
Senior Machine Learning Engineer- ADP Job #190759- Chennai ...,https://jobs.adp.com/job/11009068/senior-machine-learning-engineer-chennai-in/
Machine Learning Jobs In Chennai,https://www.timesjobs.com/jobs-in-chennai/machine-learning-jobs
Machine Learning (ML) Jobs in Chennai,https://cutshort.io/jobs/machine-learning-ml-jobs-in-chennai
Search Jobs - Google Careers,https://careers.google.com/jobs/
Careers at Microsoft | Microsoft jobs,https://careers.microsoft.com/us/en/
Machine Learning Engineer,https://www.workex.jobs/job-details/Machine-Learning-Engineer-jobs-in-Chennai-62340ff01f77c64314142f83
Machine Learning Jobs in Chennai- Tamil Nadu (Feb 2023) - 166 ...,https://www.shine.com/job-search/machine-learning-jobs-in-chennai
Python with Machine Learning and Deep Learning Job For 3-6 Year ...,https://www.foundit.in/job/python-with-machine-learning-and-deep-learning-aspire-systems-india-private-limited-chennai-7183167
Top Companies Hiring for Machine Learning Engineer Jobs in ...,https://www.glassdoor.com/Explore/top-machine-learning-companies-chennai_IO.4,20_IL.31,38_IM1067.htm
India Machine Learning | Amazon.jobs,https://www.amazon.jobs/en/landing_pages/india-machine-learning
Work with Us | BNY Mellon,https://www.bnymellon.com/us/en/careers/work-with-us.html
Explore job opportunities | Adobe careers,https://www.adobe.com/careers.html
Best Machine Learning Companies and Startups to Work for in ...,https://angel.co/startups/l/chennai-tn/machine-learning
Define your career with IBM,https://www.ibm.com/careers/in-en/
Careers | KLA,https://www.kla.com/careers
Staff Engineer - Machine Learning,https://qualcomm.wd5.myworkdayjobs.com/en-US/External/job/Chennai-IND/Staff-Engineer---Machine-Learning_3047304?q=machine+learning
Machine Learning Engineer Jobs in Chennai- Madurai- Coimbatore,https://www.optisolbusiness.com/jobs/machine-learning-engineer
Professional Certificate Program In AI And Machine Learning- Chennai,https://www.simplilearn.com/pgp-ai-machine-learning-certification-training-course-chennai-city
Machine Learning Engineer Jobs - Qualcomm Jobs,https://qualcomm.dejobs.org/machine-learning-engineer/jobs-in/
Current Openings | Tiger Analytics,https://www.tigeranalytics.com/current-openings/
Data Science Jobs at Walmart Global Tech India,https://one.walmart.com/content/globaltechindia/en_in/careers/data-science-jobs.html
Are there any companies working related to machine learning in ...,https://www.quora.com/Are-there-any-companies-working-related-to-machine-learning-in-chennai
Machine Learning Course in Chennai | Machine learning Jobs,https://www.btreesystems.com/machine-learning-course-in-chennai/
View Open Positions on Our Kinaxis Team I Kinaxis,https://www.kinaxis.com/en/open-positions
Machine Learning (ML) Course in Chennai with Certification,https://www.slainstitute.com/machine-learning-training-in-chennai
Online Machine Learning Course in Chennai - CCE- IIT Madras ...,https://intellipaat.com/machine-learning-certification-training-course-chennai/
Machine Learning Python Training Course in Chennai,https://www.edureka.co/machine-learning-certification-training-chennai
Locations - PayPal India: Overview - PayPal Careers,https://careers.pypl.com/locations/india/
Confidence to Deploy AI with World-Class Training Data,https://appen.com/
Top 8 Machine Learning Jobs for Freshers in India 2023 | ML Jobs ...,https://www.mygreatlearning.com/blog/top-machine-learning-jobs-for-freshers/
5 Tips on How to Land Machine Learning Jobs | by Rahul Agarwal ...,https://towardsdatascience.com/5-tips-on-how-to-land-machine-learning-jobs-8eb5c1c3ee95
Careers | Thomson Reuters,https://www.thomsonreuters.com/en/careers.html
265 Artificial Intelligence jobs in Chennai- Tamil Nadu- India (2 new),https://www.linkedin.com/jobs/artificial-intelligence-jobs-chennai?trk=public_profile_jserp
Cisco: Networking- Cloud- and Cybersecurity Solutions,https://www.cisco.com/
Machine Learning Engineer Salary-The Ultimate Guide for 2023,https://www.projectpro.io/article/machine-learning-engineer-salary-the-ultimate-guide-for-2021/411
Machine Learning Engineer Salary in Chennai | AmbitionBox,https://www.ambitionbox.com/profile/machine-learning-engineer-salary/chennai-location
Machine Learning Training in Chennai | Machine Learning ...,https://www.besanttechnologies.com/machine-learning-course-in-chennai
Best Software Developing Company | Careers | MulticoreWare,https://multicorewareinc.com/careers/
AI/ML Intern,https://kla.wd1.myworkdayjobs.com/en-US/Search/job/Chennai-India/AI-ML-Intern_2218435
Machine Learning Job Support - AR IT Technologies,https://www.arittechnologies.com/courses/machine-learning-job-support/
Job Openings | Uber Careers,https://www.uber.com/us/en/careers/list/
Search Data and AI Jobs at AstraZeneca,https://careers.astrazeneca.com/category/data-and-ai-jobs/7684/69956/1
Senior Engineer-Software Engineering,https://resmed.wd3.myworkdayjobs.com/en-US/Brightree_External_Careers/job/Chennai-India/Senior-Engineer-Software-Engineering_JR_020137-2
WISDOMJOBS.COM on Twitter: "TechnoGen - Machine Learning,https://twitter.com/wisdom_jobs/status/1009329520111968256
Asia-Pacific is seeing a hiring boom in offshore industry machine ...,https://www.offshore-technology.com/analysis/asia-pacific-hiring-boom-offshore-industry-machine-learning-roles/
Vijay J. - Upwork Freelancer from Chennai- India - Upwork,https://www.upwork.com/freelancers/~014847eeedbfd30e17
Senior Specialist- User Experience at BNY Mellon | The Muse,https://www.themuse.com/jobs/bnymellon/senior-specialist-user-experience-552acb
Information Architect #2570 job at IDP Education Ltd in Chennai ...,https://www.jobscore.com/careers/idpeducationpty/jobs/information-architect-bWD2CgCt9kM6LQXOy5JlWD
PayPal Jobs in Madras India (2023) | Glassdoor,https://www.glassdoor.co.uk/Jobs/PayPal-Madras-India-Jobs-EI_IE9848.0,6_IL.7,19_IC2833209.htm
Manager at ConvergePoint India Private Limited | intellijobs.ai,https://intellijobs.ai/job/ConvergePoint-India-Private-Limited-Manager-12-20-Chennai-Tamilnadu-IN-097Bw1QzLfq1NjMAQ2Ss
Jobs/Internships at Living Smart | Internshala,https://internshala.com/internships/internship-at-Living%20Smart/
Artificial Intelligence Vs Machine Learning : What exactly is the ...,https://www.amrita.edu/events/artificial-intelligence-vs-machine-learning-what-exactly-is-the-difference/
Venkatesh Umaashankar- Principal machine learning engineer at ...,https://pt.slideshare.net/VenkateshUmaashankar?utm_campaign=profiletracking&utm_medium=sssite&utm_source=ssslideview
Business Intelligence & Analytics Online Course in Chennai- BI ...,https://www.sulekha.com/business-intelligence-online-training/chennai
IIT-Madras to provide technical expertise to boost digital payment ...,https://timesofindia.indiatimes.com/business/india-business/iit-madras-to-provide-technical-expertise-to-boost-digital-payment/articleshow/82520454.cms
