Title,URL
Texas Breweries & Beverages | LinkedIn,https://www.linkedin.com/company/texas-breweries-beverages
Bakers Circle India Pvt. Ltd.- Kashipur | LinkedIn,https://in.linkedin.com/company/bakers-circle-india-pvt.-ltd.-kashipur
How is the artificial Intelligence and Machine Learning Certification ...,https://www.quora.com/How-is-the-artificial-Intelligence-and-Machine-Learning-Certification-program-from-IIM-Kashipur
Ekta Maurya - Indian Institute of Management Kashipur,https://in.linkedin.com/in/ekta-maurya-bb88b9105
Optical Character Recognition Jobs- Job Vacancies for Optical ...,https://www.hirist.com/k/optical-character-recognition-jobs-3417.html
0 Finance Jobs for Freshers in Kashipur- Feb | Internshala,https://internshala.com/fresher-jobs/finance-jobs-in-kashipur/
Brij Mohan B. - Remote sensing and GIS Engineer - Upwork ...,https://www.upwork.com/freelancers/~010c838f4c216faedd/
Bacardi Careers | Bacardi Jobs - Bacardi Limited,https://www.bacardilimited.com/careers/
PG Certificate Programme in Artificial Intelligence and Machine ...,https://www.nulearn.in/courses/post-graduate-certificate-program-in-ai-machine-learning
Artificial Intelligence Course in Kashipur - Best Training Institute ...,http://quickxpertinfotech.com/artificial-intelligence-course-in-kashipur
Nulearn: IIM Courses - Online Analytics Courses & Certifications,https://www.nulearn.in/
Sr. Data Engineer - Machine Learning by Gartner! // Unstop (formerly ...,https://unstop.com/jobs/senior-data-engineer-machine-learning-gartner-601695
Why Is It Important To Upskill In Data Science and Machine Learning,https://executive.timespro.com/blog-detail/why-is-it-important-to-upskill-in-data-science-machine-learning/
IIM- Kashipur - Financial Risk Mgmt,https://sites.google.com/view/iim-kashipur-financial-frsm/home
IIM Kashipur Executive Master of Business Administration (Analytics ...,https://www.naukri.com/learning/iim-kashipur-executive-master-of-business-administration-analytics-course-titsl101
Truck Driver Jobs in Kashipur- Uttarakhand (Feb 2023) - 126 Active ...,https://www.shine.com/job-search/truck-driver-jobs-in-kashipur
Working at India Glycols Limited in Kashipur- Uttarakhand ...,https://in.indeed.com/cmp/India-Glycols-Limited/reviews?fcountry=IN&floc=Kashipur%2C+Uttarakhand
Applications Are Being Accepted For The IIM Kashipur EMBA ...,https://notopedia.com/index.php?mod=bulletin&page=board-details&id=19796&c_page=1
IIM Kashipur PG Certificate Programme in Machine Learning ...,https://collegedunia.com/news/iim-kashipur-pg-certificate-programme-in-machine-learning-and-deep-learning-alertid-60075
Ek Onkar Global Academy – Best School In Kashipur,https://www.ekonkarglobalacademy.com/
Big Data and Business Analytics Certification Program by IIM Kashipur,https://talentedge.com/business-analytics-big-data-iim-kashipur/
Effect of Joint Custody Laws on Children's Future Labor ...,https://www.researchgate.net/publication/275060041_Effect_of_Joint_Custody_Laws_on_Children
A bibliometric review of research on COVID-19 and tourism ...,https://europepmc.org/article/med/34804787
MANISH VISHWAKARMA - Deputy Chief Engineer - Fichtner ...,https://eg.linkedin.com/in/manish-vishwakarma-66482032
Detecting Cognitive Distraction Using Random Forest by ...,https://www.igi-global.com/chapter/detecting-cognitive-distraction-using-random-forest-by-considering-eye-movement-type/205848
Rohit Raj على LinkedIn: #dubaitourism #tourism | 15 من التعليقات,https://ae.linkedin.com/posts/rohitonweb_dubaitourism-tourism-activity-6969578387061239808-ucqt?trk=public_profile_like_view
IIM Society - ホーム | Facebook,https://ja-jp.facebook.com/iimsociety/?ref=page_internal
NEWS CLIPS,https://library.iitd.ac.in/sites/default/files/2022-01/20213112NewsClips.pdf
