Title,URL
Professor Jobs In Jagdalpur Chattisgar - 50 Professor Job ...,https://www.naukri.com/professor-jobs-in-jagdalpur-chattisgar
Queens NRI Hospitals | LinkedIn,https://in.linkedin.com/company/queens-nri-hospitals
Top 10 Tailoring Classes in Jagdalpur- Stitching- Sewing Courses ...,https://www.sulekha.com/tailoring-training/jagdalpur
Agronomy | Free Full-Text | Climate-Based Modeling and Prediction ...,https://www.mdpi.com/2073-4395/12/1/22
Carle Health | Your care starts here.,https://carle.org/
NMDC Engineer Salaries in Jagdalpur | AmbitionBox,https://www.ambitionbox.com/salaries/nmdc-salaries/engineer/jagdalpur-location
YouTube Video Producer Salaries | Glassdoor,https://www.glassdoor.co.in/Salary/YouTube-Video-Producer-Salaries-E40803_D_KO8,22.htm
Conveyor Operator Salary in Jagdalpur | AmbitionBox,https://www.ambitionbox.com/profile/conveyor-operator-salary/jagdalpur-location
Branch in Nayapara- Jagdalpur- 494001 | HDFC Bank,https://near-me.hdfcbank.com/branch-atm-locator/hdfc-bank-jagdalpur-banks-nayapara-jagdalpur-11516/Home
23 Data Entry Jobs in Jagdalpur- Back Office- Data Entry- Back Office ...,https://www.quikr.com/jobs/data-entry-back-office+jagdalpur+zwqxj284607247
Somya Tiwari - Data Analyst - Tata Consultancy Services | LinkedIn,https://www.linkedin.com/in/somya17tiwari
Data Manager Job Description [Updated for 2023],https://www.indeed.com/hire/job-description/data-manager
Dialysis – MPM Hospital Jagdalpur,https://mpmhospitaljagdalpur.com/dialysis/
A cost-effective computer-vision based breast cancer diagnosis ...,https://dl.acm.org/doi/abs/10.3233/JIFS-189848
Construction world | JMC project nagarnar jagdalpur chhattisgarh,https://sw-ke.facebook.com/groups/113474112686325/permalink/599626697404395/
About us - Metso Outotec,https://www.mogroup.com/corporate/about-us/
GGPJ-Government Girls Polytechnic Jagdalpur,https://www.university.youth4work.com/ggpj_government-girls-polytechnic-jagdalpur
Steel Plant JOBS,https://www.facebook.com/jobssteelplant/
IDinsight: Improving lives with data and evidence,https://www.idinsight.org/
Magna Steyr | Magna,https://www.magna.com/company/company-information/magna-groups/magna-steyr
Bioartificial Organ Manufacturing Technologies - PMC,https://www.ncbi.nlm.nih.gov/pmc/articles/PMC6322143/
CT Technologist Program | Radiology | U of U School of Medicine,https://medicine.utah.edu/radiology/education/technologist/programs/ct
B.E. in Electronics and Telecommunication Engineering at ...,https://www.shiksha.com/college/government-engineering-college-jagdalpur-chhattisgarh-other-57471/course-b-e-in-electronics-and-telecommunication-engineering-462501
NMDC Limited: Home,https://www.nmdc.co.in/
National Technical Research Organisation - Wikipedia,https://en.wikipedia.org/wiki/National_Technical_Research_Organisation
GMC Jagdalpur,https://www.gmcjagdalpur.ac.in/
Infantry School: One of the top military training institutions in the ...,https://www.youtube.com/watch?v=argG2z3QOg0
Training Providers and Training related jobs | Facebook,https://zh-cn.facebook.com/groups/1956655854548772/
Voltech Group : Excellence in Engineering Products & Services,https://www.voltechgroup.com/
Ethnopharmacology | Apply for Honorary DSc in ...,https://sites.google.com/site/honorarydegreeacademics/ethnopharmacology-apply-for-honorary-dsc-in-ethnopharmacology-admission-announcement
Solicitar Honorario D. Litt. en lengua y literatura españolas ...,https://sites.google.com/site/honorarydegreeacademics/solicitar-honorario-d-litt-en-lengua-y-literatura-espanolas
Apply For Honorary PhD for School Principal | School Education ...,https://sites.google.com/site/honorarydegreeacademics/apply-for-honorary-phd-for-school-principal-school-education-development-program
Application For Honorary PhD for Librarians - Honorary Awards,https://sites.google.com/site/honorarydegreeacademics/application-for-honorary-phd-for-librarians
