Title,URL
Copy Express | LinkedIn,https://in.linkedin.com/company/copy-express-2
upGrad hiring Admissions Counselor in Godhra - Join leading startup,https://earlytutors.com/jobs/upgrad-admissions-counselor-in-godhra-gj/
9850 Audio Video Job Vacancies In Godhra - Naukri.com,https://www.naukri.com/audio-video-jobs-in-godhra-5
Office Equipment Automation Jobs 2020 - Gwekaindia,https://www.gweka.com/office-equipment-automation-jobs/
ClearedCareers,https://careers.microsoft.com/us/en/ClearedCareers
Gis Developer Jobs In Godhra,https://www.naukri.com/gis-developer-jobs-in-godhra
LASA CONSTRUCTION- INC. | LinkedIn,https://www.linkedin.com/company/lasa-construction-inc.
Top 10 Tailoring Classes in Godhra- Stitching- Sewing Courses ...,https://www.sulekha.com/tailoring-training/godhra
Romil Godha - Business Intelligence Engineer II - Amazon | LinkedIn,https://www.linkedin.com/in/godha-romil03
ATM Near Me - Godhra- Godhra 389001 | HDFC Bank,https://near-me.hdfcbank.com/branch-atm-locator/hdfc-bank-atm-godhra-atm-godhra-godhra-18190/Home
Freceipts | LinkedIn,https://www.linkedin.com/company/freceipts
Find Manufacturing Companies in Godhra - Dun & Bradstreet,https://www.dnb.com/business-directory/company-information.manufacturing.in.gujarat.godhra.html
Honda Internships & Co-ops | Honda,https://www.honda.com/careers/find-a-job-internships-and-coops
Computer institute near me Panchmahal (Godhra) Gujarat,https://www.emaxindia.in/computer-institute-near-me-panchmahal-godhra-gujarat/
Wonder Cement Godhra Reviews by 2 Employees | AmbitionBox,https://www.ambitionbox.com/reviews/wonder-cement-reviews/godhra-location
Check Latest 3 Work From Home Jobs Openings In Godhra ...,https://www.quikr.com/jobs/work-from-home+godhra+zwqxj2034660499
Top Computer Classes in Godhra Bhuravav - Best Computer ...,https://www.justdial.com/Panchmahal/Computer-Training-Institutes-in-Godhra-Bhuravav/nct-10124277
Find School Bus Driver Jobs with weekly home time | Indeed.com,https://www.indeed.com/q-School-Bus-Driver-jobs.html
Pneumatic Crimping Machine Manufacturer from Godhra,https://www.indiamart.com/tushar-hoses-godhra/crimping-machine.html
Godhra Market | Facebook,https://www.facebook.com/groups/1508253469495809/
Re-Organizing Auto Rickshaw Service in Rajkot India - YouTube,https://www.youtube.com/watch?v=DIMY1h_UE3c
Bansal super market Godhra city Gujarat - desi blog - YouTube,https://www.youtube.com/watch?v=FOLZs9ijde4
Kelly Services Employment and Reviews | SimplyHired,https://www.simplyhired.com/company/Kelly%20Services/?l=Lincoln%2C+NE
30597 Mcp Mca Computer Jobs Openings in India,https://www.timesjobs.com/jobskill/mcp-mca+computer-jobs
Erp Data Jobs in India - TimesJobs,https://m.timesjobs.com/jobskill/erp-data-jobs
Use latest in a sentence - RhymeZone,https://www.rhymezone.com/r/rhyme.cgi?loc=ol_ue&typeofrhyme=wke&Word=latest
Ethnopharmacology | Apply for Honorary DSc in ...,https://sites.google.com/site/honorarydegreeacademics/ethnopharmacology-apply-for-honorary-dsc-in-ethnopharmacology-admission-announcement
(PDF) Learning of Research at Doctoral Level: Perceptions of ...,https://www.researchgate.net/publication/323679018_Learning_of_Research_at_Doctoral_Level_Perceptions_of_International_Doctoral_Students_at_a_South-Central_Texas_Private_University
Stories of 02 March- 2022 | Deccan Herald,https://www.deccanherald.com/sitemap/detail/days/2022-03-02
The Tribune- Chandigarh- India - Editorial,https://m.tribuneindia.com/2003/20030913/edit.htm
Time and Temporalizing Tactics I: Of Futures to Come and Futures ...,https://academic.oup.com/book/11288/chapter/159850691
Expert panel okays emergency use of Covaxin,https://www.dailypioneer.com/uploads/2021/epaper/january/hyderabad-english-edition-2021-01-03.pdf
https://www.gutenberg.org/files/37880/37880.txt,https://www.gutenberg.org/files/37880/37880.txt
