Title,URL
Shirdi Sai Electricals Ltd | LinkedIn,https://in.linkedin.com/company/sseltd
Pre Primary Teacher Jobs In Kadapa District Ap - 25 Pre Primary ...,https://www.naukri.com/pre-primary-teacher-jobs-in-kadapa-district-ap
YSR kadapa District Mega Job Fair On 04-11-2022,https://education.sakshi.com/en/jobs/pvt-jobs/ysr-kadapa-district-mega-job-fair-04-11-2022-118790
SVCE KADAPA,https://svck.edu.in/ai.php
Engineering Internship in Kadapa | Internshala,https://internshala.com/internships/engineering-internship-in-kadapa/
Pradyumna Kadapa - Senior Software Developer - SAP | LinkedIn,https://www.linkedin.com/in/pkadapa
Dr Chennakesava Kadapa- FHEA on LinkedIn: Computational ...,https://et.linkedin.com/posts/dr-chennakesava-kadapa-fhea-7a078610_computational-modelling-of-flexible-wave-activity-7011294751702306816-8FRy
Top Engineering Colleges in Kadapa | Btech Colleges in Kadapa ...,https://aitskadapa.ac.in/
Internship in Kadapa | Internshala,https://internshala.com/internships/internship-in-kadapa/
Top 10 Embroidery & Zari Training in Kadapa- Classes- Courses ...,https://www.sulekha.com/embroidery-zari-work-job-training/kadapa
55 Super K Jobs and Vacancies - 6 February 2023 | Indeed.com,https://in.indeed.com/Super-K-jobs
UiPath Careers and Employment | UiPath,https://www.uipath.com/company/careers
Power BI Developer Salary in Kadapa | AmbitionBox,https://www.ambitionbox.com/profile/power-bi-developer-salary/kadapa-location
Department of Artificial Intelligence & Machine Learning,https://www.ksrmce.ac.in/aimln.php
Urgent: L&t finance Jobs in Cuddapah - January 2023 - 12 current ...,https://in.jooble.org/jobs-l%26t-finance/Cuddapah
ZS: Global management consulting and technology firm,https://www.zs.com/
U2VNR6__Azure - Nityo Infotech | Cuddapah- Andhra Pradesh,https://www.simplyhired.co.in/job/JQ-NYKCjD7pdmODTP9d0yDFMjHQL9FOyuj_mmOV7hlRPURGUiA22ew
Education Workshops In Kadapa | Upcoming Education Workshops ...,https://in.bookmyshow.com/explore/education-workshops-kadapa
Paper Plates Making Machine price in telugu in Small Scale ...,https://www.youtube.com/watch?v=sb-VjRzUkcw
(PDF) An Efficient Intelligent Time Slice Based Round Robin ...,https://www.researchgate.net/publication/356271567_An_Efficient_Intelligent_Time_Slice_Based_Round_Robin_Scheduling_Algorithm_for_ATM_Using_ISBP
Axel Loewe on Twitter: "3) A digital twin of the patient can be used to ...,https://twitter.com/axel_loewe/status/1559156503252172801
Remote Sensing | Facebook,https://www.facebook.com/groups/38971657533/
