Title,URL
Machine Jobs In Agartala Tripura - 14 Machine Job Vacancies In ...,https://www.naukri.com/machine-jobs-in-agartala-tripura
A Machine Learning Approach to Biodiversity Time Series Analysis ...,https://papers.ssrn.com/sol3/papers.cfm?abstract_id=3520735
Institution's Innovation Council- NIT Agartala | LinkedIn,https://in.linkedin.com/company/institution-s-innovation-council-nit-agartala
Agartala Municipal Council | LinkedIn,https://www.linkedin.com/company/agartala-municipal-council
Data scientist salary in Agartala- Tripura,https://in.indeed.com/career/data-scientist/salaries/Agartala--Tripura
IoT and Machine Learning‐Based Approaches for Real Time ...,https://onlinelibrary.wiley.com/doi/abs/10.1002/9781119769231.ch5
Amdocs Interview Experience for Associate Software Engineer ...,https://www.geeksforgeeks.org/amdocs-interview-experience-for-associate-software-engineer-pool-campus-at-nit-silchar-nit-agartala-august-2019/
Urgently Require Online Deep Learning Trainer in Agartala (Job Id ...,https://www.urbanpro.com/agartala/urgently-require-online-deep-learning-trainer-in-agartala/34903326
Tripura to introduce reservation for sportspersons in govt jobs: Minister,https://www.eastmojo.com/tripura/2022/10/28/tripura-to-introduce-reservation-for-sportspersons-in-govt-jobs-minister/
1 Finance Jobs for Freshers in Agartala- Jan | Internshala,https://internshala.com/fresher-jobs/finance-jobs-in-agartala/
Tripura Rural Livelihood Mission | Rural Development Department,https://trlm.tripura.gov.in/
NISG– Job Vacancies in NISG | NISG,http://careers.nisg.org/artificial-intelligence-jobs
Strategic Hub for Innovation and Financial Technology ... - SEC.gov,https://www.sec.gov/finhub
Data Science Training in Agartala- Course Fees- Certification ...,https://www.sulekha.com/data-science-certification-training/agartala
Owens Community College: Home,https://www.owens.edu/
Artificial Intelligence Course in Agartala - Best Training Institute ...,http://quickxpertinfotech.com/artificial-intelligence-course-in-agartala
Regular Faculty Position in NITA- NIT Agartala- India- Total Post=68,https://researchersjob.com/regular-faculty-position-in-nita/
Forest Department of Tripura,https://forest.tripura.gov.in/
Asirvad Microfinance Branch Manager Salaries in Agartala ...,https://www.ambitionbox.com/salaries/asirvad-microfinance-salaries/branch-manager/agartala-location
Jobs in Tripura : Tripura University Recruitment 2022,https://nenow.in/north-east-news/tripura/jobs-in-tripura-tripura-university-recruitment-2022.html
Susan McDonald - Artist | LinkedIn,https://uk.linkedin.com/company/susan-mcdonald-artist
Schlumberger Interview Questions | Glassdoor,https://www.glassdoor.com/Interview/Schlumberger-Interview-Questions-E588_P3.htm
Schlumberger Interview Questions | Glassdoor,https://www.glassdoor.com/Interview/Schlumberger-Interview-Questions-E588_P2.htm
Apple Engineer Interview Questions | Glassdoor,https://www.glassdoor.com/Interview/Apple-Engineer-Interview-Questions-EI_IE1138.0,5_KO6,14_IP3.htm
Assignment3 1,https://www.slideshare.net/s1190177/assignment3-1
An Approach Towards Encrypting Paired Digits Using Dynamic ...,https://www.researchgate.net/publication/339709635_An_Approach_Towards_Encrypting_Paired_Digits_Using_Dynamic_Programming_and_Diffie-Hellman_Key_Exchange
Data Science In Hindi- Data Science For Beginners- What Is Data ...,https://www.youtube.com/watch?v=U_CCKibxYjs
Kunal Chakma | National Institute of Technology- Agartala ...,https://nitagartala.academia.edu/KunalChakma
Palantir Technologies - Forward Deployed Software Engineer: UK ...,https://jobs.lever.co/palantir/1d51a14a-e65c-479b-a36c-ba8745df4c7d/apply
Autonomous Maintenance Jobs in India - 15925 Autonomous ...,https://www.timesjobs.com/jobskill/autonomous-maintenance-jobs
About the Contributors,https://www.igi-global.com/pdf.aspx?tid=232439&ptid=217949&ctid=17&t=About%20the%20Contributors&isxn=9781522584377
Salary: Schlumberger Information Technology | Glassdoor,https://www.glassdoor.co.uk/Salary/Schlumberger-Information-Technology-Salaries-EI_IE588.0,12_DEPT1011.htm
19358 Qa Regression Testing Jobs Openings in India,https://m.timesjobs.com/jobskill/qa-regression-testing-jobs
Ethnopharmacology | Apply for Honorary DSc in ...,https://sites.google.com/site/honorarydegreeacademics/ethnopharmacology-apply-for-honorary-dsc-in-ethnopharmacology-admission-announcement
Industrial Design Engineer Jobs,https://www.monsterindia.com/search/industrial-design-engineer-jobs
