Title,URL
Python Course in Nanded-Waghala,https://www.codingbytes.com/python-course/python-course-in-nanded-waghala/
0 Fresher Jobs in Nanded-waghala- January | Internshala,https://internshala.com/fresher-jobs/jobs-in-Nanded-waghala/
Vishwanath Kashinath - Nanded-Waghala : Read- Learn- educate ...,https://www.superprof.ng/read-learn-educate-yourself-and-help-nation-building-learn-python-with-fun.html
293 Data Science Intern Jobs and Vacancies - 6 February 2023 ...,https://in.indeed.com/Data-Science-Intern-jobs
NWCMC,https://www.nwcmc.gov.in/
Associate Data Scientist Jobs in Nanded- Maharashtra (Feb 2023 ...,https://www.shine.com/job-search/associate-data-scientist-jobs-in-nanded
Sharda Construction And Corporation Overview and Company ...,https://www.ambitionbox.com/overview/sharda-construction-and-corporation-overview
Jawad Saleem - Product Lifecycle Management Consultant ...,https://in.linkedin.com/in/jawad-saleem-086026186
Jobs in Nanded - Check Latest (193) Job Openings (February 2023 ...,https://www.quikr.com/jobs/nanded+zwqxj760939060
DETAILED PROJECT REPORT FOR NANDED-WAGHALA- CITY ...,http://environmentclearance.nic.in/DownloadPfdFile.aspx?FileName=fCmAsTAay/RF5lpT9uDNHwVKUS5eQsrpmVD9c0PGa8uwB4vyQRYzJVsz6aodNbJtVWM0oFLJsw8DMbg9hfl1WJ1eMDUjLU1TVVTOfAXtdNo=&FilePath=93ZZBm8LWEXfg+HAlQix2fE2t8z/pgnoBhDlYdZCxzVPEh4a7F53Cae7tleKGoXIpcOTnXkKLT0lTpjEwmLUjBSrFzGq2Qfht6wPnN2mB/cEj0hCWO+RWWXs53Hp/+iS
Ladies Tailor Jobs 2023-24 Job Vacancy- Nanded - Recruitment ...,https://www.quikr.com/jobs/ladies-tailor-jobs+nanded+zwqxj4157493934
Siddhi Wesanekar - Data Scientist - PLM Nordic AS | LinkedIn,https://in.linkedin.com/in/siddhi-wesanekar-8832b4165
Nidhi Computer Education- Nanded | Nanded,https://www.facebook.com/NIDHICOMPUTERNANDED/
Best Java Training In Nanded | SevenMentor,https://www.sevenmentor.com/java-classes-in-nanded
M.Tech.Data Science & Engineering – BITS Pilani,https://bits-pilani-wilp.ac.in/m-tech/cluster/data-science-and-engineering.php
Stitching Services- Stitching Job Work in Nanded- सिलाई सेवाएं- नांदेड़,https://dir.indiamart.com/nanded/stitching-services.html
mgmcen.ac.in,http://www.mgmcen.ac.in/
Hospital Jobs In Nanded - 136 Hospital Job Vacancies In Nanded ...,https://www.naukri.com/hospital-jobs-in-nanded
List of Top Data Entry Job Works in Nanded - Best Online Data Entry ...,https://www.justdial.com/Nanded/Data-Entry-Job-Works/nct-10619111
upGrad hiring Admissions Counselor in Nanded - Join leading startup,https://earlytutors.com/jobs/upgrad-admissions-counselor-in-nanded-mh/
Jobs in Nanded - 118 Job Vacancies in Nanded - Feb (2023),https://www.foundit.in/search/jobs-in-nanded
BeST MoLvi neaR Me ¶__¶***¶__¶ +91-8875513486 In Spain ...,https://community.articulate.com/discussions/articulate-storyline/best-molvi-near-me-__-__-91-8875513486-in-spain-bhubaneswar
Love MaRRiage SpeciaLiST BaBa ji uk ¶__¶***¶__¶ +91 ...,https://community.articulate.com/discussions/articulate-storyline/love-marriage-specialist-baba-ji-uk-__-__-91-8875513486-in-germany-kolkata
BLack Magic ReMovaL aSTRoLogeR ¶__¶***¶__¶ +91 ...,https://community.articulate.com/discussions/articulate-storyline/black-magic-removal-astrologer-__-__-91-8875513486-in-iceland-asansol
onLine Love MaRRiage SpeciaLiST aSTRoLogeR ¶__¶***¶__¶ +91 ...,https://community.articulate.com/discussions/articulate-storyline/online-love-marriage-specialist-astrologer-__-__-91-8875513486-in-australia-ghaziabad
BLack Magic SpeciaLiST BaBa ji ¶__¶***¶__¶ +91-8875513486 In ...,https://community.articulate.com/discussions/articulate-storyline/black-magic-specialist-baba-ji-__-__-91-8875513486-in-kuwait-srinagar
BeST BLack Magic SpeciaLiST neaR Me ¶__¶***¶__¶ +91 ...,https://community.articulate.com/discussions/articulate-storyline/best-black-magic-specialist-near-me-__-__-91-8875513486-in-thailand-ulhasnagar
Love MaRRiage SpeciaLiST MauLana ji ¶__¶***¶__¶ +91 ...,https://community.articulate.com/discussions/articulate-storyline/love-marriage-specialist-maulana-ji-__-__-91-8875513486-in-qatar-sangli-miraj-kupwad
inTeR caSTe Love MaRRiage SpeciaLiST MoLvi ji ¶__¶***¶__¶ +91 ...,https://community.articulate.com/discussions/articulate-storyline/inter-caste-love-marriage-specialist-molvi-ji-__-__-91-8875513486-in-ireland-vasai-virar
Love MaRRiage SpeciaLiST BaBa ji punjaB ¶__¶***¶__¶ +91 ...,https://community.articulate.com/discussions/articulate-storyline/love-marriage-specialist-baba-ji-punjab-__-__-91-8875513486-in-singapore-meerut
Love MaRRiage pRoBLeM SpeciaLiST BaBa ji ¶__¶***¶__¶ +91 ...,https://community.articulate.com/discussions/articulate-storyline/love-marriage-problem-specialist-baba-ji-__-__-91-8875513486-in-mexico-ahmedabad
BLack Magic SpeciaLiST MoLvi ji ¶__¶***¶__¶ +91-8875513486 In ...,https://community.articulate.com/discussions/articulate-storyline/black-magic-specialist-molvi-ji-__-__-91-8875513486-in-qatar-coimbatore
Love pRoBLeM SpeciaLiST BaBa ji ¶__¶***¶__¶ +91-8875513486 ...,https://community.articulate.com/discussions/articulate-storyline/love-problem-specialist-baba-ji-__-__-91-8875513486-in-fiji-belgaum
Love pRoBLeM SoLuTion SpeciaLiST BaBa ji ¶__¶***¶__¶ +91 ...,https://community.articulate.com/discussions/articulate-storyline/love-problem-solution-specialist-baba-ji-__-__-91-8875513486-in-ireland-ulhasnagar
inTeRcaST Love MaRRiage SpeciaLiST <==^^==> +91 ...,https://community.articulate.com/discussions/articulate-storyline/intercast-love-marriage-specialist-91-8875513486-in-france-kochi
Love pRoBLeM SoLuTion aghoRi BaBa ji <==^^==> +91 ...,https://community.articulate.com/discussions/articulate-storyline/love-problem-solution-aghori-baba-ji-91-8875513486-in-togo-ahmedabad
aLL Love pRoBLeM SoLuTion BaBa ji <==^^==> +91-8875513486 ...,https://community.articulate.com/discussions/articulate-storyline/all-love-problem-solution-baba-ji-91-8875513486-in-kuwait-jalandhar-3ca863de-0e3b-43bb-8562-a6f7a85c7335
inTeRcaSTe Love MaRRiage SpeciaLiST BaBa ji <==^^==> +91 ...,https://community.articulate.com/discussions/articulate-storyline/intercaste-love-marriage-specialist-baba-ji-91-8875513486-in-italy-bhavnagar
Love pRoBLeM SoLuTion MoLvi BaBa ji <==^^==> +91 ...,https://community.articulate.com/discussions/articulate-storyline/love-problem-solution-molvi-baba-ji-91-8875513486-in-brazil-amravati
