Title,URL
Director Learning Jobs- Employment in Seattle- WA | Indeed.com,https://www.indeed.com/q-Director-Learning-l-Seattle,-WA-jobs.html
Antik Patel - Senior Machine Learning Engineer - Pixis | LinkedIn,https://in.linkedin.com/in/antik-patel
Internship Remote Research Jobs Jobs- Employment | Indeed.com,http://www.indeed.com/m/jobs?q=Internship+Remote+Research+Jobs
EcademicTube | LinkedIn,https://in.linkedin.com/company/ecademictube
Engineering Internship in Rewa (poland) | Internshala,https://internshala.com/internships/engineering-internship-in-rewa%20%28poland%29
Arabic Jobs in Seattle- WA- February 2023 | Glassdoor,https://www.glassdoor.com/Job/seattle-arabic-jobs-SRCH_IL.0,7_IC1150505_KO8,14.htm
Internship in Rewa | Internshala,https://internshala.com/internships/internship-in-rewa/
Men's mental health and wellness - Refugee Women's Alliance,https://www.rewa.org/mens-mental-health-and-wellness/?utm_source=rss&utm_medium=rss&utm_campaign=mens-mental-health-and-wellness
Mining Engineering Jobs In Katni Satna Rewa Mp - 83 Mining ...,https://www.naukri.com/mining-engineering-jobs-in-katni-satna-rewa-mp
ReWA PRESCHOOL,https://www.harmonyece.com/HarmonyRegistrationform.doc
S.K. Finance Salaries in Rewa | AmbitionBox,https://www.ambitionbox.com/salaries/sk-finance-salaries/rewa-location
Mechanical Engineer Jobs in Rewa- Madhya Pradesh (Feb 2023 ...,https://www.shine.com/job-search/mechanical-engineer-jobs-in-rewa
46 Jobs Jobs and Vacancies in Rewa- Madhya Pradesh - 2 ...,https://in.indeed.com/Jobs-jobs-in-Rewa,-Madhya-Pradesh
Suraj Prasai - Search Engine Optimization Specialist - Rewa Soft Pvt ...,https://np.linkedin.com/in/suraj-prasai-94a20a165
Isaac Rewa - Monitoring- Evaluation and Learning Manager ...,https://ke.linkedin.com/in/isaac-rewa-27404315
Ayushi Shrivastava - Software Engineer- Machine Learning - Meta ...,https://ca.linkedin.com/in/ayushishri
Rewa- Madhya Pradesh Jobs - 103 openings | Glassdoor,https://www.glassdoor.co.in/Job/rewa-jobs-SRCH_IL.0,4_IC2929533.htm
27 Best Freelance MATLAB Experts For Hire In February 2023 ...,https://www.upwork.com/hire/matlab-experts/
Top Computer Classes near Sanjay Gandhi HOspital-Rewa HO ...,https://www.justdial.com/Rewa/Computer-Training-Institutes-in-Sanjay-Gandhi-HOspital-Rewa-HO/nct-10124277
Generative Adversarial Networks(GANs) | Complete Guide to GANs,https://www.analyticsvidhya.com/blog/2021/10/an-end-to-end-introduction-to-generative-adversarial-networksgans/
100% Fix - iPhone 11 Series Non-Genuine Screen Warning ...,https://www.youtube.com/watch?v=agq2HPK-WqY&vl=en
(PDF) Rational Bidding Using Reinforcement Learning,https://www.researchgate.net/publication/221011332_Rational_Bidding_Using_Reinforcement_Learning
Chemistry Jobs | CareerArc,https://www.careerarc.com/job-search/chemistry-jobs.html
(PDF) An Advanced Reinforcement Learning Approach for Energy ...,https://www.researchgate.net/publication/323139482_An_Advanced_Reinforcement_Learning_Approach_for_Energy-Aware_Virtual_Machine_Consolidation_in_Cloud_Data_Centers
Vol.12 No. 4 (2022) | resmilitaris,https://resmilitaris.net/menu-script/index.php/resmilitaris/issue/view/5
Tweets with replies by Angesh Anupam- PhD (@a_angesh) / Twitter,https://mobile.twitter.com/a_angesh/with_replies
Jobs in Boston - Updated Daily | Boston Jobs & Vacancies - totaljobs,https://www.totaljobs.com/jobs/in-boston?page=2
Graduate Sports Analyst jobs in Beverley | Milkround,https://www.milkround.com/jobs/sports-analyst/in-beverley
