Title,URL
What is the Azure Machine Learning designer? - Azure Machine ...,https://learn.microsoft.com/en-us/azure/machine-learning/concept-designer
Govt Womens Engineering College Ajmer | LinkedIn,https://in.linkedin.com/company/govt-womens-engineering-college-ajmer
Machine Learning Course in Ajmer - Best Training Institute - Fees ...,http://quickxpertinfotech.com/machine-learning-course-in-ajmer
Jobs at NVIDIA | NVIDIA Careers,https://www.nvidia.com/en-in/about-nvidia/careers/
Ajmer Singh - Senior Director - Celestial AI | LinkedIn,https://www.linkedin.com/in/ajmer-singh
PR internship in Ajmer with job offer,https://internshala.com/internships/pr-internship-in-ajmer/ppo-true/
Data Science Virtual Machines | Microsoft Azure,https://azure.microsoft.com/en-us/products/virtual-machines/data-science-virtual-machines
Internship in Ajmer | Internshala,https://internshala.com/internships/internship-in-ajmer/
Machine Learning Internship Jobs in Bilaspur- Ajmer- Jaipur ...,https://www.placementindia.com/job-detail/machine-learning-internship-jobs-in-kota-bilaspur-ajmer-beawar-ajmer-for-maxgen-technology-pvt-ltd-910773.htm
12 Best Freelance Web Designers For Hire Near Ajmer- IN - Upwork™,https://www.upwork.com/l/in/web-designers-in-ajmer/
Marvell Technology Jobs & Careers - 61 Open Positions | Glassdoor,https://www.glassdoor.com/Jobs/Marvell-Technology-Jobs-E11761.htm
Microsoft Cloud Service Provider - Enterprise Solution - Celebal Tech,https://celebaltech.com/
Job Id: 27661511 – Machine Learning Engineer Job in IDTech ...,https://apna.co/job/kochi/machine-learning-engineer-27661511
▷ Find Python trainer jobs- coaching jobs in Ajmer city - UrbanPro,https://www.urbanpro.com/ajmer/python-trainer-jobs/3098119
821 Mart Job Vacancies In Ajmer India - Naukri.com,https://www.naukri.com/mart-jobs-in-ajmer-india
Shri Bhagwati Machines Salaries in Ajmer | AmbitionBox,https://www.ambitionbox.com/salaries/shri-bhagwati-machines-salaries/ajmer-location
Mahila Engineering College Ajmer,http://www.gweca.ac.in/
Search and Apply | Hotel Jobs & Hospitality Careers,https://careers.ihg.com/en/search-and-apply/
5-166 Shri Bhagwati Machines Pvt Ltd Ajmer- Rajasthan Jobs and ...,https://in.indeed.com/Shri-Bhagwati-Machines-Pvt-Ltd-Ajmer,-Rajasthan-jobs-in-Rajasthan
Azure Machine Learning Designer — Taygan,https://www.taygan.co/blog/2020/05/16/azure-machine-learning-designer
Artificial intelligence Course Syallabus - A Complete Guide for 2023,https://intellipaat.com/blog/artificial-intelligence-course-syllabus/
अजमेर मार्किट || Ajmer Market ||Ajmer Wholesale Market || Vlogs ...,https://www.youtube.com/watch?v=1KxIpk54VZo
(PDF) The Review of Changing Roles of Machine Learning in ...,https://www.researchgate.net/publication/359518995_The_Review_of_Changing_Roles_of_Machine_Learning_in_Healthcare
(PDF) A novel transfer learning-based short-term solar forecasting ...,https://www.researchgate.net/publication/361205096_A_novel_transfer_learning-based_short-term_solar_forecasting_approach_for_India
MakeMyTrip Careers,https://careers.makemytrip.com/
Microsoft "smart people" Reviews | Glassdoor,https://www.glassdoor.com.au/Reviews/Microsoft-smart-people-Reviews-EI_IE1651.0,9_KH10,22.htm
A Rajasthan College is Creating Warriors Who Take On Gender ...,https://science.thewire.in/education/barefoot-solar-warriors-take-gender-injustice-climate-change/
Q3 Technologies | LinkedIn,https://de.linkedin.com/company/q3-technologies?trk=public_profile_experience-item_profile-section-card_subtitle-click
Exploration Jobs Openings In Chennai - TimesJobs.com,https://www.timesjobs.com/jobs-in-chennai/exploration-jobs
Blind Image Source Device Identification: Practicality and ...,https://www.igi-global.com/chapter/blind-image-source-device-identification/251449
Festivalization of Rigor: Productive Masti [Playfulness] at a ...,https://anthrosource.onlinelibrary.wiley.com/doi/10.1111/aeq.12412?af=R
Product Security Jobs,https://www.monsterindia.com/search/product-security-jobs
Segmentation and classification on chest radiography: a systematic ...,https://europepmc.org/article/pmc/pmc8741572
Fair Observer Monthly April 2022,https://www.fairobserver.com/wp-content/uploads/2021/07/Fair-Observer-Monthly-April-2022-2.pdf
MMMMMMMM,https://research.acer.edu.au/cgi/viewcontent.cgi?article=1016&context=connect
Haryana Plus - The Tribune- Chandigarh- India,https://m.tribuneindia.com/2008/20080125/harplus1.htm
