Title,URL
Shalu Sachdeva - Data Science Engineer - Adobe | LinkedIn,https://www.linkedin.com/in/shalu-sachdeva-9225241a
JAIN INDUSTRIAL PRODUCTS PRIVATE LIMITED | LinkedIn,https://in.linkedin.com/company/jain-industrial-products-private-limited
Neha Dahiya - Software Engineer - Walmart | LinkedIn,https://www.linkedin.com/in/neha-dahiya-a0471562
Python Course in Rohtak,https://www.codingbytes.com/python-course/python-course-in-rohtak/
0 Web Development Jobs for Freshers in Rohtak- Jan | Internshala,https://internshala.com/fresher-jobs/web-development-jobs-in-rohtak/
Data Science Course With Python Machine Learning in rohtak ...,https://www.apponix.com/data-science-course-in-rohtak
195 Rohtak Jobs and Vacancies in Haryana - 3 February 2023 ...,https://in.indeed.com/Rohtak-jobs-in-Haryana
Data Science Training in Rohtak- Course Fees- Certification | Sulekha,https://www.sulekha.com/data-science-certification-training/rohtak
Shivam Autotech Rohtak Reviews by 43 Employees | AmbitionBox,https://www.ambitionbox.com/reviews/shivam-autotech-reviews/rohtak-location
Hsm Jobs In Bangalore Rohtak - 65 Hsm Job Vacancies In ...,https://www.naukri.com/hsm-jobs-in-bangalore-rohtak
Data Science | Amazon.jobs,https://www.amazon.jobs/en/job_categories/data-science
Nulearn: IIM Courses - Online Analytics Courses & Certifications,https://www.nulearn.in/
Colaberry School of Data Science & Analytics,https://training.colaberry.com/
Dr.Ramiro Martins,https://www.iimrohtak.ac.in/index.php/faculty/adjunct-faculty/31-faculty/476-dr-ramiro-martins
Data Analyst Salary in India in 2023 [For Freshers & Experienced ...,https://www.upgrad.com/blog/data-analyst-salary-in-india-for-freshers-seniors/
Cms-1500 Jobs in Rohtak- Haryana (Feb 2023) - 814 Cms-1500 ...,https://www.shine.com/job-search/cms-1500-jobs-in-rohtak
Abhimanyu Sahai – Senior Machine Learning Engineer – Iprova ...,https://ch.linkedin.com/in/abhimanyusahai
adidas Careers – Through sport- we have the power to change lives ...,https://careers.adidas-group.com/jobs?location=%5B%7B%22country%22%3A%22India%22%7D%5D&offset=0&keywords=&location_manual=India
Analytica July 2022 by Organon- The Analytics Club- IIM Rohtak ...,https://issuu.com/analytica_iimr/docs/analytica_july22
sneh kalra | Mdu Rohtak - Academia.edu,https://mduroktak.academia.edu/snehkalra
Applying machine learning in IoT to build intelligent system for ...,https://www.researchgate.net/publication/346621086_Applying_machine_learning_in_IoT_to_build_intelligent_system_for_packet_routing_system
Course Hero "tutors" Reviews | Glassdoor,https://www.glassdoor.com/Reviews/Course-Hero-tutors-Reviews-EI_IE361082.0,11_KH12,18.htm
Sunder Mittal - Senior Electrical Service Engineer - SHUBHAM ...,https://ae.linkedin.com/in/sunder-mittal-91652b65?trk=org-employees_profile-result-card_result-card_full-click
STUDENT LEARNING ANALYSIS & RECOMMENDATION SYSTEM,https://www.jetir.org/papers/JETIR2108585.pdf
Jobs & Careers - The Tribune- Chandigarh- India,https://m.tribuneindia.com/2014/20141112/jobs.htm
Developments In Mba Education In India | TheHigherEducationReview,https://www.thehighereducationreview.com/magazine/developments-in-mba-education-in-india-GOYG978165667.html
Secure Big Data Processing in Multihoming Networks with AI ...,https://downloads.hindawi.com/journals/wcmc/2022/3893875.pdf
Psychological impact of quarantine period on asymptomatic ...,https://europepmc.org/article/pmc/pmc7474906
Erp Data Jobs in India - TimesJobs,https://m.timesjobs.com/jobskill/erp-data-jobs
5927 Sap Gateway Jobs Openings in India,https://www.timesjobs.com/jobskill/sap-gateway-jobs
Microsoft Technical Support Engineer Interview Questions | Glassdoor,https://www.glassdoor.co.uk/Interview/Microsoft-Technical-Support-Engineer-Interview-Questions-EI_IE1651.0,9_KO10,36.htm
Full article: Ontology-Assisted and Autonomic Testing Verified Model ...,https://www.tandfonline.com/doi/full/10.1080/03772063.2022.2150698?src=
