Title,URL
157 Machine Learning Job Vacancies In Chandigarh - Naukri.com,https://www.naukri.com/machine-learning-jobs-in-chandigarh
68 Machine Learning Engineer jobs in Chandigarh- India (1 new),https://in.linkedin.com/jobs/machine-learning-engineer-jobs-chandigarh
4 Machine Learning Job Vacancies in Chandigarh - Feb (2023),https://www.foundit.in/search/machine-learning-jobs-in-chandigarh
92 Machine Learning jobs in Sahibzada Ajit Singh Nagar- Punjab ...,https://in.linkedin.com/jobs/machine-learning-jobs-sahibzada-ajit-singh-nagar
Machine learning Jobs in Chandigarh- February 2023 | Glassdoor,https://www.glassdoor.co.in/Job/chandigarh-machine-learning-jobs-SRCH_IL.0,10_IC2879615_KO11,27.htm
fresher machine learning jobs in chandigarh jobs - 73 Active fresher ...,https://www.shine.com/job-search/fresher-machine-learning-jobs-in-chandigarh
Latest Engineering Manager- Machine Learning jobs in Chandigarh ...,https://ai-jobs.net/list/engineering-manager-machine-learning-jobs-in-chandigarh/
Data Scientist job in Chandigarh- India | Engineering jobs at ...,https://careers.oceaneering.com/global/en/job/OCINGLOBAL4827/Data-Scientist
Machine Learning Course in Chandigarh by CCE- IIT Madras - #1 ...,https://intellipaat.com/machine-learning-course-chandigarh/
Find an Open Position Near You - Maven Wave Job Listings,https://www.mavenwave.com/company/careers/job-listings/
Machine Learning (ML) Course in Chandigarh - Fee 45% Off,https://datamites.com/machine-learning-course-training-chandigarh/
Professional Certificate Program In AI And Machine Learning ...,https://www.simplilearn.com/pgp-ai-machine-learning-certification-training-course-chandigarh-city
Define your career with IBM,https://www.ibm.com/careers/in-en/
Top Artificial Intelligence Startups in Chandigarh in 2023,https://angel.co/startups/l/chandigarh/artificial-intelligence
MACHINE LEARNING,https://www.a2itsoft.com/course/data-science-training/machine_learning
Machine Learning Training Chandigarh | ITRONIX SOLUTIONS,https://www.itronixsolutions.com/machine-learning-training-chandigarh/
Join the Best Cloud Security Talent | Zscaler Careers,https://www.zscaler.com/careers
Coursera | Degrees- Certificates- & Free Online Courses,https://www.coursera.org/
Machine Learning Course in Chandigarh | IIT Kanpur,https://www.simplilearn.com/iitk-professional-certificate-course-ai-machine-learning-chandigarh-city
Machine Learning (ML) Jobs in Chandigarh,https://cutshort.io/jobs/machine-learning-ml-jobs-in-chandigarh
Amazon.in | Amazon.jobs,https://www.amazon.jobs/en/teams/in
Machine Learning top skill-set for data scientist jobs in India: Report,https://www.tribuneindia.com/news/science-technology/machine-learning-top-skill-set-for-data-scientist-jobs-in-india-report-420414
Confidence to Deploy AI with World-Class Training Data,https://appen.com/
24 Best Freelance Data Scientists For Hire Near Chandigarh- IN ...,https://www.upwork.com/l/in/data-scientists-in-chandigarh/
IBM CSE Artificial intelligence and Machine Learning Engineering ...,https://www.cuchd.in/IBM/be-cse-artificial-intelligence-and-machine-learning.php
Working at IQVIA | Jobs and Careers at IQVIA,https://jobs.iqvia.com/
20 Best artificial intelligence jobs in Chandigarh- Chandigarh (Hiring ...,https://www.simplyhired.co.in/search?q=artificial+intelligence&l=chandigarh%2C+chandigarh
Machine Learning Internship in Chandigarh | Internshala,https://internshala.com/internships/machine-learning-internship-in-chandigarh/
XenonStack | LinkedIn,https://ca.linkedin.com/company/xenonstack?trk=ppro_cprof
Infosys Careers - Internships,https://www.infosys.com/careers/internships.html
Machine Learning Training Course in Chandigarh | Besant ...,https://www.besanttechnologies.com/machine-learning-course-in-chandigarh
Artificial Intelligence & Machine Learning – E-Solutions,https://www.e-solutionsinc.com/ai-ml/
Machine Learning Models | Careers | Qritrim,https://www.qritrim.com/careers/
Remote Jobs - Work From Home,https://www.crossover.com/jobs
Machine Learning Training in Chandigarh | Itronix Solutions,https://priyadogra.com/machine-learning-training-chandigarh/
Workshop on Machine Intelligence and Deep Learning,https://www.csio.res.in/midl2019/
i-next Solutions | LinkedIn,https://www.linkedin.com/company/i-next-solutions
eClerx - Senior Analyst - Data Scientist/Machine Learning (2-5 yrs ...,https://www.iimjobs.com/j/eclerx-senior-analyst-data-scientist-machine-learning-2-5-yrs-523602.html
upGrad Careers,https://www.upgrad.com/us/careers/
Jobs after Artificial Intelligence and Machine Learning,https://www.cgc.edu.in/blog/jobs-after-artificial-intelligence-and-machine-learning
Data Science and Engineering - Netflix Jobs,https://jobs.netflix.com/teams/data-science-and-engineering
Cisco: Networking- Cloud- and Cybersecurity Solutions,https://www.cisco.com/
Top 5 Machine Learning Training Institutes in Chandigarh Mohali,https://www.thinknexttraining.com/top-5-machine-learning-training-institutes-chandigarh-mohali.aspx
Best Machine Learning Training in Mohali and Chandigarh,https://futurefinders.in/machine-learning-courses/
Grubhub Careers,https://careers.grubhub.com/
Machine Learning Jobs: Salary- Freshers Jobs- Internships- Career ...,https://collegedunia.com/courses/machine-learning/career-options-and-jobs
Job Openings | Uber Careers,https://www.uber.com/us/en/careers/list/
Jobs - Expedia Group | Careers,https://careers.expediagroup.com/jobs/
Machine Learning Course in Chandigarh Mohali,https://thinknexttraining.com/machine-learning-with-python-course-training-chandigarh-mohali.aspx
Machine Learning Training in Chandigarh,https://www.webtechlearning.com/machine-learning-training-chandigarh/
Artificial Intelligence Training Course in Chandigarh | AP2V,https://www.ap2v.com/artificial-intelligence-training-course-in-chandigarh
Jobs at Intel in India,https://www.intel.com/content/www/us/en/jobs/locations/india.html
Huawei Technologies Machine Learning Engineer Interview ...,https://www.glassdoor.com/Interview/Huawei-Technologies-Machine-Learning-Engineer-Interview-Questions-EI_IE9304.0,19_KO20,45.htm
Machine learning Jobs: Jobs for freshers with Machine learning ...,https://www.freshersworld.com/machine-learning-jobs/3535242
ThinkNEXT Technologies | LinkedIn,https://au.linkedin.com/company/thinknext-technologies?trk=public_profile_experience-item_profile-section-card_image-click
Learning Jobs Openings In Gurgaon - TimesJobs.com,https://www.timesjobs.com/jobs-in-gurgaon/learning-jobs
Ashish Patel on LinkedIn: #machinelearning #data ...,https://lt.linkedin.com/posts/ashishpatel2604_machinelearning-data-artificialintelligence-activity-7001378593444376576-uMet?trk=public_profile_like_view
Jobs & Careers - The Tribune- Chandigarh- India,https://m.tribuneindia.com/2013/20130529/jobs.htm
Deepak Kumar's lab | Chandigarh University,https://www.researchgate.net/lab/Deepak-Kumar-Lab-9
Devops-Devops-Engineer - TechGig.com,https://www.techgig.com/jobs/Devops-Devops-Engineer/69180723
4164 Algorithms Jobs Vacancies in India - Nov ( 2022),https://www.monsterindia.com/search/algorithms-jobs
Onfido Reviews | Glassdoor,https://www.glassdoor.co.uk/Reviews/Onfido-Reviews-E1031084_P2.htm
Thinking About What You Should Do After Graduation! | by ...,https://medium.com/codex/thinking-about-what-you-should-do-after-graduation-f328baf04f41
Salary: Instacart Arts & Design | Glassdoor,https://www.glassdoor.ca/Salary/Instacart-Arts-and-Design-Salaries-EI_IE714486.0,9_DEPT1002.htm
Ai-Enabled Recruitment: Here'S Everything You Would Want To ...,https://www.thehighereducationreview.com/magazine/aienabled-recruitment-here-s-everything-you-would-want-to-know-DHQE290970075.html
Senior Data Scientist Salary in India | AmbitionBox,https://www.ambitionbox.com/profile/senior-data-scientist-salary?page=2
Sikkim Manipal Institute of Technology – Sikkim Manipal University,https://smu.edu.in/smit.html/
