Title,URL
SANGLI ALUMINIUM EXTRUSIONS PVT LTD | LinkedIn,https://in.linkedin.com/company/sangli-aluminium-extrusions-pvt-ltd
9 Software Jobs and Vacancies in Sangli- Maharashtra - 8 January ...,https://in.indeed.com/Software-jobs-in-Sangli,-Maharashtra
Tejashwi kumar - Senior Machine Learning Engineer - ZS | LinkedIn,https://in.linkedin.com/in/tejashwi-kumar
Machine Learning Job Vacancies in Kolhapur-Machine Learning ...,https://www.placementindia.com/job-search/machine-learning-jobs-in-kolhapur.htm
Electrical internship in Sangli with job offer,https://internshala.com/internships/electrical-internship-in-sangli/ppo-true/
Power BI Training in Sangli- Power BI Courses in Sangli | Sulekha,https://www.sulekha.com/power-bi-training/sangli
Page 7 - Statistics Jobs In Sangli Maharashtra - 5640 Statistics Job ...,https://www.naukri.com/statistics-jobs-in-sangli-maharashtra-7
Computer Science and Engineering (Artificial Intelligence and ...,https://www.ritindia.edu/aiml/
Hardware Networking Jobs In Miraj Sangli - 7 Hardware Networking ...,https://www.naukri.com/hardware-networking-jobs-in-miraj-sangli
Vishnu Sangli - Reasearch Assistant - Hybrid Robotics Lab ...,https://www.linkedin.com/in/vishnu-sangli
Startup Jobs In Sangli Maharashtra - 2164 Startup Job Vacancies In ...,https://www.naukri.com/startup-jobs-in-sangli-maharashtra
Rohit Lad – Machine Learning Engineer – Airbus Group Inc. | LinkedIn,https://de.linkedin.com/in/rohit-lad-71759966
Electrical Engineering Jobs In Miraj Dist Sangli - 9 Electrical ...,https://www.naukri.com/electrical-engineering-jobs-in-miraj-dist-sangli
Data Science Course in Sangli - Best Training Institute - Fees ...,http://quickxpertinfotech.com/data-science-course-in-sangli
Urgent: Internships Jobs in Sangli - February 2023 - 63 current ...,https://in.jooble.org/jobs-internships/Sangli
Deesha Computer Education (@deeshasangli) • Instagram photos ...,https://www.instagram.com/deeshasangli/?hl=en
1596 Mopping Floors Jobs Openings in India,https://www.timesjobs.com/jobskill/mopping-floors-jobs
(PDF) Production scheduling optimization in foundry using hybrid ...,https://www.researchgate.net/publication/324201753_Production_scheduling_optimization_in_foundry_using_hybrid_Particle_Swarm_Optimization_algorithm
Palantir Technologies - Forward Deployed Software Engineer: UK ...,https://jobs.lever.co/palantir/1d51a14a-e65c-479b-a36c-ba8745df4c7d/apply
Market Assessment- Soft Tissue Sarcoma Epidemiology ...,https://clarivate.com/products/research-reports/report/epidon0156-biopharma-soft-tissue-sarcoma-epidemiology-epidemiology/
Data Analysis Jobs,https://www.monsterindia.com/search/data-analysis-jobs
PJ (Prajakta Jadhav) - Senior Oracle & ETL Developer - CORE ...,https://ie.linkedin.com/in/pj-prajakta-jadhav-b8881011a
488 Agriculture / Dairy Job Vacancies - Shine.com- Apply Now!,https://www.shine.com/job-search/agriculture-dairy-jobs-4
Shadow Flickering Analysis Jobs in India - 26371 Shadow Flickering ...,https://m.timesjobs.com/jobskill/shadow-flickering-analysis-jobs
