Title,URL
jovian: Machine learning edtech startup Jovian bags $1.5 million in ...,https://m.economictimes.com/tech/funding/machine-learning-edtech-startup-jovian-bags-1-5-million-in-funding/articleshow/91767290.cms
Thinking Machines | LinkedIn,https://in.linkedin.com/company/thinkingmachines
Smriti Gupta - Machine Learning Engineer - Amazon | LinkedIn,https://www.linkedin.com/in/guptasmriti2848
Training Jobs In Ujjain - 189 Training Job Vacancies In Ujjain ...,https://www.naukri.com/training-jobs-in-ujjain
Jobs at Jovian | Y Combinator,https://www.ycombinator.com/companies/jovian/jobs
0 Strategy Jobs for Freshers in Ujjain- Jan | Internshala,https://internshala.com/fresher-jobs/strategy-jobs-in-Ujjain/
93 Jobs and Vacancies in Ujjain- Madhya Pradesh - 6 February ...,https://in.indeed.com/jobs-in-Ujjain,-Madhya-Pradesh
Data Science Training in Ujjain- Course Fees- Certification | Sulekha,https://www.sulekha.com/data-science-certification-training/ujjain
Universal Informatics Ujjain,https://www.facebook.com/universalujjain/
Alchemy Chemicals Extract & Phytochemical Manufacturer- Ujjain ...,https://www.ambitionbox.com/overview/alchemy-chemicals-extract-and-phytochemical-manufacturer-ujjain-m-dot-p-dot-overview
Panasonic Career Opportunities,https://careers.na.panasonic.com/
Microsoft Software Development Engineer Intern Interview ...,https://www.glassdoor.com/Interview/Microsoft-Software-Development-Engineer-Intern-Interview-Questions-EI_IE1651.0,9_KO10,46.htm
Amazon IT Specialist Reviews | Glassdoor,https://www.glassdoor.com/Reviews/Amazon-IT-Specialist-Reviews-EI_IE6036.0,6_KO7,20.htm
Microsoft Product Advisor Interview Questions | Glassdoor,https://www.glassdoor.com/Interview/Microsoft-Product-Advisor-Interview-Questions-EI_IE1651.0,9_KO10,25.htm
(PDF) Empowerment Programming and Unpaid Care Work ...,https://www.researchgate.net/publication/320015220_Empowerment_Programming_and_Unpaid_Care_Work_Learning_from_30_years_of_the_Self_Employed_Women
1596 Mopping Floors Jobs Openings in India,https://www.timesjobs.com/jobskill/mopping-floors-jobs
Amazon Reviews | Glassdoor,https://www.glassdoor.co.in/Reviews/Amazon-Reviews-EI_IE6036.0,6.htm
Archived Voices in Time | Page 2 | Lapham's Quarterly,https://www.laphamsquarterly.org/archive/voices-in-time?field_time_period_tid=10&page=1
Microsoft Technical Account Manager Interview Questions | Glassdoor,https://www.glassdoor.co.uk/Interview/Microsoft-Technical-Account-Manager-Interview-Questions-EI_IE1651.0,9_KO10,35.htm
