Title,URL
Karandeep Singh Saluja - Aligarh- Uttar Pradesh- India ...,https://in.linkedin.com/in/karandeep-singh-saluja-a71680166
ALIGARH MUSLIM UNIVERSITY ALUMNI ASSOCIATION | LinkedIn,https://www.linkedin.com/company/aligarh-muslim-university-alumni-association
Syed Abuzer Ali - Senior Software Engineer - ElectrifAi | LinkedIn,https://in.linkedin.com/in/syedabuzerali
Anshika - Aligarh- : I'll teach you to code Machine Learning based ...,https://www.superprof.ng/ill-teach-you-code-machine-learning-based-solutions-youll-skilled-python-java-and.html
Data Munging Jobs in Aligarh- Uttar Pradesh (Feb 2023) - 22 Data ...,https://www.shine.com/job-search/data-munging-jobs-in-aligarh
Machine Learning Techniques for Book Recommendation: An ...,https://papers.ssrn.com/sol3/papers.cfm?abstract_id=3356349
Typing Jobs In Aligarh - 51 Typing Job Vacancies In Aligarh - Naukri ...,https://www.naukri.com/typing-jobs-in-aligarh
Syed Ahmad Khan - Aligarh Movement - GeeksforGeeks,https://www.geeksforgeeks.org/syed-ahmad-khan-aligarh-movement/
Python Course in Aligarh,https://www.codingbytes.com/python-course/python-course-in-aligarh/
Cambay Consulting: Cloud Infrastructure | Engineering Services,https://cambaycs.com/
Interdisciplinary Centre For Artificial Intelligence | AMU,https://www.amu.ac.in/centres/interdisciplinary-centre-of-artificial-intelligence
Machine Operator Job Vacancies in Aligarh-Machine Operator ...,https://www.placementindia.com/job-search/machine-operator-jobs-in-aligarh.htm
Graphic Design Internship in Aligarh | Internshala,https://internshala.com/internships/graphic%20design-internship-in-aligarh/
Top Cnc Job Works in Aligarh - Best Cnc Machine Job Works,https://www.justdial.com/Aligarh/CNC-Job-Works/nct-10102825
Top 5 Data Science courses on Coursera: Upskilling through online ...,https://www.telegraphindia.com/edugraph/career/emerging-disciplines-top-the-popularity-chart-online-data-science-courses-on-coursera/cid/1842999
Ocrolus: Intelligent Document Automation Software,https://www.ocrolus.com/
Data Science Internship | Machine Learning Intership Program,https://www.edureka.co/internship/data-science-and-machine-learning-program
NSIC Technical Services Centre Aligarh- Uttar Pradesh - NSIC,https://www.nsic.co.in/NTSC/NTSC-Aligarh
Coursera for Campus | Online Learning Platform for Universities,https://www.coursera.org/campus/
Amazon Pay | Amazon.jobs,https://www.amazon.jobs/payments
Job Id: 27661511 – Machine Learning Engineer Job in IDTech ...,https://apna.co/job/kochi/machine-learning-engineer-27661511
MathWorks Careers | Students and New Careers - MATLAB & Simulink,https://www.mathworks.com/company/jobs/students.html
Aligarh Muslim University News - Webinar on 'Automation and ...,https://www.facebook.com/proamuofficial/photos/a.169403570206891/1218252428655328/?type=3
Aligarh Institute of Technology,http://aligarh.edu.pk/
A New Approach of Dynamic Load Balancing Scheduling Algorithm ...,https://dl.acm.org/doi/abs/10.4018/IJAEC.2016040104
Digitaler Staat on Twitter: "Auf https://t.co/IZOIGol3BW startet am 7 ...,https://mobile.twitter.com/Digitaler_Staat/status/1278997981019222016
Ordered Ranked Weighted Aggregation based Book ...,https://www.researchgate.net/publication/281085423_Ordered_Ranked_Weighted_Aggregation_based_Book_Recommendation_Technique_A_Link_Mining_Approach
(PDF) Adaptive E-Learning using E-Portfolio,https://www.researchgate.net/publication/318530263_Adaptive_E-Learning_using_E-Portfolio
7 Best Freelance Vue.js Developers For Hire Near Ashburn- VA ...,https://www.upwork.com/hire/vue-js-developers/us/ashburn-va/
Kraft Heinz Company Employment and Reviews | SimplyHired,https://www.simplyhired.com/company/Kraft%20Heinz%20Company/?l=Madison%2C+WI
Multi Performance Research Methodology for Ergonomic Evaluation ...,https://www.ijera.com/papers/vol11no8/Ser-4/F1108043843.pdf
Abul Hasan - People & Cultual Practitioner - Manufacturing | LinkedIn,https://bf.linkedin.com/in/hassan2617
Blind Image Source Device Identification: Practicality and ...,https://www.igi-global.com/chapter/blind-image-source-device-identification/251449
A White Hat Study of a Nation's Publicly Accessible Critical Digital ...,https://www.igi-global.com/chapter/a-white-hat-study-of-a-nations-publicly-accessible-critical-digital-infrastructure-and-a-way-forward/251517
The Cyberethics- Cybersafety- and Cybersecurity at Schools ...,https://www.igi-global.com/chapter/the-cyberethics-cybersafety-and-cybersecurity-at-schools/251499
26016 Remedy Tool Jobs Openings in India - TimesJob.com,https://www.timesjobs.com/jobskill/remedy-tool-jobs
Apply for Honorary DSc for Application Engineer - Honorary Awards,https://sites.google.com/site/honorarydegreeacademics/apply-for-honorary-dsc-for-application-engineer
Geometric and harmonic means based priority dispatching rules for ...,https://polipapers.upv.es/index.php/IJPME/article/view/15217/0
Comparative Study on Marks Prediction using Data Mining and ...,http://search.proquest.com/openview/c9fc7dca835b5e39387c08884fc18921/1?pq-origsite=gscholar&cbl=1606379
iRSVPred: A Web Server for Artificial Intelligence Based Prediction ...,https://europepmc.org/article/med/32158451
