Title,URL
0 HR Jobs for Freshers in Bharatpur- Jan | Internshala,https://internshala.com/fresher-jobs/hr-jobs-in-Bharatpur/
Yash Kumar Sharma - Salesforce Developer - Cloud Analogy ...,https://in.linkedin.com/in/yashkumarsharma
1 Finance Jobs for Freshers in Bharatpur- Feb | Internshala,https://internshala.com/fresher-jobs/finance-jobs-in-Bharatpur/
WordPress Bharatpur | Facebook,https://www.facebook.com/groups/wordpressbharatpur/
Sabin Acharya - Machine Learning Team Lead - Rippey AI | LinkedIn,https://np.linkedin.com/in/sabin-acharya
Urgent: Contact number Jobs in Bharatpur - February 2023 - 266 ...,https://in.jooble.org/jobs-contact-number/Bharatpur
Binod Adhikari - Instructor - Dreamtechnepal | LinkedIn,https://np.linkedin.com/in/binod-adhikari-81a6a977
Artificial Intelligence Course in Bharatpur - Best Training Institute ...,http://quickxpertinfotech.com/artificial-intelligence-course-in-bharatpur
Data Science Instructor in Bharatpur City- Bharatpur - Job ID ...,https://www.urbanpro.com/bharatpur/data-science-instructor-in-bharatpur-city/34861790
27 Best Freelance Video Editors For Hire Near Bharatpur- NP ...,https://www.upwork.com/hire/video-editors/np/bharatpur/
Bhattarai- Kisman - Department of Soil and Crop Sciences,https://soilcrop.tamu.edu/people/bhattarai-kisman/
Telecom Jobs In Bharatpur Rajasthan - 554 Telecom Job Vacancies ...,https://www.naukri.com/telecom-jobs-in-bharatpur-rajasthan
Top 10 Tailoring Classes in Bharatpur- Stitching- Sewing Courses ...,https://www.sulekha.com/tailoring-training/bharatpur
Chitranshu - Bharatpur : Graduate from NIT warangal can give ...,https://www.superprof.ng/graduate-from-nit-warangal-can-give-tutions-for-high-school-students-and-those-who-wants-learn-machine-learning-concepts.html
Tivra Institute of It Training and Research Center | Bharatpur,https://m.facebook.com/people/Tivra-Institute-of-It-Training-and-Research-Center/100063453194538/
Support Vector Machines (SVM) Algorithm Explained,https://monkeylearn.com/blog/introduction-to-support-vector-machines-svm/
Aurionpro Solutions Bharatpur Reviews by 0 Employees | AmbitionBox,https://www.ambitionbox.com/aurionpro-solutions-reviews/bharatpur-location
Lohagarh Fort- Bharatpur,https://www.tutorialspoint.com/lohagarh_fort/index.htm
WordCamp Nepal 2022 – November 5-6- Bharatpur- Nepal,https://nepal.wordcamp.org/2022/
manager-production- Production - Extrusion bharatpur,https://www.jobsforplastics.com/manager-production-supervisor-manager-engineer-plastics-extrusion-pipes-films-bharatpur/ca/28500
Bringing More Girls and Women in Science and Technology Across ...,https://news.sap.com/2019/02/india-girls-women-science-technology/
Bharatpur Cancer Hospital in dire straits- The himalayantimes News ...,https://publichealthupdate.com/bharatpur-cancer-hospital-in-dire-straits-the-himalayantimes-news/
List of Top Data Entry Job Works in Bharatpur - Best Online Data ...,https://www.justdial.com/Bharatpur/Data-Entry-Job-Works/nct-10619111
How Cooling Towers Work - YouTube,https://www.youtube.com/watch?v=UzHJWNL2OtM
Sikkim Manipal Institute of Technology – Sikkim Manipal University,https://smu.edu.in/smit.html/
Efficient Designs for Mixture Experiments using Non-linear Models ...,https://www.researchgate.net/publication/321997898_Efficient_Designs_for_Mixture_Experiments_using_Non-linear_Models
Playing in Puja Fun Park- Bharatpur- Chitwan. | “A picture is worth a ...,https://he-il.facebook.com/100057170927345/videos/playing-in-puja-fun-park-bharatpur-chitwan/435374170203516/
BIET - Best Engineering College in Telangana,http://biet.ac.in/
Ethnopharmacology | Apply for Honorary DSc in ...,https://sites.google.com/site/honorarydegreeacademics/ethnopharmacology-apply-for-honorary-dsc-in-ethnopharmacology-admission-announcement
Nation - The Tribune- Chandigarh- India,https://m.tribuneindia.com/2008/20081121/nation.htm
Hotels Near Blk 79 In Singapore - 2023 Hotels | Trip.com,https://www.trip.com/hot/hotels-near-blk-79/
https://www.gutenberg.org/files/12006/12006-8.txt,https://www.gutenberg.org/files/12006/12006-8.txt
Top Operations Management(Science)Colleges in India - 2022 ...,https://collegedunia.com/science/operations-management-colleges
(' UHVXPHV UDLG RQ <- TXL]]HV .KDUJH,https://www.dailypioneer.com/uploads/2022/epaper/august/chandigarh-english-edition-2022-08-05.pdf
