Title,URL
ARNAB MANNA - Founding Machine Learning Engineer - Stealth ...,https://in.linkedin.com/in/arnabmanna98
Ishan Jain - Applied Machine Learning Engineer (Adobe Stock ...,https://www.linkedin.com/in/ishanjain95
Piyush Balwani - Research And Development Engineer (Machine ...,https://in.linkedin.com/in/piyush-balwani-756588a2
Jobs @ Centre for Artificial Intelligence- IIT Kharagpur,https://cse.iitkgp.ac.in/~sudeshna/jobs-cai.html
Dr. Prasun Chokshi - Machine Learning/Data Science - Senior ...,https://uk.linkedin.com/in/dr-prasun-chokshi-3456a1120
IIT Kharagpur launches free online course on Machine Learning ...,https://content.timesjobs.com/iit-kharagpur-launches-free-online-course-on-machine-learning/articleshow/88004633.cms
Gaurav Sharma - Machine Learning Engineer - Meta | LinkedIn,https://ca.linkedin.com/in/gaurav-sharma-52335459
▷ Python tutors in IIT Kharagpur - TeacherOn,https://www.teacheron.com/python-tutors-in-iit_kharagpur
Machine Learning Engineer Salary for Freshers & Experienced,https://www.mygreatlearning.com/blog/machine-learning-salary/
Temporary Jobs,https://erp.iitkgp.ac.in/SricWeb/temporaryJobs.htm
Indian Institute of Technology - Kharagpur People | Wellfound ...,https://angel.co/company/indian-institute-of-technology-kharagpur-1/people
478 Embedded Machine Learning Jobs and Vacancies - 6 February ...,https://in.indeed.com/Embedded-Machine-Learning-jobs
IIT Kharagpur- AWS jointly creating AI learning- development portal ...,https://timesofindia.indiatimes.com/business/india-business/iit-kharagpur-aws-jointly-creating-ai-learning-development-portal/articleshow/79431546.cms
IIT Kharagpur: IIT Kharagpur to launch 6-month Artificial Intelligence ...,https://m.economictimes.com/industry/services/education/iit-kharagpur-to-launch-6-month-artificial-intelligence-course/articleshow/67472973.cms
Post Graduate Certificate in Data Science and Machine Learning ...,https://www.coursera.org/certificates/data-science-machine-learning-iitr
IIT Kharagpur is offering free online course on deep learning | TechGig,https://content.techgig.com/upskilling-at-techgig/iit-kharagpur-is-offering-free-online-course-on-deep-learning/articleshow/96966086.cms
Machine Learning,http://iitkgp.ac.in/research-areas/Machine%20Learning
Job Offers Pour In For Business Analytics Students At IIT Kharagpur ...,https://analyticsindiamag.com/job-offers-pour-in-for-business-analytics-students-at-iit-kharagpur-salary-package-reaches-%E2%82%B935-lakh-pa/
AI4ICPS - Home,https://ai4icps.in/
Machine learning approach to predict the depression in job sectors ...,https://www.sciencedirect.com/science/article/pii/S2666518221000450
IIT Placements: IIT Delhi- IIT Mumbai- IIT Kharagpur Witnesses Best ...,https://indianexpress.com/article/jobs/computer-science-continues-to-be-a-lucrative-branch-iit-students-fetch-jobs-offers-worth-crores-7721460/
Kharagpur Data Science Hackathon 2022 by Indian Institute of ...,https://unstop.com/hackathon/kharagpur-data-science-hackathon-2022-indian-institute-of-technology-iit-kharagpur-542463
Urgent: Cnc machine operator Jobs in Kharagpur - February 2023 ...,https://in.jooble.org/jobs-cnc-machine-operator/Kharagpur
Arunima - Kolkata- : Research Scholar(computational data science ...,https://www.superprof.ng/research-scholar-computational-data-science-domain-iit-kharagpur-gives-tuitions-python-computer-organization-and-machine.html
Which professor gives projects in any field like Data Analytics ...,https://www.quora.com/Which-professor-gives-projects-in-any-field-like-Data-Analytics-Finance-Machine-Learning-at-IIT-Kharagpur
Anupam Datta - Electrical and Computer Engineering - College of ...,https://www.ece.cmu.edu/directory/bios/datta-anupam.html
IIT Kharagpur Offers 12-Week Free Online Course on Deep Learning,https://www.dqindia.com/iit-kharagpur-offers-12-week-free-online-course-on-deep-learning/
Courses :: NPTEL,https://nptel.ac.in/courses
Packing Machine Operator Jobs In Kharagpur - 647 Packing ...,https://www.naukri.com/packing-machine-operator-jobs-in-kharagpur
Anupam Datta,https://www.andrew.cmu.edu/user/danupam/
| Chi Squarex,https://www.chisquarex.com/recruit
Ishwar K. Sethi- Ph.D.,https://oakland.edu/secs/directory/sethi
The #1 way college students & early graduates get Internships- Jobs,https://cuvette.tech/
Jobs/Internships at Samudramanthan IIT Kharagpur | Internshala,https://internshala.com/internships/internship-at-Samudramanthan%20IIT%20Kharagpur/
Learn Artificial Intelligence with Online Courses- Classes- & Lessons ...,https://www.edx.org/learn/artificial-intelligence
Deep Learning online course video lectures by IIT Kharagpur,https://freevideolectures.com/course/4068/nptel-deep-learning
Which is Better for AI: Java or Python? A Breakdown of Our Top Pick,https://www.springboard.com/blog/data-science/which-is-better-for-ai-java-or-python/
Grads of top IITs and IIMs earn over twice more than their peers,https://qz.com/india/1329635/grads-of-top-iits-and-iims-earn-over-twice-more-than-their-peers
IIT Kharagpur Archives - GeeksforGeeks,https://www.geeksforgeeks.org/tag/iit-kharagpur/
Indian Institute of Technology Madras,https://www.iitm.ac.in/
FORESIGHT (2021) |Post Graduate Engineer Trainee researcher at ...,https://medium.com/@swgiitkgp/foresight-2021-post-graduate-engineer-trainee-researcher-at-mercedes-benz-anuraag-bhattacharya-d82b7dd39b09
Master's Students - Machine Learning - CMU - Carnegie Mellon ...,https://www.ml.cmu.edu/people/masters-students.html
SamatriX: LA101 Linear Algebra For Machine Learning,https://learning.samatrix.io/courses/course-v1:SamatriX+LA101+2020_T3/about
Careers at Altair,https://altair.com/careers
Tata Consultancy Services: Driving Innovation and Building on Belief,https://www.tcs.com/
Workshop: Tackling Climate Change with Machine Learning,https://www.climatechange.ai/events/neurips2022
Indian Institute of Technology Kharagpur,http://www.beta.iitkgp.ac.in/department/GS/faculty/gs-jiaul
Centre of Excellence in Artificial Intelligence IIT Kharagpur | Kharagpur,https://www.facebook.com/ai.iitkgp/
More than half of the job offers at IIT Kharagpur came from the ...,https://www.businessinsider.in/careers/news/more-than-half-of-the-job-offers-at-iit-kharagpur-came-from-the-software-and-analytics-sectors/articleshow/72521938.cms
Nodal HPC Center at IIT Kharagpur under National Supercomputing ...,http://www.hpc.iitkgp.ac.in/HPCF/hpcnc
Kharagpur Learning- Imaging and Visualization Group,http://www.ee.iitkgp.ac.in/kliv/
IIT Kharagpur students bag 40 internship offers- 36 jobs at ...,https://www.livemint.com/education/news/iit-kharagpur-students-bag-40-internship-offers-36-jobs-at-honeywell-11575626623391.html
AI & Analytics Careers | Accenture,https://www.accenture.com/in-en/careers/explore-careers/area-of-interest/ai-and-analytics-careers
International Relations | IIT Kharagpur,https://international.iitkgp.ac.in/exc_diaries/outbound_diaries/2020/soumya-yadav/
The 3 Best Free AI and Machine Learning Courses (2022),https://www.marketingaiinstitute.com/blog/3-free-online-artificial-intelligence-courses-taught-by-google-and-stanford-experts
Application of optimized machine learning techniques for prediction ...,https://dl.acm.org/doi/10.1016/j.cor.2018.02.021
DeepPlace: Learning to Place Applications in Multi-Tenant Clusters ...,https://www.researchgate.net/publication/335156036_DeepPlace_Learning_to_Place_Applications_in_Multi-Tenant_Clusters
In-Depth Archives | Page 3 of 11 | The KGP Chronicle,https://kgpchronicle.iitkgp.ac.in/category/in-depth/page/3/
Learning Hiring Preferences - The AI Behind LinkedIn Jobs,https://www.walshmedicalmedia.com/proceedings/learning-hiring-preferences--the-ai-behind-linkedin-jobs-59695.html
Tableau - Dashboard Introduction - YouTube,https://www.youtube.com/watch?v=V7PaiIb0iI4
25 Highest Rated Science Tutors Near Pleasanton- CA,https://www.wyzant.com/Pleasanton_CA_Science_tutors.aspx
25 Highest Rated Computer Tutors Near Dublin- CA,https://www.wyzant.com/Dublin_CA_Computer_tutors.aspx
Abani K. Pradhan- Ph.D.,https://cfs3.umd.edu/about/people/faculty/pradhan
Manager Risk and Compliance at Cashfree,https://startup.jobs/manager-risk-and-compliance-cashfree-3824307
Ai-Enabled Recruitment: Here'S Everything You Would Want To ...,https://www.thehighereducationreview.com/magazine/aienabled-recruitment-here-s-everything-you-would-want-to-know-QMNO599219992.html
ON MACHINE LEARNING WITH MULTIOBJECTIVE GENETIC ...,https://www.worldscientific.com/doi/10.1142/9789812567796_0017
Process Plan and Scheduling Integration for Near Optimal Process ...,https://link.springer.com/chapter/10.1007/978-3-642-35380-2_88
GPU based epileptic seizure detection using deep autoencoder with ...,https://iopscience.iop.org/article/10.1088/1742-6596/2318/1/012010/meta
DevOps Certification in Los Angeles | PG Program with Purdue,https://www.edureka.co/executive-programs/purdue-devops-los-angeles-city
DevOps Certification in Miami | PG Program with Purdue,https://www.edureka.co/executive-programs/purdue-devops-miami-city
