Title,URL
HCODE Technologies | LinkedIn,https://in.linkedin.com/company/hcodetech
6 Sewing Machine Job Vacancies In Karnal - Naukri.com,https://www.naukri.com/sewing-machine-jobs-in-karnal
How much does Hcode Technologies pay in Karnal- HR? | Indeed.com,https://in.indeed.com/cmp/Hcode-Technologies/salaries?location=IN%2FHR%2FKarnal
Internship in Karnal | Internshala,https://internshala.com/internships/internship-in-karnal/
Data scientist salary in Karnal- Haryana,https://in.indeed.com/career/data-scientist/salaries/Karnal--Haryana
SparkR (R on Spark) - Spark 3.3.1 Documentation,https://spark.apache.org/docs/latest/sparkr.html
10 Machine Learning Methods that Every Data Scientist Should ...,https://towardsdatascience.com/10-machine-learning-methods-that-every-data-scientist-should-know-3cc96e0eeee9
2 Media Jobs for Freshers in Karnal- Jan | Internshala,https://internshala.com/fresher-jobs/media-jobs-in-Karnal/
20 Questions to Test your Skills on CNN (Convolutional Neural ...,https://www.analyticsvidhya.com/blog/2021/05/20-questions-to-test-your-skills-on-cnn-convolutional-neural-networks/
Python Course in Karnal,https://www.codingbytes.com/python-course/python-course-in-karnal/
What is the Linux kernel?,https://www.redhat.com/en/topics/linux/what-is-the-linux-kernel
Machine Learning Engineer Salary in India | AmbitionBox,https://www.ambitionbox.com/profile/machine-learning-engineer-salary
25 Best Freelance Graphic Designers For Hire Near Karnal- IN ...,https://www.upwork.com/hire/graphic-designers/in/karnal/
Panasonic Career Opportunities,https://careers.na.panasonic.com/
International alternatives to Kaggle for Data Science / Machine ...,https://www.kdnuggets.com/2020/09/international-alternatives-kaggle-data-science-competitions.html
PECALE: An Environment for Enhancing Personalization and ...,https://www.researchgate.net/publication/308866031_PECALE_An_Environment_for_Enhancing_Personalization_and_Learner_Engagement_in_an_Online_Learning_Platform
Giselle Cheung Johnson on Twitter: "Got my highlighters ready ...,https://twitter.com/giselletycheung/status/1339182948055195650
Best Data Science Course in Sunnyvale - IIT Madras CCE Training,https://intellipaat.com/data-scientist-course-training-sunnyvale/
Salary: Juniper Networks Information Technology | Glassdoor,https://www.glassdoor.com/Salary/Juniper-Networks-Information-Technology-Salaries-EI_IE7224.0,16_DEPT1011.htm
Matthew Turl - Mill operator/2 IC - CEFN Pty LTD | LinkedIn,https://au.linkedin.com/in/matthew-turl-846b6494
Sage Account Executive Reviews | Glassdoor,https://www.glassdoor.co.uk/Reviews/Sage-Account-Executive-Reviews-EI_IE1150.0,4_KO5,22.htm
Salary: Apple Skilled Labor & Manufacturing | Glassdoor,https://www.glassdoor.co.uk/Salary/Apple-Skilled-Labor-and-Manufacturing-Salaries-EI_IE1138.0,5_DEPT1022.htm
Erp Data Jobs in India - TimesJobs,https://m.timesjobs.com/jobskill/erp-data-jobs
MLM Software | Facebook,https://www.facebook.com/groups/1587964068093273/
Data Security Jobs Openings In Gurgaon - TimesJobs.com,https://www.timesjobs.com/jobs-in-gurgaon/data-security-jobs
Haryana - The Tribune- Chandigarh- India,https://m.tribuneindia.com/2006/20060618/haryana.htm
Rajni Jain | NCAP - Academia.edu,https://ncap.academia.edu/RajniJain
From the Internal Market to the citizenship of rights: the protection of ...,https://revistas.uminho.pt/index.php/unio/article/download/16/7/53
INAYATUR RAHMAN - Engineering Sales Manager - KHAN ...,https://pk.linkedin.com/in/inayatur-rahman-6934704b
2022 Global Health Care Outlook,https://www2.deloitte.com/content/dam/Deloitte/cz/Documents/life-sciences-health-care/gx-health-care-outlook-Final.pdf
Dinesh Abrol- Agro-Food,https://smartech.gatech.edu/bitstream/handle/1853/36931/Dinesh_Abrol_Agro_Food.pdf
Vivekananda Global University: Mr. Sunil Rao- Chief Academic ...,https://collegedunia.com/news/c-54832-interview-mr-sunil-rao-chief-academic-officer-next-gen-at-vivekananda-global-university-jaipur
Journal of Applied Crystallography: Vol 46- No 6,https://onlinelibrary.wiley.com/toc/s16005767/2013/46/6
Acting Administrator- Animal and Plant Health Inspection Service.,https://www.govinfo.gov/content/pkg/FR-2005-03-28/xml/FR-2005-03-28.xml
In Vitro Secretome Analysis Suggests Differential Pathogenic ...,https://europepmc.org/article/med/34572566
Marginality- identity and politicisation of the Bhangi community- Delhi.,https://eprints.keele.ac.uk/8214/1/SharmaPhD1987vol1.pdf
Graduate Marketing Jobs : Latest 55123 Graduate Marketing ...,https://www.monsterindia.com/search/graduate-marketing-jobs
