Title,URL
TCS- Wipro- Infosys collaborates with JNTU-Kakinada on IoT- AI ...,https://content.techgig.com/upskilling-at-techgig/tcs-wipro-infosys-collaborates-with-jntu-kakinada-on-iot-ai-data-science-research/articleshow/89087333.cms
Aravind - Kakinada- : A certified machine learning engineer and a ...,https://www.superprof.ng/certified-machine-learning-engineer-and-pgd-holder-data-science-can-teach-you-machine-learning-and-deep-learning-which.html
10 Python Developer Job Vacancies In Kakinada - Naukri.com,https://www.naukri.com/python-developer-jobs-in-kakinada
Internship with job offer in Kakinada,https://internshala.com/internships/marketing-internship-in-kakinada/ppo-true/
Python Jobs In Kakinada - 55 Python Job Vacancies In Kakinada ...,https://www.naukri.com/python-jobs-in-kakinada
Rama Banala - Cloud Data Engineer | ML Engineer - Verizon ...,https://www.linkedin.com/in/rama-banala-b03265136
6 Front End Developer Job Vacancies In Kakinada - Naukri.com,https://www.naukri.com/front-end-developer-jobs-in-kakinada
Krify Reviews in Kākināda | Glassdoor,https://www.glassdoor.co.in/Reviews/Krify-Kakinada-Reviews-EI_IE476556.0,5_IL.6,14_IC2887499.htm
Jobs | SLB Careers,https://careers.slb.com/job-listing
0 Content Writing Jobs for Freshers in Kakinada- Feb | Internshala,https://internshala.com/fresher-jobs/content-writing-jobs-in-kakinada/
Cyient Data Analyst Kakinada Reviews by 25 Employees ...,https://www.ambitionbox.com/reviews/cyient-reviews/data-analyst/kakinada-location
Data Analyst Job Vacancies in Kakinada- East Godavari-Data ...,https://www.placementindia.com/job-search/data-analyst-jobs-in-kakinada.htm
Top Embroidery Job Works in Kakinada - Best Embroidery Works ...,https://www.justdial.com/Kakinada/Embroidery-Job-Works/nct-10187270
MASTER OF COMPUTER APPLICATIONS (MCA) (For Two-Year PG ...,https://www.jntuk.edu.in/wp-content/uploads/2021/02/R20-MCA-2-years-CS-Syllabus.pdf
Mechatron Robotics- Ramanayyapeta- Kakinada,http://www.inkakinada.com/list/mechatron-robotics
Top 10 Job Training in Kakinada- Centers- Institutes- Courses ...,https://www.sulekha.com/job-training/kakinada
Bloom Institute of Technology | Online Coding Bootcamp,https://www.bloomtech.com/
Find your Career | Princeton IT Services,https://princetonits.com/career/
Jobs In Data- Analysis- Insights & Machine Learning | Careers | GfK,https://www.gfk.com/careers
Dr K Kishore Raju | JAWAHARLAL NEHRU TECHNOLOGICAL ...,https://jntuka.academia.edu/kishoreraju
COMPUTER SCIENCE ... - JNTU College of Engineering- kakinada,https://jntuk.academia.edu/Departments/COMPUTER_SCIENCE_ENGINEERING/Documents
(PDF) SURVEY ON EFFICIENT TECHNIQUES OF MACHINE ...,https://www.researchgate.net/publication/350239154_SURVEY_ON_EFFICIENT_TECHNIQUES_OF_MACHINE_LEARNING_ALGORITHMS_IN_DIABETES_DETECTION_1
Halliburton Interview Questions | Glassdoor,https://www.glassdoor.com/Interview/Halliburton-Interview-Questions-E307_P4.htm
Sunil Kumar Yakkali's Review On Jawaharlal Nehru Technological ...,https://collegedunia.com/reviews/382591-sunil-kumar-yakkali-review-on-jawaharlal-nehru-technological-university-jntuk-kakinada
Coordination Budget Preparation And Analysis Improve Systems ...,https://www.timesjobs.com/jobskill/coordination-budget-preparation-and-analysis-improve-systems-jobs
Top Robotics Companies - 2023 Reviews | Clutch.co,https://clutch.co/developers/artificial-intelligence/robotics?page=2
Parents- professionalism- and partnership in school-community ...,https://www.sciencedirect.com/science/article/abs/pii/088303559190008G
Optimisation of operations sequence in CAPP using an ant colony ...,https://link.springer.com/content/pdf/10.1007/s00170-004-2491-y.pdf
Erp Data Jobs in India - TimesJobs,https://m.timesjobs.com/jobskill/erp-data-jobs
Secure Big Data Processing in Multihoming Networks with AI ...,https://downloads.hindawi.com/journals/wcmc/2022/3893875.pdf
A Framework for an Artificial-Neural-Network-Based Electronic Nose ...,https://www.igi-global.com/chapter/a-framework-for-an-artificial-neural-network-based-electronic-nose/288965
Salary: Schlumberger Information Technology | Glassdoor,https://www.glassdoor.co.uk/Salary/Schlumberger-Information-Technology-Salaries-EI_IE588.0,12_DEPT1011.htm
Medtech Insights- Urological Devices Market Insights Europe ...,https://clarivate.com/products/research-reports/report/47037419-medtech-urological-devices-market-insights-europe/
