Title,URL
Artificial Intelligence & Machine Learning - Mysore University School ...,https://soeuom.com/artificial-intelligence/
Machine Learning Developer Job in Mysore | Glassdoor,https://www.glassdoor.co.in/job-listing/machine-learning-developer-girtbyte-labs-JV_IC2946367_KO0,26_KE27,40.htm?jl=1007860786397
Machine Learning Engineer Salary in Mysuru/Mysore | AmbitionBox,https://www.ambitionbox.com/profile/machine-learning-engineer-salary/mysuru-location
Define your career with IBM,https://www.ibm.com/careers/in-en/
Overview of Machine learning- Define & Requirement - Star of Mysore,https://starofmysore.com/overview-of-machine-learning-define-requirement/
Machine Learning (ML) Course in Mysore - Fee 45% Off,https://datamites.com/machine-learning-course-training-mysore/
Artificial Intelligence Jobs in Mysore- Karnataka (Feb 2023) - 331 ...,https://www.shine.com/job-search/artificial-intelligence-jobs-in-mysore
Internship software Jobs in Mysore- February 2023 | Glassdoor,https://www.glassdoor.com/Job/mysore-internship-software-jobs-SRCH_IL.0,6_IC2946367_KO7,26.htm
Machine Learning Engineer - Solifi,https://www.datayoshi.com/offer/244834/machine-learning-engineer
15 Best Freelance Data Analysts For Hire Near Mysore- IN - Upwork™,https://www.upwork.com/hire/data-analysts/in/mysore/
874 Data Scientist Jobs and Vacancies in Mysore Road Tolgate ...,https://in.indeed.com/Data-Scientist-jobs-in-Mysore-Road-Tolgate,-Karnataka
Clinical Trial Manager Jobs: Research Pharmacovigilance | Clario,https://clario.com/careers/
Mysuru Consulting Group | LinkedIn,https://in.linkedin.com/company/mcg-ai
Adobe Research » New Horizons for Audio Research at Adobe,https://research.adobe.com/news/new-horizons-for-audio-research-at-adobe/
15 Python Developer jobs in Mysore- Karnataka- India,https://in.linkedin.com/jobs/python-developer-jobs-mysore
20 Best python jobs in Mysore- Karnataka (Hiring Now!) | SimplyHired,https://www.simplyhired.co.in/search?q=python&l=mysore%2C+karnataka
Data Science Course With Python Machine Learning in Mysore ...,https://www.apponix.com/Python-Institute/Data-Science-Training-in-Mysore.html
Careers | L&T Technology Services | L&T India,https://www.ltts.com/careers
Infosys Careers - Internships,https://www.infosys.com/careers/internships.html
Best Data Science Course in Mysore - IIT Madras CCE Training,https://intellipaat.com/data-scientist-course-training-mysore/
Machine Learning Course in Mysore- Training | Sulekha,https://www.sulekha.com/machine-learning-courses/mysore
NAVEEN MYSORE - Senior Software Engineer - Tableau | LinkedIn,https://www.linkedin.com/in/mysore-naveen
Machine Learning Engineer Job in AMCI - Mysore- Karnataka,https://www.mncjobsindia.com/jobs/machine-learning-engineer-mysore-2486157
Data Science Training in Marathahalli [with JobAssist],https://www.simplilearn.com/data-science-training-course-marathahalli-bengaluru-city
Artificial Intelligence Course Training in Mysore,https://360digitmg.com/india/artificial-intelligence-ai-and-deep-learning-in-mysuru
Machine Operator Job Vacancies in Mysore-Machine Operator ...,https://www.placementindia.com/job-search/machine-operator-jobs-in-mysore.htm
Artificial Intelligence Courses in Mysore- Learn AI Training Institute ...,https://www.inventateq.com/artificial-intelligence-course-training-mysore.php
Machine Learning based Education System with Sentiment Analysis ...,https://ieeexplore.ieee.org/document/9972555/
Amazon.in | Amazon.jobs,https://www.amazon.jobs/en/teams/in
Uber driver Jobs in Mysore- January 2023 | Glassdoor,https://www.glassdoor.ca/Job/mysore-uber-driver-jobs-SRCH_IL.0,6_IC2946367_KO7,18.htm
Data Architect–Structured/Unstructured Data Analytics – Infosys,https://www.analyticsvidhya.com/blog/2015/01/data-architect-structured-unstructured-data-analytics-infosys-bhubaneswarmysore-3-8-years-experience/
Artificial Intelligence (AI) Services & Solutions | Accenture,https://www.accenture.com/us-en/services/ai-artificial-intelligence-index
About the Mysore Team - WiMLDS,http://wimlds.org/about-the-mysore-team/
Kanthashree Mysore Sathyendra - Amazon Science,https://www.amazon.science/author/kanthashree-mysore-sathyendra
Story of Anima Anandkumar- the machine learning guru powering ...,https://yourstory.com/2017/06/techie-tuesdays-anima-anandkumar
Artificial Intelligence Jobs in Mysore (10 Vacancies) | Jobted India,https://www.jobted.in/artificial-intelligence-jobs-mysore
Best Data Science Institute - Fireblaze AI School,https://fireblazeaischool.in/data-science-course-training-mysore
Working at Fiserv- Inc.,https://www.careers.fiserv.com/
Home - Quantiphi- Inc.,https://quantiphi.com/
Firms should train youth on new-age technologies: Narayana Murthy ...,https://m.economictimes.com/tech/internet/firms-should-train-youth-on-new-age-technologies-narayana-murthy/articleshow/66430493.cms
Firms should train youth on new-age technologies: Narayana Murthy ...,https://economictimes.indiatimes.com/tech/internet/firms-should-train-youth-on-new-age-technologies-narayana-murthy/articleshow/66430493.cms
AI for Good - All Year Always Online,https://aiforgood.itu.int/
(PDF) Undergraduate engineering students employment prediction ...,https://www.researchgate.net/publication/361008441_Undergraduate_engineering_students_employment_prediction_using_hybrid_approach_in_machine_learning
Automation-Test-Engineer - TechGig.com,https://www.techgig.com/jobs/Automation-Test-Engineer/69175382
Implement Consulting Group | LinkedIn,https://uk.linkedin.com/company/implement-consulting-group?trk=public_profile_profile-section-card_subtitle-click
Manager at ConvergePoint India Private Limited | intellijobs.ai,https://intellijobs.ai/job/ConvergePoint-India-Private-Limited-Manager-12-20-Chennai-Tamilnadu-IN-097Bw1QzLfq1NjMAQ2Ss
HoloWorld | LinkedIn,https://it.linkedin.com/company/holoworld?trk=public_profile_experience-item_profile-section-card_subtitle-click
4164 Algorithms Jobs Vacancies in India - Nov ( 2022),https://www.monsterindia.com/search/algorithms-jobs
15-719/18-709 Advanced Cloud Computing: Syllabus,http://www.cs.cmu.edu/~15719/old/spring2019/readinglist.html
Uttara Info Solutions: Home,https://www.uttarainfo.com/
BitWise Source Separation on Hashed Spectra: an efficient posterior ...,https://saige.sice.indiana.edu/wp-content/uploads/icassp2018_lguo.pdf
Mixtures of Local Dictionaries for Unsupervised Speech Enhancement,https://paris.cs.illinois.edu/pubs/kim-spl2014.pdf
ONE-STEP ACADEMIC PROGRAM PROPOSAL,https://franklin.uga.edu/sites/default/files/BS%20Data%20Science%20Proposal.pdf
Top French Classes in Siddhartha Layout - Best French Language ...,https://www.justdial.com/Mysore/-Language-Classes-For-French-in-Siddhartha-Layout/nct-10294828
Valkyrie Arline Savage - Research outputs - Research staff,https://di.ku.dk/english/staff/vip/?pure=en%2Fpersons%2Fvalkyrie-arline-savage(9ada2664-9f75-431b-ba9d-81a61284c4cb)%2Fpublications.html
96 Geometry Jobs Openings in India - TimesJob.com,https://www.timesjobs.com/jobskill/geometry-jobs
Big Data Hadoop Course in Indore [#1 LIVE Training Institute],https://www.edureka.co/big-data-hadoop-training-certification-indore
BBA Healthcare and Hospital Management at GEMS Mysore: Fees ...,https://www.careers360.com/colleges/gems-b-school-bengaluru/bba-healthcare-and-hospital-management-course
Bud Mishra,https://perso.ens-lyon.fr/russell.harmer/lsb6/mishraslides.pdf
