Title,URL
Internship in Korba | Internshala,https://internshala.com/internships/internship-in-korba/
Python Course in Korba,https://www.codingbytes.com/python-course/python-course-in-korba/
Anna Korba - Professeur assistant - ENSAE Paris | LinkedIn,https://uk.linkedin.com/in/anna-korba-58205790
0 Web Development Jobs for Freshers in Korba- Feb | Internshala,https://internshala.com/fresher-jobs/web-development-jobs-in-Korba/
Computer Science Jobs In Korba Chhattisgarh - 45 Computer ...,https://www.naukri.com/computer-science-jobs-in-korba-chhattisgarh
Anna KORBA | CREST,https://crest.science/user/anna-korba/
DEE VEE PROJECTS LIMITED | LinkedIn,https://in.linkedin.com/company/dee-vee-projects-limited
Watson Goes to Medical School — Sara Korba,https://www.sarakorba.com/watson-goes-to-medical-school
HEMS CORPORATION | LinkedIn,https://in.linkedin.com/company/hemscrpncoin
12 Data Science Jobs and Vacancies in Chhattisgarh - 4 February ...,https://in.indeed.com/Data-Science-jobs-in-Chhattisgarh
Vaaman Engineers Korba Reviews by 11 Employees | AmbitionBox,https://www.ambitionbox.com/reviews/vaaman-engineers-reviews/korba-location
GROTTO PLUMBING INC | LinkedIn,https://www.linkedin.com/company/grotto-plumbing-inc
Bharat Aluminium Company (BALCO) Mechanical Engineer ...,https://www.ambitionbox.com/salaries/bharat-aluminium-company-balco-salaries/mechanical-engineer/korba-location
Sabenzi Job recruitment and talent management,https://www.sabenzi.com/site_account/seeker/jobs_details/ec8956637a99787bd197eacd77acce5e627
Michael Korba - Senior Learning Advisor- Safety & Operational ...,https://www.linkedin.com/in/michael-korba-a3635845
Fire Dcpo Salary in Korba | AmbitionBox,https://www.ambitionbox.com/profile/fire-dcpo-salary/korba-location
Career - Körber Pharma,https://www.koerber-pharma.com/en/about-us/career
Vidhan - Korba : Learn to think in Python- not just code in a fun way,https://www.superprof.ng/learn-think-python-not-just-code-fun-way.html
Machine Learning & Data Science Forum Discussions | Kaggle,https://www.kaggle.com/discussion
Private Data Discovery for Privacy Compliance in Collaborative ...,https://link.springer.com/chapter/10.1007/978-3-540-88011-0_18
Virtual health accelerated,https://www2.deloitte.com/us/en/insights/industry/health-care/virtual-health-accelerated.html
Laplace's Demon: A Seminar Series about Bayesian Machine ...,https://ailab.criteo.com/laplaces-demon-bayesian-machine-learning-at-scale/
Top 10 Share Market Courses in Korba- Training Classes | Sulekha ...,https://www.sulekha.com/share-marketing-job-training/korba
The Weather Company- an IBM Business | Accurate Weather ...,https://www.ibm.com/weather
Volvo Group,https://www.volvogroup.com/en/
English Job Interview Tips and Tricks - How to Answer Job Interview ...,https://www.youtube.com/watch?v=nhTcuUvLGOE
Comparison of feature sets in three data sets (F-measure ...,https://www.researchgate.net/figure/Comparison-of-feature-sets-in-three-data-sets-F-measure_tbl3_220938023
Talking About Your Job in English - Spoken English Lesson - YouTube,https://www.youtube.com/watch?v=235MNImhIko
Customer Engagement Engineer - Raipur | Mendeley Careers,https://www.mendeley.com/careers/job/customer-engagement-engineer-7235467
Hadoop Performance Modeling and Job Optimization for Big Data ...,https://citeseerx.ist.psu.edu/document?repid=rep1&type=pdf&doi=0b89528f8c68d759abb6b2f196563a90916ea97c
Epileptic Seizure Detection Using Geometric Features Extracted ...,https://www.ncbi.nlm.nih.gov/pmc/articles/PMC9689850/
IEEE International Conference on Systems- Man- and ... - dblp,https://dblp.org/db/conf/smc/smc2000
Publikationen | ZHAW School of Engineering,https://www.zhaw.ch/de/engineering/forschung/publikationen/publikationen-seite-2/
Patrick Miller | Game Developer,https://www.gamedeveloper.com/author/patrick-miller
International Journal of General Systems Fuzzy and rough formal ...,https://www.hse.ru/mirror/pubs/share/179827427
Browse By Year: 2004 | QUT ePrints,https://eprints.qut.edu.au/view/year/2004.type.html
Motivation for Using Microcomputers: Media & Communications ...,https://www.igi-global.com/chapter/motivation-using-microcomputers/18237
