Title,URL
0 HR Jobs for Freshers in Darbhanga- Feb | Internshala,https://internshala.com/fresher-jobs/hr-jobs-in-Darbhanga/
Paathshaala - An IITians Initiative | LinkedIn,https://in.linkedin.com/company/paathshaalainstitute
Data Science Training in Darbhanga- Course Fees- Certification ...,https://www.sulekha.com/data-science-certification-training/darbhanga
Dsp Software Engineer Jobs In Darbhanga - 64550 Dsp Software ...,https://www.naukri.com/dsp-software-engineer-jobs-in-darbhanga
Manikant Singh - Custom Software Engineer - Accenture | LinkedIn,https://www.linkedin.com/in/manikant-singh-76035217a/
Python – Hindustan Study,https://www.hindustanstudy.com/technical-courses/python/
Meta Machine Learning Engineer Interview Questions | Glassdoor,https://www.glassdoor.com/Interview/Meta-Machine-Learning-Engineer-Interview-Questions-EI_IE40772.0,4_KO5,30.htm
QA Full Stack – Hindustan Study,https://www.hindustanstudy.com/technical-courses/qa-full-stack/
Amazon Machine Learning Scientist Reviews | Glassdoor,https://www.glassdoor.com/Reviews/Amazon-Machine-Learning-Scientist-Reviews-EI_IE6036.0,6_KO7,33.htm
▷ Programming Language Jobs in Darbhanga - UrbanPro,https://www.urbanpro.com/darbhanga/programming-language-jobs
EFI - Careers,https://www.efi.com/about-efi/careers/
Computer Training- Computer Learning Center in Darbhanga ...,https://dir.indiamart.com/darbhanga/computercoaching.html
SAS Academy for Data Science | SAS India,https://www.sas.com/en_in/training/academy-data-science.html
How Long Does It Take To Learn Coding? | BestColleges,https://www.bestcolleges.com/bootcamps/guides/how-long-does-coding-take-to-learn/
Robotics Engineer Salary in India : All Roles | upGrad blog,https://www.upgrad.com/blog/robotics-engineer-salary-in-india-all-roles/
Intelligent Robotic Process Automation - RPA | SS&C Blue Prism,https://www.blueprism.com/
Jobs in Darbhanga - Check Latest (98) Job Openings (February ...,https://www.quikr.com/jobs/darbhanga+zwqxj760939060
RTO | Welcome to Darbhanga District | India,https://darbhanga.nic.in/document-category/rto/
R B Memorial School Of Nursing- Darbhanga Reviews by 4 ...,https://www.ambitionbox.com/reviews/r-b-memorial-school-of-nursing-darbhanga-reviews
Manas Bihari Verma - Wikipedia,https://en.wikipedia.org/wiki/Manas_Bihari_Verma
Aptech Darbhanga Center | Darbhanga,https://www.facebook.com/aptech.darbhanga/
Course for DATA ENTRY JOB | Data Entry Jobs - YouTube,https://www.youtube.com/watch?v=f5Sw4aZQmJo
Bihar: The Shocking State Of Darbhanga Medical College Hospital ...,https://www.youtube.com/watch?v=sSLRpZTDcCE
Sikkim Manipal Institute of Technology – Sikkim Manipal University,https://smu.edu.in/smit.html/
Meta "smart people" Reviews | Glassdoor,https://www.glassdoor.co.uk/Reviews/Meta-smart-people-Reviews-EI_IE40772.0,4_KH5,17.htm
CMR Institute of Technology | Best Private Engineering College in ...,https://www.cmrit.ac.in/
Amazon Reviews | Glassdoor,https://www.glassdoor.co.in/Reviews/Amazon-Reviews-EI_IE6036.0,6.htm
RKGIT:: Top Private engineering college in AKTU,https://www.rkgit.edu.in/
Rajni Jain | NCAP - Academia.edu,https://ncap.academia.edu/RajniJain
Job characteristics as determinants of career change | Request PDF,https://www.researchgate.net/publication/320349533_Job_characteristics_as_determinants_of_career_change
(PDF) Fusion and Classification of SAR and Optical Data Using Multi ...,https://www.researchgate.net/publication/366853043_Fusion_and_Classification_of_SAR_and_Optical_Data_Using_Multi-Image_Color_Components_with_Differential_Gradients/download
Web 2 and CEFE,https://www.slideshare.net/edcanela/web-2-and-cefe
Ethnopharmacology | Apply for Honorary DSc in ...,https://sites.google.com/site/honorarydegreeacademics/ethnopharmacology-apply-for-honorary-dsc-in-ethnopharmacology-admission-announcement
Solicitar Honorario D. Litt. en lengua y literatura españolas ...,https://sites.google.com/site/honorarydegreeacademics/solicitar-honorario-d-litt-en-lengua-y-literatura-espanolas
Career connect july 2016 issue by Surecom Media: CareerConnect ...,https://issuu.com/surecommediacareerconnectmagazine/docs/career_connect___july_2016_issue
Graduate Marketing Jobs : Latest 55123 Graduate Marketing ...,https://www.monsterindia.com/search/graduate-marketing-jobs
Power Grid Corporation of India Directors Report- Power Grid Corp ...,https://www.moneycontrol.com/annual-report/powergridcorp/directors-report/PGC
Excellent Situotion on Chino's,https://www.marxists.org/subject/china/peking-review/1970/PR1970-39.pdf
Top Thiruvalluvar University - [TU] Affiliated Computer Applications ...,https://collegedunia.com/computer-applications/thiruvalluvar-university-tu-affiliated-colleges
Multitranche Financing Facility Annual Report 2021: Annual ...,https://www.adb.org/sites/default/files/linked-documents/mff-ar-2021-progress-report.pdf
Rating - Codeforces,https://codeforces.com/ratings/organization/19079
Rating - Codeforces,https://codeforces.com/ratings/organization/30526
Rating - Codeforces,https://codeforces.com/ratings/organization/6961
