Title,URL
Is machine learning jobs in demand? — JIET Jodhpur,https://www.jietjodhpur.ac.in/blog/is-machine-learning-jobs-in-demand
Machine Learning jobs in Rajasthan,https://in.indeed.com/m/jobs?q=Machine+Learning&l=Rajasthan
Is Machine Learning future proof? — JIET Jodhpur,https://www.jietjodhpur.ac.in/blog/is-machine-learning-future-proof
Best Healthcare Companies and Startups to Work for in Jodhpur ...,https://angel.co/startups/l/jodhpur/health-care
Siddharth Yadav - Senior Analyst - Machine Learning Engineer ...,https://in.linkedin.com/in/siddharth-yadav-21649a72
Machine Learning Course - Jodhpur,https://www.iipacademy.com/machine-learning-course-jodhpur
Rohit Gupta - Project Engineer - Indian Institute of Technology Jodhpur,https://in.linkedin.com/in/rohitgupta24
Best Tech Companies and Startups to Work for in Jodhpur ...,https://angel.co/startups/location/jodhpur
Amazon.in | Amazon.jobs,https://www.amazon.jobs/en/teams/in
MBM Alumni Association | LinkedIn,https://www.linkedin.com/company/mbm-alumni-association
Data Science Course With Python Machine Learning in Jodhpur ...,https://www.apponix.com/data-science-course-in-jodhpur
iHub Drishti Foundation Indian Institute of Technology Jodhpur ...,https://ihub-drishti.ai/images/pdf/1Project_JRF.pdf
Confidence to Deploy AI with World-Class Training Data,https://appen.com/
14 Best Freelance Flutter Developers For Hire Near Jodhpur- IN ...,https://www.upwork.com/hire/flutter-freelancers/in/jodhpur/
Best Data Science Training in Jodhpur (Classroom Course With Job),https://www.wscubetech.com/data-science-training-course-jodhpur.html
MBA Internship in Jodhpur | Internshala,https://internshala.com/internships/mba-internship-in-jodhpur/
IIT-Jodhpur launches online PGDM course for data engineers; apply ...,https://content.techgig.com/upskilling-at-techgig/iit-jodhpur-launches-online-pgdm-course-for-data-engineers-apply-now/articleshow/89830784.cms
CHIRAG GOYAL- Author at Analytics Vidhya,https://www.analyticsvidhya.com/blog/author/chirag676/
DevOps Training in Jodhpur [#1 Institute for DevOps Course],https://www.edureka.co/devops-certification-training-jodhpur
IIT Jodhpur Courses - Data Engineering & Cloud Computing Course ...,https://www.wileynxt.com/postgraduate-diploma-in-data-engineering-and-cloud-computing
Machine Operator Job Vacancies in Jodhpur-Machine Operator ...,https://www.placementindia.com/job-search/machine-operator-jobs-in-jodhpur.htm
Artificial Intelligence Course in Jodhpur - Best Training Institute ...,http://quickxpertinfotech.com/artificial-intelligence-course-in-jodhpur
IIT Jodhpur launches BTech programme in civil and infrastructure ...,https://indianexpress.com/article/education/iit-jodhpur-introduces-btech-program-in-civil-and-infrastructure-engineering-7591256/
IIT-Jodhpur researchers come up with deep learning-based cataract ...,https://www.republicworld.com/technology-news/science/iit-jodhpur-researchers-come-up-with-deep-learning-based-cataract-detection-method-articleshow.html
Dweepobotee Brahma on Twitter: "This position is ideal for someone ...,https://twitter.com/Dweepobotee/status/1526941841664356354
Yash on Twitter: "Hello guys So I am looking for job as a analyst/ml ...,https://mobile.twitter.com/yashgyy/status/1527513241089626112
Artificial intelligence in the practice of pulmonology: The future is ...,https://www.researchgate.net/publication/357501423_Artificial_intelligence_in_the_practice_of_pulmonology_The_future_is_now
Intel Corporation Intern Reviews | Glassdoor,https://www.glassdoor.com/Reviews/Intel-Corporation-Intern-Reviews-EI_IE1519.0,17_KO18,24_IP2.htm
Intel Corporation Software Engineer Reviews | Glassdoor,https://www.glassdoor.com/Reviews/Intel-Corporation-Software-Engineer-Reviews-EI_IE1519.0,17_KO18,35_IP4.htm
Intel Corporation Manufacturing Technician Reviews | Glassdoor,https://www.glassdoor.com/Reviews/Intel-Corporation-Manufacturing-Technician-Reviews-EI_IE1519.0,17_KO18,42_IP2.htm
Intel Corporation Interview Questions | Glassdoor,https://www.glassdoor.com/Interview/Intel-Corporation-Interview-Questions-E1519_P4.htm
Microsoft Lab Assistant Reviews | Glassdoor,https://www.glassdoor.com/Reviews/Microsoft-lab-assistant-Reviews-EI_IE1651.0,9_KO10,23.htm
Microsoft Senior Program Manager Reviews | Glassdoor,https://www.glassdoor.com/Reviews/Microsoft-Senior-Program-Manager-Reviews-EI_IE1651.0,9_KO10,32_IP3.htm
A neural network model for timing control with reinforcement - PMC,https://www.ncbi.nlm.nih.gov/pmc/articles/PMC9579423/
Other Jobs In Bengaluru Bangalore - 109543 Other Job Vacancies ...,https://www.naukri.com/job-listings-senior-lead-machine-learning-engineer-manhattan-associates-bangalore-bengaluru-5-to-9-years-110322502036
Activate a Career in Data Science,https://www.slideshare.net/sharalaaxryd/activate-a-career-in-data-science
Data Science In Hindi- Data Science For Beginners- What Is Data ...,https://www.youtube.com/watch?v=U_CCKibxYjs
Dell Technologies Director Reviews | Glassdoor,https://www.glassdoor.co.uk/Reviews/Dell-Technologies-Director-Reviews-EI_IE1327.0,17_KO18,26.htm
Microsoft "smart people" Reviews | Glassdoor,https://www.glassdoor.com.au/Reviews/Microsoft-smart-people-Reviews-EI_IE1651.0,9_KH10,22.htm
Private Room PG Accommodation & Co-Living Spaces in Jodhpur ...,https://housing.com/paying-guests/private-room-pg-in-jodhpur-park-AU1P2bljr8qvno4nghcq
Urgent: Home based typing Jobs in Nashik - December 2022 - 435 ...,https://in.jooble.org/jobs-home-based-typing/Nashik
Hire Freelance Biomedical Engineers: Find Biomedical Engineering ...,https://www.kolabtree.com/find-an-expert/subject/biomedical-engineering?page-index=9
6259 Cardiac Surgery Fresher Jobs Openings in India - TimesJob.com,https://www.timesjobs.com/jobskill/cardiac-surgery-fresher-jobs
