Title,URL
Mladen Kolar | The University of Chicago Booth School of Business,https://www.chicagobooth.edu/faculty/directory/k/mladen-kolar
Vinay Kolar - Senior Applied Scientist - Amazon Web Services (AWS ...,https://www.linkedin.com/in/vinay-kolar
Mladen Kolar | Department of Statistics | The University of Chicago,https://stat.uchicago.edu/people/profile/mladen-kolar/
Sumanth Kolar - Palo Alto- California- United States | Professional ...,https://www.linkedin.com/in/sumanthkolar
A Novel Machine-Learning Framework With a Moving ... - Frontiers,https://www.frontiersin.org/articles/10.3389/fmars.2022.831501/full
Anoop Kolar Rajagopal - Senior Staff Research Engineer - Osmo ...,https://in.linkedin.com/in/anoop-kolar-rajagopal-9b818b10a
Pramod Kolar | Duke Electrical and Computer Engineering,https://ece.duke.edu/about/alumni-profiles/pramod-kolar
Internship in Kolar | Internshala,https://internshala.com/internships/internship-in-kolar/
Two public works employees retire after combined 68 years with ...,https://www.dglobe.com/community/two-public-works-employees-retire-after-combined-68-years-with-nobles-county
Maja Kolar — Hi Peggy,https://www.hipeggy.com/interviews/maja-kolar
Computer Science Jobs In Kolar Karnataka - 13474 Computer ...,https://www.naukri.com/computer-science-jobs-in-kolar-karnataka
Automotive Lead Engineer Jobs- Employment | Indeed.com,https://www.indeed.com/q-Automotive-Lead-Engineer-jobs.html
Vinay Kolar - Amazon Science,https://www.amazon.science/author/vinay-kolar
IT Jobs | Now hiring IT professionals | Volvo Group,https://www.volvogroup.com/en/careers/different-job-areas/it-jobs.html
Andrej Kolar - Member of working group for evaluation and ...,https://si.linkedin.com/in/andrej-kolar-63a699154
FilipKolar (@FilipKolar7) / Twitter,https://twitter.com/FilipKolar7
PhD Alumni - Machine Learning - CMU - Carnegie Mellon University,https://www.ml.cmu.edu/people/alumni-phd.html
Princeton Power Electronics Research Lab,https://www.princeton.edu/~minjie/group.html
Contact | Neural Engineering Laboratory,https://nel.bme.unc.edu/contact/
Adam Kolar - Director Of Food And Beverage - Fairmont St Andrews ...,https://mv.linkedin.com/in/adam-kolar-01380122
Can Dirty Work be Satisfying? A Mixed Method Study of Workers ...,https://journals.sagepub.com/doi/abs/10.1177/0950017018817307
Chaston Kolar – FBC HomeLoans,https://www.fbchomeloans.com/ckolar/
Honda Logistics Kolar Reviews by 11 Employees | AmbitionBox,https://www.ambitionbox.com/reviews/honda-logistics-reviews/kolar-location
Tslearn- a machine learning toolkit for time series data,https://dl.acm.org/doi/pdf/10.5555/3455716.3455834
The WASTE Lab: Adding Value to Agricultural Waste | College of ...,https://cals.ncsu.edu/news/the-waste-lab-adding-value-to-agricultural-waste/
Mo Jamshidi - Electrical and Computer Engineering,https://ceid.utsa.edu/electrical-computer/team/mo-jamshidi/
Randall KOLAR | Director | PhD | University of Oklahoma- OK | ou ...,https://www.researchgate.net/profile/Randall-Kolar
Books — BOB KOLAR BOOKS,http://bobkolarbooks.com/work
Basic Concepts in Machine Learning - MachineLearningMastery.com,https://machinelearningmastery.com/basic-concepts-in-machine-learning/
Dario Kolar - Service Engineer - ZRE KATOWICE S.A. | LinkedIn,https://hr.linkedin.com/in/dario-kolar-3757822b
Careers | Jobs in Engineering- Manufacturing & Design | Kohler ...,https://www.kohlercompany.com/careers/
Ana Klimovic | Papers With Code,https://paperswithcode.com/author/ana-klimovic
Citations to Propionibacterium acnes–induced ... - JCI Insight,https://insight.jci.org/articles/view/124687/citations
Machines Are Changing the Software Landscape | by John James ...,https://medium.com/homeaway-tech-blog/machines-are-changing-the-software-landscape-5a6612892305
Software Testing- Verification and Reliability: Vol 23- No 1,http://onlinelibrary.wiley.com/doi/10.1002/stvr.v23.1/issuetoc
Circular Knitting Process ।। Types of Circular knitting Machine and ...,https://www.youtube.com/watch?v=HWj7fN_vlLg
by Klimovic- Ana – Institute for Computing Platforms - Systems ...,https://systems.ethz.ch/publications/klimovic.html
IIT-Madras to provide technical expertise to boost digital payment ...,https://timesofindia.indiatimes.com/business/india-business/iit-madras-to-provide-technical-expertise-to-boost-digital-payment/articleshow/82520454.cms
Autonomous detection and sorting of litter using deep learning and ...,https://www.ncbi.nlm.nih.gov/pmc/articles/PMC9752139/
NIPS 2008,https://neurips.cc/Conferences/2008/ScheduleMultitrack?event=1040
Online Program,https://ww2.amstat.org/meetings/sdss/2020/onlineprogram/Program.cfm
Using Deep Kernels in Time Varying Networks for Reverse ...,https://www.cs.cmu.edu/~epxing/Class/10708-19/assets/project/final-reports/project30.pdf
High-Performance Statistical Computing in the Computing ...,http://hua-zhou.github.io/media/pdf/KoZhouZhouWon21StatComp.pdf
MVJCE: Top ranked engineering colleges in Bangalore| Best Private ...,https://mvjce.edu.in/
Workshop on scientific computing 2019,https://geraldine.fjfi.cvut.cz/wsc-2019/abstracts
NeurIPS 2019,https://nips.cc/Conferences/2019/ScheduleMultitrack?event=15196
Tom Lawry: Champion of Intelligent Health at Microsoft | by ideaXme ...,https://ideaxme.medium.com/tom-lawry-champion-of-intelligent-health-at-microsoft-e1f9be1b5627
Find your Logistics Job and Build your career in FM Logistic,https://www.fmlogistic.in/career/why-join-fm-logistic/
Overview | SpringerLink,https://link.springer.com/chapter/10.1007/978-3-319-32598-9_1
Jay Singh on LinkedIn: Little moments can change your career. I ...,https://ca.linkedin.com/posts/jaysingh10125_little-moments-can-change-your-career-i-activity-6957371099529576448-zZ3j?trk=public_profile_like_view
Samson Thomas - System Administrator - Checksum Infosoft Pvt ...,https://ae.linkedin.com/in/samson-thomas-71b4831a0
Computer-based personality judgments are more accurate than ...,https://europepmc.org/article/pmc/pmc4313801
Banking : Law360 : Legal News & Analysis,https://www.law360.com/banking/news?nl_pk=1a94ba47-7d0b-4345-bf2d-fa4a69c65654&page=14&q=
Netafim: Irrigation Services & Solutions,https://www.netafimindia.com/
Foxconn | LinkedIn,https://au.linkedin.com/company/foxconn?trk=public_profile_topcard-past-company
Using Barycenters as Aggregate Representations of Repetition ...,https://dtai.cs.kuleuven.be/events/MLSA21/papers/MLSA21_paper_kathirgamanathan.pdf
IEEE Open Journal of Industry Applications期刊最新论文- 化学/材料 ...,https://www.x-mol.com/paper/journal/106287
