Title,URL
Koustav Chanda - Deep Learning Engineer - Deloitte | LinkedIn,https://in.linkedin.com/in/koustav-chanda-7001
0 Marketing/Sales Jobs for Freshers in Ranaghat- Jan | Internshala,https://internshala.com/fresher-jobs/marketing%2Fsales-jobs-in-Ranaghat/
Page 5 - Jobs In Jc Home Ranaghat And Ranaghat And West ...,https://www.naukri.com/jobs-in-jc-home-ranaghat-and-ranaghat-and-west-bengal-5
Top 10 AC Mechanic Training Centres in Ranaghat- Institutes ...,https://www.sulekha.com/ac-mechanic-training/ranaghat
Check Latest 11 Work From Home Jobs Openings In Ranaghat ...,https://www.quikr.com/jobs/work-from-home+ranaghat+zwqxj2034660499
Top 10 Tailoring Classes in Ranaghat- Stitching- Sewing Courses ...,https://www.sulekha.com/tailoring-training/ranaghat
JKB private ITI - Ranaghat | Facebook,https://www.facebook.com/people/JKB-private-ITI-Ranaghat/100066334315549/
JKB private ITI - Ranaghat,https://m.facebook.com/people/JKB-private-ITI-Ranaghat/100066334315549/
Suma Bhat | Electrical & Computer Engineering | UIUC,https://ece.illinois.edu/about/directory/faculty/spbhat2
▷ Maths tutors in Ranaghat - Kalyani Road - Page 2 - TeacherOn,https://www.teacheron.com/maths-tutors-in-ranaghat_kalyani_road?p=2
Senco Gold Sales Executive Ranaghat Review by 1 Employee ...,https://www.ambitionbox.com/reviews/senco-gold-reviews/sales-executive/ranaghat-location
RESPONSE | LinkedIn,https://www.linkedin.com/company/h2020response
Website Design Course Training Institute In Ranaghat- West Bengal ...,https://www.acesoftech.com/website-design-course-training-institute-ranaghat/
Tata Consultancy Services: Driving Innovation and Building on Belief,https://www.tcs.com/
Diploma in Mechanical Engineering at Ranaghat Government ...,https://www.shiksha.com/college/ranaghat-government-polytechnic-college-nadia-99913/course-diploma-in-mechanical-engineering-504649
Government ITI Ranaghat II | ITI Directory,https://iti.directory/nadia/government-iti-ranaghat-ii
Top Tally Classes in Aistala- Ranaghat - Best Tally Training ...,https://www.justdial.com/Ranaghat/Tally-Training-Institutes/nct-10974670
Oloop Technology Solutions,https://www.olooptech.com/
Domino's Pizza USA - Apps on Google Play,https://play.google.com/store/apps/details?id=com.dominospizza&hl=en_US&gl=US
Convent Of Jesus And Mary Ranaghat- Ranaghat: Admission- Fee ...,https://school.careers360.com/schools/convent-of-jesus-and-mary-ranaghat
Ranaghat SDO Office,https://www.ranaghat.gov.in/utkarsh-bangla.html
Hearing loss,https://www.who.int/health-topics/hearing-loss
SA Technologies Inc,https://satincorp.com/
Urgent: Machine learning fresher Jobs in Mumbai - January 2023 ...,https://in.jooble.org/jobs-machine-learning-fresher/Mumbai
Jio Customer Associate Freelancer Job in Reliance Jio Infocomm ...,https://www.yuvajobs.com/jobs-vacancy-jio-customer-associate-freelancer-reliance-jio-infocomm-limited-14302933.html
PMKVY,https://www.pmkvyofficial.org/public/Find-Skill-Hub-Near-You?page=45
Durga Idol into the water- Durga Puja Visarjan - YouTube,https://www.youtube.com/watch?v=VVSSYBq5cVI
