Title,URL
Ramya Velaga - Machine Learning Engineer - PubMatic | LinkedIn,https://in.linkedin.com/in/ramyavelaga
135 Deep Learning Matlab Jobs and Vacancies - 4 February 2023 ...,https://in.indeed.com/Deep-Learning-Matlab-jobs
Komuravelli Prashanth - Lead Machine Learning Engineer ...,https://in.linkedin.com/in/komuravelliprashanth
Machine Learning Internship in Tirupati | Internshala,https://internshala.com/internships/machine-learning-internship-in-tirupati/
Jobs | Samsara,https://www.samsara.com/company/careers/roles/
Data Science Course in Tirupati [Rated #1],https://www.simplilearn.com/data-science-training-course-tirupati-city
UG Awardees,https://iittnif.com/initiatives/human-resource-development/fellowships-internship/ug-awardees
Best Machine Learning Companies and Startups to Work for in ...,https://angel.co/startups/l/hyderabad/machine-learning
IITTirupati - Home,https://www.iittp.ac.in/
Exafluence | LinkedIn,https://www.linkedin.com/company/exafluence
Best Data Science Course in Tirupati - IIT Madras CCE Training,https://intellipaat.com/data-scientist-course-training-tirupati/
Surya Pilla - UC San Diego - La Jolla Shores- California- United ...,https://www.linkedin.com/in/pslsubbarao
Software Developer Jobs In Tirupati,https://www.naukri.com/software-developer-jobs-in-tirupati
17 Best Freelance Java Developers For Hire Near Tirupati- IN ...,https://www.upwork.com/l/in/java-developers-in-tirupati/
Amazon.in | Amazon.jobs,https://www.amazon.jobs/en/teams/in
Golang Developers for Hire in Tirupati Paying 50000 USD Year ...,https://golang.cafe/Golang-Developers-In-Tirupati%20Paying%2050000%20USD%20Year%20Paying%20200000%20USD%20Year?p=8
Data Science Course With Python Machine Learning in tirupati ...,https://www.apponix.com/data-science-course-in-tirupati
Tarun Tirupati - Senior Data Engineer - Capgemini | LinkedIn,https://au.linkedin.com/in/tarun-tirupati179
Machine Learning Jobs in Bosch (Jan 2023) - 2000 Machine ...,https://www.shine.com/job-search/machine-learning-jobs-in-bosch
Junior Machine Learning Engineer Salary in India | AmbitionBox,https://www.ambitionbox.com/profile/junior-machine-learning-engineer-salary
Tirumala - Tirupati- India Events Next Week | Eventbrite,https://www.eventbrite.com/d/india--tirupati/events--next-week/
Kyndryl India and IIT Tirupati Collaborate to Advance AI-enabled ...,https://www.bloomberg.com/press-releases/2023-01-23/kyndryl-india-and-iit-tirupati-collaborate-to-advance-ai-enabled
Power BI Certification Training Course in Tirupati,https://www.edureka.co/power-bi-certification-training-tirupati
Best Data Science Institute - Fireblaze AI School,https://fireblazeaischool.in/data-science-course-training-tirupati
Careers,https://www.sas.com/en_us/careers.html
How to Download- Install and Use Nvidia GPU for Training Deep ...,https://www.analyticsvidhya.com/blog/2020/11/how-to-download-install-and-use-nvidia-gpu-for-tensorflow-on-windows/
8 Online Data Science Classes for Beginners | The Muse,https://www.themuse.com/advice/learn-data-science-beginner-online-classes
IISER Tirupati,http://www.iisertirupati.ac.in/faculty/hussain/
Understanding TF-IDF for Machine Learning | Capital One,https://www.capitalone.com/tech/machine-learning/understanding-tf-idf/
A Group Decision Optimization Analogy-Based Deep Learning ...,https://www.researchgate.net/publication/348261034_A_Group_Decision_Optimization_Analogy-Based_Deep_Learning_Architecture_for_Multiclass_Pathology_Classification_in_a_Voice_Signal
Concordia University on LinkedIn: Concordia researcher earns ...,https://ca.linkedin.com/posts/concordia-university_concordia-researcher-earns-double-recognition-activity-6805211396519845888-rUB7?trk=public_profile_like_view
Vijay Kumar - Singapore- Singapore | Professional Profile | LinkedIn,https://sg.linkedin.com/in/vijay-kumar-2a7956202?trk=public_post_share-update_social-details_comment_actor-image
Data Science In Hindi- Data Science For Beginners- What Is Data ...,https://www.youtube.com/watch?v=U_CCKibxYjs
Web Designer Programmer Post Graduate Jobs in India - 103199 ...,https://www.timesjobs.com/jobskill/web-designer-programmer-post+graduate-jobs
Erp Data Jobs in India - TimesJobs,https://m.timesjobs.com/jobskill/erp-data-jobs
Jobs & Careers - The Tribune- Chandigarh- India,https://m.tribuneindia.com/2009/20091007/jobs.htm
Beginner Python lessons,https://www.superprof.co.uk/lessons/python/united-kingdom/beginner/145/
V N Baluprasad's Review On Sree Vidyanikethan Engineering ...,https://collegedunia.com/reviews/424840-v-n-baluprasad-review-on-sree-vidyanikethan-engineering-college-svec-tirupati
Lead time anticipation in Supply Chain Operations Planning | OR ...,https://dl.acm.org/doi/abs/10.1007/s00291-011-0267-y
Volume Information,https://www.jstor.org/stable/171631
Kyndryl | LinkedIn,https://dk.linkedin.com/company/kyndryl?trk=public_profile_experience-group-header
