Title,URL
Join iMerit now to shape the future of AI and ML data | iMerit,https://imerit.net/careers/
Revolutionize Communication | [24]7.ai,https://www.247.ai/company/careers
No Jobs at Amazon in Shillong (2023) | Glassdoor,https://www.glassdoor.com/Jobs/Amazon-Shillong-Jobs-EI_IE6036.0,6_IL.7,15_IC2938041.htm
Pratik Das - Senior Revenue Science Analyst - FedEx | LinkedIn,https://www.linkedin.com/in/pratik-das-02386a48
Working at IQVIA | Jobs and Careers at IQVIA,https://jobs.iqvia.com/
Bacardi Careers | Bacardi Jobs - Bacardi Limited,https://www.bacardilimited.com/careers/
Data scientist salary in Shillong- Meghalaya,https://in.indeed.com/career/data-scientist/salaries/Shillong--Meghalaya
Meghalaya Job Portal:: Get Meghalaya Employment News,https://www.meghalayaportal.com/
ConnectWise Careers | Come Work With Us,https://www.connectwise.com/company/careers
Data Science Training in Shillong- Course Fees- Certification | Sulekha,https://www.sulekha.com/data-science-certification-training/shillong
JUNIOR SCIENTIST JOBS IN SHILLONG- MEGHALAYA (NOV 2022 ...,https://www.shine.com/job-search/junior-scientist-jobs-in-shillong
0 Media Jobs for Freshers in Shillong- Feb | Internshala,https://internshala.com/fresher-jobs/media-jobs-in-Shillong/
Daughters & Sons of Shillong's Waste Pickers Got Training and ...,https://globalrec.org/2019/03/04/daughters-sons-shillong-wastepickers-got-salaried-jobs-in-recycling-industry/
MBA Internship in Shillong | Internshala,https://internshala.com/internships/mba-internship-in-shillong/
Energy Engineering Jobs in Shillong- Meghalaya (Jan 2023) - 1535 ...,https://www.shine.com/job-search/energy-engineering-jobs-in-shillong
Internship in Shillong | Internshala,https://internshala.com/internships/internship-in-shillong/
IIM Shillong,https://www.iimshillong.ac.in/
Employment Opportunities - MIT Department of Biology,https://biology.mit.edu/about/employment-opportunities/
upGrad Careers,https://www.upgrad.com/us/careers/
MeghalayaPortal | Shillong,https://www.facebook.com/MeghalayaPortal/
Senior Accountant Salary in Shillong | AmbitionBox,https://www.ambitionbox.com/profile/senior-accountant-salary/shillong-location
Python Course in Shillong,https://www.codingbytes.com/python-course/python-course-in-shillong/
View all certifications | Certification and Learning,https://certification-learning.hpe.com/tr/certifications
Departments Biomedical ... - North-Eastern Hill University- Shillong,https://nehu.ac.in/department/16/Biomedical-Engineering-Department
Niit Jobs In Shillong - 47 Niit Job Vacancies In Shillong - Naukri.com,https://www.naukri.com/niit-jobs-in-shillong
Tata Consultancy Services: Driving Innovation and Building on Belief,https://www.tcs.com/
CWS: Home,https://cwsglobal.org/
MIT Sloan Fellows MBA | MIT Sloan,https://mitsloan.mit.edu/mit-sloan-fellows-mba
Sensemaking of COVIDian Crisis for Work and Organization - PMC,https://www.ncbi.nlm.nih.gov/pmc/articles/PMC9388996/
BOMBASTIC !!! Shillong To Silchar on Dominar - YouTube,https://www.youtube.com/watch?v=ovqI64W9Ijg
Microsoft "smart people" Reviews | Glassdoor,https://www.glassdoor.com.au/Reviews/Microsoft-smart-people-Reviews-EI_IE1651.0,9_KH10,22.htm
Seismic source zonation for NE India on the basis of past EQs and ...,https://www.researchgate.net/publication/353953797_Seismic_source_zonation_for_NE_India_on_the_basis_of_past_EQs_and_spatial_distribution_of_seismicity_parameters
Centralized Microgrid: Agricultural Load in Rural Areas of ...,https://www.researchgate.net/publication/359921483_Centralized_Microgrid_Agricultural_Load_in_Rural_Areas_of_Bangladesh
Markathon June 2017 by Markathon IIM Shillong - Issuu,https://issuu.com/markathon/docs/markathon_june_2017
UST Collaborates with Intel and SAP to Digitize the Industry 4.0 ...,http://www.uniindia.com/ust-collaborates-with-intel-and-sap-to-digitize-the-industry-4-0-journey-for-malaysian-smes/prnewswire/news/2874472.html
A Framework for an Artificial-Neural-Network-Based Electronic Nose ...,https://www.igi-global.com/chapter/a-framework-for-an-artificial-neural-network-based-electronic-nose/288965
Sap Is Utilities Engineering Jobs in India - 26106 Sap Is Utilities ...,https://www.timesjobs.com/jobskill/sap-is-utilities-engineering-jobs
Jobs & Careers - The Tribune- Chandigarh- India,https://m.tribuneindia.com/2014/20141112/jobs.htm
(PDF) Intelligence and its Application in Agriculture: Techniques to ...,https://www.academia.edu/28305109/Intelligence_and_its_Application_in_Agriculture_Techniques_to_Deal_with_Variations_and_Uncertainties
Industrial Design Engineer Jobs,https://www.monsterindia.com/search/industrial-design-engineer-jobs
IIM Society - ホーム | Facebook,https://ja-jp.facebook.com/iimsociety/?ref=page_internal
THE PROCEEDINGS OF THE 4TH INTERNATIONAL ...,http://virtualreality.harran.edu.tr/vr2022/proceedings/VR2022.pdf
