Title,URL
Data Science Course With Python Machine Learning in Imphal ...,https://www.apponix.com/data-science-course-in-imphal
DevOps Training in Imphal [#1 Institute for DevOps Course],https://www.edureka.co/devops-certification-training-imphal
NHIDCL- BO Imphal | LinkedIn,https://in.linkedin.com/company/nhidcl-bo-imphal
Assistant Professor Jobs In City Imphal And Cityfield Manipur Imphal ...,https://www.naukri.com/assistant-professor-jobs-in-city-imphal-and-cityfield-manipur-imphal-eastindia-manipur-imphal
Sanmati Traders | LinkedIn,https://in.linkedin.com/company/sanmati
Global Trends That Will Impact Careers In 2023 - Imphal Times,https://www.imphaltimes.com/career-education/item/24486-global-trends-that-will-impact-careers-in-2023
Jobs In Imphal - 121 Job Vacancies In Imphal - Naukri.com,https://www.naukri.com/jobs-in-imphal
27 Jobs and Vacancies in Imphal- Manipur - 6 February 2023 ...,https://in.indeed.com/jobs-in-Imphal,-Manipur
0 Computer Science Jobs for Freshers in Imphal- Jan | Internshala,https://internshala.com/fresher-jobs/computer-science-jobs-in-imphal/
Lda Jobs in Imphal- Manipur (Feb 2023) - 3 Lda Openings in Imphal ...,https://www.shine.com/job-search/lda-jobs-in-imphal
Machine Learning top skill-set for data scientist jobs in India: Report,https://www.tribuneindia.com/news/science-technology/machine-learning-top-skill-set-for-data-scientist-jobs-in-india-report-420414
Python Training in Imphal- Best Python online Course in Imphal ...,https://www.sulekha.com/python-programming-training/imphal
Digital Marketing Internship in Imphal west | Internshala,https://internshala.com/internships/digital-marketing-internship-in-imphal%20west/
Master of Science in Data Science Course at Bir Tikendrajit ...,https://universitykart.com/university/universitycourse/bir-tikendrajit-university-imphal/master-of-science-in-data-science
Master's in Business Analytics | Graduate Admission | Bentley ...,https://www.bentley.edu/academics/graduate-programs/masters-business-analytics
21st Century: The Era of Deep Generalists and How NEP-2020 ...,https://imphalreviews.in/21st-century-the-era-of-deep-generalists-and-how-nep-2020-addresses-the-challenge/
Artificial Intelligence with MIT App Inventor,https://appinventor.mit.edu/explore/ai-with-mit-app-inventor
The Battle of Imphal 70th anniversary commemorations - GOV.UK,https://www.gov.uk/government/speeches/the-battle-of-imphal-70th-anniversary-commemorations
Centric Consulting: Digital- Business and Technology Solutions,https://centricconsulting.com/
IMPHAL MACHINES (OPC) PRIVATE LIMITED Company Profile ...,https://www.dnb.com/business-directory/company-profiles.imphal_machines_(opc)_private_limited.e29ec2ddeea6eff9bd13990a15f6a720.html
JCRE Holdings LLC | LinkedIn,https://www.linkedin.com/company/jcre-holdings-llc
Software Engineer Salary in Imphal | AmbitionBox,https://www.ambitionbox.com/profile/software-engineer-salary/imphal-location
Every Olympian from Manipur to get govt job: N Biren Singh,https://www.eastmojo.com/manipur/2021/08/11/every-olympian-from-manipur-to-get-govt-job-n-biren-singh/
upGrad hiring Admissions Counselor in Imphal - Join leading startup,https://earlytutors.com/jobs/upgrad-admissions-counselor-in-imphal-mn/
Watching match? No- they are taking test for Manipur police jobs ...,https://www.eastmojo.com/news/2020/01/20/watching-match-no-they-are-taking-test-for-manipur-police-jobs/
CIPET VTC Imphal on Twitter: "Assessment successfully completed ...,https://twitter.com/cipetvtcimphal/status/1045936011136524288
Remote Python Developer Jobs | Turing Jobs,https://www.turing.com/jobs/remote-python-jobs
Raleigh Parks Rentals and Special Event Venues | Raleighnc.gov,https://raleighnc.gov/services/parks-rentals
National Institute of Electronics & Information Technology Imphal,https://www.nielit.gov.in/sites/default/files/Imphal/Recruitment%20Advertisement.pdf
ONLINE COMPUTER COURSE - Imphal | ADMISSION OPEN for ...,https://www.facebook.com/POINTREX/videos/online-computer-course-imphal/1042500706151736/
Manipur- India: Lighting Up Lives - YouTube,https://www.youtube.com/watch?v=OYr2gHiFdtE
Top 3319 Career Opportunities 2023 - page 6 | INOMICS,https://inomics.com/top/top/executive-senior-industry-position?page=5
Top 3369 Career Opportunities 2023 - page 5 | INOMICS,https://inomics.com/top/top/events?page=4
Example of result for the comparison between adjoined entities ...,https://www.researchgate.net/figure/Example-of-result-for-the-comparison-between-adjoined-entities_tbl3_301719119
Computational Thinking CT Education for 21st Century By ...,http://e-pao.net/epPageSelector.asp?src=Computational_Thinking_CT_Education_for_21st_Century_By_Sanjenbam_Jugeshwor&ch=education
Sap Is Utilities Engineering Jobs in India - 26106 Sap Is Utilities ...,https://www.timesjobs.com/jobskill/sap-is-utilities-engineering-jobs
Top Web Design Companies for Government - 2023 Reviews ...,https://clutch.co/web-designers/government?page=9
CBI Roundup - July 6- 1944 - China-Burma-India Theater of World ...,http://www.cbi-theater.com/roundup/roundup070644.html
Ethnopharmacology | Apply for Honorary DSc in ...,https://sites.google.com/site/honorarydegreeacademics/ethnopharmacology-apply-for-honorary-dsc-in-ethnopharmacology-admission-announcement
Home Automation Jobs,https://www.monsterindia.com/search/home-automation-jobs
https://www.gutenberg.org/files/40156/40156-8.txt,https://www.gutenberg.org/files/40156/40156-8.txt
