Title,URL
Complete Machine Learning Course In Rajkot By Experts - TOPS,https://www.tops-int.com/machine-learning-course-in-rajkot
191 Machine Learning Jobs and Vacancies in Gujarat - 6 February ...,https://in.indeed.com/Machine-Learning-jobs-in-Gujarat
Find jobs by job category,https://www.amazon.jobs/search-jobcategory
Machine Learning Internship Job For 0-1 Year Exp In Ahmedabad ...,https://www.foundit.in/job/machine-learning-internship-ahmedabad-7864818
308 Machine Learning jobs in Gujarat- India (8 new),https://in.linkedin.com/jobs/machine-learning-jobs-gujarat
Machine Learning Jobs in Rajkot- Gujarat (Feb 2023) - 18 Machine ...,https://www.shine.com/job-search/machine-learning-jobs-in-rajkot
Global CNC Pvt. Ltd. | LinkedIn,https://in.linkedin.com/company/global-cnc-automation
Sentinel Infotech | LinkedIn,https://uk.linkedin.com/company/sentinel-infotech
Confidence to Deploy AI with World-Class Training Data,https://appen.com/
It Industry To Create Own Skilled Manpower Locally | Rajkot News ...,https://timesofindia.indiatimes.com/city/rajkot/it-industry-to-create-own-skilled-manpower-locally/articleshow/92776157.cms
Nanonets Jobs | Wellfound (formerly AngelList Talent),https://angel.co/company/nanonets/jobs
Data Science Course With Python Machine Learning in Rajkot ...,https://www.apponix.com/data-science-course-in-rajkot
Perfect Job Placement-Rajkot | Rajkot,https://www.facebook.com/PerfectJobPlacemmentRajkot/
#1 Python Training in Rajkot | Live Python Classes in Rajkot,https://www.edureka.co/python-programming-certification-training-rajkot
Machine Learning Salary in India in 2023 [For Freshers ...,https://www.upgrad.com/blog/machine-learning-engineer-salary-in-india-freshers-experienced/
Sr. Technical Sales Engineer (Automation) - Innovative Engineering ...,https://ieppl.com/jobs/sr-technical-sales-engineer-automation/
Urgent: Student internship Jobs in Rajkot - February 2023 - 136 ...,https://in.jooble.org/jobs-student-internship/Rajkot
Canary Mail | LinkedIn,https://www.linkedin.com/company/canary-mail
20 Best it fresher jobs in Rajkot- Gujarat (Hiring Now!) | SimplyHired,https://www.simplyhired.co.in/search?q=it+fresher&l=rajkot%2C+gujarat
Machine Learning Job Vacancies in Ahmedabad-Machine Learning ...,https://www.placementindia.com/job-search/machine-learning-jobs-in-ahmedabad.htm
Current Big Data Developers Jobs In Rajkot- Ahmedabad- Pune ...,https://www.aegissofttech.com/bigdata/openings.html
Mechanical internship in Rajkot with job offer,https://internshala.com/internships/mechanical-internship-in-rajkot/ppo-true/
AWS Educate,https://aws.amazon.com/education/awseducate/
Kevit Careers & Job Opportunities | Kevit.io,https://kevit.io/careers/
Muzahidul Islam - Lead Generation- Internet Research- Email List ...,https://bd.linkedin.com/in/muzahidul-islam-8130321ba
Hardik Gondaliya - Accountant - Nile Agro Industries | LinkedIn,https://ug.linkedin.com/in/hardik-gondaliya-a926b7216
Lister new 10hp field Marshal | Rajkot - YouTube,https://www.youtube.com/watch?v=-HxV_NKcEuw
Datacloudes | LinkedIn,https://au.linkedin.com/company/datacloudes1
Ravikumar Patel - Northeastern University - Scarborough- Ontario ...,https://ca.linkedin.com/in/ravikumar-patel-4a49b1181?trk=public_profile_browsemap
Komel Bhojani - Doctoral Student - Amirul Mominin School | LinkedIn,https://ir.linkedin.com/in/komel-bhojani-b30a513
51681 Learning Framework Development Jobs Openings in India,https://www.timesjobs.com/jobskill/learning-framework-development-jobs
Top Natural Language Processing Companies - 2022 Reviews ...,https://clutch.co/developers/artificial-intelligence/natural-language-processing?page=6
Jobs December 2022 | AmbitionBox,https://www.ambitionbox.com/jobs/search?tag=Project%20Execution
Hire the Best Freelance Messaging Developers (Updated Daily),https://arc.dev/hire-developers/messaging
(PDF) Smart System to Detect Painting Defects in Shipyards: Vision ...,https://www.researchgate.net/publication/358876004_Smart_System_to_Detect_Painting_Defects_in_Shipyards_Vision_AI_and_a_Deep-Learning_Approach
Voice of India for startups - Groupes | Facebook,https://fr-fr.facebook.com/Voifs.india/groups/
19358 Qa Regression Testing Jobs Openings in India,https://m.timesjobs.com/jobskill/qa-regression-testing-jobs
