Title,URL
Sagar Bhonde - Machine Learning Engineer II - Overjet | LinkedIn,https://www.linkedin.com/in/sagar-bhonde
A Performance Comparisons of Machine Learning Classification ...,https://papers.ssrn.com/sol3/papers.cfm?abstract_id=3589962
Sri Ram Sagar K. - Senior Machine Learning Engineer - Activision ...,https://www.linkedin.com/in/sagar161
Sagar Kar - Senior Machine Learning Engineer - Sense | LinkedIn,https://in.linkedin.com/in/sagarkar10
Automate multi-modality- parallel data labeling workflows with ...,https://aws.amazon.com/blogs/machine-learning/automate-multi-modality-parallel-data-labeling-workflows-with-amazon-sagemaker-ground-truth-and-aws-step-functions/
Sagar Munde - Machine Learning Engineer - Blazeclan ...,https://in.linkedin.com/in/sagar-munde-3b5a88148
Sagar Sapkota - Machine Learning Engineer Level II - Fusemachines,https://np.linkedin.com/in/spktsagar
Build BI dashboards for your Amazon SageMaker Ground Truth ...,https://aws.amazon.com/blogs/machine-learning/build-bi-dashboards-for-your-amazon-sagemaker-ground-truth-labels-and-worker-metadata/
Sagar Arora - Software Engineer- Machine Learning - Meta | LinkedIn,https://uk.linkedin.com/in/sagar-arora-2955b987
Sagar Kamarthi - Northeastern University College of Engineering,https://coe.northeastern.edu/people/kamarthi-sagar/
Sagar Mankari - Machine Learning expert @ Jobgator Inc ...,https://www.crunchbase.com/person/sagar-mankari
Fractal Podcast with Sagar Shah Featuring Suman Giri (MSD),https://www.analyticsvidhya.com/blog/2022/11/fractal-podcast-with-sagar-shah-featuring-suman-giri-merck/
Sagar Saxena - Senior Machine Learning Engineer - Genesys ...,https://ie.linkedin.com/in/sagar-saxena-prof
Sagar Badve | Business Information Technology | Virginia Tech,https://bit.vt.edu/faculty/directory/badve.html
How to use machine learning settings=>( filter section ) to filter out ...,https://discuss.elastic.co/t/how-to-use-machine-learning-settings-filter-section-to-filter-out-errors-in-logs-which-can-be-used-for-multiple-job-ids/168371
Machine Learning Techniques for True and Fake Job Posting ...,https://iopscience.iop.org/article/10.1149/10701.2383ecst
Sagar - Dublin 1 : Senior Machine Learning Engineer- a Ph.D ...,https://www.superprof.ng/candidate-with-relevant-industry-experience-offering-data-science-lessons-dublin.html
Lets Operationalize a Machine Learning Model in 60 mins ...,https://devopsdays.org/events/2022-houston/program/sagar-kewalramani/
Different type of job roles in data science: | by Sagar Sarkar | Medium,https://medium.com/@sagar1999sarkarcse/different-type-of-job-roles-in-data-science-5f3953621ab5
Gradient Descent in Python. When you venture into machine ...,https://towardsdatascience.com/gradient-descent-in-python-a0d07285742f
Senior Engineering Manager - Experimentation- Ad Platforms ...,https://jobs.apple.com/en-us/details/200347541/senior-engineering-manager-experimentation-ad-platforms
Dayananda Sagar College Of Engineering Careers | Wellfound ...,https://angel.co/dayananda-sagar-college-of-engineering-1
Mastering Databricks Lakehouse Platform: Perform Data ...,https://www.amazon.com/Mastering-Databricks-Lakehouse-Platform-Warehousing/dp/9355511396
Bachelor of Engineering (B.E) Artificial Intelligence And Machine ...,https://bangalorestudy.com/dayananda-sagar-college-of-engineering-kumaraswamy-layout-bangalore/courses/bachelor-of-engineering-be-artificial-intelligence-and-machine-learning
Coursera Blog | Online learning news for learners- educators ...,https://blog.coursera.org/
Amarsagar Reddy Ramapuram Matavalam - School of Electrical ...,https://ecee.engineering.asu.edu/2022/06/amarsagar-reddy-ramapuram-matavalam/
B Tech Artificial Intelligence & Machine Learning | SISTec-R,https://www.sistecr.ac.in/AI-and-ml.aspx
Jobs/Internships at Sagar Defence Engineering | Internshala,https://internshala.com/internships/internship-at-Sagar%20Defence%20Engineering%20Private%20Limited/
Sagar Gautam – People In Bioscience,https://www.sandia.gov/bioscience-people/postdoctoral-fellows/sagar-gautam/
R vs Python for Data Science. General comparison | by Sagar Patel ...,https://medium.datadriveninvestor.com/r-vs-python-for-data-science-f6f251583c13
Sagar Samtani: IU News,https://news.iu.edu/live/profiles/646-sagar-samtani
Sagar Training Center | Vijayawada,https://www.facebook.com/sagartrainingcenter/
Sagar CS - Software Engineer - II at Squadcast | The Org,https://theorg.com/org/squadcast/org-chart/sagar-cs
Identifying schizophrenia stigma on Twitter: a proof of principle ...,https://www.nature.com/articles/s41537-021-00197-6
Sagar Chaki - CMU SEI Blog,https://insights.sei.cmu.edu/authors/sagar-chaki/
Transfer Learning From Pre-Trained Model for Image Recognition ...,https://sagarsonwane230797.medium.com/transfer-learning-from-pre-trained-model-for-image-facial-recognition-8b0c2038d5f0
Dr. Mark Sagar - CEO- Soul Machines,https://futureofstorytelling.org/speaker/dr-mark-sagar
Applications in Security and Evasions in Machine Learning: A Survey,https://www.mdpi.com/2079-9292/9/1/97
Prototype of a camera system - Job in IT And Programming - Toogit,https://www.toogit.com/freelance-jobs/MjM2Mzgy
Sagar Setu - Entrepreneur First,https://www.joinef.com/people/sagar-setu/
DSCE: Dayananda Sagar College of Engineering in Bangalore ...,https://www.dsce.edu.in/
Privacy-Preserving in FinTech using Deep Learning with Federated ...,https://www.pnrjournal.com/index.php/home/article/view/3200
Dayananda Sagar Institutions invited Applications from eligible ...,https://www.facultytick.com/2022/02/16/dayananda-sagar-institutions-invited-applications-from-eligible-candidates-for-the-following-post-of-teaching-faculty-and-instructor-recruitment/
Sagar Joshi - Amazon Science,https://www.amazon.science/author/sagar-joshi
Techpreneur Sagar Honnungar: Building disruptive AI at Hakimo,https://www.globalindian.com/story/entrepreneur/sagar-honnungar-hakimo/
Physics and Engineering Faculty and Staff | Slippery Rock University,https://www.sru.edu/academics/colleges-and-departments/ces/departments/physics-and-engineering/faculty-and-staff
Vidya Sagar- Author at NS Banking,https://www.nsbanking.com/author/vidyasagar/
A Performance Comparisons of Machine Learning Classification ...,https://www.researchgate.net/publication/341752396_A_Performance_Comparisons_of_Machine_Learning_Classification_Techniques_for_Job_Titles_Using_Job_Descriptions
Find jobs by job category,https://www.amazon.jobs/search-jobcategory
Name of Faculty Dr. K. Sagar Designation Professor Nature of Job ...,https://cbit.ac.in/wp-content/uploads/2019/04/Dr.-K.-Sagar_CSE_Dec2021.pdf
ML Applications - Engineering at Meta,https://engineering.fb.com/category/ml-applications/
B.Tech. in Artificial Intelligence and Machine Learning at ...,https://www.shiksha.com/college/dayananda-sagar-college-of-engineering-banashankari-bangalore-28374/course-b-tech-in-artificial-intelligence-and-machine-learning-739339
Sagar Joshi,https://sagarsjoshi94.github.io/
About us | Bosch Center for Artificial Intelligence,https://www.bosch-ai.com/about-us/our-people/
42 Machine Learning Jobs and Vacancies in Madhya Pradesh - 3 ...,https://in.indeed.com/Machine-Learning-jobs-in-Madhya-Pradesh
Bonsey Jaden Group appoints Sagar Paranjpe as new CEO,https://securitybrief.co.nz/job-moves/bonsey-jaden-group-appoints-sagar-paranjpe-as-new-ceo
The Difference Between Business Analytics and Data Science ...,https://jindal.utdallas.edu/blog/business-analytics-vs-data-science/
Machine Learning Club - Fulton Schools Student Organizations,https://studentorgs.engineering.asu.edu/machine-learning-club/
Meet Sagar Venkatesh From Autoliv India | Data Science Course ...,https://blog.insaid.co/meet-sagar-venkatesh-from-autoliv-india-data-science-course-online/
25 Highest Rated Algebra Tutors Near Glendale- CA,https://www.wyzant.com/Glendale_CA_algebra_tutors.aspx
5 Latest Machine Learning Jobs That Should Be On Your Radar,https://analyticsindiamag.com/5-latest-machine-learning-jobs-that-should-be-on-your-radar/
Dayananda Sagar University Bangalore Hiring Faculty Posts for ...,https://skilloutlook.com/phd-research/dayananda-sagar-university-bangalore-hiring-faculty-posts-for-multiple-departments
Chaitanya Sagar - Machine Learning Developers Summit 2023,https://mlds.analyticsindiamag.com/speaker/chaitanya-sagar/
Cybersecurity Scholarships | NICCS,https://niccs.cisa.gov/education-training/cybersecurity-scholarships
Security and Growth for All in the Region ( SAGAR Program ...,https://www.geeksforgeeks.org/security-and-growth-for-all-in-the-region-sagar-program/
Zero-touch- intelligent hiring process with SAP Business Technology ...,https://blogs.sap.com/2022/01/10/zero-touch-intelligent-hiring-process-with-sap-business-technology-platform-and-sap-successfactors/
How Far is Too Far? | The Age of A.I. - YouTube,https://www.youtube.com/watch?v=UwsrzCVZAb8
Recrwitter | Devpost,https://devpost.com/software/recrwitter
Spotnik: designing distributed machine learning for transient cloud ...,https://dl.acm.org/doi/10.5555/3485849.3485853
Tweets with replies by Sagar Chittori (@sagarchittori) / Twitter,https://mobile.twitter.com/sagarchittori/with_replies
Ali Khurram on Twitter: "Advert for a CR UK funded postdoctoral job ...,https://twitter.com/sakhurram/status/1272927836739960835
How to Learn Hadoop - Find Bootcamps to Get You Started,https://www.switchup.org/subjects/how-to-learn-hadoop?page=2
Guido Santos no LinkedIn: #genesisstudio #team #stevejobs,https://pt.linkedin.com/posts/guido-santos-1342a559_genesisstudio-team-stevejobs-activity-7000231979828809728-4jcv?trk=public_profile_like_view
Previous Board (2014 – 2015) – Drexel IEEE Graduate (DIG) Forum,https://www.techserv.drexel.edu/~dig/about-us/previous-board-2014-2015/
Python | Technology Glossary Definitions | G2,https://www.g2.com/glossary/python-definition
Business Toys | LinkedIn,https://ae.linkedin.com/company/business-toys?trk=public_profile_profile-section-card_subtitle-click
How Are The Internet Of Things Changing The World Around Us ...,https://datafloq.com/read/internet-of-things-changing-world-around-us/
