Title,URL
Machine Learning (ML) Course in Patna - Fee 55% Off,https://datamites.com/machine-learning-course-training-patna/
Nishant Gandhi - Senior Machine Learning Engineer - Sway AI ...,https://www.linkedin.com/in/nishantgandhi99
Rahul Arya - Senior Software Engineer Machine Learning - prezent ...,https://in.linkedin.com/in/rahul-arya-613b08b7
Is Machine Learning a Good Career? (2023 Guide) | BrainStation®,https://brainstation.io/career-guides/is-machine-learning-a-good-career
Shubham _ - Machine Learning Engineer - Coinbase | LinkedIn,https://in.linkedin.com/in/shubham-stark
Machine Learning Course in Patan - Best Training Institute - Fees ...,http://quickxpertinfotech.com/machine-learning-course-in-patan
Kartikay Gupta - Machine Learning Engineer - KlearNow | LinkedIn,https://in.linkedin.com/in/kartikay-gupta-b83036195
Amazon.in | Amazon.jobs,https://www.amazon.jobs/en/teams/in
Confidence to Deploy AI with World-Class Training Data,https://appen.com/
Best Data Science Course in Patna - IIT Madras CCE Training,https://intellipaat.com/data-scientist-course-training-patna/
Huawei Technologies Machine Learning Engineer Interview ...,https://www.glassdoor.com/Interview/Huawei-Technologies-Machine-Learning-Engineer-Interview-Questions-EI_IE9304.0,19_KO20,45.htm
Internship in Patan | Internshala,https://internshala.com/internships/internship-in-patan/
Artificial Intelligence Course in Patna [Rated #1],https://www.simplilearn.com/artificial-intelligence-training-courses-patna-city
Jobs- Student Programs & Internships | JPMorgan Chase & Co.,https://careers.jpmorgan.com/in/en/students/programs
Qualcomm Machine Learning Engineer Interview Questions ...,https://www.glassdoor.com/Interview/Qualcomm-Machine-Learning-Engineer-Interview-Questions-EI_IE640.0,8_KO9,34.htm
Cisco: Networking- Cloud- and Cybersecurity Solutions,https://www.cisco.com/
All jobs - Careers at Airbnb,https://careers.airbnb.com/positions/
Meta Machine Learning Engineer Interview Questions | Glassdoor,https://www.glassdoor.com/Interview/Meta-Machine-Learning-Engineer-Interview-Questions-EI_IE40772.0,4_KO5,30.htm
Animesh Prasad - Machine Learning Engineer - Roku Inc. | LinkedIn,https://uk.linkedin.com/in/animesh-prasad
How to Learn Artificial Intelligence (AI) | BestColleges,https://www.bestcolleges.com/bootcamps/guides/how-to-learn-ai/
Machine Learning Training Institute in Patna,https://csdt.co.in/machine-learning-institute-Patna.aspx
What are the Roles and Responsibilities of a Machine Learning ...,https://emeritus.org/in/learn/what-are-the-roles-and-responsibilities-of-a-machine-learning-engineer/
How to break into Machine Learning domain | by Ayush Kumar ...,https://towardsdatascience.com/how-to-break-in-machine-learning-jobs-based-on-6-years-experience-in-ml-f798ac4a0cfa
Indian Institute of Technology- Patna,https://www.iitp.ac.in/index.php?id=583
upGrad Careers,https://www.upgrad.com/us/careers/
IIT Patna - Executive M. Tech in Artificial Intelligence | Emeritus India,https://iitpatna.emeritus.org/iitp-mtech-artificial-intelligence-programme/index.php
Current Openings | Tiger Analytics,https://www.tigeranalytics.com/current-openings/
Patna Job Seekers | Patna New City,https://www.facebook.com/patnajobseekers/
Python Job Vacancies in Patna-Python Openings in Patna Bihar,https://www.placementindia.com/job-search/python-jobs-in-patna.htm
Infosys Careers - Internships,https://www.infosys.com/careers/internships.html
Machine Learning Research Intern for Gastronomy – Sony AI,https://ai.sony/joinus/job-roles/Machine-Learning-Research-Intern-for-Gastronomy/
Sigmoid Recruitment Process for ASDE (Assistant Software ...,https://www.geeksforgeeks.org/sigmoid-recruitment-process-for-asde-assistant-software-development-engineer-on-campus-nit-patna/
Machine Learning Internship in Ahmedabad Job in MAXGEN ...,https://www.shine.com/jobs/machine-learning-internship-in-ahmedabad-internship/maxgen-technologies-private-limited/12329971
BlackBerry Careers - BlackBerry Jobs,https://www.blackberry.com/us/en/company/careers
Machine Learning Internship in Ahmedabad Job in MAXGEN ...,https://www.shine.com/jobs/machine-learning-internship-in-ahmedabad-internship/maxgen-technologies-private-limited/12318332
FieldCore Careers,https://jobs.jobvite.com/fieldcore
IIT Madras Recruitment 2022: Applications Invited for Machine ...,https://www.dqindia.com/iit-madras-recruitment-2022-applications-invited-for-machine-learning-engineer-vacancy-salary-rs-40000/
The 3 Best Free AI and Machine Learning Courses (2022),https://www.marketingaiinstitute.com/blog/3-free-online-artificial-intelligence-courses-taught-by-google-and-stanford-experts
Artificial Intelligence (M.A.S.) | Illinois Institute of Technology,https://www.iit.edu/academics/programs/artificial-intelligence-mas
Careers | Bill & Melinda Gates Foundation,https://www.gatesfoundation.org/about/careers
Artificial intelligence- machine learning advances hit factory floor,https://www.boeing.com/features/innovation-quarterly/feb2019/people-aifactory.page
Jobs at Patna- -:SMVA Consultants (Brand RECEX),https://jobs.recex.co/jobseeker/jobs-at-patna-page-3
We are progress. With you. | audi.com,https://www.audi.com/en/career.html
Our commitment to hiring people with disabilities - Google Careers,https://careers.google.com/programs/people-with-disabilities/
Flipkart partners with IIT Patna for machine translation research ...,https://content.techgig.com/technology/flipkart-partners-with-iit-patna-for-machine-translation-research/articleshow/77694928.cms
Career Opportunities- Openings and Jobs in India | HCLTech,https://www.hcltech.com/careers/Careers-in-india
Coursera for Campus | Online Learning Platform for Universities,https://www.coursera.org/campus/
MongoDB Careers | MongoDB,https://www.mongodb.com/careers
68 Plan India Jobs and Vacancies in Patna- Bihar - 15 January 2023 ...,https://in.indeed.com/Plan-India-jobs-in-Patna,-Bihar
Top 12 Ways Artificial Intelligence Will Impact Healthcare,https://healthitanalytics.com/news/top-12-ways-artificial-intelligence-will-impact-healthcare
How to get a job at Google as a machine learning/AI developer ...,https://www.quora.com/How-can-I-get-a-job-at-Google-as-a-machine-learning-AI-developer
At IITs- Computer Science students offered job packages worth crores,https://indianexpress.com/article/jobs/computer-science-continues-to-be-a-lucrative-branch-iit-students-fetch-jobs-offers-worth-crores-7721460/
Home - Quantiphi- Inc.,https://quantiphi.com/
Machine Learning Based Optimized Pruning Approach for Decoding ...,https://www.researchgate.net/publication/329913583_Machine_Learning_Based_Optimized_Pruning_Approach_for_Decoding_in_Statistical_Machine_Translation
Logpoint | LinkedIn,https://au.linkedin.com/company/logpoint?trk=public_profile_experience-item_profile-section-card_image-click
Omdena | LinkedIn,https://de.linkedin.com/company/omdena?trk=public_profile_experience-item_profile-section-card_subtitle-click
Omdena | LinkedIn,https://ph.linkedin.com/company/omdena/?trk=organization-update_share-update_actor-text
sap-ep-engineering jobs,https://www.timesjobs.com/jobskill/sap-ep-engineering-jobs
Unsupervised method to ensemble results of multiple clustering ...,https://dl.acm.org/doi/abs/10.1109/CEC.2017.7969475
Morgan Stanley Summer Technology Analyst Interview Questions ...,https://www.glassdoor.co.uk/Interview/Morgan-Stanley-Summer-Technology-Analyst-Interview-Questions-EI_IE2282.0,14_KO15,40.htm
Data Science In Hindi- Data Science For Beginners- What Is Data ...,https://www.youtube.com/watch?v=U_CCKibxYjs
Data Science and Business Analytics Training in Patna | Sulekha,https://www.sulekha.com/data-science-and-business-analytics-training/patna
Infrared cameras and artificial intelligence provide insight into ...,https://www.miragenews.com/infrared-cameras-and-artificial-intelligence-592015/
Construction Sector Displays Deep Resilience and Optimism ...,https://www.railway-technology.com/contractors/project-management-and-consultancy/ineight/pressreleases/construction-resilience-optimism-digitisation-post-covid-19/
Abdulhai Aslam - Lahore District- Punjab- Pakistan | Professional ...,https://pk.linkedin.com/in/abdulhai-aslam-5a623617b
11 Indian Institute of Technology (IIT)- Patna Placement Interview ...,https://www.ambitionbox.com/colleges/indian-institute-of-technology-iit-patna-placement-interview-questions
Jyoti Kumari | National Institute of Technology Patna - Academia.edu,https://nitpatna.academia.edu/JyotiKumari
