Title,URL
1217 Machine Learning Job Vacancies In Noida - Naukri.com,https://www.naukri.com/machine-learning-jobs-in-noida
2-000+ Machine Learning jobs in Noida- Uttar Pradesh- India (54 new),https://in.linkedin.com/jobs/machine-learning-jobs-noida
AI Engineer at Oriserve • Noida | Wellfound (formerly AngelList Talent),https://angel.co/company/ori-2/jobs/248773-ai-engineer
Machine Learning Engineer in Noida- Uttar Pradesh- India | Other at ...,https://careers.adobe.com/us/en/job/R132834/Machine-Learning-Engineer
Machine learning Jobs in Noida- January 2023 | Glassdoor,https://www.glassdoor.co.in/Job/noida-machine-learning-jobs-SRCH_IL.0,5_IC4477468_KO6,22.htm
Masters India Private Limited Machine Learning Engineer ...,https://jobs.smartrecruiters.com/MastersIndiaPrivateLimited/743999823746219-machine-learning-engineer
Explore job opportunities | Adobe careers,https://www.adobe.com/careers.html
Machine Learning Jobs In Noida,https://www.timesjobs.com/jobs-in-noida/machine-learning-jobs
Search results | Find available job openings at Microsoft,https://careers.microsoft.com/us/en/search-results
Machine Learning Engineer job at Adobe - Instahyre,https://www.instahyre.com/job-145707-machine-learning-engineer-at-adobe-noida/
Machine learning engineer Jobs in Greater Noida- January 2023 ...,https://www.glassdoor.com/Job/greater-noida-machine-learning-engineer-jobs-SRCH_IL.0,13_IC4475367_KO14,39.htm
Careers | Cadence,https://www.cadence.com/en_US/home/company/careers.html
Machine learning intern Jobs in Noida- February 2023 | Glassdoor,https://www.glassdoor.com/Job/noida-machine-learning-intern-jobs-SRCH_IL.0,5_IC4477468_KO6,29.htm
Machine Learning Course in Noida by CCE- IIT Madras - #1 ML ...,https://intellipaat.com/machine-learning-course-noida/
India Machine Learning | Amazon.jobs,https://www.amazon.jobs/en/landing_pages/india-machine-learning
5 Tips on How to Land Machine Learning Jobs | by Rahul Agarwal ...,https://towardsdatascience.com/5-tips-on-how-to-land-machine-learning-jobs-8eb5c1c3ee95
Machine Learning Jobs in Noida- Uttar Pradesh (Feb 2023) - 294 ...,https://www.shine.com/job-search/machine-learning-jobs-in-noida
Machine Learning - Python Job Board,https://www.python.org/jobs/type/machine-learning/
Machine Learning Course in Noida,https://www.edureka.co/machine-learning-certification-training-noida
SpotDraft is hiring Python Machine Learning Developer job in Noida ...,https://cutshort.io/job/Python-Machine-Learning-Developer-Noida-NCR-Delhi-Gurgaon-Noida-SpotDraft-FzWuodRA
Define your career with IBM,https://www.ibm.com/careers/in-en/
Jobs at Synopsys | Synopsys Careers,https://www.synopsys.com/careers.html
Machine Learning Engineer,https://adobe.wd5.myworkdayjobs.com/ja-JP/external_experienced/job/Noida/Machine-Learning-Engineer_R132834
Careers at NXP | NXP Semiconductors,https://www.nxp.com/company/about-nxp/careers:CAREERS
Top 10 Best Deep Learning Jobs to Apply For in March 2022,https://www.analyticsinsight.net/top-10-best-deep-learning-jobs-to-apply-for-in-march-2022/
Fynd - SDE 1 / SDE 2 - Machine Learning,https://jobs.lever.co/fynd/d3b83d37-e5c8-4a5d-87ad-b2b1e5f369b5
Machine Learning internship in Noida with job offer,https://internshala.com/internships/machine-learning-internship-in-noida/ppo-true/
ElectrifAi | LinkedIn,https://www.linkedin.com/company/electrifai
Artificial Intelligence Machine learning Job For 4-8 Year Exp In ...,https://www.foundit.in/job/artificial-intelligence-machine-learning-noida-7864915
Machine Learning - Jobs at Apple (IN),https://jobs.apple.com/en-in/search?team=machine-learning-and-ai-SFTWR-MCHLN
Prerequisites and Prework | Machine Learning | Google Developers,https://developers.google.com/machine-learning/crash-course/prereqs-and-prework
Senior Consultant - IP.,https://clarivate.wd3.myworkdayjobs.com/en-US/Clarivate_Careers/job/R150-Noida/Senior-Consultant---IP_JREQ117056
Software Engineer - II,https://thales.wd3.myworkdayjobs.com/en-US/Careers/job/Noida-Berger-Tower/Software-Engineer---II_R0184668-1?locationCountry=c4f78be1a8f14da0ab49ce1162348a5e
Croma Campus Pvt Ltd on Twitter: "Croma Campus provides job ...,https://twitter.com/cromacampus/status/1171364763772702720
Working at Fiserv- Inc.,https://www.careers.fiserv.com/
Computer Sciences Corp Limited (Csc) | LinkedIn,https://au.linkedin.com/company/computer-sciences-corp-limited-csc-?trk=public_profile_experience-item_profile-section-card_image-click
Internship-with-Job-on-QA-Automation-RPA-Full-Stack - TechGig.com,https://www.techgig.com/jobs/Internship-with-Job-on-QA-Automation-RPA-Full-Stack/67538315
How Much Artificial Intelligence Engineers Make in a Year? | by ...,https://medium.com/janbask-training-learn-grow/how-much-artificial-intelligence-engineers-make-in-a-year-ac5d400e3602
PlanYourWeb | LinkedIn,https://uk.linkedin.com/company/planyourweb
Monthly trending searches in Noida- India | Eventbrite,https://www.eventbrite.com/trending/searches/india--noida/
Future-Generation Personality Prediction Using Social Media Data ...,https://www.hindawi.com/journals/cin/si/518745/page/3/
Hiring For "PHP Developer" _ Noida Location (Work From Office ...,https://www.ambitionbox.com/jobs/aptron-solutions-jobs?rid=naukri_090123007051
54 Cookies Jobs Openings in India - TimesJob.com,https://m.timesjobs.com/jobskill/cookies-jobs
Deep Learning Training- Course- Certification | Sulekha,https://www.sulekha.com/deep-learning-training/
Post Graduate Diploma in Artificial Intelligence | Job oriented ...,https://www.youtube.com/watch?v=XhukNFIOqQg
