Title,URL
761 Machine Learning Jobs and Vacancies in Tamil Nadu - 5 ...,https://in.indeed.com/Machine-Learning-jobs-in-Tamil-Nadu
Machine Learning Engineer Jobs in Chennai- Madurai- Coimbatore,https://www.optisolbusiness.com/jobs/machine-learning-engineer
13 Data Engineer jobs in Greater Madurai Area (2 new),https://in.linkedin.com/jobs/data-engineer-jobs-greater-madurai-area
Urgent: Machine learning Jobs in Madurai - February 2023 - 53 ...,https://in.jooble.org/jobs-machine-learning/Madurai
Machine Learning Internship in Madurai | Internshala,https://internshala.com/internships/machine-learning-internship-in-madurai/
OptiSol Business Solutions Private Limited Salaries in Madurai ...,https://www.glassdoor.com/Salary/OptiSol-Business-Solutions-Private-Limited-Madurai-Salaries-EI_IE521216.0,42_IL.43,50_IC2833210.htm
Machine Learning Jobs in Madurai (7 Vacancies) | Jobted India,https://www.jobted.in/machine-learning-jobs-madurai
Confidence to Deploy AI with World-Class Training Data,https://appen.com/
Best Data Science Course in Madurai - IIT Madras CCE Training,https://intellipaat.com/data-scientist-course-training-madurai/
Machine Learning Engineer Jobs in OptiSol Business Solutions ...,https://www.ambitionbox.com/jobs/optisol-business-solutions-private-limited-jobs?rid=naukri_250123006798
D3MINDS | LinkedIn,https://www.linkedin.com/company/d3minds
Honeywell Information Technology Careers,https://careers.honeywell.com/us/en/honeywell-information-technology-careers
Best Tech Companies and Startups to Work for in Madurai- Tamil ...,https://angel.co/startups/location/madurai
Machine Learning Course in Madurai- Training | Sulekha,https://www.sulekha.com/machine-learning-courses/madurai
Dataiku | Everyday AI- Extraordinary People,https://www.dataiku.com/
Data Science with Python Training in Madurai,https://www.simplilearn.com/python-for-data-science-training-madurai-city
Job search | Amazon.jobs,https://www.amazon.jobs/en/search?base_query=&loc_query=Tamil+Nadu%2C+India&region=Tamil+Nadu&country=IND
Vingsfire Python Machine Learning Engineer Job in Madurai ...,https://www.glassdoor.co.in/job-listing/python-machine-learning-engineer-vingsfire-hrim-pvt-ltd-JV_IC2833210_KO0,32_KE33,55.htm?jl=1008443701179
AI/ML/Data Science Jobs at Huawei Technologies | ai-jobs.net,https://ai-jobs.net/jobs-at-huawei-technologies/
Web Developer Jobs in Madurai- PHP Developer Jobs in Madurai ...,https://blaze.ws/blockchain-development
Machine Learning Engineer Job in Optisol Business Solutions ...,https://jobgrin.co.in/c/Optisol-Business-Solutions/jobs/Machine-Learning-Engineer-1hs6nuFzUu
27 Best Freelance Data Analysts For Hire Near Madurai- IN ...,https://www.upwork.com/l/in/data-analysts-in-madurai/
20 Best python jobs in Madurai- Tamil Nadu (Hiring Now ...,https://www.simplyhired.co.in/search?q=python&l=madurai%2C+tamil+nadu
Great Learning: Online Courses- PG Certificates and Degree ...,https://www.mygreatlearning.com/
Remote Jobs - Work From Home,https://www.crossover.com/jobs
Career Opportunities- Openings and Jobs in India | HCLTech,https://www.hcltech.com/careers/Careers-in-india
Airbus Careers | Airbus,https://www.airbus.com/en/careers
Predicting student's placement prospects using Machine learning ...,https://papers.ssrn.com/sol3/papers.cfm?abstract_id=4140544
Careers at Zoho Corporation,https://www.zoho.com/careers/jobdetails/?job_id=2803000614929688
Current Openings | Tiger Analytics,https://www.tigeranalytics.com/current-openings/
Can You Learn Machine Learning Without Mathematics?,https://www.globaltechcouncil.org/machine-learning/can-you-learn-machine-learning-without-mathematics/
Thiagarajar College of Engineering - (TCE),https://www.tce.edu/
Training Center in Madurai |Professional Certified software course,https://elysiumacademy.org/training-center-madurai/
All python jobs in madurai- tamil nadu | Careesma,https://www.careesma.in/jobs?q=python&lc=madurai%2C+tamil+nadu
Ramco Careers | Jobs at Ramco | Values and Work Culture,https://www.ramco.com/careers
Find TCE Madurai Madurai Alumni Members Details Online ...,https://tcemadurai.almaconnect.com/
Jobs - Job Opportunities - University of Cambridge,https://www.jobs.cam.ac.uk/job/
Mobile App- Python- Machine Learning and E-commerce ...,https://www.egrovesys.com/
Tweets with replies by GDGMadurai #devfestindia2021 ...,https://mobile.twitter.com/gdgmadurai/with_replies
Bigdata Program Manager | Program Manager Jobs,https://www.youtube.com/watch?v=pYAEi5vUEDk
Elysium | LinkedIn,https://au.linkedin.com/company/elysium3d/?trk=organization-update_share-update_actor-text
Load balanced reliable task scheduling algorithm for heterogeneous ...,https://dl.acm.org/doi/abs/10.5555/2595835.2595838
NyBerMan Bioinformatics Public Group | Facebook,https://m.facebook.com/groups/nyberman/directory/
Machine Learning on Emotional Intelligence and Work Life Balance,https://www.researchgate.net/publication/276128974_Machine_Learning_on_Emotional_Intelligence_and_Work_Life_Balance
Indira Ramachandran - Insight Analyst - Longhurst Group | LinkedIn,https://uk.linkedin.com/in/indira-r?trk=public_profile_browsemap_profile-result-card_result-card_full-click
Mahalakshmi Gurudevan - Oracle Database Administrator ...,https://za.linkedin.com/in/mahalakshmi-gurudevan-07a24140
NyBerMan Bioinformatics | https://www.facebook.com ...,https://www.facebook.com/groups/nyberman/posts/687420925700083/
A Machine Learning Based Meta-Scheduler for Multi-Core Processors,https://www.igi-global.com/chapter/machine-learning-based-meta-scheduler/56161?camid=4v1a
Automatic Semantic Annotation Using Machine Learning: Computer ...,https://www.igi-global.com/chapter/automatic-semantic-annotation-using-machine/56162
Tech Transcends 237 | LinkedIn,https://cm.linkedin.com/company/tech-transcends-237?trk=public_profile_experience-item_profile-section-card_image-click
Australian Journal of Basic and Applied Sciences Business ...,http://www.ajbasweb.com/old/ajbas/2014/September/315-321.pdf
Special Education Teacher 22/23 School Year,https://jobs.chalkbeat.org/jobs/special-education-teacher-22-23-school-year/
Beginner Python lessons,https://www.superprof.co.uk/lessons/python/united-kingdom/beginner/145/
1018 Construction Engineering Job Vacancies in Bangalore - Nov ...,https://www.monsterindia.com/search/construction-engineering-jobs-in-bangalore
The desi who wants to be Munnabhai - Rediff Getahead,https://www.rediff.com/getahead/slide-show/slide-show-1-career-the-desi-who-wants-to-be-munnabhai/20140708.htm
Hot 91.9FM makes a meaningful difference touching 100 lives - HOT ...,https://www.bizcommunity.com/Article/196/59/180528.html
News document analysis by using a proficient algorithm by ijera ...,https://issuu.com/www.ijera.com/docs/b076020713
Operations Management Jobs In Bangalore - Operations ...,https://www.timesjobs.com/jobs-in-bangalore/operations-management-jobs
