Title,URL
MBA internship in Jehanabad with job offer,https://internshala.com/internships/mba-internship-in-jehanabad/ppo-true/
Coding Camp | LinkedIn,https://in.linkedin.com/company/codingcamp2021
Top 10 Job Training in Jehanabad- Centers- Institutes- Courses ...,https://www.sulekha.com/job-training/jehanabad
Check Latest 69 Full Time Jobs Openings In Jehanabad (February ...,https://www.quikr.com/jobs/full-time+jehanabad+zwqxj2034660499
Sai Shankar Muthukrishnan - EM/IR Design Automation Engineer ...,https://www.linkedin.com/in/sai-shankar-muthukrishnan-451719161
Security Guard Jobs 2023-24 Job Vacancy- Jehanabad ...,https://www.quikr.com/jobs/security-guard-jobs+jehanabad+zwqxj4157493934
Dharamendra Kumar - Software Engineer - II (Azure AI Platform ...,https://www.linkedin.com/in/dhara13
Jehanabad College Lecturer Salaries in India | AmbitionBox,https://www.ambitionbox.com/salaries/jehanabad-college-salaries/lecturer
Jagriti Tutorial- Jehanabad Branch | Jehanabad,https://www.facebook.com/officejagriti/
Machine learning Jobs: Jobs for freshers with Machine learning ...,https://www.freshersworld.com/machine-learning-jobs/3535242
Footwear Manufacturing Companies in Bihar- India,https://www.dnb.com/business-directory/company-information.footwear_manufacturing.in.bihar.html
AI has reached an inflection point. What jobs will it make obsolete?,https://scroll.in/article/1041725/ai-has-reached-an-inflection-point-what-jobs-will-it-make-obsolete
M.Tech.Data Science & Engineering – BITS Pilani,https://bits-pilani-wilp.ac.in/m-tech/cluster/data-science-and-engineering.php
Boxing- MMA- Yoga- Fitness- Combat Sports Equipment & Gear ...,https://rdxsports.com/
Brilliant Public School (BPS)- Nizamuddinpur- Jehanabad ...,https://school.careers360.com/schools/brilliant-public-school-nizamuddinpur-jehanabad
Minerals | Free Full-Text | Titaniferous-Vanadiferous- Magnetite ...,https://www.mdpi.com/2075-163X/12/7/860
Find Dls Jobs - 117 Active Dls Openings (Feb 2023) - Shine.com,https://www.shine.com/job-search/dls-jobs
Institute for Plasma Research,https://www.ipr.res.in/
Education Reforms- Bureaucracy and the Puzzles of Implementation:,https://www.theigc.org/sites/default/files/2015/09/Aiyar-et-al-2015-Working-paper.pdf
Machine Deep Learning Certification Training Learnwell Pune,https://www.dw-learnwell.com/machine-learning-training-classes-courses-pune.php
64 Ddu-gky Jobs and Vacancies - 6 February 2023 | Indeed.com,https://in.indeed.com/jobs?q=Ddu-gky
Computer institute near me Jehanabad Bihar,https://www.emaxindia.in/computer-institute-near-me-jehanabad-bihar/
List of Top Colleges in Jehanabad - Best Government Colleges ...,https://www.justdial.com/Jehanabad/Colleges-in-Jehanabad-HO/nct-10106380
Data Scientist (4-8 yrs)- Patna/Bihar- Data Science-Data Scientist ...,https://www.iimjobs.com/j/data-scientist-4-8-yrs-1208905.html?ref=kp
Rooman - Best IT- Hardware & Software Training Institute in India,https://rooman.net/
Where can I find remote jobs as a junior developer? - Quora,https://www.quora.com/Where-can-I-find-remote-jobs-as-a-junior-developer
How does a biogas plant work? - YouTube,https://www.youtube.com/watch?v=3UafRz3QeO8
Usha Silai School: SHG Siali School Training - YouTube,https://www.youtube.com/watch?v=Xo7xwpW5qM0
Bihar में हजारों Urdu Teachers की बहाली- सरकारी Naukari का मौक़ा ...,https://www.youtube.com/watch?v=5PG4PSvUorA
s.n. sinha college JEHANABAD || EXAM FORM || Sortic Solution ...,https://www.youtube.com/watch?v=Dn142ZntwFI
Life Processes Class 10 Science Biology One Shot | Life Processes ...,https://www.youtube.com/watch?v=7WlwbabGo1A
Jehanabad Of Love & War Review | Jehanabad Review | Sony Liv ...,https://www.youtube.com/watch?v=PZVA1Nnk804
Professional badminton racket stringing in 10 steps - YouTube,https://www.youtube.com/watch?v=RBViCtBwbV4
