Title,URL
Data Science Course in Tirupati [Rated #1],https://www.simplilearn.com/data-science-training-course-tirupati-city
Vasantha Priya - Senior Software Engineer - Prodapt | LinkedIn,https://in.linkedin.com/in/vasantha-priya-07436b17a
Internship in Khammam | Internshala,https://internshala.com/internships/internship-in-khammam/
Best Data Science Institute - Fireblaze AI School,https://fireblazeaischool.in/data-science-course-training-khammam
Artificial Intelligence Khammam Jobs In India - 1 Artificial ...,https://www.timesjobs.com/jobskill/artificial-intelligence/khammam
Artificial Intelligence Course in Khammam - Best Training Institute ...,http://quickxpertinfotech.com/artificial-intelligence-course-in-khammam
Now- Undergrads Can Be Coding Geeks With Ai & Ml In Syllabus ...,https://timesofindia.indiatimes.com/city/hyderabad/now-undergrads-can-be-coding-geeks-with-ai-ml-in-syllabus/articleshow/92737208.cms
Srivani Khammam - ServiceNow Development Lead - General ...,https://www.linkedin.com/in/srivani-khammam
Sbit | Khammam,https://www.sbit.ac.in/
Cyber Security Course Training in Khammam,https://360digitmg.com/india/cyber-security-course-in-khammam
Careers - Druva,https://www.druva.com/about/careers/
Data Science with Python Training in Khammam- Courses | Sulekha,https://www.sulekha.com/data-science-with-python-training/khammam
Fire & Safety Engineer Salary in Khammam | AmbitionBox,https://www.ambitionbox.com/profile/Fire-And-Safety-Engineer-salary/khammam-location
Khammam It HUB | Hyderabad,https://m.facebook.com/khammamithub2017/
Jobs In Khammam Telangana - 53029 Job Vacancies In Khammam ...,https://www.naukri.com/jobs-in-khammam-telangana
▷ Find Python trainer jobs- coaching jobs in Khammam city ...,https://www.urbanpro.com/khammam/python-trainer-jobs/2712828
Build a model to predict the impact of weather on urban air quality ...,https://aws.amazon.com/blogs/machine-learning/build-a-model-to-predict-the-impact-of-weather-on-urban-air-quality-using-amazon-sagemaker/
Venkys Vision IT Solutions. in Near Priyadarshini Degree College ...,https://www.justdial.com/Khammam/Venkys-Vision-IT-Solutions-Near-Priyadarshini-Degree-College/9999P8742-8742-140731105006-Z5A7_BZDET
Khammam IT Hub impacting socio-economic development: Puvvada ...,https://telanganatoday.com/khammam-it-hub-impacting-socio-economic-development-puvvada
Kakatiya University- Warangal-506009- Telangana- India.,https://www.kakatiya.ac.in/
Angelina College,https://www.angelina.edu/
SAI SPURTHI INSTITUTE OF TECHNOLOGY (SSIT),http://www.saispurthi.ac.in/
Careers | John Deere IN,https://www.deere.co.in/en/our-company/john-deere-careers/
SAS Training- Courses & Classes | SAS India,https://www.sas.com/en_in/training/overview.html
Telangana Academy for Skill and Knowledge - TASK,https://task.telangana.gov.in/training-calendar
Best Data Science Course in Trichur - IIT Madras CCE Training,https://intellipaat.com/data-scientist-course-training-trichur/
(PDF) A Complex Integrated Approach of Blockchain With Bigdata ...,https://www.researchgate.net/publication/349074953_A_Complex_Integrated_Approach_of_Blockchain_With_Bigdata_For_Secure_Scientific_Data_Sharing
Erp Data Jobs in India - TimesJobs,https://m.timesjobs.com/jobskill/erp-data-jobs
Amazon.com Employment and Reviews | SimplyHired,https://www.simplyhired.com/company/Amazon.com/?l=Kansas+City%2C+KS
ANSR acquires FastNext to enhance AI capabilities for GCCs across ...,https://www.theweek.in/wire-updates/business/2020/11/04/pwr16-ansr.html
Home Construction & Maintenance groups in Kings Mountain- North ...,https://www.facebook.com/groups/category/home-construction-and-maintenance-kings-mountain-north-carolina/4373907519343947/
Agmatrix - Careers bridge | Facebook,https://www.facebook.com/groups/1568195863378031/?locale=tr_TR
Top Institutes in Telangana- Contact- Admission Reviews & Fees,https://collegedunia.com/telangana-institutes
