Title,URL
BOKARO GENERAL HOSPITAL-BOKARO STEEL PLANT-STEEL ...,https://in.linkedin.com/company/bokaro-general-hospital-bokaro-steel-plant-steel-authority-of-india-ltd
COVID 19-related burnout among healthcare workers in India and ...,https://pubmed.ncbi.nlm.nih.gov/34673026/
Data scientist salary in Bokaro Steel City- Jharkhand,https://in.indeed.com/career/data-scientist/salaries/Bokaro-Steel-City--Jharkhand
0 Graphic Design Jobs for Freshers in Bokaro steel city- Jan ...,https://internshala.com/fresher-jobs/graphic-design-jobs-in-bokaro%20steel%20city
Python Course in Bokaro Steel City,https://www.codingbytes.com/python-course/python-course-in-bokaro-steel-city/
Join Our Growing Team If You Are Passionate and Solution Oriented,https://www.mygreatlearning.com/careers
Kumar Bahadur - Software Engineer - Sony Pictures Entertainment ...,https://mw.linkedin.com/in/kumar-bahadur-339631107
Careers & Job Openings - Bobcat Company,https://www.bobcat.com/na/en/company/careers
SAIL Career,https://sailcareers.com/
Bokaro Steel Plant(SAIL) partners with minto.ai™ to begin trials of AI ...,https://minto.ai/bokaro-steel-plantsail-partners-with-minto-ai-to-begin-trials-of-ai-based-predictive-monitoring-system/
Prabhat Roy - London- England- United Kingdom | Professional ...,https://uk.linkedin.com/in/prabhatroy
Arna Ghosh - Mila,https://mila.quebec/en/person/arna-ghosh/
Moin - Bokaro Steel City- : Computer Grad providing effective Comp ...,https://www.superprof.ng/computer-grad-providing-effective-comp-sci-classes-all-levels-student.html
SAIL: Home,https://www.sail.co.in/en/home
COVID 19-related burnout among healthcare workers in India and ...,https://www.ncbi.nlm.nih.gov/pmc/articles/PMC8522680/
COVID-Net: Poor man's HRCT makes waves - CME INDIA,https://cmeindia.in/implementation-of-covid-net-an-artificial-intelligence-platform-in-detection-of-covid-19/
Top Computer Classes in Bokaro Sector 4 - Best Computer Training ...,https://www.justdial.com/Bokaro/Computer-Training-Institutes-in-Bokaro-Sector-4/nct-10124277
SAIL Bokaro Steel Plant Senior Manager Salaries in India ...,https://www.ambitionbox.com/salaries/sail-bokaro-steel-plant-salaries/senior-manager
Jobs – Google Operations Center,https://googleoperationscenter.com/jobs/
Productivity Enhancement by Prediction of Liquid Steel Breakout ...,https://www.mdpi.com/1996-1944/15/2/670
Wordpress Course Training Institute In Bokaro Steel City- Jharkhand ...,https://www.acesoftech.com/wordpress-course-training-institute-bokaro-steel-city/
Gyan - Bokaro Steel City- : My self Gyan Prakash from Bokaro Steel ...,https://www.superprof.com/self-gyan-prakash-from-bokaro-steel-city-jharkhand-learn-deep-concepts-detail-and-which-last-long-your-memory-expert.html
Careers & Opportunities | Air Products,https://www.airproducts.com/careers
Machine Operator Job Vacancies in Bokaro Steel City bokaro ...,https://www.placementindia.com/job-search/machine-operator-jobs-in-bokaro-steel-city-bokaro.htm
Regional Alumni Clubs: MIT Alumni Association – Career Advising ...,https://capd.mit.edu/resources/regional-alumni-clubs-mit-alumni-association/
M.Tech.Data Science & Engineering – BITS Pilani,https://bits-pilani-wilp.ac.in/m-tech/cluster/data-science-and-engineering.php
COVID 19-related burnout among healthcare workers in India and ...,https://pesquisa.bvsalud.org/global-literature-on-novel-coronavirus-2019-ncov/resource/pt/covidwho-1471995
What is Dry Cleaning ।। How Does Dry Cleaning Work - YouTube,https://www.youtube.com/watch?v=o8GzY-HfWKA
WCL Recruitment 2021 Western Coalfield Apply Online for 1281 ...,https://www.youtube.com/watch?v=I4WXQbfY3kY
BOKARO STEEL CITY Public Group | Facebook,https://m.facebook.com/groups/Citybokaro/directory/
Implementation of Low Cost Real-time Attendance Management ...,https://www.researchgate.net/publication/344982943_Implementation_of_Low_Cost_Real-time_Attendance_Management_System_A_Comparative_Study
Untitled,https://www.marxists.org/subject/china/peking-review/1974/PR1974-24.pdf
Product Security Jobs,https://www.monsterindia.com/search/product-security-jobs
IndianRadiologist | Facebook,https://www.facebook.com/groups/indianradiologist/?locale=es_LA
Thinkers - Redefining Capitalism by Institute for Competitiveness ...,https://issuu.com/arthsastra/docs/thinkers_issue_redefining_capitalis
`UZ TR]]d W`c UZa]`^RTj eR]\d e` V_U F\cRZ_V hRc,https://www.dailypioneer.com/uploads/2022/epaper/may/ranchi-english-edition-2022-05-04.pdf
Apply for Honorary LL.D. Award for Lawyers from Bombay High ...,https://sites.google.com/site/honorarydegreeacademics/apply-for-honorary-ll-d-award-for-lawyers-from-bombay-high-court-district-court-session-court-and-bar-council
216714 Dairy Industry Jobs Openings in India,https://www.timesjobs.com/jobskill/Dairy+Industry-jobs-in-Fresher
Branch Details | The Financial Express,https://www.financialexpress.com/ifsc-code/state-bank-of-india/rbo-iv-himayatnagar-branch-in-secunderabad-sbin0021698/
Rating - Codeforces,https://codeforces.com/ratings/organization/19079
Rating - Codeforces,https://codeforces.com/ratings/organization/3965
Rating - Codeforces,https://codeforces.com/ratings/organization/16305
Rating - Codeforces,https://codeforces.com/ratings/organization/30526
Rating - Codeforces,https://codeforces.com/ratings/organization/29320
Rating - Codeforces,https://codeforces.com/ratings/organization/1196
