Title,URL
138 Machine Learning Job Vacancies In Surat - Naukri.com,https://www.naukri.com/machine-learning-jobs-in-surat
308 Machine Learning jobs in Gujarat- India (8 new),https://in.linkedin.com/jobs/machine-learning-jobs-gujarat
Machine learning Jobs in Surat- January 2023 | Glassdoor,https://www.glassdoor.co.in/Job/surat-machine-learning-jobs-SRCH_IL.0,5_IC2933827_KO6,22.htm
Best Machine Learning Course in Surat with 100% job placement,https://www.tops-int.com/machine-learning-course-in-surat
Triveni Global Software Services LLP MACHINE LEARNING ...,https://www.glassdoor.co.in/job-listing/machine-learning-engineer-triveni-global-software-services-JV_IC2933827_KO0,25_KE26,58.htm?jl=1007323122424
Automation engineer Jobs in Surat- February 2023 | Glassdoor,https://www.glassdoor.com/Job/surat-automation-engineer-jobs-SRCH_IL.0,5_IC2933827_KO6,25.htm
Data scientist Jobs in Surat- February 2023 | Glassdoor,https://www.glassdoor.co.in/Job/surat-data-scientist-jobs-SRCH_IL.0,5_IC2933827_KO6,20.htm
Urgent: Machine learning Jobs in Surat - February 2023 - 202 ...,https://in.jooble.org/jobs-machine-learning/Surat
Machine Learning Jobs in Surat- Gujarat (Feb 2023) - 8 Machine ...,https://www.shine.com/job-search/machine-learning-jobs-in-surat
4 Best Freelance Algorithms Engineers For Hire Near Surat- IN ...,https://www.upwork.com/hire/algorithms-engineer/in/surat/
Machine Learning Engineer - Hirvasoft Infotech,https://hirvasoft.com/jobs/machine-learning-engineer/
Amazon.in | Amazon.jobs,https://www.amazon.jobs/en/teams/in
20 Best machine learning jobs in Gujarat (Hiring Now!) | SimplyHired,https://www.simplyhired.co.in/search?q=machine+learning&l=gujarat
Machine Learning Jobs in Surat | Careerjet,https://www.careerjet.co.in/machine-learning-jobs/surat-83716.html
WELTEC Vadodara - Professional course on Data Science Machine ...,https://m.facebook.com/weltec.in/posts/professional-course-ondata-sciencemachine-learningdeep-learningartificial-intell/728912460949376/
Machine Learning Internship in Surat | Internshala,https://internshala.com/internships/machine-learning-internship-in-surat/
Data Science and Machine Learning Intern Job in Leven ai Lab ...,https://www.mncjobsindia.com/jobs/data-science-and-machine-learning-intern-surat-2673957
Machine Learning Job Vacancies in Surat-Machine Learning ...,https://www.placementindia.com/job-search/machine-learning-jobs-in-surat.htm
Principal Data Scientist Salary in Surat | AmbitionBox,https://www.ambitionbox.com/profile/principal-data-scientist-salary/surat-location
Anamika Patel - Software Development Engineer II - Amazon ...,https://www.linkedin.com/in/anamika-patel-47a22812b
Machine Learning Course in Surat- Training | Sulekha,https://www.sulekha.com/machine-learning-courses/surat
Durgesh Waghmare - Lead Machine Learning Engineer - I.AM+ ...,https://sg.linkedin.com/in/durgesh-waghmare-305019b6
Machine Learning Engineer Job in Hirvasoft - Surat-Gujarat ...,https://jobgrin.co.in/c/Hirvasoft/jobs/Machine-Learning-Engineer-4J8Q9Bv0Wm
Top 8 Machine Learning Jobs for Freshers in India 2023 | ML Jobs ...,https://www.mygreatlearning.com/blog/top-machine-learning-jobs-for-freshers/
Best Education Companies and Startups to Work for in Surat ...,https://angel.co/startups/l/surat-1/education
Job Machine Learning Internship - Maxgen Technologies Private ...,https://in.talent.com/view?id=829c93533635
Best Data Science Course in Surat - IIT Madras CCE Training,https://intellipaat.com/data-scientist-course-training-surat/
Artificial Intelligence Course Training in Surat,https://360digitmg.com/india/artificial-intelligence-ai-and-deep-learning-in-surat
Zigsaw,https://www.zigsaw.in/jobdetails.php?apply=14650
Data Science Course With Python Machine Learning in Surat ...,https://www.apponix.com/data-science-course-in-surat
ARTIFICIAL INTELLIGENCE / MACHINE LEARNING - Best ...,https://acmeprofessionalsindia.com/jobs/artificial-intelligence-machine-learning/
How to Write a Machine Learning Engineer Resume (+ Example ...,https://www.cakeresume.com/resources/machine-learning-engineer-resume?locale=id
Md.Surat-E- Mostafa - Engineer- Software Testing - Nokia | LinkedIn,https://fi.linkedin.com/in/md-surat-e-mostafa-b9184784
Data Science Course in Surat [with JobAssist],https://www.simplilearn.com/data-science-training-course-surat-city
Surat's diamond industry sees 20-000 job losses in one month,https://in.fashionnetwork.com/news/Surat-s-diamond-industry-sees-20-000-job-losses-in-one-month,1473423.html
Surat Asvapoositkul - Substation Design Engineer - Electricity ...,https://uk.linkedin.com/in/surat-asv
Data Science Course in Surat - Certification Fee 55% Off,https://datamites.com/data-science-course-training-surat/
5 AI Use Cases from A Delhi Public School Surat Student — Inspirit AI,https://www.inspiritai.com/blogs/ai-student-blog/5-ai-use-cases-from-a-delhi-public-school-surat-student
Data Science Course In Surat | Skillslash,https://skillslash.com/data-science-course-in-surat
Alex Oates - Reservoir Engineer - Surat Development Team - Senex ...,https://au.linkedin.com/in/alex-oates-9105a439
(PDF) Machine learning approach for lecture's performance based ...,https://www.researchgate.net/publication/338718656_Machine_learning_approach_for_lecture
Home - Quantiphi- Inc.,https://quantiphi.com/
Ashish Patel on LinkedIn: #deeplearning #artificialintelligence ...,https://bg.linkedin.com/posts/ashishpatel2604_deeplearning-artificialintelligence-computervision-activity-6947429226656464896-3mla?trk=public_profile_like_view
Machine Learning: A Pioneer for Modern Industry,https://www.slideshare.net/VARUNKUMAR391/machine-learning-a-pioneer-for-modern-industry
Overseas Radio & Television | LinkedIn,https://ca.linkedin.com/company/overseas-radio-&-television?trk=public_profile_experience-item_profile-section-card_image-click
Panna Sikdar - Data Entry Clerk - Sikdar Technologies Private Limited,https://bd.linkedin.com/in/panna-sikdar-9b3156207
Hardik Gondaliya - Accountant - Nile Agro Industries | LinkedIn,https://ug.linkedin.com/in/hardik-gondaliya-a926b7216
Evaluating flexible manufacturing systems using Euclidean distance ...,https://www.inderscienceonline.com/doi/abs/10.1504/IJDSRM.2011.040746
NopAdvance LLP Senior Asp.net MVC Developer | SmartRecruiters,https://jobs.smartrecruiters.com/NopAdvanceLLP/743999863475421-senior-asp-net-mvc-developer
Abdulhai Aslam - Lahore District- Punjab- Pakistan | Professional ...,https://pk.linkedin.com/in/abdulhai-aslam-5a623617b
Machining Jobs Openings In Gurgaon - TimesJobs.com,https://www.timesjobs.com/jobs-in-gurgaon/machining-jobs
Automatic Classification of Unstructured Blog Text,https://pdfs.semanticscholar.org/2f8b/8bfbc4cefbad554ab4aaccca86b0ecdf93da.pdf
Data Science In Hindi- Data Science For Beginners- What Is Data ...,https://www.youtube.com/watch?v=U_CCKibxYjs
A static jobs scheduling for independent jobs in Grid Environment by ...,https://core.ac.uk/download/pdf/11779484.pdf
