Title,URL
Data scientist salary in Meerut- Uttar Pradesh,https://in.indeed.com/career/data-scientist/salaries/Meerut--Uttar-Pradesh
Data scientist Jobs in Meerut- January 2023 | Glassdoor,https://www.glassdoor.co.in/Job/meerut-data-scientist-jobs-SRCH_IL.0,6_IC2873126_KO7,21.htm
Internship Jobs in Meerut- February 2023 | Glassdoor,https://www.glassdoor.com/Job/meerut-internship-jobs-SRCH_IL.0,6_IC2873126_KO7,17.htm?radius=50
MITTAL GLOBAL CLINICAL TRIAL SERVICES | LinkedIn,https://www.linkedin.com/company/mgcts
priyamnagar | Developer Profile on HackerEarth.,https://www.hackerearth.com/@priyamnagar
Trainer Jobs In Meerut - 289 Trainer Job Vacancies In Meerut ...,https://www.naukri.com/trainer-jobs-in-meerut
Machine Learning Course Training in Meerut - Fees- Placements,http://qxpsols.com/courses/machine-learning-training-in-meerut
Big Data Hadoop Course in Meerut [#1 LIVE Training Institute],https://www.edureka.co/big-data-hadoop-training-certification-meerut
Jobs- Student Programs & Internships | JPMorgan Chase & Co.,https://careers.jpmorgan.com/in/en/students/programs
B.Tech. in Computer Science and Engineering (Artificial Intelligence ...,https://www.shiksha.com/college/meerut-institute-of-engineering-and-technology-24958/course-b-tech-in-computer-science-and-engineering-artificial-intelligence-and-machine-learning-706439
Internship in Meerut | Internshala,https://internshala.com/internships/internship-in-meerut/
Data Science Course Training Institute in Meerut,https://360digitmg.com/india/meerut/data-science-certification-course-training-institute
Python Course in Meerut,https://www.codingbytes.com/python-course/python-course-in-meerut/
Meerut Institute of Engineering and Technology invited Applications ...,https://www.facultytick.com/2023/02/03/meerut-institute-of-engineering-and-technology-invited-applications-from-eligible-candidates-for-the-following-experienced-professionals-recruitment/
Deep Learning Institute and Training Solutions | NVIDIA,https://www.nvidia.com/en-in/training/
VmCoder: Noida's Most Trusted IT Training Institute,https://www.vmcoder.in/apply
Digital Marketing Course in Meerut - IIT Madras CCE Training,https://intellipaat.com/digital-marketing-course-certification-meerut/
Privatisation of Higher Education in India: Hopes and Despairs ...,https://journals.sagepub.com/doi/10.1177/0049085714536805?icid=int.sj-full-text.similar-articles.3
Iqra Chauhan - Administration - Amazon | LinkedIn,https://pk.linkedin.com/in/iqra-chauhan-9a08651b4
Senior Data Scientist Salary in India | AmbitionBox,https://www.ambitionbox.com/profile/senior-data-scientist-salary?page=2
Enhancement in asymmetric clustering to reduce noise and improve ...,https://www.researchgate.net/publication/285430642_Enhancement_in_asymmetric_clustering_to_reduce_noise_and_improve_accuracy_for_data_clustering
Top 50+ Corporate Training Companies January 2023 | Upwork,https://www.upwork.com/agencies/corporate-training-companies/?page=2
Shashi Asthana on LinkedIn: jaishankar: Have concerns about ...,https://ca.linkedin.com/posts/shashi-asthana-4b3801a6_jaishankar-india-too-has-concerns-about-activity-6920084018671579136-vils?trk=public_profile_like_view
GSOBA Test Page | LinkedIn,https://ca.linkedin.com/company/test-gsoba-company1
Informix tutors near me - 15 tutors available,https://www.superprof.co.uk/lessons/informix/united-kingdom/
Kraft Heinz Company Employment and Reviews | SimplyHired,https://www.simplyhired.com/company/Kraft%20Heinz%20Company/?l=Madison%2C+WI
RKGIT:: Top Private engineering college in AKTU,https://www.rkgit.edu.in/
Top 3369 Career Opportunities 2023 - page 5 | INOMICS,https://inomics.com/top/top/events?page=4
Assessing the impact of stress on the work life of bank employees-A ...,https://www.indianjournals.com/ijor.aspx?target=ijor:sjdm&volume=17&issue=1&article=001
Pharmaceutical Chemistry's Associate Professor Dr. Sudha from ...,https://sites.google.com/site/honorarydegreeacademics/associate-professor-dr-sudha-from-meerut-up-india-conferred-with-honorary-dsc-in-pharmaceutical-chemistry
Ericsson-Worldwide "good work culture" Reviews | Glassdoor,https://www.glassdoor.co.uk/Reviews/Ericsson-Worldwide-good-work-culture-Reviews-EI_IE3472.0,18_KH19,36.htm
5927 Sap Gateway Jobs Openings in India,https://www.timesjobs.com/jobskill/sap-gateway-jobs
Programming Jobs Openings In Noida - TimesJobs.com,https://www.timesjobs.com/jobs-in-noida/programming-jobs
