Title,URL
647 Software Developer jobs in Vasai Virar- Maharashtra- India (13 ...,https://in.linkedin.com/jobs/software-developer-jobs-vasai-virar
Android App Development internship in Vasai-virar with job offer,https://internshala.com/internships/android-app-development-internship-in-vasai-virar/ppo-true/
5 Machine Design Engineer jobs in Vasai Virar- Maharashtra- India,https://in.linkedin.com/jobs/machine-design-engineer-jobs-vasai-virar
Vision Jobs In Mumbai Vasai Virar - 5470 Vision Job Vacancies In ...,https://www.naukri.com/vision-jobs-in-mumbai-vasai-virar
VIRAJ RANADE - Machine Learning Software Engineer - Cadence ...,https://www.linkedin.com/in/viraj-ranade
2283 Data Analyst Job Vacancies In Mumbai Vasai Virar - Naukri.com,https://www.naukri.com/data-analyst-jobs-in-mumbai-vasai-virar
Sridevi Tool Engineers Vasai-Virar Reviews by 36 Employees ...,https://www.ambitionbox.com/reviews/sridevi-tool-engineers-pvt-dot-ltd-dot-reviews/vasai-virar-location
▷ Coding for kids tutors in Vasai - TeacherOn,https://www.teacheron.com/coding_for_kids-tutors-in-vasai
Yearly Teacher Jobs in Vasai West- Teacher Job Vacancies ...,https://www.olx.in/vasai-west_g5392017/teacher_c53?filter=salary_period_eq_yearly
Power BI Training in Vasai West- Mumbai | Sulekha,https://www.sulekha.com/power-bi-training/vasai-west-mumbai
763 Intern- Engineering Jobs and Vacancies in Vasai- Maharashtra ...,https://in.indeed.com/Intern,-Engineering-jobs-in-Vasai,-Maharashtra
Fresher Java Jobs in Mumbai Vasai Virar,https://www.monsterindia.com/search/fresher-java-jobs-in-mumbai-vasai-virar
Data Science Course In Vasai Road Training Institute Fees,https://laqshya.in/courses/Vasai/data-science.php
Top Computer Classes in Vasai West - Best Computer Training ...,https://www.justdial.com/Mumbai/Computer-Training-Institutes-in-Vasai-West/nct-10124277
GSK "working environment" Reviews | Glassdoor,https://www.glassdoor.com/Reviews/GSK-working-environment-Reviews-EI_IE3477.0,3_KH4,23.htm
Amazon IT Specialist Reviews | Glassdoor,https://www.glassdoor.com/Reviews/Amazon-IT-Specialist-Reviews-EI_IE6036.0,6_KO7,20.htm
SLB "no work life" Reviews | Glassdoor,https://www.glassdoor.com/Reviews/Schlumberger-no-work-life-Reviews-EI_IE588.0,12_KH13,25.htm
SLB Interview Questions (2023) | Glassdoor,https://www.glassdoor.com/Interview/SLB-Interview-Questions-E588.htm
Secondary Biology lessons,https://www.superprof.co.uk/lessons/biology/united-kingdom/secondary/889/
Sap Is Utilities Engineering Jobs in India - 26106 Sap Is Utilities ...,https://www.timesjobs.com/jobskill/sap-is-utilities-engineering-jobs
Amazon Reviews | Glassdoor,https://www.glassdoor.co.in/Reviews/Amazon-Reviews-EI_IE6036.0,6.htm
Amazon Reviews in Melbourne- Australia | Glassdoor,https://www.glassdoor.co.uk/Reviews/Amazon-Melbourne-Reviews-EI_IE6036.0,6_IL.7,16_IM965.htm
(PDF) Magnitude and Spatial Dimensions of Criminality in Urban ...,https://www.researchgate.net/publication/353119842_Magnitude_and_Spatial_Dimensions_of_Criminality_in_Urban_India_Insights_from_Million-Plus_Cities
Fun Dallas Tours - All You Need to Know BEFORE You Go,https://www.tripadvisor.com/Attraction_Review-g55711-d3773478-Reviews-or10-Fun_Dallas_Tours-Dallas_Texas.html
Pharma Bio World March 2018 by Pharma Bio World - Issuu,https://issuu.com/pbwindia/docs/pbw_march_low_2018
Poverty and under nutrition among under five age group children in ...,https://go.gale.com/ps/i.do?id=GALE%7CA481245246&sid=googleScholar&v=2.1&it=r&linkaccess=abs&issn=20672462&p=AONE&sw=w
Dental Sealant in Asia • Check Prices & Reviews,https://www.whatclinic.com/dentists/asia/dental-sealant
