Title,URL
0 Finance Jobs for Freshers in Narasaraopet- Feb | Internshala,https://internshala.com/fresher-jobs/finance-jobs-in-narasaraopet/
Top 10 Tailoring Classes in Narasaraopet- Stitching- Sewing Courses,https://www.sulekha.com/tailoring-training/narasaraopet
0 Fresher Jobs in Narasaraopet- February | Internshala,https://internshala.com/fresher-jobs/jobs-in-Narasaraopet/
Kavya Sree - Narasaraopet- : Students who are interested to do ...,https://www.superprof.com/students-who-are-interested-coding-language-will-given-training-and-add-confidence-while-attending-interviews.html
Python Training in Narasaraopet- Best Python online Course in ...,https://www.sulekha.com/python-programming-training/narasaraopet
IDFC FIRST Bank Salaries in Narasaraopet | AmbitionBox,https://www.ambitionbox.com/salaries/idfc-bank-salaries/narasaraopet-location
Tirumala Engineering College-jonnalagadda-narasaraopet,https://tecnrt.org/
Manappuram Finance Narasaraopet Reviews by 4 Employees ...,https://www.ambitionbox.com/reviews/manappuram-finance-reviews/narasaraopet-location
Top Placement Services For Driver Candidate in Vinukonda ...,https://www.justdial.com/Narasaraopet/Placement-Services-For-Driver-Candidate-in-Vinukonda/nct-10373058
Achyut Sarma Boggaram - Seattle- Washington- United States ...,https://www.linkedin.com/in/achyutsarma
Jobs in Narasaraopet - Check Latest (99) Job Openings (February ...,https://www.quikr.com/jobs/narasaraopet+zwqxj760939060
Careers - Turvo,https://turvo.com/careers/
NRTIT | Narasaraopet,https://www.facebook.com/nrtit/
Narasaraopeta Engineering College invites eligible candidates for ...,https://www.facultytick.com/2022/08/05/narasaraopeta-engineering-college-invites-eligible-candidates-for-appearing-in-walk-in-interview-for-the-following-teaching-faculty-and-non-teaching-posts/
Top 10 Highest Paying Cities for Software Engineers [2023 ...,https://www.upgrad.com/blog/highest-paying-cities-for-software-engineers/
Novel Face Mask Detection Technique using Machine Learning to ...,https://www.ncbi.nlm.nih.gov/pmc/articles/PMC8332741/
Tirumala Engineering College-jonnalagadda-narasaraopet,https://www.tecnrt.org/labs.php
Students & Alumni Profiles – NEC - Narasaraopeta Engineering ...,https://www.university.youth4work.com/nec_narasaraopeta-engineering-college/student-profile
Microsoft Lab Assistant Reviews | Glassdoor,https://www.glassdoor.com/Reviews/Microsoft-lab-assistant-Reviews-EI_IE1651.0,9_KO10,23.htm
Microsoft Senior Program Manager Reviews | Glassdoor,https://www.glassdoor.com/Reviews/Microsoft-Senior-Program-Manager-Reviews-EI_IE1651.0,9_KO10,32_IP3.htm
Microsoft "review system" Reviews | Glassdoor,https://www.glassdoor.com/Reviews/Microsoft-review-system-Reviews-EI_IE1651.0,9_KH10,23_IP3.htm
Bangalore- Managing septic tank cleaning - Honeysuckers - YouTube,https://www.youtube.com/watch?v=P-fiB-9r58w
Microsoft "smart people" Reviews | Glassdoor,https://www.glassdoor.com.au/Reviews/Microsoft-smart-people-Reviews-EI_IE1651.0,9_KH10,22.htm
