Title,URL
45 Machine Learning Jobs and Vacancies in Rajasthan - 5 February ...,https://in.indeed.com/Machine-Learning-jobs-in-Rajasthan
Jindal Saw Limited- Bhilwara | LinkedIn,https://in.linkedin.com/company/jindal-saw-limited-bhilwara
Internship in Bhilwara | Internshala,https://internshala.com/internships/internship-in-bhilwara/
32 Machine Learning Job Vacancies In Udaipur - Naukri.com,https://www.naukri.com/machine-learning-jobs-in-udaipur
0 Graphic Design Jobs for Freshers in Bhilwara- Jan | Internshala,https://internshala.com/fresher-jobs/graphic-design-jobs-in-bhilwara/
Harish Yadav - Machine Learning Software Engineer - Johnson ...,https://www.linkedin.com/in/harish-yadav-67907014b
1 Fresher Jobs in Bhilwara- January | Internshala,https://internshala.com/fresher-jobs/jobs-in-Bhilwara/
Mart Jobs In Bhilwara India - 817 Mart Job Vacancies In Bhilwara ...,https://www.naukri.com/mart-jobs-in-bhilwara-india
1 Telecalling Jobs for Freshers in Bhilwara- Jan | Internshala,https://internshala.com/fresher-jobs/telecalling-jobs-in-Bhilwara/
20 Best jobs in Bhilwara- Rajasthan (Hiring Now!) | SimplyHired,https://www.simplyhired.co.in/search?l=bhilwara%2C+rajasthan
Security Supervisor Salary in IT Services & Consulting Companies ...,https://www.ambitionbox.com/profile/security-supervisor-salary/bhilwara-location?IndustryName=it-services-and-consulting
Towards Data Science,https://towardsdatascience.com/
Amazon Jobs in Bhilwara- Rajasthan (Feb 2023) - 1157 Amazon ...,https://www.shine.com/job-search/amazon-jobs-in-bhilwara-jobs-4
Visa Services - Work Visa For New Zealand Manufacturer from ...,https://www.4nstudy.com/visa-services.html
Top 10 Bank Security Guards Jobs in Bhilwara- ATM Security Jobs ...,https://www.sulekha.com/bank-atm-security-guards-jobs/bhilwara
Careers - NielsenIQ,https://nielseniq.com/global/en/careers/
NewTek | Software Driven Video Production Technology,https://www.newtek.com/
Deepti Mungar - Application Development Specialist - Accenture ...,https://ca.linkedin.com/in/deepti-mungar
(PDF) Ore-Waste Discrimination Using Supervised and ...,https://www.researchgate.net/publication/366384202_Ore-Waste_Discrimination_Using_Supervised_and_Unsupervised_Classification_of_Hyperspectral_Images
What To Do After PhD ? Opening Career Options- Courses- Jobs ...,https://sites.google.com/site/honorarydegreeacademics/what-to-do-after-phd-opening-career-options-courses-jobs-salary-promotion
(PDF) Temperature- Population and Longitudinal Analysis to Predict ...,https://www.researchgate.net/publication/340181879_Temperature_Population_and_Longitudinal_Analysis_to_Predict_Potential_Spread_for_COVID-19
Apply for Honorary DSc for Application Engineer - Honorary Awards,https://sites.google.com/site/honorarydegreeacademics/apply-for-honorary-dsc-for-application-engineer
Home Automation Jobs,https://www.monsterindia.com/search/home-automation-jobs
Untitled,https://citeseerx.ist.psu.edu/document?repid=rep1&type=pdf&doi=d88d0916bd23287138c1d8a6cd6ff6c9078a895c
