Title,URL
Career opportunities | Employment | Job openings at Eaton India,https://www.eaton.com/in/en-us/company/careers.html
1 Engineering Jobs for Freshers in Barnala- Feb | Internshala,https://internshala.com/fresher-jobs/engineering-jobs-in-Barnala/
▷ Tutors in Barnala - TeacherOn,https://www.teacheron.com/tutors-in-barnala?ul=8q
Top 10 Share Market Courses in Barnala- Training Classes ...,https://www.sulekha.com/share-marketing-job-training/barnala
Data Science Course in Barnala - Best Training Institute - Fees ...,http://quickxpertinfotech.com/data-science-course-in-barnala
Adventure Overseas Consultancy PVT LTD. | LinkedIn,https://www.linkedin.com/company/adventure-education-immigration-services-pvt-ltd
Working at TRIDENT GROUP in Barnala- Punjab: Employee ...,https://in.indeed.com/cmp/Trident-Group/reviews?fcountry=IN&floc=Barnala%2C+Punjab
Russell Choi - Sacred Heart International College of Education ...,https://pg.linkedin.com/in/russell-choi-177b2a1b5
Careers at McAfee,https://careers.mcafee.com/
Careers - NielsenIQ,https://nielseniq.com/global/en/careers/
Trident Group Barnala Reviews by 143 Employees | AmbitionBox,https://www.ambitionbox.com/reviews/trident-group-reviews/barnala-location?page=3
Indian Red Cross society- Barnala Jobs Proven 06 Posts ...,https://www.gyanmalalibrary.com/indian-red-cross-society-barnala-jobs.html
2 BHK Apartment / Flat for sale in Barnala Maya Garden 3 Extension ...,https://www.99acres.com/2-bhk-bedroom-apartment-flat-for-sale-in-barnala-maya-garden-3-extension-zirakpur-chandigarh-1155-sq-ft-r22-spid-K37450773
Seguin Independent School District,https://www.seguin.k12.tx.us/
Career,https://www.tridentindia.com/career-overview
Cognitive Service for Language - Microsoft Q&A,https://learn.microsoft.com/en-us/answers/tags/416/language-service?orderby=updatedat&page=1
How do Solar cells work? - YouTube,https://www.youtube.com/watch?v=L_q6LRgKpTw
SUPERVISOR Interview Questions & Answers! How To PASS A ...,https://www.youtube.com/watch?v=oVU94nYoTOQ
How to use WhatsApp responsibly and get help for banned accounts ...,https://www.youtube.com/watch?v=myjvVwaUE8A
Sensitivity analysis and application of machine learning methods to ...,https://www.researchgate.net/publication/327189918_Sensitivity_analysis_and_application_of_machine_learning_methods_to_predict_the_heat_transfer_performance_of_CNTwater_nanofluid_flows_through_coils
Packing Job Work From Home| pen- pencil packing job 30000/M ...,https://m.youtube.com/watch?v=vFGx6L1uF0E
Ludhiana Stories - The Tribune- Chandigarh- India,https://m.tribuneindia.com/2007/20070319/ldh1.htm
Ludhiana Stories - The Tribune- Chandigarh- India,https://m.tribuneindia.com/2011/20110824/ldh1.htm
The Tribune- Chandigarh- India - Punjab,https://m.tribuneindia.com/2004/20040402/punjab1.htm
CSR in India: Perspectives for Business by Article 13 - Issuu,https://issuu.com/article13/docs/csr_in_india
Stories of 02 March- 2022 | Deccan Herald,https://www.deccanherald.com/sitemap/detail/days/2022-03-02
Analyzing the critical success factors influencing Lean Six Sigma ...,https://www.emerald.com/insight/content/doi/10.1108/JM2-07-2019-0155/full/pdf?title=analyzing-the-critical-success-factors-influencing-lean-six-sigma-implementation-fuzzy-dematel-approach
South Asia,https://apps.dtic.mil/sti/pdfs/ADA336219.pdf
4YZ_R SfZ]Ud gZ]]RXV Z_ 2cf_RTYR],https://www.dailypioneer.com/uploads/2021/epaper/january/bhopal-english-edition-2021-01-19.pdf
