Title,URL
Vapi- India Events This Week | Eventbrite,https://www.eventbrite.com/d/india--vapi/events--this-week/
13 Chemist jobs in Vapi- Gujarat- India,https://in.linkedin.com/jobs/chemist-jobs-vapi
AI Engineer Salary in 2023: US- India- Canada and More | Simplilearn,https://www.simplilearn.com/ai-engineer-salary-article
Python Developer Jobs In Noida Vapi Daman - 2439 Python ...,https://www.naukri.com/python-developer-jobs-in-noida-vapi-daman
729 Data Science Jobs and Vacancies in Gujarat - 6 February 2023 ...,https://in.indeed.com/Data-Science-jobs-in-Gujarat
Colour Matching Jobs In Ahmedabad Gujarat Vapi - 233 Colour ...,https://www.naukri.com/colour-matching-jobs-in-ahmedabad-gujarat-vapi
166 Manager Jobs and Vacancies in Vapi- Gujarat - 6 February ...,https://in.indeed.com/Manager-jobs-in-Vapi,-Gujarat
2 Fresher Jobs in Vapi- January | Internshala,https://internshala.com/fresher-jobs/jobs-in-Vapi/
Proofpoint Careers,https://www.proofpoint.com/us/company/careers
HR Internship in Vapi | Internshala,https://internshala.com/internships/hr-internship-in-vapi/
1 Game Development Jobs for Freshers in Vapi- Feb | Internshala,https://internshala.com/fresher-jobs/game-development-jobs-in-vapi/
Proofpoint Careers,https://www.proofpoint.com/us/company/careers
R&D Associate Jobs in Vapi- Gujarat (Feb 2023) - 58 Active R&D ...,https://www.shine.com/job-search/r-n-d-associate-jobs-in-vapi
Silicon Labs,https://www.silabs.com/
Explore Careers with Western Union | Job Search Results Page,https://careers.westernunion.com/job-search-results/
Machine Learning Training Course in Vapi - Fees- Placements,http://quickxpert.com/machine-learning-training-course-in-vapi
Machine Operator Job Vacancies in Vapi-Machine Operator ...,https://www.placementindia.com/job-search/machine-operator-jobs-in-vapi.htm
CNC Machine Job Work Services In Vapi,https://dir.indiamart.com/vapi/cnc-machining-services.html
Tata Consultancy Services: Driving Innovation and Building on Belief,https://www.tcs.com/
Data Science Training in Vapi- Course Fees- Certification | Sulekha,https://www.sulekha.com/data-science-certification-training/vapi
Spinco Biotech Pvt Ltd,https://www.spincotech.com/
Laxmi Institute of Technology-sarigam | Facebook,https://www.facebook.com/groups/lit.creater.dhruvin/
Pavan Mistry - Software Engineer - Expleo Group | LinkedIn,https://au.linkedin.com/in/pavan-mistry-516a48169
NCSA Releases VMI 2.0,https://www.hpcwire.com/2004/05/14/ncsa-releases-vmi-2-0/
NEXT Solutions | LinkedIn,https://pk.linkedin.com/company/next-solutions-lda?trk=public_profile_experience-item_profile-section-card_subtitle-click
Jobs December 2022 | AmbitionBox,https://www.ambitionbox.com/jobs/search?tag=Project%20Execution
6496 Processing Jobs Openings in India - TimesJob.com,https://www.timesjobs.com/jobskill/processing-jobs
(PDF) Micro-benchmark level performance comparison of high ...,https://www.researchgate.net/publication/4034487_Micro-benchmark_level_performance_comparison_of_high-speed_cluster_interconnects
University of Groningen 16th SC@RUG 2019 proceedings 2018 ...,https://research.rug.nl/files/81644561/proceedings2019.pdf
LNCS 2840 - Recent Advances in Parallel Virtual Machine and ...,https://link.springer.com/content/pdf/10.1007/b14070.pdf
UNIVERSITY OF CALIFORNIA Santa Barbara Why Old Age: Non ...,https://papers.ssrn.com/sol3/Delivery.cfm/SSRN_ID2122014_code1711759.pdf?abstractid=2122014&type=2
