Title,URL
Priyabrata Sarkar - Punjab Technical University - Firozpur- Punjab ...,https://in.linkedin.com/in/priyabrata-sarkar-0867671b1
Office Equipment Automation Jobs 2020 - Gwekaindia,https://www.gweka.com/office-equipment-automation-jobs/
Pratham Grover - UIET Panjab University - Firozpur- Punjab- India ...,https://in.linkedin.com/in/pratham-grover-869440200
Stitching Jobs In Ferozepur Punjab - 3 Stitching Job Vacancies In ...,https://www.naukri.com/stitching-jobs-in-ferozepur-punjab
Top 10 Tailoring Classes in Firozpur- Stitching- Sewing Courses ...,https://www.sulekha.com/tailoring-training/firozpur
Jobs in Firozpur - Check Latest (83) Job Openings (February 2023 ...,https://www.quikr.com/jobs/firozpur+zwqxj760939060
227 PhD in Physics Jobs and Vacancies in India - 4 February 2023 ...,https://in.indeed.com/PhD-in-Physics-jobs-in-India
Abhishek Mangal - Software Developer II - Amazon Web Services ...,https://www.linkedin.com/in/mangal-abhishek
Branch in Mall Road- Firozpur- 152002 | HDFC Bank,https://near-me.hdfcbank.com/branch-atm-locator/hdfc-bank-ferozepur-banks-mall-road-firozpur-8205/Home
47 Brand- LLC | LinkedIn,https://www.linkedin.com/company/twins-enterprise
Amandeep Medicity Hospital Salaries in Firozpur | AmbitionBox,https://www.ambitionbox.com/salaries/amandeep-medicity-hospital-salaries/firozpur-location
Rohan Bansal - Machine Learning Engineer - MicroAI | LinkedIn,https://www.linkedin.com/in/brohansolo
Engineering Manager job at Razorpay - Instahyre,https://www.instahyre.com/job-174806-engineering-manager-at-razorpay-work-from-home/
Sahibzada Ajit Singh Public School-Bazeedpur-Firozpur,http://www.saspschool.com/
Online tuition in Firozpur India,https://www.teachwell.in/blog.html/online-tuition/firozpur
VIVEKANANDA WORLD SCHOOL JOBS PROVEN LIBRARIAN ...,https://www.gyanmalalibrary.com/vivekananda-world-school-jobs.html
Hemkunt Foundation: Home,https://hemkuntfoundation.com/
First Anglo-Sikh War - Wikipedia,https://en.wikipedia.org/wiki/First_Anglo-Sikh_War
Vishal Maini - Corona del Sol High School - United States | LinkedIn,https://uk.linkedin.com/in/vishalmaini
Lahore - Refugees from India (1947) - YouTube,https://www.youtube.com/watch?v=yfkHdttQSYM
Adani Wilmar: Home,https://www.adaniwilmar.com/
Untitled,https://coxu.printorama.it/reddit-marketing-jobs.html
NR gears up to arrange free transportation- relief material to flood ...,http://www.earlytimes.in/newsdet.aspx?q=131446
Top I.K. Gujral Punjab Technical University - [IKG-PTU] Affiliated ...,https://collegedunia.com/science/punjab/ik-gujral-punjab-technical-university-ikg-ptu-affiliated-colleges
https://www.gutenberg.org/files/37282/37282-8.txt,https://www.gutenberg.org/files/37282/37282-8.txt
