Title,URL
88 Python- Artificial Intelligence- Machine Learning Jobs and ...,https://in.indeed.com/Python,-Artificial-Intelligence,-Machine-Learning-jobs-in-Nagpur,-Maharashtra
2 Machine Learning jobs in Nagpur- Maharashtra- India,https://in.linkedin.com/jobs/machine-learning-jobs-nagpur
Machine Learning Jobs in Nagpur- Maharashtra (Feb 2023) - 1 ...,https://www.shine.com/job-search/machine-learning-jobs-in-nagpur
Jobs at NVIDIA | NVIDIA Careers,https://www.nvidia.com/en-in/about-nvidia/careers/
Sr. Data Scientist - Machine Learning | AI | Claim Genius,https://claimgenius.com/job/sr-data-scientist/
Machine Learning Course in Nagpur | Machine Learning Classes,https://www.tops-int.com/machine-learning-course-in-nagpur
Machine Learning Engineer Salary in Nagpur | AmbitionBox,https://www.ambitionbox.com/profile/machine-learning-engineer-salary/nagpur-location
Machine Learning Engineer Job - Karkidi,https://www.karkidi.com/job-details/25091-machine-learning-engineer-job
Best Artificial Intelligence Course in Nagpur [Rated #1],https://www.simplilearn.com/artificial-intelligence-training-courses-nagpur-city
18 Best Freelance Data Scientists For Hire Near Nagpur- IN ...,https://www.upwork.com/l/in/data-scientists-in-nagpur/
TechnoMile LLC Software Engineer- Machine Learning and Artificial ...,https://www.glassdoor.co.in/job-listing/software-engineer-machine-learning-and-artificial-intelligence-engineer-technomile-JV_IC2951950_KO0,71_KE72,82.htm?jl=1006862747617
Machine Learning Internship in Nagpur | Internshala,https://internshala.com/internships/machine-learning-internship-in-nagpur/
Best Deep Learning Training In Nagpur | With 100% Job Assistance,https://appzminetech.com/deep-learning-training-in-nagpur/
Best Tech Companies and Startups to Work for in Nagpur ...,https://angel.co/startups/location/nagpur
Machine Learning Job Vacancies in Nagpur-Machine Learning ...,https://www.placementindia.com/job-search/machine-learning-jobs-in-nagpur.htm
A Prediction Model of Detecting Liver Diseases in Patients using ...,https://papers.ssrn.com/sol3/papers.cfm?abstract_id=3562951
Urgent: Machine learning Jobs in Nagpur - February 2023 - 129 ...,https://in.jooble.org/jobs-machine-learning/Nagpur
Define your career with IBM,https://www.ibm.com/careers/in-en/
TechnoMile India | LinkedIn,https://www.linkedin.com/company/technomileindia
Nagpur Jobs - Home | Facebook,https://www.facebook.com/Nagpur-Jobs-519307558126848/
Careers at Amdocs | AMDOCS,https://www.amdocs.com/careers/home
upGrad Careers,https://www.upgrad.com/us/careers/
SparrowAI - Data Science- Machine Learning- AI- Python- DataBricks ...,https://sparrowai-datasciencepythontrainingcenterinnagpur.business.site/
Careers | Autodesk,https://www.autodesk.com/careers/overview
www.claimgenius is hiring Sr. Data Scientist job in Nagpur ...,https://cutshort.io/job/Sr-Data-Scientist-Nagpur-Hyderabad-www-claimgenius-N5tx5HSf
576 Machine Learning Job Vacancies in Pune - Jan (2023),https://www.foundit.in/search/machine-learning-jobs-in-pune
Infosys Careers - Internships,https://www.infosys.com/careers/internships.html
All jobs - Careers at Airbnb,https://careers.airbnb.com/positions/
Quantitative Research | Jobs & Internships | JPMorgan Chase & Co.,https://careers.jpmorgan.com/us/en/our-businesses/quantitative-research
Machine learning - Wikipedia,https://en.wikipedia.org/wiki/Machine_learning
Machine Learning Engineer Jobs Opening in Percept Infosysytem at ...,https://www.freshersworld.com/jobs/machine-learning-engineer-jobs-opening-in-percept-infosysytem-at-nagpur-others-nagpur-1488165
Machine Learning with Python | Coursera,https://www.coursera.org/learn/machine-learning-with-python
AWS Training in Nagpur | AWS Certification Course Online,https://www.edureka.co/aws-certification-training-nagpur
Machine Learning Training | Machine Learning Course in Nagpur,https://www.excelr.com/machine-learning-course-training-in-nagpur
Best Data Science Course in Nagpur - IIT Madras CCE Training,https://intellipaat.com/data-scientist-course-training-nagpur/
UiPath Careers and Employment | UiPath,https://www.uipath.com/company/careers
Data Scientist - Machine Learning - Nagpur-Maharashtra | JobGrin ...,https://jobgrin.co.in/c/Accrualify-Inc/jobs/Data-Scientist-Machine-Learning-QeHFM7QxNv
Jobs at Synopsys | Synopsys Careers,https://www.synopsys.com/careers.html
How much are the Data Science Course Fees in Nagpur?,https://datamites.com/blog/how-much-are-the-data-science-course-fees-in-nagpur/
Job offers | Air Liquide,https://www.airliquide.com/careers/job-offers
How to learn Deep Learning in 6 months | by Bargava | Towards ...,https://towardsdatascience.com/how-to-learn-deep-learning-in-6-months-e45e40ef7d48
Data Science & Machine Learning | Persistent Systems,https://www.persistent.com/services/data-and-analytics/data-science-and-machine-learning/
IIIT Nagpur-Machine Learning engineer Job For 0-0 Year Exp In ...,https://www.monsterindia.com/job/iiit-nagpur-machine-learning-engineer-zycus-infotech-mumbai-7589054
Working at IQVIA | Jobs and Careers at IQVIA,https://jobs.iqvia.com/
Connect with Abhinav Kulkarni - Senior Machine Learning Engineer ...,https://coffeemug.ai/contact/abhinavmkulkarni/
Best Data Science Course in Nagpur with Placement Guarantee,https://www.datatrained.com/data-science-course-in-nagpur
Careers at Boeing,https://jobs.boeing.com/
20 Best python developer jobs in Nagpur- Maharashtra (Hiring Now ...,https://www.simplyhired.co.in/search?q=python+developer&l=nagpur%2C+maharashtra
Work With Us,https://www.worldbank.org/en/work-with-us
Udacity: Learn the Latest Tech Skills; Advance Your Career,https://www.udacity.com/
Persistent Systems: Careers at Persistent | Job Opportunities,https://careers.persistent.com/
Juniper Careers,https://careers.juniper.net/
Home - Quantiphi- Inc.,https://quantiphi.com/
Chaudhary Aqdus - Research Assistant - University of Cambridge ...,https://uk.linkedin.com/in/chaudhary-aqdus-1250aa22?trk=public_profile_browsemap
Technologiestiftung on Twitter: "Looking for a Purpose Driven Job ...,https://twitter.com/tsbberlin/status/1587099979570634754
Instruction scheduling using evolutionary programming ...,https://dl.acm.org/doi/10.5555/1415804.1415830
Data Scientist V Salary in India | Salary.com,https://www.salary.com/research/in-salary/benchmark/data-scientist-v-salary/in
Wireless Communication for Robotic Process Automation Using ...,https://downloads.hindawi.com/journals/wcmc/2022/4723138.pdf
Perception Exploration on Robustness Syndromes With Pre ...,https://europepmc.org/article/pmc/pmc9243559
Search Result for Jobs at Hcl – TechGig,https://content.techgig.com/searchresult.cms?query=Jobs%20at%20Hcl
The Reporter | UAB,https://www.uab.edu/reporter/know-more/itemlist/user/65-mattwindsor
Sikkim Manipal Institute of Technology – Sikkim Manipal University,https://smu.edu.in/smit.html/
MakeMyTrip Careers,https://careers.makemytrip.com/
Data Science In Hindi- Data Science For Beginners- What Is Data ...,https://www.youtube.com/watch?v=U_CCKibxYjs
Senior C++ Engineer (with Video domain experience) IRC175963 ...,https://www.globallogic.com/pl/careers/senior-c-engineer-with-video-domain-experience-irc175963/
Tweets with replies by GDGMadurai #devfestindia2021 ...,https://mobile.twitter.com/gdgmadurai/with_replies
Muhammad Sikander - majmatalburaq - najmatalburaq | LinkedIn,https://ae.linkedin.com/in/muhammad-sikander-0ba861213
How does digital government become better government?,https://www.ey.com/en_be/government-public-sector/how-does-digital-government-become-better-government
Socio-Economic Effect of Covid-19 Lock-Down and Its Associated ...,https://www.researchgate.net/publication/359769597_Socio-Economic_Effect_of_Covid-19_Lock-Down_and_Its_Associated_Factors_Among_College_Students
1596 Mopping Floors Jobs Openings in India,https://www.timesjobs.com/jobskill/mopping-floors-jobs
Erp Data Jobs in India - TimesJobs,https://m.timesjobs.com/jobskill/erp-data-jobs
