Title,URL
7957 Leader Engineer Job Vacancies In Jind - Naukri.com,https://www.naukri.com/leader-engineer-jobs-in-jind
JIND: joint integration and discrimination for automated single-cell ...,https://academic.oup.com/bioinformatics/article-abstract/38/9/2488/6543609
District Jind- Government of Haryana | Heart of Haryana | India,https://jind.gov.in/
Jobs - Apply Your Linguistics Knowledge to Hands-on Work,https://appen.com/jobs/language-jobs/
0 Media Jobs for Freshers in Jind- Feb | Internshala,https://internshala.com/fresher-jobs/media-jobs-in-Jind/
upGrad hiring Admissions Counselor in Jind - Join leading startup,https://earlytutors.com/jobs/upgrad-admissions-counselor-in-jind-hr/
TriColor Initiatives | Jind | Facebook,https://www.facebook.com/people/TriColor-Initiatives/100083382870581/?ref=page_internal
AHIMA Home,https://www.ahima.org/
Jiet Institute logo - Jiet Institute logo Jiet Institute logo Jiet Institute,https://www.jietjind.ac.in/
Gladstone Institutes: Home,https://gladstone.org/
Careers | Saint-Gobain,https://www.saint-gobain.com/en/careers
JINS Eyewear US- Inc. | LinkedIn,https://www.linkedin.com/company/jins-eyewear-us-inc-
Top 10 Tailoring Classes in Jind- Stitching- Sewing Courses ...,https://www.sulekha.com/tailoring-training/jind
Columbia University: Online Artificial Intelligence Program,https://ai.engineering.columbia.edu/
South Carolina Department of Transportation,https://www.scdot.org/
VLACS - The Virtual Learning Academy is education designed to be ...,https://vlacs.org/
Operations can launch the next blockbuster in pharma | McKinsey,https://www.mckinsey.com/capabilities/operations/our-insights/operations-can-launch-the-next-blockbuster-in-pharma
Jatin Sirohi - Kurukshetra University- Kurukshetra - Jind- Haryana ...,https://in.linkedin.com/in/jatin-sirohi-b64a131a6
Recruitment Agencies & Placement Services For Part Time Job ...,https://www.justdial.com/Jind/Placement-Services-For-Part-Time-Job-Candidate/nct-10624401
Ankit Goyal - Principal Machine Learning Engineer - VerSe ...,https://in.linkedin.com/in/ankit-goyal-197a187b
Ocean Conservancy: Home,https://oceanconservancy.org/
Rahul Lather - Software Development Engineer - Amazon | LinkedIn,https://in.linkedin.com/in/rahul-lather
One Student One Job,http://www.jpcjind.ac.in/one-student-one-job.html
Sakshi Aggarwal - Software development engineer II - Flipkart ...,https://in.linkedin.com/in/sakshi-aggarwal-a15574175
Jobs in Jind - Check Latest (71) Job Openings (February 2023 ...,https://www.quikr.com/jobs/jind+zwqxj760939060
sumit sihag - Software Quality Assurance Engineer - Virtual ...,https://in.linkedin.com/in/sumit-sihag-9763941b4
Dental Assistants : Occupational Outlook Handbook: : U.S. Bureau of ...,https://www.bls.gov/ooh/healthcare/dental-assistants.htm
DN Model Sr. Sec. School Education Department Salaries in Jind ...,https://www.ambitionbox.com/salaries/dn-model-sr-dot-sec-dot-school-salaries/jind-location/education-department
Tata Consultancy Services: Driving Innovation and Building on Belief,https://www.tcs.com/
Perkiomen Valley School District: Homepage,https://www.pvsd.org/
Modulus in Java | Remainder or Modulus Operator in Java | Edureka,https://www.edureka.co/blog/mod-method-in-java/
TalentReef: HR & Talent Management Systems,https://www.talentreef.com/
Working at ABB: 1-753 Reviews (2023) | Indeed.com,https://www.indeed.com/cmp/Abb/reviews
IBM Contact - India | IBM,https://www.ibm.com/contact/in/en/
DAV Centenary Public School- Jind,https://www.tribuneindia.com/news/schools/dav-centenary-public-school-jind-466628
McBride Orthopedic Hospital: Homepage,https://mcboh.com/
Crosby Independent School District / Homepage,https://www.crosbyisd.org/
O.P. Jindal Global University Online Courses | Coursera,https://www.coursera.org/jgu
Contact Us | Rockwell Automation,https://www.rockwellautomation.com/en-us/company/about-us/contact-us.html
Skills or jobs that will not be replaced by Automation- Artificial ...,https://economictimes.indiatimes.com/news/how-to/skills-or-jobs-that-wont-be-replaced-by-automation-artificial-intelligence-in-the-future/articleshow/92600222.cms
20 Chords Every REAL Guitar Player Needs To Know - YouTube,https://www.youtube.com/watch?v=6Z527fYwN5c
Centum Learning Limited - Corporate Training & CSR Partnership ...,https://www.centumlearning.com/
Modified Tree Classification in Data Mining | Request PDF,https://www.researchgate.net/publication/255485298_Modified_Tree_Classification_in_Data_Mining
The share of cars equipped with side head protection airbags ...,https://www.researchgate.net/figure/The-share-of-cars-equipped-with-side-head-protection-airbags-increased-for-all-car_fig2_292346612
The evolution of adult occupant star ratings over the first decade of ...,https://www.researchgate.net/figure/The-evolution-of-adult-occupant-star-ratings-over-the-first-decade-of-testing_fig3_292346612
On average the score achieved in pedestrian subsystems tests ...,https://www.researchgate.net/figure/On-average-the-score-achieved-in-pedestrian-subsystems-tests-increased-According-to_fig4_292346612
5927 Sap Gateway Jobs Openings in India,https://www.timesjobs.com/jobskill/sap-gateway-jobs
Erp Data Jobs in India - TimesJobs,https://m.timesjobs.com/jobskill/erp-data-jobs
Haryana Plus - The Tribune- Chandigarh- India,https://m.tribuneindia.com/2008/20080125/harplus1.htm
Ethnopharmacology | Apply for Honorary DSc in ...,https://sites.google.com/site/honorarydegreeacademics/ethnopharmacology-apply-for-honorary-dsc-in-ethnopharmacology-admission-announcement
Untitled,https://link.springer.com/content/pdf/10.1007%2F3-540-45571-X.pdf
mm — wu —1i—" nili" OJJR LONDON LETTER.|1918-12-20 ...,https://newspapers.library.wales/view/4124957/4124964
The Copyright law of the United States (title 17- United States code ...,https://place.asburyseminary.edu/cgi/viewcontent.cgi?article=1184&context=ecommonsatsdissertations
Carrier: Inspiring Confidence | Leading Innovation,https://www.carrier.com/carrier/en/worldwide/
