Title,URL
Sai Teja Kanneganti - Sr. Machine Learning Engineer - JPMorgan ...,https://www.linkedin.com/in/sai-teja-kanneganti
Python Developer Salary for Freshers and Experienced [2023 Edition],https://www.simplilearn.com/python-developer-salary-article
Marketing/Sales Internship in Chilakaluripet | Internshala,https://internshala.com/internships/marketing%2Fsales-internship-in-chilakaluripet/
Senior Software Specialist Jobs In Chilakaluripet - 9486 Senior ...,https://www.naukri.com/senior-software-specialist-jobs-in-chilakaluripet
Guerbet - Homepage,https://www.guerbet.com/
President Jobs In Chilakaluripet - 7943 President Job Vacancies In ...,https://www.naukri.com/president-jobs-in-chilakaluripet
KLA-Tencor Salaries in Chilakaluripet | AmbitionBox,https://www.ambitionbox.com/salaries/kla-tencor-salaries/chilakaluripet-location
Students,https://www.pepsicojobs.com/main/student
Mounika Kanamarlapudi - Machine Learning Intern - Indian Servers ...,https://in.linkedin.com/in/mounikakanamarlapudi
Top 10 Tailoring Classes in Chilakaluripet- Stitching- Sewing Courses,https://www.sulekha.com/tailoring-training/chilakaluripet
Gayathri Ramisetty - Chilakaluripet- Andhra Pradesh- India | LinkedIn,https://in.linkedin.com/in/gayathri-ramisetty-4b6886205
M.Tech.Data Science & Engineering – BITS Pilani,https://bits-pilani-wilp.ac.in/m-tech/cluster/data-science-and-engineering.php
Venkatesh Vangara - Data Engineer Sr Analyst - Accenture | LinkedIn,https://in.linkedin.com/in/venkatesh-vangara
Sri Sadineni Chowdaraiah Residential Public School Chilakaluripet ...,https://school.careers360.com/schools/sri-sadineni-chowdaraiah-residential-public-school-chilakaluripet-guntur
Ravindra G. - Software Engineer - ServiceNow | LinkedIn,https://in.linkedin.com/in/ravindraguntur
Palnadu District Job Mela on Dec 23rd,https://education.sakshi.com/en/jobs/pvt-jobs/palnadu-district-job-mela-dec-23rd-122075
Andhra pradesh state skill development corporation (APSSDC),https://www.apssdc.in/home/logout
SRCM - Shri Ram Chandra Mission | Raja Yoga Meditation,https://www.srcm.org/
▷ Home tutor jobs in Andhra Pradesh | TeacherOn,https://www.teacheron.com/home-tutor-jobs-in-andhra_pradesh
Herbalife Shop - Apps on Google Play,https://play.google.com/store/apps/details?id=com.hrbl.mobile.android.ordering&hl=en_US&gl=US
Top Security Services in Chilakaluripeta - Best Security Guard ...,https://www.justdial.com/Chilakaluripeta/Security-Services-in-Chilakaluripet-HO/nct-10426615
Careers at IDFC FIRST Bank | IDFC FIRST Bank jobs,https://careers.idfcfirstbank.com/
7 Important Big Data Trends for 2016 - Datafloq,https://datafloq.com/read/7-big-data-trends-for-2016/
Chilakaluripet Guntur Ap 2023-24 Job Vacancy- Guntur ...,https://www.quikr.com/jobs/chilakaluripet-guntur-ap+guntur+zwqxj4157493934
Machine Learning Internship with Hands On Projects-pianalytix,https://pianalytix.com/machine-learning-online-course-and-internship-in-bangalore/
DRNSCVS Degree College- Chilakaluripet: Admission- Fees ...,https://www.careers360.com/colleges/drnscvs-degree-college-chilakaluripet
Jawaharlal Nehru Technological University Hyderabad,https://jntuh.ac.in/
Bapatla Engineering College,http://www.becbapatla.ac.in/
Untitled,https://www.nikonimagespace.com/?u=//diosteepgujtuabureac.tk/132-cukhnikoni651
SIR C R REDDY COLLEGE OF ENGINEERING,https://sircrrengg.ac.in/
Malineni Perumallu College,http://www.mpesguntur.com/
D&A - CCB Capacity Planning & Analytics - Associate Job,https://www.jobaaj.com/job-overview?title=d&a---ccb-capacity-planning-&-analytics---data-scientist---associate&product_id=24525
Web Designing Course in Chilakaluripet - Best Training Institute ...,http://quickxpertinfotech.com/web-designing-course-in-chilakaluripet
APSFL,https://apsfl.in/
Chilakaluripet Municipality | Chilakalurupet,https://m.facebook.com/chilakaluripetmunicipalityofficial/photos/?ref=page_internal&mt_nav=0
Sublimation Printing Machines - 3d Sublimation Vaccume Heat ...,https://www.indiamart.com/mobilesstop/sublimation-printing-machines.html
Puttur kattu (bandage) – A traditional bone setting practice in south ...,https://www.ncbi.nlm.nih.gov/pmc/articles/PMC3255447/
Vignan University,https://www.vignan.ac.in/
Reports on IMPART VOCATIONAL TRAINING TO 200 ...,https://www.globalgiving.org/projects/impart-vocational-training-to-200-adolescents/reports/?pageNo=3
Reliance Jiomart jobs in Guntur- 2020 | jiomart jobs | Jio career -,https://jioguide.com/reliance-jio-jobs-in-guntur-2020-jio-jobs-jio-career/
Vasireddy Venkatadri Institute of Technology,https://www.vvitguntur.com/
Untitled,http://placementbaba.com/jobs/display.php
Nitish Bala - Software Engineer - Amazon Web Services (AWS ...,https://uk.linkedin.com/in/nitish-bala-83a3701b4
Engineering Colleges in Chilakaluripet 2023 – Courses- Fees ...,https://engineering.careers360.com/colleges/list-of-engineering-colleges-in-chilakaluripet
PepsiCo.com: India,http://www.pepsicoindia.co.in/
Malla Reddy Engineering College,https://www.mrec.ac.in/
POLYCET - 2022,https://polycetap.nic.in/Booklet_Polycet.pdf
Gadapa Gadapa Ku Mana Prabhutvam | Sakshi TV Live - YouTube,https://www.youtube.com/watch?v=J8tMjSW7hro
