Title,URL
Social Media Marketing work from home job/internship at Rapido ...,https://internshala.com/internship/detail/social-media-marketing-work-from-home-job-internship-at-rapido1663835140
Nikhil Mittal - VP of Engineering | 1st Employee - Zepto | LinkedIn,https://in.linkedin.com/in/nikhilkmittal
Asha Devi International School Sadulpur- Churu: Admission- Fee ...,https://school.careers360.com/schools/asha-devi-international-school-sadulpur-churu
Hiring for HEADMISTRESS- PGT - TGT - PRT- NTT- LIBRARIAN ...,https://www.naukri.com/recruiter-job-listings-HEADMISTRESS-PGT-TGT-PRT-NTT-LIBRARIAN-REQUIRED-MOHTA-PUBLIC-SCHOOL-RAJGARH-DISTT-CHURU-RAJASTHA-Other-3-to-8-years-5542554
Post Graduate Programme In Artificial Intelligence And Machine ...,https://bits-pilani-wilp.ac.in/certification-programmes/pgp-ai-ml.php
Top Union Bank Of India Personal Loans in Sadulpur - Best Union ...,https://www.justdial.com/Churu/Union-Bank-Of-India-in-Sadulpur/nct-11978668
Careers in Madurai | HCLTech,https://www.hcltech.com/careers/madurai
Mohta PG College- Sadulpur: Admission- Fees- Courses ...,https://www.careers360.com/colleges/mohta-pg-college-sadulpur
Career at AU Small Finance Bank | Find the Current Job Openings ...,https://www.aubank.in/careers
Amazon Delivery Boy Monthly Pay | Glassdoor,https://www.glassdoor.co.in/Monthly-Pay/Amazon-Delivery-Boy-Monthly-Pay-E6036_D_KO7,19.htm
Pulse Processing | Milling | Bühler Group,https://www.buhlergroup.com/content/buhlergroup/global/en/industries/Pulses.html
Careers | BSc in Computer Science- BITS Pilani | Coursera,https://www.coursera.org/degrees/bachelor-of-science-computer-science-bits/careers
Vision Mission Objectives,https://www.ruj-bsdu.in/wp-content/uploads/2019/12/Prospectus-20-21-word_compressed.pdf
How To Build Wealth: 3 Simple Ways To Build Your Fortune ...,https://www.gobankingrates.com/money/wealth/how-to-build-wealth-fast/
Steve Bieber - Greater New Orleans Region | Professional Profile ...,https://www.linkedin.com/in/steve-bieber-8129b137
MT- 31.12.2021 - Annual report,https://corporate.arcelormittal.com/media/xm4blr5z/annual-report-combined-2021.pdf
Roshan Roy - Research Engineer 1 - Lockheed Martin | LinkedIn,https://www.linkedin.com/in/rroshanroy?trk=public_profile_samename-profile_profile-result-card_result-card_full-click
About | BSc in Computer Science- BITS Pilani | Coursera,https://www.coursera.org/degrees/bachelor-of-science-computer-science-bits/about
Mohta industrial training institute - School in Sadulpur,https://mohta-industrial-training-institute.business.site/
List of training centres on Indian Railways.,https://indianrailways.gov.in/railwayboard/uploads/directorate/mgt_ser/downloads/list%20of%20training%20centres.pdf
Chaudhary Charan Singh Haryana Agricultural University - Wikipedia,https://en.wikipedia.org/wiki/Chaudhary_Charan_Singh_Haryana_Agricultural_University
Current Opportunities,https://www.bankofbaroda.in/career/current-opportunities
Career,https://www.dealshare.in/careers
Faculty Positions at BITS Pilani | Current openings : Faculty Positions,https://www.bits-pilani.ac.in/facultypositions
Latest Fresher Jobs in India | Fresher Job Vacancies- (February ...,https://www.myamcat.com/jobs/fresher-jobs
Gita Mittal Foundation,http://www.mittalcareercentre.com/
DEEP CONSULTANCY SERVICES Reviews by 2 Employees ...,https://www.ambitionbox.com/reviews/deep-consultancy-services-reviews
Book Store - Buy Self Published Books from Online Bookstore ...,https://bluerosepublishers.com/book-store/
APPROVED TRAINING CENTRES,https://rasci.in/downloads/ApprovedTrainingCentres.pdf
[TopTalent.in] Rushabh Agrawal from BITS Pilani talks about his ...,https://www.geeksforgeeks.org/toptalent-in-rushabh-agrawal-from-bits-pilani-talks-about-his-google-interview-experience/
Pioneer Management Consultant Pvt Ltd | Jobs | Placement ...,https://www.pmcpl-india.com/
Shriram Finance 2023-24 Job Vacancy- Churu - Recruitment | Careers,https://www.quikr.com/jobs/shriram-finance+churu+zwqxj4157493934
Link Road- Churu- 331022 Branch Contact Information | HDFC Bank,https://near-me.hdfcbank.com/branch-atm-locator/hdfc-bank-ratangarh-banks-link-road-churu-69762/Contact-Us
Steyp | An EdTech company for students to become skilled ...,https://steyp.com/
Lalji Mulji Transport Co. (lmt) - Email & Phone of top management ...,https://www.easyleadz.com/company/lalji-mulji-transport-co-lmt
Students speak: Is a third attempt for JEE Advanced a plausible idea ...,https://www.ciol.com/students-speak-third-attempt-jee-advanced-plausible-idea/
LIST OF ELIGIBLE ITGK for RS-CIT Course under I M Shakti ...,https://wcd.rajasthan.gov.in/content/dam/wcd-cms/dwe/schemes/For%20WCD%2006012021%202%20pm%20Final%20Eligible%20RSCIT%20IT-GK%20List.pdf
SBI General Insurance -,https://www.sbigeneral.in/bike-insurance
Krishi Vigyan Kendra Knowledge Network,https://kvk.icar.gov.in/
Rajkiya Engineering College- Banda | राजकीय इंजीनियरिंग कॉलेज- बांदा,http://recbanda.ac.in/
APNA SAHAKARI BANK LIMITED IFSC Code Search,https://www.tutorialspoint.com/ifsccode/ifsccode_apnasahakari.htm
Untitled,https://www.condomz.fr/redirect.php?action=url&goto=ry0rqgh.cfd/198wwwcondomzfrkYg-1212
NIRMAL Sewing Machine Sales & Services- Rajgarh - Wholesale ...,https://www.indiamart.com/sewing-machine-sales-services/
Executive PGP in Software Development - Big Data Course (IIIT-B ...,https://www.upgrad.com/us/big-data-pgd-iiitb/
Volume 9 Issue 6 June 2021 Volume 9 Issue-7 2021,https://www.jjtujournals.com/JournalsFiles/Rex%20Journal_Volume%209_Issue-7_July%202021.pdf
The Noteworthy Trip – 9500 km- 26 days- 14 States- 18 destinations ...,https://www.team-bhp.com/forum/travelogues/244738-noteworthy-trip-9500-km-26-days-14-states-18-destinations-6-notes-2-friends-1-corolla.html
e-NAM Directory,https://enam.gov.in/web/assest/download/eNAM_Directory_20210720.pdf
Dr. Jitendra Goswami,https://www.facebook.com/drjitendragoswami/
Symentix - IT Consultancy | Mobile & Web Development Services ...,https://symentix.com/
85 Jobs and Vacancies in Rajgarh Alwar- Rajasthan - 5 February ...,https://in.indeed.com/jobs-in-Rajgarh-Alwar,-Rajasthan
Maharaja College of Management (MCM- Udaipur),https://universitykart.com/university/universitydetails/maharaja-college-of-management-udaipur
Top Machine Learning and Artificial Intelligence Colleges in India ...,https://www.jagranjosh.com/colleges/engineering/machine-learning-and-artificial-intelligence-engineering
Top Machine Learning and Artificial Intelligence Colleges in India ...,https://www.jagranjosh.com/colleges/law/machine-learning-and-artificial-intelligence-engineering
Top Machine Learning and Artificial Intelligence in India 2023: Rank ...,https://www.jagranjosh.com/colleges/mtech/machine-learning-and-artificial-intelligence-engineering
MODELLING CAREERS – Eligibility-Training Institutes-Fashion ...,https://www.youtube.com/watch?v=O0CjQ15wWME
Satellite Locator with GPS locations from the phone - YouTube,https://www.youtube.com/watch?v=o7t9cTVfr1A
Lockdown इन 15 Station के लिए Railways passenger train शुरू कर रहा ...,https://www.youtube.com/watch?v=lgTHsKt1NAI
Review - WILP 2021 | BITS PILANI WILP M TECH Data Science ...,https://www.youtube.com/watch?v=lKoGyukoskw
BITS PILANI WILP M TECH Data Science Review - Confusion | UGC ...,https://www.youtube.com/watch?v=pXbbkauLWmg
WILP (Work Integrated Learning Program) Bits Pilani MTech Degree ...,https://www.youtube.com/watch?v=do8ZIf_jYOo
