Title,URL
39 Machine Operator Job Vacancies In Bhiwani Haryana - Naukri.com,https://www.naukri.com/machine-operator-jobs-in-bhiwani-haryana
Prithvi Jit Singh - Artificial Intelligence and Machine Learning ...,https://in.linkedin.com/in/prithvi-jit-singh-626456166
Electronics internship in Bhiwani with job offer,https://internshala.com/internships/electronics-internship-in-bhiwani/ppo-true/
Nikhil Garg - CEO- Cofounder - Fennel | LinkedIn,https://www.linkedin.com/in/nikhilgarg28
2 Fresher Jobs in Bhiwani- January | Internshala,https://internshala.com/fresher-jobs/jobs-in-Bhiwani/
upGrad hiring Admissions Counselor in Bhiwani - Join leading startup,https://earlytutors.com/jobs/upgrad-admissions-counselor-in-bhiwani-hr/
Internship in Bhiwani | Internshala,https://internshala.com/internships/internship-in-bhiwani/
Jobs in Bhiwani,https://www.facebook.com/groups/1665256950376620/
Meta Salaries in Hyderabad- India | Glassdoor,https://www.glassdoor.com/Salary/Meta-Hyderabad-Salaries-EI_IE40772.0,4_IL.5,14_IM1076.htm
IndusInd Bank Assistant Manager Salaries in Bhiwani | AmbitionBox,https://www.ambitionbox.com/salaries/indusind-bank-salaries/assistant-manager/bhiwani-location
Home - Accelerate,https://www.educoaccelerate.com/web/accelerate
Shahi Exports offers jobs to Daksya Academy students | PMKVY ...,https://www.youtube.com/watch?v=3Vt5MWvUpWI
An intelligent wearable to aid speech impaired people by detection ...,https://www.researchgate.net/publication/335886395_An_intelligent_wearable_to_aid_speech_impaired_people_by_detection_of_specific_hand_gestures_using_flex_sensors
Web Designer Programmer Post Graduate Jobs in India - 103199 ...,https://www.timesjobs.com/jobskill/web-designer-programmer-post+graduate-jobs
Erp Data Jobs in India - TimesJobs,https://m.timesjobs.com/jobskill/erp-data-jobs
Ethnopharmacology | Apply for Honorary DSc in ...,https://sites.google.com/site/honorarydegreeacademics/ethnopharmacology-apply-for-honorary-dsc-in-ethnopharmacology-admission-announcement
Haryana Plus - The Tribune- Chandigarh- India,https://m.tribuneindia.com/2008/20080104/harplus1.htm
