Title,URL
Vidisha Khanna - Senior Technical Recruiter - Whole Foods Market ...,https://www.linkedin.com/in/vidisha-khanna-72b96218
Ganador thinking | LinkedIn,https://in.linkedin.com/company/ganador-thinking
Vidisha De - Data Scientist II - Expedia Group | LinkedIn,https://www.linkedin.com/in/vidishade
0 Graphic Design Jobs for Freshers in Vidisha- Feb | Internshala,https://internshala.com/fresher-jobs/graphic-design-jobs-in-Vidisha/
Atal Bihari Vajpayee Government Medical College- Vidisha,https://gmcvidisha.org/
2028 Dsp Software Engineer Job Vacancies In Vidisha - Naukri.com,https://www.naukri.com/dsp-software-engineer-jobs-in-vidisha
Data Science Course in Vidisha - Best Training Institute - Fees ...,http://quickxpertinfotech.com/data-science-course-in-vidisha
Udacity: Learn the Latest Tech Skills; Advance Your Career,https://www.udacity.com/
Article: We see an acceleration of technology deployment plans ...,https://www.peoplemattersglobal.com/article/strategic-hr/we-see-an-acceleration-of-technology-deployment-plans-across-organizations-vidisha-mehta-wtw-27944
Vidisha Krishnan - Scientist - AstraZeneca | LinkedIn,https://uk.linkedin.com/in/vidisha-krishnan-45139720
Workshop: Tackling Climate Change with Machine Learning,https://www.climatechange.ai/events/neurips2022
Watson professor developing robots that can learn | Binghamton News,https://www.binghamton.edu/news/story/2504/robots-that-can-learn-watson-professor-is-working-on-it
MS in US - Fall 2023/Spring 2024 | Yocket | I am Vidisha Vijay- 25 ...,https://www.facebook.com/groups/msinusfallspring/posts/3163565550533090/
Vidisha Jitani (@vidishajitani25) / Twitter,https://twitter.com/vidishajitani25
Rank Math Ventures LLP Support Developer - Triplebyte,https://triplebyte.com/company/public/rank-math-ventures-llp/ZC7W6Ko/support-developer
‪Nirmal Gaud‬ - ‪Google Scholar‬,https://scholar.google.com/citations?user=bi0-nGwAAAAJ&hl=en
Nirmal Gaud on LinkedIn: #machinelearning #datascience ...,https://rw.linkedin.com/posts/nirmal-gaud-210408174_machinelearning-datascience-livesessions-activity-7027571343814529024-jFwu
Nirmal Gaud on LinkedIn: #machinelearning #deeplearning ...,https://na.linkedin.com/posts/nirmal-gaud-210408174_machinelearning-deeplearning-livesessions-activity-7006653822823534592-V3gl
Vidisha SINGH | Engineer | Doctor of Philosophy | Université d'Évry ...,https://www.researchgate.net/profile/Vidisha-Singh-2
News | Our People: Vidisha Gosai,https://www.dandelions.cloud/news/our-people-vidisha-gosai/
Ozarks Healthcare | Healthcare in West Plains- Missouri,https://www.ozarkshealthcare.com/
Blog - vidBoard.ai,https://vidboard.ai/blogs/
Our Story,https://acadru.com/our-story
SATI- Vidisha Overview and Company Profile | AmbitionBox,https://www.ambitionbox.com/overview/sati-vidisha-overview
Magic Data - Training Datasets for Machine Learning - Magic Data,https://www.magicdatatech.com/
Deep Web Pictures | Download Free Images on Unsplash,https://unsplash.com/s/photos/deep-web
Artificial intelligence Blogs | Nitor Infotech,https://www.nitorinfotech.com/blog/topic/artificial-intelligence
Uncertainty and Prediction in Model-based Reinforcement Learning ...,https://medium.com/@m.k.daaboul/uncertainty-and-prediction-in-model-based-reinforcement-learning-20546643028c
List of Top Work From Home Jobs in Vidisha - Best Explore Work ...,https://www.justdial.com/Vidisha/Work-From-Home-Jobs-in-Vidisha-HO/nct-11145489
Integra LifeSciences,https://www.integralife.com/
python - Databricks notebook runs faster when triggered manually ...,https://stackoverflow.com/questions/71824867/databricks-notebook-runs-faster-when-triggered-manually-compared-to-when-run-as
Neural Network Maths in 5 minutes | by Vidisha Jitani ...,https://medium.datadriveninvestor.com/neural-network-maths-in-5-minutes-f385eeddf783
Jobs in Vidisha - Check Latest (91) Job Openings (February 2023 ...,https://www.quikr.com/jobs/vidisha+zwqxj760939060
Master of Science in Public Policy and Management | Data Analytics ...,https://www.heinz.cmu.edu/programs/public-policy-management-master/data-analytics
Independent Private School I Catlin Gabel I Portland- OR,https://www.catlin.edu/
The Engineer's Guide to Level Safety Instrumentation and Overfill ...,https://www.emerson.com/documents/automation/engineering-guide-engineer-s-guide-to-overfill-prevention-rosemount-en-79906.pdf
Top 10 Highest-Paying Jobs in India |- Leverage Edu,https://leverageedu.com/discover/careers-in-india/top-10-highest-paying-jobs-in-india/
Quantum Learnings,https://quantumlearnings.in/
Future of Work | ORF,https://www.orfonline.org/tags/future-of-work/page/2/
How to Use a DSLR Camera? A Beginner's Guide - YouTube,https://www.youtube.com/watch?v=1WUW-OgBTe0
7 Things About... Olympic Swimming Pools - YouTube,https://www.youtube.com/watch?v=bZQ9ylTtBfQ
Adani Wilmar: Home,https://www.adaniwilmar.com/
Hal Varian Talks Data and Competition,https://history.siia.net/blog/index/Post/75715/Hal-Varian-Talks-Data-and-Competition
Untitled,https://www.indianjournals.com/ijor.aspx?target=ijor:jgibs&volume=2&issue=1&article=004&type=fulltext
Content Posted in 2013 | Trace: Tennessee Research and Creative ...,https://trace.tennessee.edu/2013.2.html
CERIAS Tech Report 2007-84 Protocols and Systems for Privacy ...,https://www.cerias.purdue.edu/assets/pdf/bibtex_archive/2007-86.pdf
Items from 2012 : Sussex Research Online,http://sro.sussex.ac.uk/view/year/2012.default.html
Rating - Codeforces,https://codeforces.com/ratings/organization/16305
Rating - Codeforces,https://codeforces.com/ratings/organization/30526
Rating - Codeforces,https://codeforces.com/ratings/organization/1637
4YZ_R SfZ]Ud gZ]]RXV Z_ 2cf_RTYR],https://www.dailypioneer.com/uploads/2021/epaper/january/bhopal-english-edition-2021-01-19.pdf
