Title,URL
MBA Internship in Chikkamagaluru | Internshala,https://internshala.com/internships/mba-internship-in-chikkamagaluru/
Syed Najam -Uz-Zaman - Chikkamagaluru- Karnataka- India | LinkedIn,https://in.linkedin.com/in/syed-najam-uz-zaman-a65202263
Amazon.in | Amazon.jobs,https://www.amazon.jobs/en/teams/in
Internship in Chikmagalur | Internshala,https://internshala.com/internships/internship-in-chikmagalur/
Bright Jobs Salaries in Chikkamagaluru | AmbitionBox,https://www.ambitionbox.com/salaries/bright-jobs-salaries/chikkamagaluru-location
ComEd - Careers,https://careers.comed.com/search/jobs
VASPP Technologies | LinkedIn,https://www.linkedin.com/company/vaspp-technologies
Top 10 Embroidery & Zari Training in Chikmagalur- Classes- Courses,https://www.sulekha.com/embroidery-zari-work-job-training/chikmagalur
upGrad hiring Admissions Counselor in Chikmagalur - Join leading ...,https://earlytutors.com/jobs/upgrad-admissions-counselor-in-chikmagalur-ka/
AIT Chikkamagaluru Cutoff 2022/2021/2020: Round-wise for all ...,https://www.shiksha.com/college/adichunchanagiri-institute-of-technology-chikkamagaluru-11644/cutoff
Careers Archives - Adichunchanagiri Institute of Technology,https://aitckm.in/category/careers/
Cloud Engineer Jobs Opening in Cassius Technologies at ...,https://www.freshersworld.com/jobs/cloud-engineer-jobs-opening-in-cassius-technologies-at-chikkamagaluru-1663629
Best Video Editing Courses & Certifications [2023] | Coursera,https://www.coursera.org/courses?query=video%20editing
Check Latest 59 Full Time Jobs Openings In Chikmagalur (February ...,https://www.quikr.com/jobs/full-time+chikmagalur+zwqxj2034660499
395 S&P Global Market Intelligence Jobs and Vacancies - 7 ...,https://in.indeed.com/S&P-Global-Market-Intelligence-jobs
Careers | John Deere IN,https://www.deere.co.in/en/our-company/john-deere-careers/
28 Machine Learning Job Vacancies In Mysore - Naukri.com,https://www.naukri.com/machine-learning-jobs-in-mysore
Mountain View Public School Vidyanagar- Chikkamagaluru ...,https://school.careers360.com/schools/mountain-view-public-school-vidyanagar-chikkamagaluru
Top Security Services in Chikmagalur - Best Security Guard ...,https://www.justdial.com/Chikmagalur/Security-Services/nct-10426615
Career Opportunities | Join the Layton Construction Team,https://www.laytonconstruction.com/careers
Solo trip to Chikmagalur from Bangalore on Suzuki Access 125cc ...,https://medium.com/@vasista/solo-trip-to-chikmagalur-from-bangalore-on-suzuki-access-125cc-e4dc6642110a
3 Teaching Job Vacancies in Chikmagalur - Nov (2022),https://www.monsterindia.com/search/teaching-jobs-in-chikmagalur
Top companies and startups in Chikmagalur | F6S Companies ...,https://www.f6s.com/companies/india/karnataka/chikmagalur/lo
India's nostalgic passion for old typewriters - BBC Future,https://www.bbc.com/future/article/20210928-indias-nostalgic-passion-for-old-typewriters
Is technology an Enabler or Disruptor?,https://newskarnataka.com/special/features/is-technology-an-enabler-or-disruptor/27042020
Fluence | A Siemens and AES Company,https://fluenceenergy.com/
M.Tech.Data Science & Engineering – BITS Pilani,https://bits-pilani-wilp.ac.in/m-tech/cluster/data-science-and-engineering.php
ABC Song | ABCD Alphabet Songs | ABC Songs for Children - 3D ...,https://www.youtube.com/watch?v=ZU8_YR74iMY
BGS Institute of Technology - YouTube,https://www.youtube.com/watch?v=qgCcAHjQUl8
Bangalore to Coorg Cabs- Bangalore to Chikmagalur Cabs ...,https://www.facebook.com/beecabs.in/videos/bangalore-to-coorg-cabs-bangalore-to-chikmagalur-cabs-bangalore-to-dandeli-cabs-/586991338412064/
Should Wife Be Money Minting Machine? - Daijiworld.com,https://www.daijiworld.com/chan/exclusiveDisplay?articlesID=5893
Srinivas University,https://srinivasuniversity.edu.in/
(PDF) Physical Education Attendance Based on Wireless and ...,https://www.researchgate.net/publication/362852447_Physical_Education_Attendance_Based_on_Wireless_and_Passive_RFID_Technology
(PDF) Performance Evaluation of Parallel Applications using MPI in ...,https://www.researchgate.net/publication/335686915_Performance_Evaluation_of_Parallel_Applications_using_MPI_in_Cluster_Based_Parallel_Computing_Architecture
Indian Social Entrepreneurs | SpringerLink,https://link.springer.com/chapter/10.1007/978-81-322-2827-1_4
Apply for Honorary LL.D. Award for Lawyers from Bombay High ...,https://sites.google.com/site/honorarydegreeacademics/apply-for-honorary-ll-d-award-for-lawyers-from-bombay-high-court-district-court-session-court-and-bar-council
International Essays (Part II) - Catholics in the Vatican II Era,https://www.cambridge.org/core/books/catholics-in-the-vatican-ii-era/international-essays/8296DE24B08D1FF63D63ACFEBB9BF218
