Title,URL
Current Openings I Instacart Jobs and Careers I Apply Today!,https://instacart.careers/current-openings/
Python Course in Sirsa,https://www.codingbytes.com/python-course/python-course-in-sirsa/
1995 Dsp Software Engineer Job Vacancies In Sirsa - Naukri.com,https://www.naukri.com/dsp-software-engineer-jobs-in-sirsa
Tanya Sethi | Machine Learning Engineer at Dataguise | ACHNET,https://www.achnet.com/profiles/tanyasethi
Machine Learning Training Course in Sirsa - Fees- Placements,http://quickxpert.com/machine-learning-training-course-in-sirsa
Jagmohan Singh - Software Development Engineer - Adobe | LinkedIn,https://www.linkedin.com/in/singhjagmohan4734
Top 10 Bank Security Guards Jobs in Sirsa- ATM Security Jobs Sirsa ...,https://www.sulekha.com/bank-atm-security-guards-jobs/sirsa
upGrad hiring Admissions Counselor in Sirsa - Join leading startup,https://earlytutors.com/jobs/upgrad-admissions-counselor-in-sirsa-hr/
Divya - Sirsa- : I am divya. I teach to english and computer course I ...,https://www.superprof.ng/divya-teach-english-and-computer-course-have-experience-year-teaching-from-college-want-teach-sirsa.html
Careers | Skechers (about.skechers.com),https://about.skechers.com/careers/
Reinforcement Learning Vs. Deep Reinforcement Learning,https://www.techopedia.com/reinforcement-learning-vs-deep-reinforcement-learning-whats-the-difference/2/34039
Jobs in Sirsa- Job Vacancies & Openings in Sirsa | OLX,https://www.olx.in/sirsa_g4058763/jobs_c4
Internships | National Center for Atmospheric Research,https://ncar.ucar.edu/opportunities/internships
India - Jobs at Apple (IN),https://jobs.apple.com/en-in/search?location=india-INDC
Pluton Store - Apple Authorised Reseller in India | iPhone | Mac | iPad,https://plutonstore.com/
Dera Sacha Sauda - Wikipedia,https://en.wikipedia.org/wiki/Dera_Sacha_Sauda
nCircle Tech: CAD & BIM Software Customization | Machine ...,https://ncircletech.com/
Data Science Landing Page | Global,https://career.bayer.com/en/career/working-at-bayer/functional-areas/datascience
Weexcel Software Salaries in Sirsa | AmbitionBox,https://www.ambitionbox.com/salaries/weexcel-software-salaries/sirsa-location
Reinforcement Learning — Teach a Taxi Cab to drive around with Q ...,https://towardsdatascience.com/reinforcement-learning-teach-a-taxi-cab-to-drive-around-with-q-learning-9913e611028f
Latest Telecalling Jobs in Sirsa - Internshala,https://internshala.com/jobs/telecalling-jobs-in-sirsa/
Goaffpro: The complete affiliate marketing solution for your ...,https://goaffpro.com/
How to Become a Robotics Engineer with Full Information – [Hindi ...,https://www.youtube.com/watch?v=J8hKlDPGcCw
(PDF) Cardiac Diagnostic Feature and Demographic Identification ...,https://www.researchgate.net/publication/352220356_Cardiac_Diagnostic_Feature_and_Demographic_Identification_Models_A_Futuristic_Approach_for_Smart_Healthcare_Using_Machine_Learning
Silki Garg | Chaudhary Devi Lal University-Sirsa-Haryana-India ...,https://cdlu.academia.edu/SilkiGarg
Haryana - The Tribune- Chandigarh- India,https://m.tribuneindia.com/2009/20091208/haryana.htm
An Architecture of Domain Independent and Extensible Intelligent ...,https://thesai.org/Downloads/Volume13No5/Paper_38-An_Architecture_of_Domain_Independent_and_Extensible_Intelligent_Tutoring_System.pdf
RPG Enterprises,https://www.rpggroup.com/
Erp Data Jobs in India - TimesJobs,https://m.timesjobs.com/jobskill/erp-data-jobs
Tweets with replies by SR SALMAN (@srsalman_ias) / Twitter,https://mobile.twitter.com/srsalman_ias/with_replies
27067 Digital Projects Jobs Openings in India,https://www.timesjobs.com/jobskill/digital-projects-jobs
Ethnopharmacology | Apply for Honorary DSc in ...,https://sites.google.com/site/honorarydegreeacademics/ethnopharmacology-apply-for-honorary-dsc-in-ethnopharmacology-admission-announcement
Career connect july 2016 issue by Surecom Media: CareerConnect ...,https://issuu.com/surecommediacareerconnectmagazine/docs/career_connect___july_2016_issue
Top Thiruvalluvar University - [TU] Affiliated Computer Applications ...,https://collegedunia.com/computer-applications/thiruvalluvar-university-tu-affiliated-colleges
Top Manonmaniam Sundaranar University Affiliated Computer ...,https://collegedunia.com/computer-applications/manonmaniam-sundaranar-university-affiliated-colleges
