Title,URL
7 Data Scientist jobs in Ludhiana- Punjab- India,https://in.linkedin.com/jobs/data-scientist-jobs-ludhiana
Park Plaza Ludhiana | LinkedIn,https://uk.linkedin.com/company/parkplazaludhiana
Astirmind | LinkedIn,https://in.linkedin.com/company/astirmind
Junior Machine Learning Associate Job in Ludhiana at Astirmind ...,https://internshala.com/job/detail/junior-machine-learning-associate-fresher-jobs-in-ludhiana-at-astirmind1673272614
Machine Learning Course in Ludhiana- Training | Sulekha,https://www.sulekha.com/machine-learning-courses/ludhiana
Amazon.in | Amazon.jobs,https://www.amazon.jobs/en/teams/in
Confidence to Deploy AI with World-Class Training Data,https://appen.com/
Aaishwarya Bansal - Machine Learning Platform Engineer ...,https://ca.linkedin.com/in/aaishwarya-bansal-436b46141
Freelance Jobs in Ludhiana- February 2023 | Glassdoor,https://www.glassdoor.com/Job/ludhiana-freelance-jobs-SRCH_IL.0,8_IC2939907_KO9,18.htm
Promatics Technologies Private Limited | LinkedIn,https://www.linkedin.com/company/promatics-technologies-private-limited
Best Data Science Course in Ludhiana - IIT Madras CCE Training,https://intellipaat.com/data-scientist-course-training-ludhiana/
10 Best Freelance SolidWorks Designers For Hire Near Ludhiana ...,https://www.upwork.com/hire/solidworks-freelancers/in/ludhiana/
Teaching assistant for machine learning Jobs | Glassdoor,https://www.glassdoor.co.in/Job/teaching-assistant-for-machine-learning-jobs-SRCH_KO0,39.htm
Artificial Intelligence Jobs In Ludhiana Punjab - 370 Artificial ...,https://www.naukri.com/artificial-intelligence-jobs-in-ludhiana-punjab
Gurvinder Singh - Guru Nanak Dev Engineering College- Ludhiana ...,https://www.linkedin.com/in/rednivrug
Artificial Intelligence & Machine Learning Training In Ludhiana,https://aptechludhiana.com/machine-learning-and-artifical-intelligence-courses-in-ludhiana/
Big Data Hadoop Course in Ludhiana [#1 LIVE Training Institute],https://www.edureka.co/big-data-hadoop-training-certification-ludhiana
Data Science Course in Ludhiana - Certification Fee 55% Off,https://datamites.com/data-science-course-training-ludhiana/
Data Science Course With Python Machine Learning in Ludhiana ...,https://www.apponix.com/data-science-course-in-ludhiana
Remote ML Engineer Jobs | Apply Now,https://www.turing.com/jobs/remote-machine-learning-engineer
Cloud AutoML Custom Machine Learning Models | Google Cloud,https://cloud.google.com/automl
Engineering | Uber Careers,https://www.uber.com/in/hi/careers/teams/engineering/
Academic Writer job at Education Culture - Instahyre,https://www.instahyre.com/job-180384-academic-writer-at-education-culture-ludhiana/
Remote Jobs - Work From Home,https://www.crossover.com/jobs
IIT-Mandi- US firm tie up for artificial intelligence,https://www.tribuneindia.com/news/archive/himachal/iit-mandi-us-firm-tie-up-for-artificial-intelligence-639561
Isolates of Salmonella enterica serotypes in CMC- Ludhiana: 2003 ...,https://www.researchgate.net/figure/Isolates-of-Salmonella-enterica-serotypes-in-CMC-Ludhiana-2003-2006_tbl3_23760570
Aanchal Aanchal - Electronic Engineer - Padman Stops | LinkedIn,https://au.linkedin.com/in/aanchal-aanchal-8a8552a5
Ludhiana Stories - The Tribune- Chandigarh- India,https://m.tribuneindia.com/2011/20110824/ldh1.htm
Ludhiana Stories - The Tribune- Chandigarh- India,https://m.tribuneindia.com/2001/20010729/ldh1.htm
Hire the Best Freelance Requirements gathering Developers ...,https://arc.dev/hire-developers/requirements-gathering
Siemens "big company" Reviews | Glassdoor,https://www.glassdoor.co.uk/Reviews/Siemens-big-company-Reviews-EI_IE3510.0,7_KH8,19.htm
Sagar Taneja | Punjab Remote Sensing Centre- Ludhiana ...,https://prsc.academia.edu/SagarTaneja
Voice of India for startups - Groupes | Facebook,https://fr-fr.facebook.com/Voifs.india/groups/
Course Curriculum | Department of Electrical Engineering ...,https://www.cuchd.in/uie/electrical-engg/be-electrical-course-curriculum.php
IEF - Posts | Facebook,https://m.facebook.com/IEFcommunity/posts/?ref=page_internal&mt_nav=0
