Title,URL
Jhansi Sumanjali Turumella - Advisor - Sofigate | LinkedIn,https://fi.linkedin.com/in/jhansi-sumanjali-turumella-8314b586
Jhansi Naveena Kurma - Associate - Morgan Stanley | LinkedIn,https://www.linkedin.com/in/jhansi-naveena-kurma-013bb5127
Jhansi- : PhD(pursuing) Computer Science( Machine Learning ...,https://www.superprof.ng/phd-pursuing-computer-science-machine-learning-gate-and-ugc-net-qualified-many-times-can-teach-any-core-subject-computer.html
Jhansi V. - Los Angeles- California- United States | Professional ...,https://www.linkedin.com/in/jhansi
Aditya Singh - Big Data Developer - On Demand Agility Solutions ...,https://in.linkedin.com/in/aditya-singh-46a96696
Data Science Instructor in Aupara- Jhansi - Job ID 12557823 ...,https://www.urbanpro.com/jhansi/data-science-instructor-in-aupara/34810392
jhansi mannam - Business analyst ll - SLB | LinkedIn,https://in.linkedin.com/in/jhansi-mannam-70843a14a
Abhijeet Sharma - Masai School - Jhansi- Uttar Pradesh- India ...,https://linkedin.com/in/abhijeetsharma1
Jhansi - CSE Developer Blog,https://devblogs.microsoft.com/cse/jhansi/
1 Marketing/Sales Jobs for Freshers in Jhansi- Jan | Internshala,https://internshala.com/fresher-jobs/marketing%2Fsales-jobs-in-jhansi/
Transfer Learning-Based Plant Disease Detection by G. Sumalatha ...,https://papers.ssrn.com/sol3/papers.cfm?abstract_id=3812960
0 HR Jobs for Freshers in Jhansi- Jan | Internshala,https://internshala.com/fresher-jobs/hr-jobs-in-jhansi/
Performance Evaluation of DLSARS Framework in Intelligent ...,https://papers.ssrn.com/sol3/papers.cfm?abstract_id=3738862
Recruitment internship in Jhansi with job offer,https://internshala.com/internships/recruitment-internship-in-jhansi/ppo-true/
Python Course in Jhansi,https://www.codingbytes.com/python-course/python-course-in-jhansi/
Hitachi - Careers,https://careers.hitachi.com/jobs/search
Developer Relation Engineer Jobs In Jhansi - 2016 Developer ...,https://www.naukri.com/developer-relation-engineer-jobs-in-jhansi
BlackBerry Careers - BlackBerry Jobs,https://www.blackberry.com/us/en/company/careers
Amazon Pay | Amazon.jobs,https://www.amazon.jobs/payments
Deep Learning of Paradigms: The Outlook | Request PDF,https://www.researchgate.net/publication/342710756_Deep_Learning_of_Paradigms_The_Outlook
Andrew D Hanson Lab on Twitter: "Excellent article "A guide to ...,https://twitter.com/adhansonlab/status/1442593512248070144
NC May event headliners: IGNITE- Coastal Entrepreneur Awards ...,https://wraltechwire.com/2019/05/06/nc-may-event-headliners-ignite-coastal-entrepreneur-awards-launchcamp-more/
Sikkim Manipal Institute of Technology – Sikkim Manipal University,https://smu.edu.in/smit.html/
CRISP-ML(Q) | Model Building | KNN & Hyperparameters - YouTube,https://www.youtube.com/watch?v=bQC5Y-yJ-l4
Assignment3 1,https://www.slideshare.net/s1190177/assignment3-1
Domino's Employment and Reviews | SimplyHired,https://www.simplyhired.com/company/Domino
Value Education: An Indian Perspective on the Need for Moral ...,https://www.degruyter.com/document/doi/10.2202/1940-1639.1077/pdf
Product Security Jobs,https://www.monsterindia.com/search/product-security-jobs
Accenture Analytics & Business Intelligence Department Salaries in ...,https://www.ambitionbox.com/salaries/accenture-salaries/analytics-and-business-intelligence-department
https://knihovna.fme.vutbr.cz/images/knihovna/doku...,https://knihovna.fme.vutbr.cz/images/knihovna/dokumenty/20210621_Engineering_2015-2021_VUT.xlsx
Browse Preprints - Authorea Team,https://www.authorea.com/browse-all?page=37&tags=%5B%22environmental+sciences%22%5D
Apply for Honorary DSc for Application Engineer - Honorary Awards,https://sites.google.com/site/honorarydegreeacademics/apply-for-honorary-dsc-for-application-engineer
Clinton's criminal code imprisons America's future,https://www.marxists.org/history/etol/newspape/news-and-letters/1990s/1994-04.pdf
Graduate Calendar.book,https://cdn.dal.ca/content/dam/dalhousie/pdf/academics/academiccalendar/GR20072008Calendar.pdf
Amy Ward - Administrator - The Hazeley Academy | LinkedIn,https://uk.linkedin.com/in/amy-ward-17ba46218
