Title,URL
Triumph Academy (@triumphacademy) • Instagram photos and videos,https://www.instagram.com/triumphacademy/?hl=en
Kapil Chauhan - Machine Learning Engineer - Mettl | LinkedIn,https://in.linkedin.com/in/kapil-chauhan-887b8b179
Government Engineering College Bhavnagar Alumni Association ...,https://www.facebook.com/GECBAA/
Interior Design internship in Bhavnagar with job offer,https://internshala.com/internships/interior-design-internship-in-bhavnagar/ppo-true/
Om Techsoft | LinkedIn,https://www.linkedin.com/company/omtechsoft
0 Computer Science Jobs for Freshers in Bhavnagar- Feb | Internshala,https://internshala.com/fresher-jobs/computer-science-jobs-in-bhavnagar
Machine Learning Jobs in Ahmedabad- Gujarat (Feb 2023) - 27 ...,https://www.shine.com/job-search/machine-learning-jobs-in-ahmedabad
Python Internship Job For 0-1 Year Exp In Ahmedabad- Bhavnagar ...,https://www.foundit.in/job/python-internship-ahmedabad-7474837
Ajaykumar Joshi - Principal Software Engineer - Cimpress | LinkedIn,https://www.linkedin.com/in/ajjoshi
Python Jobs in Bhavnagar (10 Vacancies) | Jobted India,https://www.jobted.in/python-jobs-bhavnagar
GOVERNMENT ENGINEERING COLLEGE- BHAVNAGAR: Home,http://www.gecbh.cteguj.in/
Urgent: Paid internship Jobs in Bhavnagar - February 2023 - 26 ...,https://in.jooble.org/jobs-paid-internship/Bhavnagar
Python Developer - Floatbot | Bhavnagar- Gujarat,https://www.simplyhired.co.in/job/NZNrDPkpRySwNcyxwYDxqxFh7tOnz07-xJ9P_KBFgn49NejNTVU5Dw
Online Jobs In Bhavnagar - 39 Online Job Vacancies In Bhavnagar ...,https://www.naukri.com/online-jobs-in-bhavnagar
Job Id: 27661511 – Machine Learning Engineer Job in IDTech ...,https://apna.co/job/kochi/machine-learning-engineer-27661511
Machining Job Work- Machine Job Work in Bhavnagar- मशीनिंग जॉब ...,https://dir.indiamart.com/bhavnagar/machining-job-work.html
Machine Learning Internship Job in Confidential at Ahmedabad ...,https://www.yuvajobs.com/jobs-vacancy-machine-learning-internship-confidential-14272763.html
Internship Job Vacancies in Bhavnagar Road- Rajkot-Internship ...,https://www.placementindia.com/job-search/internship-jobs-in-bhavnagar-road-rajkot.htm
I-TECH PLAST INDIA Salaries in Bhavnagar | AmbitionBox,https://www.ambitionbox.com/salaries/i-tech-plast-india-salaries/bhavnagar-location
21 Best Freelance Graphic Designers For Hire Near Bhavnagar- IN ...,https://www.upwork.com/l/in/graphic-designers-in-bhavnagar/
30597 Mcp Mca Computer Jobs Openings in India,https://www.timesjobs.com/jobskill/mcp-mca+computer-jobs
Sap Basis Mca Computer Jobs in India - TimesJobs,https://www.timesjobs.com/jobskill/sap-basis-mca+computer-jobs
(PDF) Optimizing scheduling performance through time slice ...,https://www.researchgate.net/publication/332115813_Optimizing_scheduling_performance_through_time_slice_management_based_on_Max_Min_strategy_in_cloud_system
Amazon.com Employment and Reviews | SimplyHired,https://www.simplyhired.com/company/Amazon.com/?l=Kansas+City%2C+KS
Apply Linear Systems Theory And Analysis Jobs in India - 54523 ...,https://m.timesjobs.com/jobskill/apply-linear-systems-theory-and-analysis-jobs
BMC Health Services Research | Articles,https://bmchealthservres.biomedcentral.com/articles?tab=citation&searchType=journalSearch&sort=PubDate&page=6
