Title,URL
Subrata Nandy - Director R&D - Ansys | LinkedIn,https://in.linkedin.com/in/subrata-nandy-6b843a9
Santipur Public School Assistant Teacher Salaries in India ...,https://www.ambitionbox.com/salaries/santipur-public-school-salaries/assistant-teacher
Seshadri Roy - Assistant Professor - SANTIPUR B ED COLLEGE ...,https://in.linkedin.com/in/seshadri-roy-29688b14
Junior Surveyor Salary in Santipur | AmbitionBox,https://www.ambitionbox.com/profile/junior-surveyor-salary/santipur-location
Flipkart Delivery Jobs In Shantipur 2023-24 Job Vacancy- India ...,https://www.quikr.com/jobs/flipkart-delivery-jobs-in-shantipur+zwqxj2726005330
Santipur Public School Review by 1 Employee | AmbitionBox,https://www.ambitionbox.com/reviews/santipur-public-school-reviews
Handloom workers' woes loom large in saree hub Santipur - The ...,https://economictimes.indiatimes.com/news/elections/assembly-elections/west-bengal/handloom-workers-woes-loom-large-in-saree-hub-santipur/articleshow/82089766.cms
Tutorials in Santipur,https://www.justdial.com/Santipur/Tutorials/nct-10502492
Corporate Website of Orange - orange.com | Corporate,https://www.orange.com/en
R. B. ENGINEERING AND INFRASTRUCTURE PRIVATE LIMITED ...,https://ca.linkedin.com/company/r.-b.-engineering-and-infrastructure-private-limited
OdinSchool - Industry-Aligned Bootcamps with Job Assistance,https://www.odinschool.com/
Santanu Das - ArtStation,https://www.artstation.com/santanudas
Sports | An Open Access Journal from MDPI,https://www.mdpi.com/journal/sports
Wordpress Course Training Institute In Shantipur- West Bengal ...,https://www.acesoftech.com/wordpress-course-training-institute-shantipur/
Digital Enterprise Services | Services | Siemens United Kingdom,https://new.siemens.com/uk/en/products/services/digital-enterprise-services.html
In Pictures: Jamdani- the traditional weaving art of Bengal and ...,https://gulfnews.com/photos/lifestyle/in-pictures-jamdani-the-traditional-weaving-art-of-bengal-and-bangladesh-1.1602137630666
M.Tech.Data Science & Engineering – BITS Pilani,https://bits-pilani-wilp.ac.in/m-tech/cluster/data-science-and-engineering.php
SBI Kiosk Bagdia-Santipur Br.00176,https://www.facebook.com/people/SBI-Kiosk-BagdiaSantipur-Br00176/100067485650813/
Acrylic Laser Cutting Machine at Rs 250000/piece | Santipur ...,https://www.indiamart.com/proddetail/acrylic-laser-cutting-machine-22937392855.html
West Bengal bypolls: TMC leading in all four seats - EastMojo,https://www.eastmojo.com/national-news/west-bengal/2021/11/02/west-bengal-bypolls-tmc-leading-in-all-four-seats/
Republic of India. A Study of the Educational System of India ...,https://files.eric.ed.gov/fulltext/ED054021.pdf
Ladies Kurti in Santipur- West Bengal | Get Latest Price from ...,https://dir.indiamart.com/santipur/ladies-kurtis.html
Certificate Course In Audition | Podcast Training in Mecheda,https://imagicmecheda.com/course/certificate-course-in-audition/
Sourajit Guha - Cupertino- California- United States | Professional ...,https://www.linkedin.com/in/sourajit-guha-118145
SANTIPUR CENTRAL MODEL SCHOOL,https://santipurcentralmodelschool.com/
Sharp NZ: Software- business internet and phone- printers- display ...,https://www.sharp.net.nz/
Women in cooperatives - Wikipedia,https://en.wikipedia.org/wiki/Women_in_cooperatives
पेटेंट कार्ाालर् OFFICIAL JOURNAL OF THE PATENT OFFICE,https://ipindia.gov.in/writereaddata/Portal/IPOJournal/1_4891_1/Part-1.pdf
Dependo Logistics Solutions Careers - Jobs In Dependo Logistics ...,https://www.naukri.com/dependo-logistics-solutions-jobs-careers-4096504
Bijay Gurung - Applied NLP Engineer - deepset | LinkedIn,https://np.linkedin.com/in/bijay-gurung
Jana Small Finance Bank | Online Banking and Financial Services,https://www.janabank.com/
NSOU - Learner Support Centre,http://www.wbnsou.ac.in/study_centres/List_of_Study_Centres_for_BDP-PG-BLIS_for_Admission.shtml
Shantipur – A town where dreams are woven in intricate handlooms ...,https://www.unnatisilks.com/blogs/fiber-talk/shantipur-a-town-where-dreams-are-woven-in-intricate-handlooms
NIPER Guwahati,https://niperguwahati.ac.in/
NEMCARE Group of Institutions (NGI) – NEMCARE Group of ...,https://ngiguwahati.in/
Infogence Global Research,https://www.infogenceglobalresearch.com/
Loyal Textiles: One of the Largest Textile Manufacturers in India Estd ...,https://loyaltextiles.com/
Pisyst India | Best IT Company| Best Company for Engineering ...,https://www.pi-sy.com/
Current Opportunities,https://www.bankofbaroda.in/career/current-opportunities
model activity task class 5 mathematics january 2022 || class 5 গণিত ...,https://www.youtube.com/watch?v=coNmqdcdmh8
Banglar bhumi khatian & plot information new process 2019 | Print ...,https://www.youtube.com/watch?v=0OjiCD5uERE
Santipur Tant Saree Collections ll Pure Cotton Print Saree ll ...,https://www.youtube.com/watch?v=bKZy8gtOmHY
Silk Saree Printing Process || Screen Printing on Silk - YouTube,https://www.youtube.com/watch?v=7zV8qXAWW5A
Warping Process In Textile || Direct Warping and Sectional Warping ...,https://www.youtube.com/watch?v=QlpFDsWipI8
How To Play Teen Patti - YouTube,https://www.youtube.com/watch?v=rzTG05VlsX0
Digital Jacquard loom - TC2 demonstration - YouTube,https://www.youtube.com/watch?v=UK6IqovdKLA
