Title,URL
IIITDM Kancheepuram,https://www.iiitdm.ac.in/
Dingu Sagar - Machine Learning Engineer - Drishti | LinkedIn,https://in.linkedin.com/in/dingu-sagar
Senior Engineer – Artificial Intelligence / Computer Vision ...,https://www.naukri.com/job-listings-senior-engineer-artificial-intelligence-computer-vision-successr-hr-tech-kanchipuram-tamil-nadu-3-to-7-years-230123908825
Deepak Raj Kanchipuram Swami - Junior Data Engineer - Deltatre ...,https://au.linkedin.com/in/deepak-raj-kanchipuram-swami-3154b9100
Electrical Engineer Jobs In Kanchipuram - 5 Electrical Engineer Job ...,https://www.naukri.com/electrical-engineer-jobs-in-kanchipuram
Chaitanya Vadthya - Software Engineer - Betalectic | LinkedIn,https://www.linkedin.com/wujing-frontend/chatin/wnc/in/chaitanya-vadthya-b97625140
Hardware Jobs In Kanchipuram - 4 Hardware Job Vacancies In ...,https://www.naukri.com/hardware-jobs-in-kanchipuram
Engineering Internship in Kanchipuram | Internshala,https://internshala.com/internships/engineering-internship-in-kanchipuram/
Livewire Kanchipuram - Job Scope after Pursuing Web Design ...,https://m.facebook.com/livewirekanchipuram/photos/a.2056062491182719/3529385257183761/?type=3
Faculty Position 2020 in IIITDM Kancheepuram- Chennai- India,https://researchersjob.com/faculty-position-2020-in-iiitdm/
Kanchipuram - Wikipedia,https://en.wikipedia.org/wiki/Kanchipuram
IIITDM- Kancheepuram- Chennai- Project Associate – I | FacultyPlus,https://www.facultyplus.com/iiitdm-kancheepuram-chennai-project-associate-i/
Dept. of CSE- IIITDM Kancheepuram,http://www.cse.iiitdm.ac.in/
Python Course in Kanchipuram,https://www.codingbytes.com/python-course/python-course-in-kanchipuram/
(An Institution of National Importance under MHRD- Government of ...,http://iiitdm.ac.in/img/Recruitment/2022/Advertisement_SRG_Dr_Ram_Prasad_Padhy_CSE.pdf
Cholamandalam Investment & Finance Salaries in Kancheepuram ...,https://www.ambitionbox.com/salaries/cholamandalam-investment-and-finance-salaries/kancheepuram-location
APVit: Home,https://www.apvit.com/
Larsen & Toubro And Tamil Nadu Government Sign Pact To Build ...,https://analyticsindiamag.com/larsen-toubro-and-tamil-nadu-government-sign-pact-to-build-data-centre-at-kanchipuram/
29 Fresher Jobs and Vacancies in Kanchipuram- Tamil Nadu - 6 ...,https://in.indeed.com/Fresher-jobs-in-Kanchipuram,-Tamil-Nadu
A collaborative filtering recommendation algorithm based on ...,https://www.researchgate.net/publication/338703343_A_collaborative_filtering_recommendation_algorithm_based_on_normalization_approach
Data Science In Hindi- Data Science For Beginners- What Is Data ...,https://www.youtube.com/watch?v=U_CCKibxYjs
Exela Technologies Employment and Reviews | SimplyHired,https://www.simplyhired.com/company/Exela%20Technologies/?l=Charlotte%2C+NC
Palantir Technologies - Forward Deployed Software Engineer: UK ...,https://jobs.lever.co/palantir/1d51a14a-e65c-479b-a36c-ba8745df4c7d/apply
Voltech Group : Excellence in Engineering Products & Services,https://www.voltechgroup.com/
Copy of 1.3.4 NAAC Compiled .xlsx,https://static1.squarespace.com/static/5f8a85fc2ad7a514c3fdaf60/t/61fb5b1ef41ea0652831e3e2/1643862820511/Details+of+field+visits%3Aprojects%3Aintern%3Aindusvisit%3Acommunity+postings.pdf
ST COURIER PVT LTD | The People's Choice,http://stcourier.com/
Foxconn | LinkedIn,https://dk.linkedin.com/company/foxconn?trk=public_profile_experience-item_profile-section-card_subtitle-click
BTech AI and ML Syllabus- Subjects- Top Colleges- Yearly ...,https://collegedunia.com/courses/bachelor-of-technology-btech-artificial-intelligence-and-machine-learning/syllabus
Embracing the digital future,https://www.idf.org/component/attachments/attachments.html?id=540&task=download
How to conduct legal analysis and research on various legal matters ...,https://sites.google.com/site/honorarydegreeacademics/how-to-conduct-legal-analysis-and-research-on-various-legal-matters
Home Automation Jobs,https://www.monsterindia.com/search/home-automation-jobs
Kobelco Construction Machinery Europe B.V. | LinkedIn,https://it.linkedin.com/company/kobelco-construction-machinery-europe-b-v-?trk=public_profile_experience-item_profile-section-card_image-click
Career connect july 2016 issue by Surecom Media: CareerConnect ...,https://issuu.com/surecommediacareerconnectmagazine/docs/career_connect___july_2016_issue
WORKING PAPER SERIES,https://core.ac.uk/download/pdf/7070608.pdf
