Title,URL
Job search | Amazon.jobs,https://www.amazon.jobs/en/search?offset=0&result_limit=10&sort=relevant&category=machine-learning-science&distanceType=Mi&radius=24km&latitude=&longitude=&loc_group_id=&loc_query=India&base_query=&city=&country=IND&region=&county=&query_options=&
Search Engine Optimization (SEO) Internship in Jamalpur | Internshala,https://internshala.com/internships/search-engine-optimization-(seo)-internship-in-jamalpur/
Indian Railways Institute Of Mechanical & Electrical Engineering ...,https://in.linkedin.com/company/indian-railways-institute-of-mechanical-&-electrical-engineering
The Best AI Freelancers For Hire In Pakistan - Upwork™,https://www.upwork.com/l/pk/ai-freelancers/
Robomanthan | LinkedIn,https://in.linkedin.com/company/robomanthan
Deep learning time series to forecast COVID-19 active cases in ...,https://iopscience.iop.org/article/10.1088/1757-899X/981/2/022041/meta
Sravan Balaji - Intermediate Autonomous Systems Engineer ...,https://www.linkedin.com/in/sravan-balaji
Amazon CodeGuru | Find Your Most Expensive Lines Of Code | AWS,https://aws.amazon.com/codeguru/
Afrin Jahan Chowdhury - Lecturer - Sheikh Fazilatunnesa Mujib ...,https://bd.linkedin.com/in/afrinjahanchowdhury
Skill21 Newsletter_14_May,https://www.ilo.org/wcmsp5/groups/public/---asia/---ro-bangkok/---ilo-dhaka/documents/publication/wcms_745069.pdf
North Adams Community Schools / NACS Homepage,https://www.nadams.k12.in.us/
Operations Technology | Amazon.jobs,https://jobs-us-east.amazon.com/en-gb/business_categories/operations-technology
Jefferson Memorial Hospital: Tennova Healthcare,https://www.tennovajefferson.com/
Top Computer Classes in Jamalpur Gogri - Best Computer Training ...,https://www.justdial.com/Khagaria/Computer-Training-Institutes-in-Jamalpur-Gogri/nct-10124277
Reliance Job 2023-24 Job Vacancy- Jamalpur - Recruitment ...,https://www.quikr.com/jobs/reliance-job-vacancies+jamalpur+zwqxj4157493934
Rivigo Jamalpur Reviews by 10 Employees | AmbitionBox,https://www.ambitionbox.com/reviews/rivigo-reviews/jamalpur-location
Facilities and Resources | Webb Institute,https://www.webb.edu/academics/facilities-and-resources/
Job Opportunities in Jamalpur (Bihar) | Hiring Now | Talent.com,https://in.talent.com/jobs?k=&l=jamalpur
‪Mohammad Hasan‬ - ‪Google Scholar‬,https://scholar.google.com/citations?user=cWjftMUAAAAJ&hl=en
Anik Modak - Associate Software Engineer - Therap (BD) Ltd ...,https://linkedin.com/in/anik-modak-b06bb8178/
Eastern Railway,https://er.indianrailways.gov.in/
Mensa Brands: Home,https://mensabrands.com/
Textile Arts groups in Jamalpur Sadar Upazila | Facebook,https://www.facebook.com/groups/category/textile-arts-jamalpur-sadar-upazila/4296314687084107/
Pathogens | Free Full-Text | Foot-and-Mouth Disease Space-Time ...,https://www.mdpi.com/2076-0817/9/6/423
(B.Sc.) in Bioinformatics Engineering,https://csm.bau.edu.bd/pages/view_2/NDIy
Amazon.jobs,https://amazon.jobs/military?cmpid=SAGOSD2581H8
Top 10 Maths Tuition in Jamalpur- Math Tutors- Tuition Centres ...,https://www.sulekha.com/maths-tuitions/jamalpur
Search jobs- also govt.- newspaper job- post resume & apply online,https://jobs.bdjobs.com/jobsearch.asp?locationId=22&locationName=Mymensingh
Deployment On Heroku | Deploy ML/DL Streamlit Application on ...,https://www.analyticsvidhya.com/blog/2021/06/deploy-your-ml-dl-streamlit-application-on-heroku/
Asian Multispeciality Hospital- Multi-Speciality Hospital in Jamalpur ...,https://www.practo.com/ludhiana/hospital/asian-multispeciality-hospital-jamalpur-awana
TVS Supply Chain Solutions - TVS SCS,https://www.tvsscs.com/
Faculty Members of EEE – Sheikh Fazilatunnesa Mujib University ...,https://www.sfmu.edu.bd/faculty-of-eee/
Incepta Pharmaceuticals Reviews: What Is It Like to Work At Incepta ...,https://www.glassdoor.com/Reviews/Incepta-Pharmaceuticals-Reviews-E487583.htm
Senior Instructor- Embroidery; Skills Development Programme ...,https://www.careerz360.com/bangladesh/brac-senior-instructor,-embroidery;-skills-development-programme-project-staff-jamalpur-jobs-191403
L. D. College of Engineering,http://ldce.ac.in/
Mathematics Jobs in Bangladesh | Careerjet,https://www.careerjet.com.bd/mathematics-jobs.html
Curriculum | Ryan International School- Jamalpur - Ryan Group,https://www.ryangroup.org/ryaninternational/cbse/ludhiana/ryan-international-school-jamalpur/academics/curriculum
How to Get Job in Amazon With Full Information? – [Hindi] – Quick ...,https://www.youtube.com/watch?v=SV7XY7_DX-Q
(PDF) Contemporary Applications of Fog Computing along with ...,https://www.researchgate.net/publication/340478538_Contemporary_Applications_of_Fog_Computing_along_with_Security_Problems_and_Solutions
Adani Wilmar: Home,https://www.adaniwilmar.com/
Amazon.com Employment and Reviews | SimplyHired,https://www.simplyhired.com/company/Amazon.com/?l=Kansas+City%2C+KS
Detection of Malicious Servers for Preventing Client-Side Attacks ...,https://go.gale.com/ps/i.do?id=GALE%7CA668279438&sid=googleScholar&v=2.1&it=r&linkaccess=abs&issn=02547821&p=AONE&sw=w
Ludhiana Stories - The Tribune- Chandigarh- India,https://m.tribuneindia.com/2001/20010729/ldh1.htm
Untitled,https://www.marxists.org/history/etol/newspape/themilitant/1971/v35n46-dec-17-1971-mil.pdf
National and Regional (Part II) - The Cambridge History of Science,https://www.cambridge.org/core/books/cambridge-history-of-science/national-and-regional/54588DCEAD1C89FC97F9A1C558668F08
Rural Development Progran1n1e IV,http://dspace.bracu.ac.bd/xmlui/bitstream/handle/10361/6249/RDP%20IV%20Proposal%2C%201996-2000.pdf?sequence=1&isAllowed=y
