Title,URL
Dadhich Marbles | LinkedIn,https://in.linkedin.com/company/dadhich-marbles
Bacardi Careers | Bacardi Jobs - Bacardi Limited,https://www.bacardilimited.com/careers/
Cosmos Group of Companies. | LinkedIn,https://in.linkedin.com/company/cosmos-group-of-companies-
Careers - Huron,https://www.huronconsultinggroup.com/company/careers
Stanford University Careers - Jobs,https://careersearch.stanford.edu/
AU Small Finance Bank Banking Officer Salaries in Nagaur ...,https://www.ambitionbox.com/salaries/au-small-finance-bank-salaries/banking-officer/nagaur-location
Master of Engineering - UC Berkeley IEOR Department - Industrial ...,https://ieor.berkeley.edu/academics/master-of-engineering/
Stitching Services- Stitching Job Work in Nagaur- सिलाई सेवाएं- नागौर,https://dir.indiamart.com/nagaur/stitching-services.html
21259 Digital Designer Job Vacancies In Nagaur - Naukri.com,https://www.naukri.com/digital-designer-jobs-in-nagaur
Evaluation of Neoproterozoic source rock potential in SE Pakistan ...,https://www.nature.com/articles/s41598-022-14831-5
Jaguar Land Rover to recruit fired Irish-based Twitter and Facebook ...,https://www.irishtimes.com/business/2022/11/18/jaguar-land-rover-to-recruit-fired-irish-based-twitter-and-facebook-workers/
Jobs in Nagaur - Check Latest (66) Job Openings (February 2023 ...,https://www.quikr.com/jobs/nagaur+zwqxj760939060
Careers - Perfetti Van Melle,https://www.perfettivanmelle.com/careers/
Nearest Branches & Bank ATMs in Nagaur- Rajasthan | HDFC Bank,https://near-me.hdfcbank.com/branch-atm-locator/location/rajasthan/nagaur
List of Top Data Entry Job Works in Nagaur - Best Online Data Entry ...,https://www.justdial.com/Nagaur/Data-Entry-Job-Works-in-Kuchaman/nct-10619111
PRAKASH WELDING ACCESSORIES Company Profile | Nagaur ...,https://www.dnb.com/business-directory/company-profiles.prakash_welding_accessories.f40d138158a90cb298ba72492d975749.html
Daniel Nagaur - Senior Digital Marketing Manager - Thalia Furs ...,https://uk.linkedin.com/in/daniel-nagaur-8855b12a
Vibrant Global Group | LinkedIn,https://www.linkedin.com/company/vibrant-global-group
Section: I NCO CODE LIST,https://adfdell.pstc.brown.edu/arisreds_data/public06/NCO_codelist.pdf
iHub Drishti Foundation Indian Institute of Technology Jodhpur ...,https://ihub-drishti.ai/images/pdf/1Project_JRF.pdf
Careers | Ambuja Cement,https://www.ambujacement.com/careers
Visual Computing,https://ihub-drishti.ai/research-and-development-labs/visual-computing-lab
51 LMS Statistics: 2023 Data- Trends & Predictions | Research.com,https://research.com/education/lms-statistics
Medical Representative Job Description,https://www.betterteam.com/medical-representative-job-description
Search and Discovery,https://www.searchanddiscovery.com/sandd2s.html
Machine learning Jobs: Jobs for freshers with Machine learning ...,https://www.freshersworld.com/machine-learning-jobs/3535242
The European Union and South Africa | EEAS Website,https://www.eeas.europa.eu/south-africa/european-union-and-south-africa_en?s=120
LERA - Little Engineer Robotics Academy Rajasthan | Abu Road,https://www.facebook.com/leraburoad/
Find Job | Work Assist,https://workassist.in/job-category/business-analytics
VNIT- Nagpur,https://vnit.ac.in/
Candidate | Deen Dayal Upadhyaya Grameen Kaushalya Yojana ...,http://ddugky.gov.in/content/enrol
Career at AU Small Finance Bank | Find the Current Job Openings ...,https://www.aubank.in/careers
pico machine se ambroidary break like embroidery machine ...,https://www.youtube.com/watch?v=Ws-qpLvA8TI
Hinduja Group Ltd.,https://www.hindujagroup.com/
Tweets with replies by SR SALMAN (@srsalman_ias) / Twitter,https://mobile.twitter.com/srsalman_ias/with_replies
Ethnopharmacology | Apply for Honorary DSc in ...,https://sites.google.com/site/honorarydegreeacademics/ethnopharmacology-apply-for-honorary-dsc-in-ethnopharmacology-admission-announcement
Solicitar Honorario D. Litt. en lengua y literatura españolas ...,https://sites.google.com/site/honorarydegreeacademics/solicitar-honorario-d-litt-en-lengua-y-literatura-espanolas
Apply For Honorary PhD for School Principal | School Education ...,https://sites.google.com/site/honorarydegreeacademics/apply-for-honorary-phd-for-school-principal-school-education-development-program
(PDF) Effect of meteorological variables on Plasmodium vivax and ...,https://www.researchgate.net/publication/314488782_Effect_of_meteorological_variables_on_Plasmodium_vivax_and_Plasmodium_falciparum_malaria_in_outbreak_prone_districts_of_Rajasthan_India
