Title,URL
Official website of District Baramulla | Only Place in the World ...,https://baramulla.nic.in/
GMC Baramulla Junior Resident Doctor Salaries in Baramula ...,https://www.ambitionbox.com/salaries/gmc-baramulla-salaries/junior-resident-doctor/baramula-location
Career Benefits of getting AWS Certifications,https://www.scholarhat.com/tutorial/aws/career-benefits-of-getting-aws-certifications
GMC Baramulla Medical Assistant Salaries in Baramula | AmbitionBox,https://www.ambitionbox.com/salaries/gmc-baramulla-salaries/medical-assistant/baramula-location
About Us | ScholarHat,https://www.scholarhat.com/about-us
Top Paying Microsoft Azure Jobs in 2022,https://www.dotnettricks.com/learn/azure/top-paying-microsoft-azure-jobs-in-2022
AYUSH Baramulla,https://m.facebook.com/people/AYUSH-Baramulla/100069702938459/
Jobs in Baramulla - Check Latest (61) Job Openings (February 2023 ...,https://www.quikr.com/jobs/baramulla+zwqxj760939060
M.Tech.Data Science & Engineering – BITS Pilani,https://bits-pilani-wilp.ac.in/m-tech/cluster/data-science-and-engineering.php
DC Baramulla,https://www.facebook.com/dcbaramulla/
Harsh Bhatt - Software Engineer - Instagram | LinkedIn,https://www.linkedin.com/in/harshbhatt921
Candidate | Deen Dayal Upadhyaya Grameen Kaushalya Yojana ...,http://ddugky.gov.in/content/enrol
D&A - CCB Capacity Planning & Analytics - Associate Job,https://www.jobaaj.com/job-overview?title=d&a---ccb-capacity-planning-&-analytics---data-scientist---associate&product_id=24525
Govt Industrial Training Institute Baramulla | ITI Directory,https://iti.directory/baramula/govt-industrial-training-institute-baramulla
Vlsi or machine learning - Electronics Engineer,https://www.careerguide.com/ask/t/vlsi-or-machine-learning
Yawar Ashraf - University of Toronto - Greater Toronto Area- Canada ...,https://ca.linkedin.com/in/yawar-ashraf-7961611a0
Vocational Trainers Govt. Schools of J&K under Samagra Shiksha ...,https://jkalerts.com/jammu-kashmir-jobs/srinagar/government-srinagar/vocational-trainers-govt-schools-of-jk-under-samagra-shiksha-33-posts/
Republic of India. A Study of the Educational System of India ...,https://files.eric.ed.gov/fulltext/ED054021.pdf
