Title,URL
Data scientist salary in Thanjavur- Tamil Nadu,https://in.indeed.com/career/data-scientist/salaries/Thanjavur--Tamil-Nadu
Da Vinci meets Thanjavur Paintings - Tryst with Deep Learning,https://www.linkedin.com/pulse/da-vinci-meets-thanjavur-paintings-tryst-deep-swami-chandrasekaran
Medlar Publishing Solutions Pvt Ltd | LinkedIn,https://in.linkedin.com/company/medlar-publishing-solutions
761 Machine Learning Jobs and Vacancies in Tamil Nadu - 5 ...,https://in.indeed.com/Machine-Learning-jobs-in-Tamil-Nadu
Arul Elvis J - Senior Integration Developer - CrowdStrike | LinkedIn,https://in.linkedin.com/in/elvis-arul
Computer Science Internship in Thanjavur | Internshala,https://internshala.com/internships/computer-science-internship-in-thanjavur/
yakkaservices | LinkedIn,https://in.linkedin.com/company/yakkaservice
Amazon Jobs In Chennai Thanjavur - 13 Amazon Job Vacancies In ...,https://www.naukri.com/amazon-jobs-in-chennai-thanjavur
Sibi Nehru - Software Engineer - Coda- a Presidio Cloud Company ...,https://in.linkedin.com/in/sibi-nehru
Join Our Growing Team If You Are Passionate and Solution Oriented,https://www.mygreatlearning.com/careers
Opportunities of Artificial Intelligence and Machine Learning in the ...,https://www.hindawi.com/journals/jfq/2021/4535567/
Sardonyx Technologies: Home,https://www.sardonyx.in/sardonyx-home.html
Silicon Labs,https://www.silabs.com/
Bachelor of Technology (B.Tech.) CSE in Artificial Intelligence ...,https://universitykart.com/university/universitycourse/ponnaiyah-ramajayam-university-thanjavur/b-tech-cse-in-artificial-intelligence-and-machine-learning
Production Engineering at Facebook - Engineering at Meta,https://engineering.fb.com/category/production-engineering/
Software Engineer Salary in Thanjavur | AmbitionBox,https://www.ambitionbox.com/profile/software-engineer-salary/thanjavur-location
Internships for students | Amazon.jobs,https://www.amazon.jobs/teams/internships-for-students
20 Best company jobs in Thanjavur- Tamil Nadu (Hiring Now ...,https://www.simplyhired.co.in/search?q=company&l=thanjavur%2C+tamil+nadu
Job search | Amazon.jobs,https://www.amazon.jobs/en/search?base_query=&loc_query=Tamil+Nadu%2C+India&region=Tamil+Nadu&country=IND
CNC Programming Training in Thanjavur- Classes- Courses- Institutes,https://www.sulekha.com/cnc-programming-training/thanjavur
Mahalakshmi Gurudevan - Oracle Database Administrator ...,https://za.linkedin.com/in/mahalakshmi-gurudevan-07a24140
Simulation of dialogue management for learning dialogue strategy ...,https://www.researchgate.net/publication/241161838_Simulation_of_dialogue_management_for_learning_dialogue_strategy_using_learning_automata
Lakshmi Group | Lakshmi Group Thanjavur Lakshmi Hotel | Lakshmi ...,https://www.lakshmigroup.org/
Exela Technologies Employment and Reviews | SimplyHired,https://www.simplyhired.com/company/Exela%20Technologies/?l=Charlotte%2C+NC
Now- access your medical records at a click - BusinessLine on ...,https://bloncampus.thehindubusinessline.com/entrepreneurship/now-access-your-medical-records-at-a-click/article9499168.ece
Retrospective study factors related to preterm birth in government ...,https://go.gale.com/ps/i.do?id=GALE%7CA463292118&sid=googleScholar&v=2.1&it=r&linkaccess=abs&issn=23201770&p=HRCA&sw=w
Pareekh Jain on LinkedIn: #eiirinteresting #engineering ...,https://ca.linkedin.com/posts/pareekhjain_eiirinteresting-engineering-mechanical-activity-6977602571112783872-xqoq
Market Assessment- Colorectal Cancer Geographic Focus: China ...,https://clarivate.com/products/research-reports/report/concon0001-biopharma-colorectal-cancer-geographic-focus-china/
Business Intelligence Fresher Jobs in India - 49909 Business ...,https://www.timesjobs.com/jobskill/business-intelligence-fresher-jobs
Web Designer Programmer Post Graduate Jobs in India - 103199 ...,https://www.timesjobs.com/jobskill/web-designer-programmer-post+graduate-jobs
Digital Marketing | Facebook,https://www.facebook.com/groups/132113030531023/
Top 10 Fashion Technology Colleges - 2022,https://www.thehighereducationreview.com/institution-listing/top-10-fashion-technology-colleges-2022-cid-259.html
Physical Plan • Pig supports,https://www.slideshare.net/hadoop/practical-problem-solving-with-apache-hadoop-pig/185-Physical_Plan_Pig_supports_two
Welcome to rediff.com : The Money Specials home page,https://www.rediff.com/money/spe04jul.htm
Language in India,http://www.languageinindia.com/dec2012/mahendaranmigrantworkers.html
6032 Lecturer University Jobs Openings in India,https://m.timesjobs.com/jobskill/lecturer-university-jobs
Home Automation Jobs,https://www.monsterindia.com/search/home-automation-jobs
Career connect july 2016 issue by Surecom Media: CareerConnect ...,https://issuu.com/surecommediacareerconnectmagazine/docs/career_connect___july_2016_issue
