Title,URL
636 Machine Learning jobs in Delhi- India (15 new),https://in.linkedin.com/jobs/machine-learning-jobs-delhi
254 Machine Learning Jobs and Vacancies in Delhi- Delhi - 6 ...,https://in.indeed.com/Machine-Learning-jobs-in-Delhi,-Delhi
Machine learning Jobs in New Delhi- January 2023 | Glassdoor,https://www.glassdoor.co.in/Job/new-delhi-machine-learning-jobs-SRCH_IL.0,9_IC2891681_KO10,26.htm
Machine Learning Engineer at Aftershoot • Delhi • Gurgaon • Delhi ...,https://angel.co/company/aftershootco/jobs/852483-machine-learning-engineer
Esri R&D Center- New Delhi | Jobs for Data Scientists- GIS Analysts ...,https://www.esri.com/en-us/about/about-esri/rd-center-new-delhi
Careers at Microsoft | Microsoft jobs,https://careers.microsoft.com/us/en/
Machine Learning Engineer Jobs in Delhi- India - December 2022 ...,https://angel.co/role/l/machine-learning-engineer/new-delhi
Search Jobs - Google Careers,https://careers.google.com/jobs/
14+ Deep Learning Jobs in Delhi- NCR and Gurgaon | Deep ...,https://cutshort.io/jobs/deep-learning-jobs-in-delhi-ncr-gurgaon-noida
Machine Learning Engineer job at Endovision - Instahyre,https://www.instahyre.com/job-129510-machine-learning-engineer-at-endovision-delhi/
Explore job opportunities | Adobe careers,https://www.adobe.com/careers.html
AI & Data Science Opportunities | JPMorganChase & Co.,https://careers.jpmorgan.com/in/en/students/programs/data-analytics-opportunities
Careers at Airbnb,https://careers.airbnb.com/
India Machine Learning | Amazon.jobs,https://www.amazon.jobs/en/landing_pages/india-machine-learning
Define your career with IBM,https://www.ibm.com/careers/in-en/
IIT Delhi Machine Learning Engineer Salaries in India | Glassdoor,https://www.glassdoor.com/Salary/IIT-Delhi-Machine-Learning-Engineer-India-Salaries-EJI_IE366506.0,9_KO10,35_IL.36,41_IN115.htm
Machine Learning Course in Delhi,https://www.edureka.co/machine-learning-certification-training-delhi
20 Best machine learning jobs in New Delhi- Delhi (Hiring Now ...,https://www.simplyhired.co.in/search?q=machine+learning&l=new+delhi%2C+delhi
How much is the Machine Learning Course Fee in Delhi?,https://datamites.com/blog/how-much-is-the-machine-learning-course-fee-in-delhi/
Careers | Thomson Reuters,https://www.thomsonreuters.com/en/careers.html
Machine Learning Engineer Salary in India - [# Updated 2023],https://intellipaat.com/blog/machine-learning-engineer-salary-in-india/
Twitter Careers,https://careers.twitter.com/
Python Developer - Machine Learning Job in Delhi- DL at Bada ...,https://www.ziprecruiter.com/c/Bada-Business-Pvt-Ltd/Job/Python-Developer-Machine-Learning/-in-Delhi,IND?jid=66ce66b072605875
Professional ML Engineer Certification | Google Cloud,https://cloud.google.com/certification/machine-learning-engineer
Somya Arora - Machine Learning Engineer - Twitter | LinkedIn,https://www.linkedin.com/in/somyarora
Careers | Cadence,https://www.cadence.com/en_US/home/company/careers.html
Great Learning: Online Courses- PG Certificates and Degree ...,https://www.mygreatlearning.com/
Job Opportunities​ - Secure your future. Join Irdeto,https://careers.irdeto.com/vacancies/
Binance Job Openings,https://www.binance.com/en/careers/job-openings
Cisco: Networking- Cloud- and Cybersecurity Solutions,https://www.cisco.com/
Data Science Deep Learning Machine Learning Job For 1-5 Year ...,https://www.foundit.in/job/data-science-deep-learning-machine-learning-bpac-it-solution-delhi-9780865
New Delhi Startup Jobs in February 2023,https://startup.jobs/locations/new-delhi
Top 10 Highest Paying Jobs in Delhi [A Complete Report] | upGrad ...,https://www.upgrad.com/blog/highest-paying-jobs-in-delhi/
Machine Learning Engineer Salary in New Delhi | AmbitionBox,https://www.ambitionbox.com/profile/machine-learning-engineer-salary/new-delhi-location
Machine Learning Salary in India in 2023 [For Freshers ...,https://www.upgrad.com/blog/machine-learning-engineer-salary-in-india-freshers-experienced/
Coursera | Degrees- Certificates- & Free Online Courses,https://www.coursera.org/
Deep Learning Training Institute in Delhi | 100% Job Assistance,https://www.cromacampus.com/courses/deep-learning-training-in-delhi/
Advanced Analytics Group,https://www.bain.com/careers/roles/analytics/
Confidence to Deploy AI with World-Class Training Data,https://appen.com/
Working at IQVIA | Jobs and Careers at IQVIA,https://jobs.iqvia.com/
Machine learning Jobs: Jobs for freshers with Machine learning ...,https://www.freshersworld.com/machine-learning-jobs/3535242
Vice President - Machine Learning - AI Startup (8-15 yrs)- Delhi ...,https://www.iimjobs.com/j/vice-president-machine-learning-ai-startup-8-15-yrs-1105041.html?ref=cl
Data Scientist - Machine Learning/Artificial Intelligence - IT (6-12 yrs ...,https://www.iimjobs.com/j/data-scientist-machine-learning-artificial-intelligence-it-6-12-yrs-1037575.html
Machine Learning Jobs: Salary- Freshers Jobs- Internships- Career ...,https://collegedunia.com/courses/machine-learning/career-options-and-jobs
Taboola Jobs search - Join our team | Taboola,https://www.taboola.com/careers/jobs
Red Hat Jobs | Opportunities are open,https://www.redhat.com/en/jobs
Current Openings I Instacart Jobs and Careers I Apply Today!,https://instacart.careers/current-openings/
Jobs at Intel in India,https://www.intel.com/content/www/us/en/jobs/locations/india.html
Machine Learning Course in Delhi | Machine Learning Institute in ...,https://www.madridsoftwaretrainings.com/machine-learning-course-training-in-delhi
Job Openings | Uber Careers,https://www.uber.com/us/en/careers/list/
Bengaluru scores over Delhi- Pune; earns top spot with maximum ...,https://economictimes.indiatimes.com/magazines/panache/bengaluru-scores-over-delhi-pune-earns-top-spot-with-maximum-tech-job-opportunities/articleshow/64543654.cms
Work With Us,https://www.worldbank.org/en/work-with-us
Professional Certificate Program In AI And Machine Learning- Delhi,https://www.simplilearn.com/pgp-ai-machine-learning-certification-training-course-delhi-city
Machine Learning Internship | Internshala,https://internshala.com/internships/machine-learning-internship/
Airbus Careers | Airbus,https://www.airbus.com/en/careers
Angad Singh - Machine Learning Engineer - Waymo | LinkedIn,https://uk.linkedin.com/in/angad-singh9
Best Machine Learning Course Institute in Delhi- Noida & Gurugram,https://www.digitalparadize.in/best-machine-learning-course-institute-in-delhi-noida-&-gurugram/
Machine Learning Engineer Cover Letter Examples (2023 Guide ...,https://brainstation.io/career-guides/machine-learning-engineer-cover-letter-examples
Data Science Course in Delhi | Online Certification | AP2V,https://www.ap2v.com/machine-learning-with-data-science-in-delhi
Urgent: Data science machine learning Jobs in Delhi - February ...,https://in.jooble.org/jobs-data-science-machine-learning/Delhi
▷ Machine Learning tutors in New Delhi - TeacherOn,https://www.teacheron.com/machine_learning-tutors-in-new_delhi
Natural Language Processing and Speech Technologies - Jobs ...,https://jobs.apple.com/en-us/search?team=natural-language-processing-and-speech-technologies-MLAI-NLP
Career Opportunities- Openings and Jobs in India | HCLTech,https://www.hcltech.com/careers/Careers-in-india
Grow Your Career At Hive: Hiring Engineers and Other Roles | Hive,https://thehive.ai/careers
Remote ML Engineer Jobs | Apply Now,https://www.turing.com/jobs/remote-machine-learning-engineer
Data Scientist with Machine Learning Skills Salary in New Delhi ...,https://www.payscale.com/research/IN/Job=Data_Scientist/Salary/fe9d8204/New-Delhi-Machine-Learning
Machine learning | UNjobs,https://unjobs.org/themes/machine-learning
Introduction To Machine Learning - Best Programming Language ...,https://www.ssdntech.com/blog/introduction-to-machine-learning/
2020-Events – IEEE Delhi Communications Chapter,https://r10.ieee.org/delhi-com/2020-events/
Job Search | Careers at CERN,https://careers.cern/alljobs
IQVIA: Powering Healthcare with Connected Intelligence,https://www.iqvia.com/
IIT Delhi launch Certificate Programme in Machine Learning and ...,https://m.economictimes.com/industry/services/education/iit-delhi-launch-certificate-programme-in-machine-learning-and-deep-learning/articleshow/94536998.cms
Why Python for Machine Learning – Gyansetu,https://www.gyansetu.in/blogs/python-for-machine-learning/
IIT Delhi's six-month live online Programme in Data Science ...,https://iitd.emeritus.org/iitd-certificate-programme-in-data-science-machine-learning/index.php
AI/ML/Data Science Jobs at Huawei Technologies | ai-jobs.net,https://ai-jobs.net/jobs-at-huawei-technologies/
Best Data Science & Machine Learning Course in Rohini- Delhi,https://codingbytes.com/data-science-and-machine-learning-course-in-rohini-delhi/
Instagram Careers & Jobs | Official Site,https://about.instagram.com/about-us/careers
Machine Learning Courses Delhi- Best ML Training Institute uttam ...,https://www.inventateq.com/machine-learning-training-course-delhi.php
CSE - Artificial Intelligence & Machine Learning | Top Jobs,https://www.youtube.com/watch?v=GQBjjWjhT4c
Vyaktitva | LinkedIn,https://au.linkedin.com/company/vyaktitva?trk=public_profile_profile-section-card_subtitle-click
Careers at Activision | Activision job opportunities,https://careers.activision.com/
PyData Delhi 2019 - Presentation: Advance ML- On Improving ...,https://pydata.org/delhi2019/schedule/presentation/4/advance-ml-improving-performance-machine-learning-models-optimizing-hyper-parameters/
Learning Jobs Openings In Gurgaon - TimesJobs.com,https://www.timesjobs.com/jobs-in-gurgaon/learning-jobs
How Much Artificial Intelligence Engineers Make in a Year? | by ...,https://medium.com/janbask-training-learn-grow/how-much-artificial-intelligence-engineers-make-in-a-year-ac5d400e3602
Deep Learning Training- Course- Certification | Sulekha,https://www.sulekha.com/deep-learning-training/
Account Representative Jobs in Delhi- CA (Hiring Now!) - Zippia,https://www.zippia.com/account-representative-delhi-ca-jobs/
