Title,URL
Data Scientist/ Machine Learning- 2022 Passout Can Also Apply at ...,https://intellijobs.ai/job/Creative-Hands-HR-ConsultancyData-Scientist-Machine-Learning-2022-Passout-Can-also-apply-HGqS3CFaeNKWVGkLQwmy
Architecture jobs in Cuttack- Orissa,https://in.indeed.com/m/jobs?q=Architecture&l=Cuttack%2C+Orissa
S.S Associates Innovation Lab Pvt. Ltd | LinkedIn,https://in.linkedin.com/company/s-s-associates-innovation-lab-pvt-ltd
Data scientist salary in Cuttack- Orissa,https://in.indeed.com/career/data-scientist/salaries/Cuttack--Orissa
Machine Operator Job Vacancies in Cuttack-Machine Operator ...,https://www.placementindia.com/job-search/machine-operator-jobs-in-cuttack.htm
ISPN Consulting™ | LinkedIn,https://in.linkedin.com/company/ispn-consulting-private-limited
MLOPS Engineer Course In Cuttack | UpcomingEvents.com,https://www.upcomingevents.com/philadelphia/events/virtual-event/mlops-engineer-course-in-cuttack-72681
Machine learning engineer Jobs | Glassdoor,https://www.glassdoor.co.in/Job/machine-learning-engineer-jobs-SRCH_KO0,25.htm
0 Strategy Jobs for Freshers in Cuttack- Feb | Internshala,https://internshala.com/fresher-jobs/strategy-jobs-in-Cuttack/
Photography Jobs In Orissa Bhubaneshwar Cuttack - 123 ...,https://www.naukri.com/photography-jobs-in-orissa-bhubaneshwar-cuttack
1 Marketing/Sales Jobs for Freshers in Cuttack- Jan | Internshala,https://internshala.com/fresher-jobs/marketing%2Fsales-jobs-in-cuttack/
CareerBoost - Jobs for Freshers & College Students in India,https://www.mygreatlearning.com/academy/careerboost
Civil Internship in Cuttack | Internshala,https://internshala.com/internships/civil-internship-in-cuttack/
Computer Science Internship in Cuttack | Internshala,https://internshala.com/internships/computer-science-internship-in-cuttack/
LOGISTICS / COURIER / TRANSPORTATION JOBS IN CUTTACK ...,https://www.shine.com/job-search/logistics-courier-transportation-jobs-in-Cuttack
SHPL Infra Regional Sales Manager Salaries in Cuttack | AmbitionBox,https://www.ambitionbox.com/salaries/shpl-infra-salaries/regional-sales-manager/cuttack-location
Salary: SAP Finance & Accounting | Glassdoor,https://www.glassdoor.com/Salary/SAP-Finance-and-Accounting-Salaries-EI_IE10471.0,3_DEPT1008_IP4.htm
Pet Journo | LinkedIn,https://au.linkedin.com/company/pet-journo
Top 3319 Career Opportunities 2023 - page 6 | INOMICS,https://inomics.com/top/top/executive-senior-industry-position?page=5
(PDF) Association Rule Mining using Apriori algorithm for work ...,https://www.researchgate.net/publication/304523893_Association_Rule_Mining_using_Apriori_algorithm_for_work-related_beliefs_of_Generation_X_and_Generation_Y
Assignment3 1,https://www.slideshare.net/s1190177/assignment3-1
The study on inventory valuation for a business; analysis of pricing ...,https://www.indianjournals.com/ijor.aspx?target=ijor:ijmie&volume=8&issue=7&article=027
Erp Data Jobs in India - TimesJobs,https://m.timesjobs.com/jobskill/erp-data-jobs
Amazon.com Employment and Reviews | SimplyHired,https://www.simplyhired.com/company/Amazon.com/?l=Kansas+City%2C+KS
AI | Skill Reporter,https://www.skillreporter.com/tag/ai/
Sap Is Utilities Engineering Jobs in India - 26106 Sap Is Utilities ...,https://www.timesjobs.com/jobskill/sap-is-utilities-engineering-jobs
Jobs & Careers - The Tribune- Chandigarh- India,https://m.tribuneindia.com/2014/20141112/jobs.htm
Tweets with replies by Sahana Afreen (@afreen_sahana) / Twitter,https://mobile.twitter.com/afreen_sahana/with_replies
Salary: SAP Media & Communications | Glassdoor,https://www.glassdoor.co.uk/Salary/SAP-Media-and-Communications-Salaries-EI_IE10471.0,3_DEPT1014.htm
Attitudes Towards Cloud Computing Adoption in Emerging Economies,https://www.igi-global.com/chapter/attitudes-towards-cloud-computing-adoption-in-emerging-economies/275381
Jobs in Bhubaneswar | Urgent hiring . Kisi ko urgent work ki need ho ...,https://www.facebook.com/groups/446580545945776/posts/928399331097226/
Vol. 8 No. 7 OCT 2010 - International Journal of Computer Science ...,http://eprints.utm.my/id/eprint/37054/3/vol-8-no-7-oct-2010
Ethnopharmacology | Apply for Honorary DSc in ...,https://sites.google.com/site/honorarydegreeacademics/ethnopharmacology-apply-for-honorary-dsc-in-ethnopharmacology-admission-announcement
Industrial Design Engineer Jobs,https://www.monsterindia.com/search/industrial-design-engineer-jobs
