Title,URL
Internship in Ambikapur | Internshala,https://internshala.com/internships/internship-in-ambikapur/
Raigarh Ambikapur Health Association - India | LinkedIn,https://in.linkedin.com/company/raigarh-ambikapur-health-association---india
0 Finance Jobs for Freshers in Ambikapur- Feb | Internshala,https://internshala.com/fresher-jobs/finance-jobs-in-ambikapur/
Computer Faculty Jobs In Bilaspur Ambikapur - 1 Computer Faculty ...,https://www.naukri.com/computer-faculty-jobs-in-bilaspur-ambikapur
Ankit Laddha - Staff Tech Lead Manager - Cruise | LinkedIn,https://www.linkedin.com/in/aladdha
Page 4 - Senior User Interface Designer Jobs In Ambikapur - 48623 ...,https://www.naukri.com/senior-user-interface-designer-jobs-in-ambikapur-4
Top 10 Mobile Repairing Course in Ambikapur- Cell Phone Service ...,https://www.sulekha.com/mobile-servicing-job-training/ambikapur
Job search | Amazon.jobs,https://www.amazon.jobs/en/search?base_query=&loc_query=Noida%2C+UP%2C+India&latitude=28.53342&longitude=77.3819&loc_group_id=&invalid_location=false&country=IND&city=Noida&region=Uttar+Pradesh&county=Gautam+Buddha+Nagar
Syngenta,https://www.syngenta.com/en
Train Technician Jobs- Employment | Indeed.com,https://www.indeed.com/q-Train-Technician-jobs.html
All jobs in Ambikāpur- Chhattisgarh — Jobs in AI/ML- Data Science ...,https://ai-jobs.net/jobs-in-chhattisgarh/ambikapur/
Intel in India: Intern Program,https://www.intel.com/content/www/us/en/jobs/locations/india/students/degree-program-internships.html
Jobs | Association of Environmental Engineering and Science ...,https://aeesp.org/jobs
AADARSH - Ambikapur : I had done diploma in engineering and i ...,https://www.superprof.ng/had-done-diploma-engineering-and-teach-computer-science-there.html
Banaras Chowk- Ambikapur- 497001 Branch Contact Information ...,https://near-me.hdfcbank.com/branch-atm-locator/hdfc-bank-ambikapur-banks-banaras-chowk-ambikapur-8677/Contact-Us
Adani Enterprises Ambikapur Reviews by 16 Employees ...,https://www.ambitionbox.com/reviews/adani-enterprises-reviews/ambikapur-location
Part Time Night Shift Jobs 2023-24 Job Vacancy- Ambikapur ...,https://www.quikr.com/jobs/part-time-night-shift-jobs+ambikapur+zwqxj4157493934
Home | Guru Ghasidas Vishwavidyalaya- Bilaspur (C.G.),https://www.ggu.ac.in/
Procurement News - SBI In the News,https://sbi.co.in/web/sbi-in-the-news/procurement-news
Careers in India | HSBC Holdings plc,https://www.hsbc.com/careers/where-we-hire/india
Top Tax Consultants in Ambikapur Surguja - Best Accounting ...,https://www.justdial.com/Ambikapur/Tax-Consultants-in-Ambikapur-Surguja/nct-10472850
Business Analyst Salary in India 2023 [For Freshers & Experienced ...,https://www.upgrad.com/blog/business-analyst-salary-in-india-for-freshers-experienced/
Sainik School Ambikapur Jobs Vacancy For Quarter Master & Upper ...,https://education.sakshi.com/en/jobs/experienced-jobs/sainik-school-ambikapur-recruitment-2022-quarter-master-and-upper-division-clerk-102788
How to Get a Product Manager Job with No Prior Experience,https://insider.in/ask-me-anything-how-to-get-a-product-manager-job-with-no-prior-experience-jun15-2022/event
Careers at IDFC FIRST Bank | IDFC FIRST Bank jobs,https://careers.idfcfirstbank.com/
Fly Ash Bricks in Ambikapur- फ्लाई ऐश ब्रिक- अंबिकापुर- Chhattisgarh ...,https://dir.indiamart.com/ambikapur/fly-ash-bricks.html
Tally Shiksha - Surguja Academy - Ambikapur | Facebook,https://www.facebook.com/people/Tally-Shiksha-Surguja-Academy-Ambikapur/100064819482661/
RS agarbatti making and all machine repair and service. Ambikapur ...,https://www.facebook.com/profile.php?id=100064849548002
Folium Library | Geospatial visualization via Folium Library,https://www.analyticsvidhya.com/blog/2021/05/geospatial-visualization-via-folium-library/
Jeevan Jyoti Hospital Ambikapur - Email & Phone of top ...,https://www.easyleadz.com/company/jeevan-jyoti-hospital-ambikapur
Sridevi Drama Company | 9th May 2021 | Full Episode | Sudheer ...,https://www.youtube.com/watch?v=rBOuKRMTuAU
Usha Silai School: SHG Siali School Training - YouTube,https://www.youtube.com/watch?v=Xo7xwpW5qM0
Interview of #Assistant #professor : #college #lecturer #interview ...,https://www.youtube.com/watch?v=onAzEvVaKBQ
Netafim: Irrigation Services & Solutions,https://www.netafimindia.com/
Ethnopharmacology | Apply for Honorary DSc in ...,https://sites.google.com/site/honorarydegreeacademics/ethnopharmacology-apply-for-honorary-dsc-in-ethnopharmacology-admission-announcement
