Title,URL
Data scientist salary in Muzaffarpur- Bihar,https://in.indeed.com/career/data-scientist/salaries/Muzaffarpur--Bihar
BUILD TECHNO INDIA | LinkedIn,https://in.linkedin.com/company/build-techno-india
Social Science Teacher Jobs In City Muzaffarpur And Cityfield Bihar ...,https://www.naukri.com/social-science-teacher-jobs-in-city-muzaffarpur-and-cityfield-bihar-muzaffarpur-eastindia-bihar-muzaffarpur
Abhishek Deep - Software Engineer - Nagarro | LinkedIn,https://in.linkedin.com/in/abhishek-deep-225208191?trk=public_profile_samename-profile_profile-result-card_result-card_full-click
upGrad hiring Admissions Counselor in Muzaffarpur - Join leading ...,https://earlytutors.com/jobs/upgrad-admissions-counselor-in-muzaffarpur-bh/
Page 3 - Singing Jobs In Muzaffarpur - 10241 Singing Job ...,https://www.naukri.com/singing-jobs-in-muzaffarpur-3
AI & Analytics Careers | Accenture,https://www.accenture.com/in-en/careers/explore-careers/area-of-interest/ai-and-analytics-careers
Dsp Software Engineer Jobs In Muzaffarpur - 1723 Dsp Software ...,https://www.naukri.com/dsp-software-engineer-jobs-in-muzaffarpur
Data Science Course in Muzaffarpur - Best Training Institute - Fees ...,http://quickxpertinfotech.com/data-science-course-in-muzaffarpur
Python Course in Muzaffarpur,https://www.codingbytes.com/python-course/python-course-in-muzaffarpur/
Top 10 Bank Security Guards Jobs in Muzaffarpur- ATM Security ...,https://www.sulekha.com/bank-atm-security-guards-jobs/muzaffarpur
What exactly does a machine learning engineer do? - Quora,https://www.quora.com/What-exactly-does-a-machine-learning-engineer-do
Careers at ResMed | Sleep & Respiratory Health Technology Jobs,https://careers.resmed.com/
Rohan - Muzaffarpur- : I am a second year B.Tech CSE ...,https://www.superprof.ng/second-year-tech-cse-undergraduate-from-lovely-professional-university.html
Top 10 Data Science Jobs to Apply for in Govt Organizations This July,https://www.analyticsinsight.net/top-10-data-science-jobs-to-apply-for-in-govt-organizations-this-july/
Samsung Careers | Samsung US,https://www.samsung.com/us/careers/
Abhishek Gupta - Engineering Leader - Meta | LinkedIn,https://www.linkedin.com/in/abhishek85gupta
Aga Khan Rural Support Programme (India) Muzaffarpur Reviews ...,https://www.ambitionbox.com/reviews/aga-khan-rural-support-programme-india-reviews/muzaffarpur-location
Shramik Special Train sent to Muzaffarpur (Bihar) from Delhi ...,https://www.youtube.com/watch?v=nAsCZRdOeoM
Sikkim Manipal Institute of Technology – Sikkim Manipal University,https://smu.edu.in/smit.html/
(PDF) Anti-spam software system using machine learning techniques,https://www.researchgate.net/publication/322870177_Anti-spam_software_system_using_machine_learning_techniques
(PDF) A new machine learning based antispam platform,https://www.researchgate.net/publication/322869437_A_new_machine_learning_based_antispam_platform
(PDF) A new machine learning based anti-spam software system,https://www.researchgate.net/publication/322869443_A_new_machine_learning_based_anti-spam_software_system
Chegg "tutors" Reviews | Glassdoor,https://www.glassdoor.com/Reviews/Chegg-tutors-Reviews-EI_IE237819.0,5_KH6,12.htm
Amazon IT Specialist Reviews | Glassdoor,https://www.glassdoor.com/Reviews/Amazon-IT-Specialist-Reviews-EI_IE6036.0,6_KO7,20.htm
Nokia Student Trainee Interview Questions | Glassdoor,https://www.glassdoor.com/Interview/Nokia-Student-Trainee-Interview-Questions-EI_IE3494.0,5_KO6,21.htm
Mars "work life balance" Reviews | Glassdoor,https://www.glassdoor.com/Reviews/Mars-work-life-balance-Reviews-EI_IE2886.0,4_KH5,22.htm
30597 Mcp Mca Computer Jobs Openings in India,https://www.timesjobs.com/jobskill/mcp-mca+computer-jobs
Tableau Server Administration Jobs in India - 20282 Tableau Server ...,https://www.timesjobs.com/jobskill/tableau-server-administration-jobs
Amazon Reviews | Glassdoor,https://www.glassdoor.co.in/Reviews/Amazon-Reviews-EI_IE6036.0,6.htm
Amazon Reviews in Melbourne- Australia | Glassdoor,https://www.glassdoor.co.uk/Reviews/Amazon-Melbourne-Reviews-EI_IE6036.0,6_IL.7,16_IM965.htm
19358 Qa Regression Testing Jobs Openings in India,https://m.timesjobs.com/jobskill/qa-regression-testing-jobs
2016-2017 Creighton University Catalog-School of Pharmacy and ...,https://www.creighton.edu/sites/default/files/2022-05/2016-2017_-_SPAHP.pdf
Tweets with replies by Mohammad Saquib Khan ...,https://twitter.com/Mohamma13288237/with_replies
