Title,URL
Akshat Agrawal - Senior Machine Learning Engineer - Bright Money ...,https://in.linkedin.com/in/akshat-agr
Researchers At IIIT Allahabad Propose T2CI GAN: A Deep Learning ...,https://www.marktechpost.com/2022/10/29/researchers-at-iiit-allahabad-propose-t2ci-gan-a-deep-learning-model-that-generates-compressed-images-from-text/
SACHIN SINGH - Machine Learning Engineer - Tiger Analytics ...,https://in.linkedin.com/in/sachin-singh-95a94b140
Amazon.in | Amazon.jobs,https://www.amazon.jobs/en/teams/in
IIIT-Allahabad,https://www.iiita.ac.in/
DevOps Training in Allahabad [#1 Institute for DevOps Course],https://www.edureka.co/devops-certification-training-allahabad
Machine Learning & Big Data Analytics Course by IIIT Allahabad,https://talentedge.com/iiit-allahabad/big-data-analytics-machine-learning-course-iiit-allahabad
Is machine learning a part of the IIIT Allahabad curriculum? - Quora,https://www.quora.com/Is-machine-learning-a-part-of-the-IIIT-Allahabad-curriculum
Python Training in Allahabad | Best Python Course Institute,https://www.edureka.co/python-programming-certification-training-allahabad
Uninor Jobs In Allahabad - 15 Uninor Job Vacancies In Allahabad ...,https://www.naukri.com/uninor-jobs-in-allahabad
Machine Learning Training in Allahabad - Call Now 9555433745,https://conaxinfotech.com/machinelearning-training-in-allahabad/
1 Fresher Jobs in Allahabad- January | Internshala,https://internshala.com/fresher-jobs/jobs-in-allahabad/
Winter Training IIIT Allahabad - engineercore.in,https://engineercore.in/winter-training-iiit-allahabad/
Internship Jobs in Allahabad | Internshala,https://internshala.com/internships/internship-in-allahabad/
Data scientist salary in Allahabad- Uttar Pradesh,https://in.indeed.com/career/data-scientist/salaries/Allahabad--Uttar-Pradesh
Data Scientist Salary in Allahabad/Prayagraj | AmbitionBox,https://www.ambitionbox.com/profile/data-scientist-salary/prayagraj-location
Indian Institute of Information Technology- Allahabad Department of ...,https://examcell.iiita.ac.in/pdf/BTech%20IT%20Degree%20Programs%20(CCLCAA).pdf
Top 4 highest paying entry-level jobs in India,https://www.united.ac.in/Blog-Detail-mod-Top-4-highest-paying-entry-level-jobs-in-India-id.html
Data Science Training in Allahabad- Course Fees- Certification ...,https://www.sulekha.com/data-science-certification-training/allahabad
IIIT Allahabad,https://iiita.irins.org/faculty/index/Department+of+Information+Technology
Rajesh Kumar - Senior Machine Learning Engineer - Apple | LinkedIn,https://sg.linkedin.com/in/havingfun
Manideep - Suryapet : Machine learning enginner. Graduated from ...,https://www.superprof.ng/machine-learning-enginner-graduated-from-iiit-allahabad-with-tech-electronics-and-communication-engineering-degree.html
Machine Operator Job Vacancies in Prayagraj-Machine Operator ...,https://www.placementindia.com/job-search/machine-operator-jobs-in-allahabad.htm
Department of IT- IIIT-Allahabad,https://it.iiita.ac.in/?pg=faculty
Harish-Chandra Research Institute- Prayagraj (Allahabad),https://www.hri.res.in/
G C NANDI'S NEIGHBOURHOOD,https://sites.google.com/site/gcnandi/Home
Query Builder | Companies | Crunchbase,https://www.crunchbase.com/search/organization.companies/field/organizations/rank_org_company/70966
26 New/Updated CFD Jobs Since Last Week,https://www.cfd-online.com/Forum/news.cgi/read/110605
MathWorks Senior Software Engineer Reviews | Glassdoor,https://www.glassdoor.com/Reviews/MathWorks-Senior-Software-Engineer-Reviews-EI_IE17117.0,9_KO10,34_IP2.htm
Gojek Software Developer Interview Questions | Glassdoor,https://www.glassdoor.com/Interview/Gojek-Software-Developer-Interview-Questions-EI_IE1282114.0,5_KO6,24.htm
Indian Institute Of Information Technology Allahabad : Beschäftigte ...,https://de.linkedin.com/school/indian-institute-of-information-technology-allahabad-india/?trk=public_profile_school_profile-section-card_full-click
Detection of Semantically Equivalent Question Pairs | Request PDF,https://www.researchgate.net/publication/349070129_Detection_of_Semantically_Equivalent_Question_Pairs
Ex-Machina Aparoksha '19 | Programming challenges in March ...,https://www.hackerearth.com/challenges/college/ex-machina-aparoksha19/
Trending stories published on Nybles – Medium,https://medium.com/nybles/trending
Developing a Combinatorial Machine Loading Algorithm for a Job ...,https://link.springer.com/chapter/10.1007/978-3-642-61381-4_356
Data Science In Hindi- Data Science For Beginners- What Is Data ...,https://www.youtube.com/watch?v=U_CCKibxYjs
Review — Do You Even Need Attention? A Stack of Feed-Forward ...,https://sh-tsang.medium.com/review-do-you-even-need-attention-a6ddfa5f38d1
Miniature school | Allahabad,https://m.facebook.com/people/Miniature-school/100070093010811/
constraint-satisfaction-problem · GitHub Topics · GitHub,https://github.com/topics/constraint-satisfaction-problem?o=desc&s=
ujjwal1912 | Analytics Vidhya,https://www.analyticsvidhya.com/user/ujjwal1912
IIST/ISAT - Student/Candidate Info Group | Hi friends-can you please ...,https://www.facebook.com/groups/isat.iist/posts/10154871755020274/
MOHD SHAHID HUSAIN | Ministry of Higher Education Oman ...,https://passage.academia.edu/MOHDSHAHIDHUSAIN/CurriculumVitae
Application of AI in Human Resource Management and Gen Y‟ s ...,https://pdfs.semanticscholar.org/9ec8/55e00fa5d18f484375351bfd33b085a2d425.pdf
Sensemaking of COVIDian Crisis for Work and Organization - PMC,https://www.ncbi.nlm.nih.gov/pmc/articles/PMC9388996/
Experts stress on authenticity- accuracy of info at IIIT-A world meet ...,https://engineering.buffalo.edu/computer-science-engineering/news-and-events/news.host.html/content/shared/engineering/home/articles/2022-media-coverage/experts-stress-on-authenticity--accuracy-of-info-at-iiit-a-world.detail.html
Role of Programming in Chemical Engg. | Student Central,https://engage.aiche.org/communities/community-home/digestviewer/viewthread?GroupId=25&MessageKey=b83fbbe7-e968-4416-9759-d93b01579fe0&CommunityKey=42909864-e27a-4b4c-b89a-2e3d719b03e4&ReturnUrl=%2Fcommunities%2Fcommunity-home%2Fdigestviewer%3Fcommunitykey%3D42909864-e27a-4b4c-b89a-2e3d719b03e4%26tab%3Ddigestvie%26ssopc%3D1
Events - 2020 | Waterloo Centre for Astrophysics | University of ...,https://uwaterloo.ca/astrophysics-centre/events/archive/2020?date=Current&page=1
Strategies for Distance Learners,http://www.srjis.com/pages/pdfFiles/146685121127%20Dr.%20Beena%20Indrani.pdf
Big Data and Data Analytics Research: From Metaphors to Value ...,https://www.igi-global.com/chapter/big-data-and-data-analytics-research/217936
