Title,URL
Computer Science internship in Brahmapur with job offer,https://internshala.com/internships/computer-science-internship-in-brahmapur/ppo-true/
Arindam Bhunia - Kolkata- West Bengal- India | Professional Profile ...,https://in.linkedin.com/in/arindam-bhunia
Software Development internship in Brahmapur with job offer,https://internshala.com/internships/software-development-internship-in-brahmapur/ppo-true/
Abhisek Nayak - Berhampur University - Brahmapur- Odisha- India ...,https://in.linkedin.com/in/abhisek-nayak-1858b6225
All jobs - Careers at Airbnb,https://careers.airbnb.com/positions/
Vishwajit Kumar - Assistant System Engineer - Tata Consultancy ...,https://in.linkedin.com/in/vishwajit-kumar-629631188?trk=public_profile_browsemap_profile-result-card_result-card_full-click
Careers & Culture | PowerSchool,https://www.powerschool.com/company/careers/
Asutosh Pati - Python Backend Developer - Juvoxa | LinkedIn,https://in.linkedin.com/in/asutoshpati
Event Management Jobs In Berhampur Orissa - 5834 Event ...,https://www.naukri.com/event-management-jobs-in-berhampur-orissa
Balaram Panigrahy - Assistant Manager - Banking/Finance/NBFC Jobs,https://in.linkedin.com/in/balaram-panigrahy-112296241
Machine Intelligence Research Labs (MIR Labs),http://www.mirlabs.net/global/index.php?c=main&a=person&id=1825
Post-Doctoral Research Fellowship (PDRF)- IISER Berhampur- India,https://researchersjob.com/post-doctoral-research-fellowship-pdrf-2/
Top 10 Share Market Courses in Brahmapur- Training Classes ...,https://www.sulekha.com/share-marketing-job-training/brahmapur
upGrad Careers,https://www.upgrad.com/us/careers/
Parala Maharaja Engineering College,https://www.pmec.ac.in/
BERHAMPUR MUNICIPAL CORPORATION (@BrahmapurCorp ...,https://twitter.com/brahmapurcorp?lang=en
Online BTech Tutor for BTech Electrical & Communication ...,https://www.urbanpro.com/brahmapur/online-btech-tutor-for-btech-electrical-communication-engineering-in-keshav-nagar/26726743
Top Computer Classes in Brahmapur - Best Computer Training ...,https://www.justdial.com/Brahmapur/Computer-Training-Institutes/nct-10124277
Manikant Singh - Custom Software Engineer - Accenture | LinkedIn,https://www.linkedin.com/in/manikant-singh-76035217a/
Jobs in Brahmapur - Check Latest (96) Job Openings (February ...,https://www.quikr.com/jobs/brahmapur+zwqxj760939060
IISER Berhampur Recruitment 2021 - Jobs in Odisha - NIJUKTI ...,https://nijuktikhabar.in/iiser-berhampur-recruitment-2021/
Subhashree - Brahmapur- : Student at Imperial college gives tuitions ...,https://www.superprof.ng/student-imperial-college-gives-tuitions-basic-computer-from-secondary-college-berhampur-odisha.html
Viswadeep Sarangi- PhD - Data Engineer - AbbVie | LinkedIn,https://uk.linkedin.com/in/viswadeepsarangi
PhD Admission | IISER Berhampur,https://www.iiserbpr.ac.in/index.php?category=doaa&pid=phd-admission
Find Manufacturing Companies in Berhampur - Dun & Bradstreet,https://www.dnb.com/business-directory/company-information.manufacturing.in.odisha.berhampur.html
NIST- Berhampur,https://www.nist.edu/
US Infotech Berhampur Odisha,https://www.facebook.com/usinfotech.bam/
Bonomali KHUNTIA | Berhampur university- Ganjām | Department of ...,https://www.researchgate.net/profile/Bonomali-Khuntia-2
Careers - BMC Software,https://www.bmc.com/careers/careers.html
5 Pro Tips to Crack the Google Cloud Engineer Certification ...,https://www.spiceworks.com/tech/cloud/articles/tips-for-cracking-google-cloud-engineer-certification/
IISER Berhampur Salaries in Berhampur | AmbitionBox,https://www.ambitionbox.com/salaries/iiser-berhampur-salaries/berhampur-odisha-location
IISER Berhampur Admissions 2023 For PhD Biological Sciences,https://www.biotecnika.org/2022/10/iiser-berhampur-admissions-2023-phd-biological-sciences/
Ganja worth Rs 25 lakh seized in Odisha's Berhampur - YouTube,https://www.youtube.com/watch?v=615oDorEriM
Debananda Mohanty - Maintenance Manager - Bhatia general ...,https://ae.linkedin.com/in/debananda-mohanty-652194a5
Kraft Heinz Company Employment and Reviews | SimplyHired,https://www.simplyhired.com/company/Kraft%20Heinz%20Company/?l=Madison%2C+WI
A Machine Learning Based Meta-Scheduler for Multi-Core Processors,https://www.igi-global.com/chapter/machine-learning-based-meta-scheduler/56161?camid=4v1a
A fuzzy rule-based efficient hospital bed management approach for ...,https://www.ncbi.nlm.nih.gov/pmc/articles/PMC7838018/
Home | OMC Limited,https://omcltd.in/
What To Do After PhD ? Opening Career Options- Courses- Jobs ...,https://sites.google.com/site/honorarydegreeacademics/what-to-do-after-phd-opening-career-options-courses-jobs-salary-promotion
Apply for Honorary DSc for Application Engineer - Honorary Awards,https://sites.google.com/site/honorarydegreeacademics/apply-for-honorary-dsc-for-application-engineer
Untitled,https://link.springer.com/content/pdf/10.1007%2F978-3-642-11659-9.pdf
