Title,URL
Data Science Course in Dhanbad - Certification Fee 55% Off,https://datamites.com/data-science-course-training-dhanbad/
Akash Adhikari - Senior Software Engineer (AI/ML) - Ericsson ...,https://in.linkedin.com/in/akash-adhikari-064577126
Satyarth Poppasani - Machine Learning Engineer - Michaels Stores ...,https://www.linkedin.com/in/poppasani
Shudhatma Jain - Machine Learning Engineer - Quantiphi | LinkedIn,https://in.linkedin.com/in/shudhatma-jain-7776a7134
Siva Datta Mannava - Software Engineer - Meta | LinkedIn,https://uk.linkedin.com/in/siva-datta-mannava
Ayush Kumar - Associate Machine Learning Engineer - Bartleby ...,https://in.linkedin.com/in/ayush-kumar-22a659166
Machine Learning Course in Dhanbad - Best Training Institute ...,http://quickxpertinfotech.com/machine-learning-course-in-dhanbad
Neelesh Yadav - Associate Architect- Machine Learning - Quantiphi ...,https://in.linkedin.com/in/neelesh932
Amazon Machine Learning Program Is Coming This July | Amazon ...,https://www.aboutamazon.in/news/job-creation/amazon-indias-machine-learning-summer-school-is-coming-this-july
Petroleum From Scratch | LinkedIn,https://in.linkedin.com/company/petroleum-from-scratch
Data scientist salary in Dhanbad- Jharkhand,https://in.indeed.com/career/data-scientist/salaries/Dhanbad--Jharkhand
Machine Operator Job Vacancies in Dhanbad-Machine Operator ...,https://www.placementindia.com/job-search/machine-operator-jobs-in-dhanbad.htm
IIT Dhanbad wins the KPMG Innovation Challenge in India,https://www.consultancy.in/news/2847/iit-dhanbad-wins-the-kpmg-innovation-challenge-in-india
1 Media Jobs for Freshers in Dhanbad- Feb | Internshala,https://internshala.com/fresher-jobs/media-jobs-in-Dhanbad/
Koushik,https://www.iitism.ac.in/~koushik/
MLOPS Engineer Course In Dhanbad | UpcomingEvents.com,https://www.upcomingevents.com/philadelphia/events/virtual-event/mlops-engineer-course-in-dhanbad-72683
DIPANAKAR - Dhanbad- : Computer professionals learning AI and ...,https://www.superprof.ng/computer-professionals-learning-and-programming-languages-like-lisp-neural-network-with-python-expert-systems-with-clips.html
Hewlett Packard Enterprise (HPE),https://www.hpe.com/us/en/home.html
Assistant Professor Jobs In City Dhanbad And Cityfield Jharkhand ...,https://www.naukri.com/assistant-professor-jobs-in-city-dhanbad-and-cityfield-jharkhand-dhanbad-eastindia-jharkhand-dhanbad
Tata Consultancy Services: Driving Innovation and Building on Belief,https://www.tcs.com/
27 Best Freelance Graphic Designers For Hire Near Dhanbad- IN ...,https://www.upwork.com/hire/graphic-designers/in/dhanbad/
Rackspace Technology | Multicloud Solutions Provider,https://www.rackspace.com/
Environment Engineering Student Cracks Walmart SDE Role - Know ...,https://blog.codingblocks.com/2019/interview-of-kasa-praneeth-yadav/
26 New/Updated CFD Jobs Since Last Week,https://www.cfd-online.com/Forum/news.cgi/read/110605
Probabilistic Machine Learning,https://research.cs.aalto.fi/pml/
Career | Cashify.in,https://www.cashify.in/career
Jobs at Lenovo,https://jobs.lenovo.com/
Find IIT (ISM)- Dhanbad Dhanbad Alumni Members Details Online ...,https://ismdhanbad.almaconnect.com/
Find & Search Job Openings | Panasonic - Panasonic Careers,https://careers.na.panasonic.com/careers
ARS FINANCIAL SERVICES in Dhanbad - Hiring Now | JOB TODAY,https://jobtoday.com/gb/company/company-ars-financial-services-eNX5Lj
Are there Data Science and Machine Learning jobs for freshers in ...,https://www.quora.com/Are-there-Data-Science-and-Machine-Learning-jobs-for-freshers-in-India
Applied AI Course - The Machine Learning Course that gets you ...,https://www.facebook.com/appliedaicourse/photos/a.533871900284281/736995423305260/?type=3
Artificial Intelligence is changing Job Scenarios- are you prepared ...,https://people.iitism.ac.in/~download/news_and_events/notices/news_events/admin/SC-Mech-Brochure-somnath-chatopadhyay.pdf
Edureka Learning Center | Tech Ready. Job Ready.,https://www.edureka.co/learning-center
M.Tech.Data Science & Engineering – BITS Pilani,https://bits-pilani-wilp.ac.in/m-tech/cluster/data-science-and-engineering.php
Careers at IDEMIA | IDEMIA,https://www.idemia.com/careers-idemia
Machine Learning Regression for RF Path Loss Estimation Over ...,https://www.researchgate.net/publication/357815954_Machine_Learning_Regression_for_RF_Path_Loss_Estimation_Over_Grass_Vegetation_in_IoWSN_Monitoring_Infrastructure
Hadoop Map Only Job for Enciphering Patient-Generated Health ...,https://www.researchgate.net/publication/327186369_Hadoop_Map_Only_Job_for_Enciphering_Patient-Generated_Health_Data
IIT-Mandi- US firm tie up for artificial intelligence,https://www.tribuneindia.com/news/archive/himachal/iit-mandi-us-firm-tie-up-for-artificial-intelligence-639561
Tweets with replies by HackFest IIT(ISM)-Dhanbad (@hackfestiitism ...,https://mobile.twitter.com/hackfestiitism/with_replies
Ask Fortuna Admissions : Ask Admissions Consultants - Page 11,https://gmatclub.com/forum/ask-fortuna-admissions-198570-200.html
Data Science In Hindi- Data Science For Beginners- What Is Data ...,https://www.youtube.com/watch?v=U_CCKibxYjs
488 Agriculture / Dairy Job Vacancies - Shine.com- Apply Now!,https://www.shine.com/job-search/agriculture-dairy-jobs-4
464583_1_En_BookFrontmatter 1..19,https://link.springer.com/content/pdf/bfm%3A978-981-13-1402-5%2F1.pdf
Blind Image Source Device Identification: Practicality and ...,https://www.igi-global.com/chapter/blind-image-source-device-identification/251449
Business Intelligence Fresher Jobs in India - 49909 Business ...,https://www.timesjobs.com/jobskill/business-intelligence-fresher-jobs
Qualitative reinforcement for man-machine interactions,https://www.theses.fr/2017NORMC206.pdf
Jobs & Careers - The Tribune- Chandigarh- India,https://m.tribuneindia.com/2011/20110601/jobs.htm
An Intelligent Logic-Based Mold Breakout Prediction System ...,https://www.ncbi.nlm.nih.gov/pmc/articles/PMC9780797/
MeitY- DSCI host Cybersecurity R&D roadshow - CRN - India,https://www.crn.in/news/meity-dsci-host-cybersecurity-rd-roadshow/
