Title,URL
Gaia: Geo-Distributed Machine Learning Approaching LAN Speeds,https://www.usenix.org/system/files/conference/nsdi17/nsdi17-hsieh.pdf
Best Insurtech Companies and Startups to Work for in ...,https://angel.co/startups/l/massachusetts/insurtech-2
WILLOW Research,https://www.di.ens.fr/willow/
Best Fin Tech Companies and Startups to Work for in Boston ...,https://angel.co/startups/l/boston/fintech-2
GAIA- Makerspace Central,https://www.utep.edu/technologysupport/learning-environments/GAIA.html
Mechanical Engineer Jobs In Gaya Bihar - 117 Mechanical ...,https://www.naukri.com/mechanical-engineer-jobs-in-gaya-bihar
Ashik Kumar - Machine Learning Engineer - Teknobuilt | LinkedIn,https://in.linkedin.com/in/ashik-kumar?trk=public_profile_browsemap
TechnologyNous | Gaya,https://www.facebook.com/technologynous/
Step by Step process of Feature Engineering for Machine Learning ...,https://www.analyticsvidhya.com/blog/2021/03/step-by-step-process-of-feature-engineering-for-machine-learning-algorithms-in-data-science/
Databricks: Data Lakehouse Architecture and AI Company,https://www.databricks.com/
Feature engineering - Wikipedia,https://en.wikipedia.org/wiki/Feature_engineering
What is data labeling for machine learning?,https://aws.amazon.com/sagemaker/data-labeling/what-is-data-labeling/
Gaya Ceramic,https://www.gayaceramic.com/
IIMBG – Indian Institute of Management Bodh Gaya,https://iimbg.ac.in/
Gaia Edge | LinkedIn,https://uk.linkedin.com/company/gaia-edge
Amazon SageMaker Feature Store for machine learning (ML ...,https://aws.amazon.com/sagemaker/feature-store/
Gaia Data Release 3 contents summary - Gaia - Cosmos,https://www.cosmos.esa.int/web/gaia/dr3
Internship in Gaya | Internshala,https://internshala.com/internships/internship-in-gaya/
GAIA-X - Home,https://www.data-infrastructure.eu/
Business Development Internship in Gaya | Internshala,https://internshala.com/internships/business-development-internship-in-gaya/
Artificial intelligence - OECD,https://www.oecd.org/digital/artificial-intelligence/
75 Jobs and Vacancies in Gaya- Bihar - 6 February 2023 | Indeed.com,https://in.indeed.com/jobs-in-Gaya,-Bihar
1 Accounts Jobs for Freshers in Gaya- Jan | Internshala,https://internshala.com/fresher-jobs/accounts-jobs-in-Gaya/
Women Living on the Edge Event. by Karen Casella- Sangeeta ...,https://netflixtechblog.com/women-living-on-the-edge-event-709f49f521df
Programming Internship in Gaya | Internshala,https://internshala.com/internships/programming-internship-in-gaya/
What is Robotic Process Automation (RPA)? | IBM,https://www.ibm.com/topics/rpa
Pagaya: Homepage,https://pagaya.com/
Home - Gaia-X: A Federated Secure Data Infrastructure,https://gaia-x.eu/
Combating staggering costs- IVF insurance provider- Gaia- raises ...,https://tech.eu/2022/02/14/combating-staggering-costs-ivf-insurance-provider-gaia-raises-20-million-in-new-round-eyes-us-expansion/
BlackBerry Careers - BlackBerry Jobs,https://www.blackberry.com/us/en/company/careers
Gaya Premachandra - Specalist Business Intelligence ( Data ...,https://au.linkedin.com/in/gayapremachandra
GAiA,https://www.techmahindra.com/en-in/techmnxt/platform/gaia/
Ericsson D-15 AI team,https://www.ericsson.com/en/about-us/experience-centers/d-15/ericsson-d-15-ai
Tech Mahindra Launches GAiA 2.0 to Expedite Adoption of Artificial ...,https://www.techmahindra.com/en-in/techmahindra-launches-gaia-2/
What Is Artificial Intelligence (AI)? - MATLAB & Simulink,https://www.mathworks.com/discovery/artificial-intelligence.html
Cloud Architecture Guidance and Topologies | Cloud Architecture ...,https://cloud.google.com/architecture
JPMorgan Software Does in Seconds What Took Lawyers 360-000 ...,https://www.bloomberg.com/news/articles/2017-02-28/jpmorgan-marshals-an-army-of-developers-to-automate-high-finance
Combining Semi-Targeted Metabolomics and Machine Learning to ...,https://www.mdpi.com/2218-273X/13/1/163
Dr Andrew Gaya | Total Health,https://www.totalhealth.co.uk/clinical-experts/dr-andrew-gaya
Top 10 Highest Paying Jobs in Computer Science in India [2023 ...,https://www.upgrad.com/blog/highest-paying-jobs-in-computer-science-india/
upGrad hiring Admissions Counselor in Gaya - Join leading startup,https://earlytutors.com/jobs/upgrad-admissions-counselor-in-gaya-bh/
Smartling: Language Translation and Content Localization Solutions,https://www.smartling.com/
Entry-Level Job Opportunities,https://www.accenture.com/us-en/careers/life-at-accenture/entry-level
Data Science Training in Gaya- Course Fees- Certification | Sulekha,https://www.sulekha.com/data-science-certification-training/gaya
Amazon Pay | Amazon.jobs,https://www.amazon.jobs/payments
IIM Bodh Gaya and Times launch AI & ML for Business executive ...,https://analyticsindiamag.com/iim-bodh-gaya-launches-10-month-ai-ml-programme-for-business-executives/
George Mason University: Home,https://www.gmu.edu/
Visage.jobs,https://www.visage.jobs/
Jobs,https://www.fz-juelich.de/en/careers/jobs
People | Harvard John A. Paulson School of Engineering and ...,https://seas.harvard.edu/office-computing/people
Computer Science | Missouri S&T: cs.mst.edu,https://cs.mst.edu/
American Academy of Neurology: Neurology Resources | AAN,https://www.aan.com/
Technofy by Indian Institute of Management (IIM)- Bodh Gaya ...,https://unstop.com/competition/technofy-elegante-60-indian-institute-of-management-iim-bodh-gaya-498017
Bodh Gaya: Indian Institute of Management Bodh Gaya collaborates ...,https://m.economictimes.com/industry/services/education/indian-institute-of-management-bodh-gaya-collaborates-with-times-professional-learning-to-launch-executive-education-programmes/articleshow/90909367.cms
Gaurav Shalin - Jr. Machine Learning Engineer - XSENSOR ...,https://ca.linkedin.com/in/gauravshalin
Career Opportunities- Openings and Jobs in India | HCLTech,https://www.hcltech.com/careers/Careers-in-india
Work at Apple - Careers at Apple,https://www.apple.com/careers/in/work-at-apple.html
Amazon introduces 'Distance Assistant',https://www.aboutamazon.com/news/operations/amazon-introduces-distance-assistant
Masters Program in Computer Science | The University of Chicago,https://masters.cs.uchicago.edu/
CAREERS AT LG | CAREERS | LG Global,https://www.lg.com/global/careers/career
Why Is It Important To Upskill In Data Science and Machine Learning,https://executive.timespro.com/blog-detail/why-is-it-important-to-upskill-in-data-science-machine-learning/
GAIA Conference,https://conference.gaia.fish/
Mercy Corps' role in supporting learning programs | Mercy Corps,https://www.mercycorps.org/supporting-learning-programs
Department of Computer Science and Engineering - School of ...,https://www.scu.edu/engineering/academic-programs/department-of-computer-engineering/
Best End-to-End MLOps Platforms: Leading Machine Learning ...,https://neptune.ai/blog/end-to-end-mlops-platforms
Top 100 Python Interview Questions |Great Learning,https://www.youtube.com/watch?v=uuhi830wOzs
Video: Set up your Android phone or tablet - Microsoft Support,https://support.microsoft.com/en-us/office/video-set-up-your-android-phone-or-tablet-641d280a-c05d-47a5-8f85-bc03b0d92a8a
A Viral RNA Structural Element Alters Host Recognition of Nonself ...,https://www.science.org/doi/abs/10.1126/science.1248465?doi=10.1126/science.1248465
Video: Start using Excel - Microsoft Support,https://support.microsoft.com/en-us/office/video-start-using-excel-ea173bff-ff4c-476f-9c1f-3768acb9c8db
Michigan Robotics | University of Michigan,https://robotics.umich.edu/
Course Hero "tutors" Reviews | Glassdoor,https://www.glassdoor.com/Reviews/Course-Hero-tutors-Reviews-EI_IE361082.0,11_KH12,18.htm
Uttam Ojha - Nepal | Professional Profile | LinkedIn,https://np.linkedin.com/in/uttam-ojha-2189b9181
An Approaching Machine Learning Model: Tile Inspection Case ...,https://www.researchgate.net/publication/339404218_An_Approaching_Machine_Learning_Model_Tile_Inspection_Case_Study
Sikkim Manipal Institute of Technology – Sikkim Manipal University,https://smu.edu.in/smit.html/
Ai-Enabled Recruitment: Here'S Everything You Would Want To ...,https://www.thehighereducationreview.com/magazine/aienabled-recruitment-here-s-everything-you-would-want-to-know-DHQE290970075.html
Itineraries Spring 2012 | Partnerships In Aging,https://partnershipsinaging.unc.edu/itineraries-spring-2012/
bbe Moldaenke GmbH | LinkedIn,https://za.linkedin.com/company/bbe-moldaenke?trk=public_profile_experience-item_profile-section-card_subtitle-click
ULTRA: An Unbiased Learning To Rank Algorithm Toolbox ...,https://dl.acm.org/doi/10.1145/3459637.3482020
The Analysis of Learning Obstacle and Students Learning ...,https://iopscience.iop.org/article/10.1088/1742-6596/812/1/012026/meta
‪Breno Zanchetta‬ - ‪Google Scholar‬,https://scholar.google.com.br/citations?user=NFaKGWoAAAAJ&hl=en
Nirmal sharma (@sharmanirmal91) / Twitter,https://twitter.com/sharmanirmal91
Abbott Healthcare Reviews by 4-128 Employees | AmbitionBox,https://www.ambitionbox.com/reviews/abbott-healthcare-reviews?page=3
The Project Gutenberg eBook of Vocation- by George O. Smith.,https://www.gutenberg.org/files/68247/68247-h/68247-h.htm
Top 10 Best "Infant Day Care" in Pasadena- CA - Yelp,https://www.yelp.com/search?find_desc=infant+day+care&find_loc=Pasadena%2C+CA
https://knihovna.fme.vutbr.cz/images/knihovna/doku...,https://knihovna.fme.vutbr.cz/images/knihovna/dokumenty/20210621_Engineering_2015-2021_VUT.xlsx
Nandan Nilekani is confident of GST implementation | Business ...,https://timesofindia.indiatimes.com/videos/business/nandan-nilekani-is-confident-of-gst-implementation/videoshow/59457671.cms
