Title,URL
Intern Jobs In Medinipur Westbengal - 244 Intern Job Vacancies In ...,https://www.naukri.com/intern-jobs-in-medinipur-westbengal
Latest Jobs This week in purba medinipur TimesAscent.com,https://timesascent.com/jobsthisweek-in-purba-medinipur
MahadevanShareSense | LinkedIn,https://in.linkedin.com/company/mahadevan-share-sense
Top 10 AC Mechanic Training Centres in Medinipur- Institutes ...,https://www.sulekha.com/ac-mechanic-training/medinipur
▷ Electrical and Electronics engineering tutors in Medinipur ...,https://www.teacheron.com/electrical_and_electronics_engineering-tutors-in-medinipur
Purba Medinipur | District Administration | India,https://purbamedinipur.gov.in/
Accounts GST Tally SAP Course Midnapur | ICA Edu Skills,https://www.icajobguarantee.com/centers/accounts-gst-tally-sap-course-midnapore/
Haldia Dock Complex | LinkedIn,https://in.linkedin.com/company/haldia-dock-complex
Find 6060 Active Job Vacancies In Purba Medinipur- West Bengal ...,https://www.shine.com/job-search/jobs-in-purba-medinipur-4
Haldia Institute of Technology-Medinipur Wanted Professor ...,https://www.facultyplus.com/haldia-institute-of-technologymedinipur-wanted-professor-associate-professor-assistant-professor/
DO Information,https://www.paschimmedinipur.gov.in/system/files/do_list_pmid.pdf
Rashmi Metaliks Salaries in Medinipur | AmbitionBox,https://www.ambitionbox.com/salaries/rashmi-metaliks-salaries/medinipur-location
Arcadis IBI Group,https://www.ibigroup.com/
Home tuition in Paschim Medinipur India,https://www.teachwell.in/blog.html/home-tuition/home-tutor-in-paschim-medinipur
Python Course in Medinipur - Best Training Institute - Fees- Duration ...,http://www.quickxpertinfotech.com/python-course-in-medinipur
Engineering Jobs | BMW Group Careers,https://www.bmwgroup.jobs/de/en/job-fields/engineering.html
Tata Consultancy Services: Driving Innovation and Building on Belief,https://www.tcs.com/
Tasty Jobs and Careers at Mondelēz International | Mondelēz ...,https://www.mondelezinternational.com/Careers
Access Healthcare: Revenue cycle- medical billing- medical coding,https://www.accesshealthcare.com/
Truecaller Interview Questions (2023) | Glassdoor,https://www.glassdoor.com/Interview/Truecaller-Interview-Questions-E935975.htm
18 Data Entry Jobs in Medinipur- Back Office- Data Entry- Back Office ...,https://www.quikr.com/jobs/data-entry-back-office+medinipur+zwqxj284607247
Matrix Service,https://www.matrixservice.com/
Saptarshi Mandal - Fremont- California- United States | Professional ...,https://www.linkedin.com/in/saptarshi-mandal88
(PDF) Flood Risk Assessment and Its Mapping in Purba Medinipur ...,https://www.researchgate.net/publication/359521846_Flood_Risk_Assessment_and_Its_Mapping_in_Purba_Medinipur_District_West_Bengal_India
49 Of Mathematics Jobs and Vacancies in West Bengal - 6 February ...,https://in.indeed.com/Of-Mathematics-jobs-in-West-Bengal
Fibroscan (Transient Elastography) for the Measurement of Liver ...,https://www.ncbi.nlm.nih.gov/pmc/articles/PMC3594956/
Midnapore City College,https://mcconline.org.in/
Join Us - nurture.farm,https://nurture.farm/join-us/
Data Analytics - Soft Amass India,https://softamassindia.com/data-analytics
Start your own work with Sewing Machine Operator Training| Aap Ki ...,https://www.youtube.com/watch?v=03SibGTiQZI
NEET UG Debra- Paschim Medinipur | Batch starting | By DC ...,https://m.facebook.com/dcsclassroom/videos/neet-ug-debra-paschim-medinipur/177586067699706/
Kraft Heinz Company Employment and Reviews | SimplyHired,https://www.simplyhired.com/company/Kraft%20Heinz%20Company/?l=Madison%2C+WI
Tata Metaliks: Home,https://www.tatametaliks.com/
Business Jhargram | Facebook,https://www.facebook.com/groups/681868652610354/
Famous Neurologists | World Renowned Doctors in Neurology ...,https://sites.google.com/site/honorarydegreeacademics/famous-neurologists-world-renowned-doctors-in-neurology
Power Grid Corporation of India Directors Report- Power Grid Corp ...,https://www.moneycontrol.com/annual-report/powergridcorp/directors-report/PGC
