Title,URL
Production engineer Jobs in Karāchi- February 2023 | Glassdoor,https://www.glassdoor.com/Job/kar%C4%81chi-production-engineer-jobs-SRCH_IL.0,7_IC3212296_KO8,27.htm
Forest Jobs In Amreli Gujarat - 2237 Forest Job Vacancies In Amreli ...,https://www.naukri.com/forest-jobs-in-amreli-gujarat
Hassan Raza - Assistant Engineer - Amreli Steels Limited | LinkedIn,https://pk.linkedin.com/in/hassanraza151
Python Django internship Job For 0-1 Year Exp In Ahmedabad- Amreli,https://www.foundit.in/job/python-django-internship-ahmedabad-7202282
147 Production Engineer Jobs Jobs in Karachi - 3 February- 2023 ...,https://pk.indeed.com/q-production-engineer-jobs-l-karachi-jobs.html
Shri Amreli Jilla Leuva Patel Charitable Trust – Surat Managed : Smt ...,https://in.linkedin.com/company/sankul01
53 Job Offers in Amreli Gujarat - Placementindia.com,https://www.placementindia.com/jobs-in-amreli.htm
Hothi Vijay - Dr Jivraj N Mehta Government Polytechnic Amreli,https://in.linkedin.com/in/hothi-vijay-4a952356
Darsh Joshi - Pace University - Seidenberg School of Computer ...,https://www.linkedin.com/in/darshjoshi
Machine Learning Internship in Ahmedabad Job in MAXGEN ...,https://www.shine.com/jobs/machine-learning-internship-in-ahmedabad-internship/maxgen-technologies-private-limited/12329971
Urgent: Fresher graduate Jobs in Amreli - February 2023 - Current ...,https://in.jooble.org/jobs-fresher-graduate/Amreli
Walker Library | Hennepin County,https://www.hclib.org/about/locations/walker
Amreli Steels Reviews by 7 Employees | AmbitionBox,https://www.ambitionbox.com/reviews/amreli-steels-limited-reviews
Caplena: Analyze free text comments through AI,https://caplena.com/en/
CountVectorizer In NLP - Pianalytix - Machine Learning,https://pianalytix.com/countvectorizer-in-nlp/
Jobs in Amreli - Check Latest (61) Job Openings (February 2023 ...,https://www.quikr.com/jobs/amreli+zwqxj760939060
Amreli Steels Jobs Assistant Manager Learning & OD,https://www.careerjoin.com/amreli-steels-jobs-assistant-manager-learning-od/
Introduction to HAPPY's HCR3 Multihead Embroidery Machine Line ...,https://www.youtube.com/watch?v=O_Mfu1ZxQ4o
HOSPITAL Interview Questions & Answers! (Hospital and ...,https://www.youtube.com/watch?v=SvZ3Y6oqwmw
How To Calculate Weight Of Steel Bar | Learning Technology ...,https://www.youtube.com/watch?v=KrjM38JICIY
Important Interview Question and Answers about Steel Bar for ...,https://www.youtube.com/watch?v=2AYXj7Zp3qg
Mainly Somnath- Amreli- Junagadh & Bhavnagar will be affected by ...,https://www.youtube.com/watch?v=IsS7JVGhjUs
6819 Desktop Intelligence Jobs Openings in India - TimesJob.com,https://www.timesjobs.com/jobskill/desktop-intelligence-jobs
AGRICULTURE JOBS | Facebook,https://www.facebook.com/groups/agrijobsindia/
Apply Linear Systems Theory And Analysis Jobs in India - 54523 ...,https://m.timesjobs.com/jobskill/apply-linear-systems-theory-and-analysis-jobs
A soft computing approach to predict and evaluate asphalt mixture ...,https://www.researchgate.net/publication/336243075_A_soft_computing_approach_to_predict_and_evaluate_asphalt_mixture_aging_characteristics_using_asphaltene_as_a_performance_indicator
Gestione snella: Vari strumenti snelli per far progredire la ...,https://www.researchgate.net/publication/350646758_Gestione_snella_Vari_strumenti_snelli_per_far_progredire_la_produzione_Lean_managementvarious_lean_tools_to_advance_the_production_in_Italian_Language
