Title,URL
Crops Yield Prediction Based on Machine Learning Models: Case of ...,https://papers.ssrn.com/sol3/papers.cfm?abstract_id=4003105
Shwetha Adoni Prasad - Senior Software Engineer - AMD | LinkedIn,https://www.linkedin.com/in/shwetha-adoni-prasad-62a57b83
Senior Software Professional Jobs In Adoni - 27773 Senior Software ...,https://www.naukri.com/senior-software-professional-jobs-in-adoni
Hamilton ADONI | Researcher | Doctor of Philosophy | Helmholtz ...,https://www.researchgate.net/profile/Hamilton-Adoni
Computerised Embroidery Job Works - Adoni Arts College - Kurnool,https://www.justdial.com/Kurnool/Computerised-Embroidery-Job-Works-in-Adoni-Arts-College/nct-10890829
HGraph: Parallel and Distributed Tool for Large-Scale Graph ...,https://www.semanticscholar.org/paper/HGraph%3A-Parallel-and-Distributed-Tool-for-Graph-Adoni-Tarik/8dcbb0712747c90c8078f504afaa95a15933b281
Wilfried Yves Hamilton ADONI- Ph.D - Scientific Researcher ...,https://ma.linkedin.com/in/hamilton-yves-wilfried-adoni-ph-d-7907b286/en?trk=people-guest_people_search-card
Internship in Adoni | Internshala,https://internshala.com/internships/marketing-internship-in-adoni/
Confidence to Deploy AI with World-Class Training Data,https://appen.com/
Adoniram Judson - Wikipedia,https://en.wikipedia.org/wiki/Adoniram_Judson
ADONI BPO SOLUTIONS PRIVATE LIMITED | LinkedIn,https://in.linkedin.com/company/adoni-bpo-solutions-private-limited
Uri Adoni - General Partner - Sanara Capital | LinkedIn,https://il.linkedin.com/in/uri-adoni-startup
Check Latest 34 Work From Home Jobs Openings In Adoni ...,https://www.quikr.com/jobs/work-from-home+adoni+zwqxj2034660499
Adoni Portal- Adoni- Kurnool District- Adoni Route Map- Educational ...,http://www.manaadoni.com/adoni-jobs.aspx
Five-star Business Finance Adoni Reviews by 5 Employees ...,https://www.ambitionbox.com/reviews/five-star-business-finance-reviews/adoni-location
Uri Adoni (@uriadoni) / Twitter,https://twitter.com/uriadoni?lang=en
Andreas Adoni PMP ® - Project Manager - Kyndryl | LinkedIn,https://cy.linkedin.com/in/andreas-adoni-pmp-%C2%AE-75a28519
New Apricot subsea cable brings more connectivity to Asia | Google ...,https://cloud.google.com/blog/products/infrastructure/new-apricot-subsea-cable-brings-more-connectivity-to-asia
Top 10 Tailoring Classes in Adoni- Stitching- Sewing Courses ...,https://www.sulekha.com/tailoring-training/adoni
Music Tech Industries & Careers | Center for Music Technology,https://gtcmt.gatech.edu/industry-careers
LINEV Systems,https://www.linevsystems.com/
Adoni Mutombo Mwamba - Chief Executive Officer - EPSILONPROS ...,https://cd.linkedin.com/in/adoni-mutombo-mwamba-023890128
Adonis JS Vs Express JS: Which is the Best MVC framework? | Turing,https://www.turing.com/blog/adonis-js-vs-express-js-which-is-the-best-mvc-framework/
Security Challenges for Drone Communications: Possible Threats ...,https://ieeexplore.ieee.org/document/9842403/
Adohi Hall | Housing | University of Arkansas,https://housing.uark.edu/halls/adohi-hall.php
8 Jewish Prayers You've Never Heard Of | My Jewish Learning,https://www.myjewishlearning.com/article/8-jewish-prayers-youve-never-heard-of/
Nassr Al-Baradoni M. Sc. – Institute for Production Engineering and ...,https://www.ptu.tu-darmstadt.de/institut_3/mitarbeiterinnen_3/details_158272.en.jsp
Top 10 In-Demand programming languages to learn in 2020 | by Md ...,https://towardsdatascience.com/top-10-in-demand-programming-languages-to-learn-in-2020-4462eb7d8d3e
Find Manufacturing Companies in Adoni - Dun & Bradstreet,https://www.dnb.com/business-directory/company-information.manufacturing.in.andhra_pradesh.adoni.html
What is a Nebulizer? Types- Uses- Cleaning- and More,https://www.healthline.com/health/asthma-nebulizer-machine
People Tech Group,https://peopletech.com/
Business Analyst Course in Adoni - Best Training Institute - Fees ...,http://quickxpertinfotech.com/business-analyst-course-in-adoni
Omo-Adoni Nigeria Enterprise,https://www.facebook.com/CleaningFumigationServices/
Sales and Partners | Rockwell Automation,https://www.rockwellautomation.com/en-us/sales.html
Andony Melathopoulos | College of Agricultural Sciences,https://agsci.oregonstate.edu/users/andony-melathopoulos
English to German; German to English; Turkish to English & Turkish ...,https://www.proz.com/translator/1653098
2022 FRANKFURT BACKLIST NON-FICTION Adoni- Uri THE ...,https://www.bardonchinese.com/booksite/344335/344335715.pdf
Kurnool District Job Fair,https://education.sakshi.com/en/jobs/pvt-jobs/kurnool-district-job-fair-114884
Bouassa Adoni Kouakou - Graphiste - Joma | LinkedIn,https://ci.linkedin.com/in/bouassa-adoni-kouakou-1588421b2
Camp ADONAI,https://www.enoncoultercdc.org/
Home - Graduate House at University of Toronto,https://gradhouse.utoronto.ca/
Municipal High School 2nd Ward Adonitown- Adoni: Admission- Fee ...,https://school.careers360.com/schools/municipal-high-school-2nd-ward-adonitown-adoni
Dubai | Middle East | McKinsey & Company,https://www.mckinsey.com/middle-east/dubai
Adani Solar,https://www.adanisolar.com/
The Best Freelancers For Hire In Ethiopia - Upwork™,https://www.upwork.com/hire/et/
Rady School of Management Faculty Directory,https://rady.ucsd.edu/faculty-research/faculty/index.html
Adani Group | Growth with Goodness,https://www.adani.com/
Staff Directory | Sarah Lawrence College,https://www.sarahlawrence.edu/staff/
Diana Pretend Play with Toy Sewing machine - YouTube,https://www.youtube.com/watch?v=5jK8cwxMIBQ
Adani Wilmar: Home,https://www.adaniwilmar.com/
JUXTAPOSING DIRECT EXPERIENCE WITH MEDIA EXPERIENCE ...,https://lirias.kuleuven.be/retrieve/675287
NEWS CLIPS,https://library.iitd.ac.in/sites/default/files/2022-01/20213112NewsClips.pdf
"Gee- Mag- Think of Us Bein on a Magazine Cover!",https://mc.dlib.nyu.edu/files/books/masses027/masses027_hi.pdf
www.ssoar.info Selected Contemporary Challenges of Ageing Policy,https://www.ssoar.info/ssoar/bitstream/handle/document/56020/ssoar-2017-Selected_Contemporary_Challenges_of_Ageing.pdf?sequence=1&isAllowed=y&lnkname=ssoar-2017-Selected_Contemporary_Challenges_of_Ageing.pdf
MIAMI UNIVERSITY The Graduate School Certificate for Approving ...,https://etd.ohiolink.edu/apexprod/rws_etd/send_file/send?accession=miami1386853041&disposition=inline
Lean Startup Book - 25 matching results | Booktopia,https://www.booktopia.com.au/buy/lean-startup-book
Local newspapers and coronavirus: conceptualising connections ...,https://journals.sagepub.com/doi/10.1177/1329878X20956455?icid=int.sj-abstract.similar-articles.3
People/Characters: Cain- son of Adam and Eve- killed his brother ...,https://www.librarything.com/character/Cain%2C+son+of+Adam+and+Eve%2C+killed+his+brother+Abel
http://espace.library.curtin.edu.au/R?func=dbin-jump ...,https://citeseerx.ist.psu.edu/document?repid=rep1&type=pdf&doi=5141abf2fe85ae78d16906b5cbba39e4a5bd3a3a
4Spring Issue,https://www.elon.edu/u/academics/communications/journal/wp-content/uploads/sites/153/2017/06/EJSpring14_Full.pdf
EXPLORING AN ETHNIC WEEKLY: DAWA BUSINESS PRESS AND ...,http://summit.sfu.ca/system/files/iritems1/8144/etd3023.pdf
Tcv 160628 by Tri-City Voice - Issuu,https://issuu.com/tcvarchives/docs/tcv-160628
Communications media | Psychology Wiki | Fandom,https://psychology.fandom.com/wiki/Communications_media
International Journal of Multidisciplinary Educational Research,http://s3-ap-southeast-1.amazonaws.com/ijmer/pdf/volume6/volume6-issue3(1)-2017.pdf
