Title,URL
Neerav Kharche - Senior Machine Learning Engineer - Chartboost ...,https://www.linkedin.com/in/neerav-kharche
Smt. L.R.T College Of Commerce | LinkedIn,https://in.linkedin.com/company/smt.-l.r.t-college-of-commerce
Civil Jobs In Akola - 5 Civil Job Vacancies In Akola - Naukri.com,https://www.naukri.com/civil-jobs-in-akola
Data Science Training in Akola- Course Fees- Certification | Sulekha,https://www.sulekha.com/data-science-certification-training/akola
Telecom Jobs In Akola - 16 Telecom Job Vacancies In Akola ...,https://www.naukri.com/telecom-jobs-in-akola
0 Computer Science Jobs for Freshers in Akola- Feb | Internshala,https://internshala.com/fresher-jobs/computer-science-jobs-in-Akola/
Electrical Jobs In Akola - 14 Electrical Job Vacancies In Akola ...,https://www.naukri.com/electrical-jobs-in-akola
Internship in Akola | Internshala,https://internshala.com/internships/internship-in-akola/
Machine Learning Training Course in Akola - Fees- Placements,http://quickxpert.com/machine-learning-training-course-in-akola
MicroMasters Program in Statistics and Data Science,https://micromasters.mit.edu/ds/?utm_medium=web&utm_source=stat&utm_content=home-page-slider
Machine Learning Jobs in Cognizant (Feb 2023) - 1382 Machine ...,https://www.shine.com/job-search/machine-learning-jobs-in-cognizant
Otis Careers | Jobs at Otis,https://www.otis.com/en/us/careers
Job search | Amazon.jobs,https://www.amazon.jobs/en/search?base_query=&loc_query=Gurgaon%2C+HR%2C+India&latitude=28.47738&longitude=77.06914&loc_group_id=&invalid_location=false&country=IND&city=Gurugram&region=Haryana&county=Gurugram
Learning Matter: Materials Design with Machine Learning and ...,https://pubs.acs.org/doi/10.1021/accountsmr.1c00238
Akola District | Secure- Scalable and Sugamya Website as a Service ...,https://akola.gov.in/
Jing-Qiang Goh - Algorithm Engineer - ByteDance | LinkedIn,https://sg.linkedin.com/in/jingqianggoh
Leben Life Sciences Pvt. Ltd. R&D (FDL Officer) Job in Akola ...,https://www.glassdoor.co.in/job-listing/r-and-d-fdl-officer-leben-life-sciences-JV_IC2955055_KO0,19_KE20,39.htm?jl=1008330006161
How Ed-Tech Companies are Solving The Placement Problem ...,https://www.jobspikr.com/blog/how-ed-tech-companies-are-solving-the-placement-problem/
Panna Sikdar - Data Entry Clerk - Sikdar Technologies Private Limited,https://bd.linkedin.com/in/panna-sikdar-9b3156207
Job in Akola / Vacancies in Akola Maharashtra 2021 / Akola Jobs ...,https://www.youtube.com/watch?v=BykATDeAKTQ
All Toxicity articles – Page 3 | Chemistry World,https://www.chemistryworld.com/toxicity/130.subject?page=3
Individual net income per month of journalists in Germany 2009 (in ...,https://www.researchgate.net/figure/Individual-net-income-per-month-of-journalists-in-Germany-2009-in-per-cent-own_fig2_259557662
19358 Qa Regression Testing Jobs Openings in India,https://m.timesjobs.com/jobskill/qa-regression-testing-jobs
6259 Cardiac Surgery Fresher Jobs Openings in India - TimesJob.com,https://www.timesjobs.com/jobskill/cardiac-surgery-fresher-jobs
Sap Is Utilities Engineering Jobs in India - 26106 Sap Is Utilities ...,https://www.timesjobs.com/jobskill/sap-is-utilities-engineering-jobs
Ethnopharmacology | Apply for Honorary DSc in ...,https://sites.google.com/site/honorarydegreeacademics/ethnopharmacology-apply-for-honorary-dsc-in-ethnopharmacology-admission-announcement
S78M4RW – The Story of your White Organic Shirt – Where Does it ...,https://wheredoesitcomefrom.co.uk/s78m4rw-2/
S68MERW – The story of your white Preeti Flower Shirt – Where ...,https://wheredoesitcomefrom.co.uk/s68merw/
Jobs | Aptiv,https://www.aptiv.com/en/jobs
Karnavat & Co. Accountant Salaries in India | AmbitionBox,https://www.ambitionbox.com/salaries/karnavat-and-co-salaries/accountant
