Title,URL
Survey Operations (Lakhisarai Bihar) part time job/internship at ...,https://internshala.com/internship/detail/survey-operations-lakhisarai-bihar-part-time-job-internship-at-lakhisarai-in-macgence-technologies-opc-private-limited1669955824
Oceaneering | Connecting What's Needed with What's Next,https://www.oceaneering.com/
Schulze and Burch Biscuit Co. | LinkedIn,https://www.linkedin.com/company/schulze-and-burch-biscuit-co-
Flipkart Delivery Jobs 2023-24 Job Vacancy- Lakhisarai ...,https://www.quikr.com/jobs/flipkart-delivery-jobs+lakhisarai+zwqxj4157493934
Fiber Technician Job Description & Salary | Field Engineer,https://www.fieldengineer.com/skills/fiber-technician
Jobs in Lakhisarai - Check Latest (59) Job Openings (February 2023 ...,https://www.quikr.com/jobs/lakhisarai+zwqxj760939060
Tata Technologies: Engineering a better world,https://www.tatatechnologies.com/us/
Security Guard Jobs 2023-24 Job Vacancy- Lakhisarai - Recruitment ...,https://www.quikr.com/jobs/security-guard-jobs+lakhisarai+zwqxj4157493934
Sriram Auto Hero Dealer Lakhisarai Overview and Company Profile ...,https://www.ambitionbox.com/overview/sriram-auto-hero-dealer-lakhisarai-overview
List of ATMs in Lakhisarai - Best ATM Locator - Justdial,https://www.justdial.com/Lakhisarai/ATM/nct-10022961
At MetrixLab- we challenge the status quo of insights,https://www.metrixlab.com/
Software Company in Lakhisarai - CodeRelisher,https://www.coderelisher.com/software-company-in-lakhisarai.php
Machine learning Jobs: Jobs for freshers with Machine learning ...,https://www.freshersworld.com/machine-learning-jobs/3535242
Kendriya Vidyalaya (KV)- Lakhisarai- Lakhisarai: Admission- Fee ...,https://school.careers360.com/schools/kendriya-vidyalaya-lakhisarai
Time management governs climate resilience and productivity in the ...,https://www.nature.com/articles/s43016-022-00549-0
Lakhisarai Rocks,https://www.facebook.com/Lkahisarai9871660930/
How To Get A Job In Post Production,https://blog.prosoundeffects.com/how-to-get-a-job-in-post-production
M.Tech.Data Science & Engineering – BITS Pilani,https://bits-pilani-wilp.ac.in/m-tech/cluster/data-science-and-engineering.php
Find Dls Jobs - 117 Active Dls Openings (Feb 2023) - Shine.com,https://www.shine.com/job-search/dls-jobs
BNM College : : Home,http://www.bnmc.ac.in/
Vivek Chandra - Data Scientist - University of Essex / Ecliptic.Tech ...,https://uk.linkedin.com/in/vivekkchandra
Footwear Manufacturing Companies in Bihar- India,https://www.dnb.com/business-directory/company-information.footwear_manufacturing.in.bihar.html
Nehru Yuva Kendra Sangathan,https://nyks.nic.in/
Latest Engineering Jobs in India | Engineering Job Vacancies ...,https://www.myamcat.com/jobs/engineering-jobs
KAIRA UNION- AMUL DAIRY,https://www.amuldairy.com/
Republic of India. A Study of the Educational System of India ...,https://files.eric.ed.gov/fulltext/ED054021.pdf
Dell Services for Home | Dell India,https://www.dell.com/en-in/lp/homepcservices
PMKVY,https://www.pmkvyofficial.org/Find-Skill-Hub-Near-You?page=53
List of AICTE approved institutions (A.Y. 2015-16) as on 30th April ...,https://www.aicte-india.org/downloads/List_of_Approved_Institutes_2015-2016.pdf
7 Machine Learning Applications in Our Daily Life,https://www.iffcoyuva.in/en/blogs/detail/7-machine-learning-applications-in-our-daily-life-143.html
Vivek Chandra - Civil Engineer - Hydropower and Dams - AECOM ...,https://nz.linkedin.com/in/vivek-chandra-911162158
Vodafone Jobs : 1647 Vodafone Jobs Vacancies in India - Feb ( 2023),https://www.foundit.in/search/vodafone-jobs
Rabiya Industrial Training Institute,http://www.rabiyainstitute.in/
Priyanka Singh-HR Manager in DeHaat,https://www.naukri.com/recruiters/priyankasingh-1812702
Shramik Special Train sent to Muzaffarpur (Bihar) from Delhi ...,https://www.youtube.com/watch?v=nAsCZRdOeoM
PG Diploma in Radiology & Imaging Technology Hindi- Radiology ...,https://www.youtube.com/watch?v=Ka7YlQra4lE
Reliance Retail मैं निकली भर्ती | Reliance Job Vacancy 2021 ...,https://www.youtube.com/watch?v=qjwj5oVOibY
BOMBASTIC !!! Shillong To Silchar on Dominar - YouTube,https://www.youtube.com/watch?v=ovqI64W9Ijg
Lal Qila : Itihaas Ka Saakshi - YouTube,https://www.youtube.com/watch?v=p7E0ECrAI3I
Security Agency guards business जाने सब हिंदी मे - YouTube,https://www.youtube.com/watch?v=ODsIYwNRpdI
Vivo Service Center (Jaipur) | Official Tour and Guide - 2018 ...,https://www.youtube.com/watch?v=eCovU0yMgUQ
Hajipur Railway Station in Bihar - YouTube,https://www.youtube.com/watch?v=2OipKyY1jPQ
