Title,URL
2 Fresher Jobs in Sitapur- January | Internshala,https://internshala.com/fresher-jobs/jobs-in-Sitapur/
Neetika Nigam - Software Engineer - Sopra Steria | LinkedIn,https://in.linkedin.com/in/neetika-nigam
0 Graphic Design Jobs for Freshers in Sitapur- Jan | Internshala,https://internshala.com/fresher-jobs/graphic-design-jobs-in-sitapur/
Net2Net Technologies | LinkedIn,https://in.linkedin.com/company/net2net-technologies
▷ Tutors in Sitapur - TeacherOn,https://www.teacheron.com/tutors-in-sitapur?ul=3qS
2-434 Millennium School- Sitapur Road- Lucknow Jobs and ...,https://in.indeed.com/Millennium-School,-Sitapur-Road,-Lucknow-jobs-in-Lucknow,-Uttar-Pradesh
upGrad hiring Admissions Counselor in Sitapur - Join leading startup,https://earlytutors.com/jobs/upgrad-admissions-counselor-in-sitapur-up/
Artificial Intelligence Course in Sitapur - Best Training Institute - Fees ...,http://quickxpertinfotech.com/artificial-intelligence-course-in-sitapur
Amazon Pay | Amazon.jobs,https://www.amazon.jobs/payments
Shiv Nadar Foundation Sitapur Reviews by 8 Employees ...,https://www.ambitionbox.com/reviews/shiv-nadar-foundation-reviews/sitapur-location
1 Marketing Field Executive Jobs and Vacancies in Sitapur - 2023,https://www.goodworker.in/marketing-field-executive-jobs-in-sitapur
Aurawoo International Pvt. Ltd. in Sitapura-Jaipur (PI-1131623 ...,https://www.placementindia.com/aurawoo-international-pvt-ltd-sitapura-jaipur-1131623/
Career Opportunities | PATH,https://www.path.org/about/careers/
7 Work From Home Jobs in Sitapur - 2023,https://www.goodworker.in/work-from-home-jobs-in-sitapur
Jobs in Sitapur - Check Latest (80) Job Openings (February 2023 ...,https://www.quikr.com/jobs/sitapur+zwqxj760939060
Sitapur Shiksha Sansthan Group of Institutions Jobs and Careers ...,https://www.ambitionbox.com/jobs/sitapur-shiksha-sansthan-group-of-institutions-jobs
CSIR-CDRI | Home,https://cdri.res.in/
Govind Bajpai - Device Research Engineer - IBM | LinkedIn,https://www.linkedin.com/in/govind-bajpai-17593a136
Fibroscan (Transient Elastography) for the Measurement of Liver ...,https://www.ncbi.nlm.nih.gov/pmc/articles/PMC3594956/
Government Polytechnic Sitapur – Polytechnic College in Sitapur ...,https://governmentpolytechnicsitapur.com/
Top 10 Tailoring Classes in Sitapur- Stitching- Sewing Courses ...,https://www.sulekha.com/tailoring-training/sitapur
Careers | John Deere IN,https://www.deere.co.in/en/our-company/john-deere-careers/
Find Manufacturing Companies in Sitapur - Dun & Bradstreet,https://www.dnb.com/business-directory/company-information.manufacturing.in.uttar_pradesh.sitapur.html
Home | AlphaGraphics | AlphaGraphics Corporate,https://www.alphagraphics.com/
Professional | Philips India Careers,https://www.careers.philips.com/professional/in/en
Mini-Grids Fueling Micro-Enterprise in Rural India :: Power For All,https://www.powerforall.org/news-media/articles/mini-grids-fuelling-micro-enterprise-rural-india
Director - Architecture job vacancy at Sitapur Shiksha Sansthan,https://timesascent.com/new-jobs/Director-Architecture/Sitapur-Shiksha-Sansthan/Uttar-Pradesh/362249
Washing Machine for Home in Sitapur- कपडे धोने की मशीन- सीतापुर ...,https://dir.indiamart.com/sitapur/washing-machine.html
BSL PLACEMENT Jobs – Job Openings in BSL PLACEMENT,https://www.bslplacement.com/
Centurion University: Best Private University in Odisha- Autonomous ...,https://cutm.ac.in/
Understanding your Car's Steering & Power Steering ! - YouTube,https://www.youtube.com/watch?v=em1O8mz7sF0
Best Cyber Security Courses Online [2023] Updated | Simplilearn,https://www.simplilearn.com/cyber-security
(PDF) RP Nov 2020 PDFs,https://www.researchgate.net/publication/346579007_RP_Nov_2020_PDFs
MakeMyTrip Careers,https://careers.makemytrip.com/
Netafim: Irrigation Services & Solutions,https://www.netafimindia.com/
NCC,https://ncclimited.com/
Ethnopharmacology | Apply for Honorary DSc in ...,https://sites.google.com/site/honorarydegreeacademics/ethnopharmacology-apply-for-honorary-dsc-in-ethnopharmacology-admission-announcement
Solicitar Honorario D. Litt. en lengua y literatura españolas ...,https://sites.google.com/site/honorarydegreeacademics/solicitar-honorario-d-litt-en-lengua-y-literatura-espanolas
Apply For Honorary PhD for School Principal | School Education ...,https://sites.google.com/site/honorarydegreeacademics/apply-for-honorary-phd-for-school-principal-school-education-development-program
Application For Honorary PhD for Librarians - Honorary Awards,https://sites.google.com/site/honorarydegreeacademics/application-for-honorary-phd-for-librarians
Apply for Honorary D.Sc for Physics Lecturer - Honorary Awards,https://sites.google.com/site/honorarydegreeacademics/apply-for-honorary-d-sc-for-physics-lecturer
Harcourt Butler Technical University | Online Apply for Honorary ...,https://sites.google.com/site/honorarydegreeacademics/harcourt-butler-technical-university-online-apply-for-honorary-phd-dsc-dlitt-dr-med
Guru Gobind Singh Indraprastha Vishwavidyalaya | Honorary PhD ...,https://sites.google.com/site/honorarydegreeacademics/guru-gobind-singh-indraprastha-vishwavidyalaya-honorary-phd-dsc-dlitt-dr-med-admission-courses-and-fee-online-application-form
Maharaja Bir Bikram University | Online Apply for Honorary PhD ...,https://sites.google.com/site/honorarydegreeacademics/maharaja-bir-bikram-university-online-apply-for-honorary-phd-dsc-dlitt-dr-med
Stories of 02 March- 2022 | Deccan Herald,https://www.deccanherald.com/sitemap/detail/days/2022-03-02
Untitled,https://www.drishtiias.com/images/pdf/Kuru%20February%202019.pdf
POLICY WORDINGS,https://tagic-cms-dev.s3.ap-south-1.amazonaws.com/Policy_Wordings_home_guard_plus_policy.pdf_8d9747efb2.pdf
Domestic Travel Protection Policy Wording.cdr,https://tagic-cms-dev.s3.ap-south-1.amazonaws.com/Policy_Wordings_domestic_travel_protection.pdf_d5dea0cdc2.pdf
Final Brochure SHSS 2014-16 Web,https://www.slideshare.net/BhushanYande/final-brochure-shss-201416-web-54372313
