Title,URL
Python Training with Online Job Support Rajahmundry | Nexax ...,https://nexax.in/python-training-with-online-job-support-rajahmundry/
Data scientist salary in Rajahmundry- Andhra Pradesh,https://in.indeed.com/career/data-scientist/salaries/Rajahmundry--Andhra-Pradesh
Sitaratnakumar chintam - Machine Learning Engineer - L&T ...,https://in.linkedin.com/in/sitaratnakumar-chintam-ab46ab221
Computer Science Internship in Rajahmundry | Internshala,https://internshala.com/internships/computer-science-internship-in-rajahmundry/
Top Machine Learning Computer Training Institutes in Rajahmundry ...,https://www.justdial.com/Rajahmundry/Computer-Training-Institutes-For-Machine-Learning/nct-11985768
0 HR Jobs for Freshers in Rajahmundry- Feb | Internshala,https://internshala.com/fresher-jobs/hr-jobs-in-Rajahmundry/
Page 2 - Metrology Jobs In Rajahmundry - 9863 Metrology Job ...,https://www.naukri.com/metrology-jobs-in-rajahmundry-2
▷ Tutors in Rajahmundry - TeacherOn,https://www.teacheron.com/tutors-in-rajahmundry
Movies Jobs In Rajahmundry - 2039 Movies Job Vacancies In ...,https://www.naukri.com/movies-jobs-in-rajahmundry
Working at Unilever | Jobs and Careers at Unilever,https://careers.unilever.com/
Invensis Technologies Rajahmundry Reviews by 35 Employees ...,https://www.ambitionbox.com/reviews/invensis-technologies-pvt-reviews/rajahmundry-location
Urgent: Primary school teacher Jobs in Rajahmundry - February ...,https://in.jooble.org/jobs-primary-school-teacher/Rajahmundry
DELHI PUBLIC SCHOOL RAJAHMUNDRY Jobs in India | DELHI ...,https://cutshort.io/company/delhi-public-school-rajahmundry-76-iCgEINfG
Urgent: Work from home Jobs in Rajahmundry - February 2023 - 57 ...,https://in.jooble.org/jobs-work-from-home/Rajahmundry
Instructor Jobs in Rajahmundry - Trainer Openings in Rajahmundry ...,https://www.placementindia.com/job-search/instructor-trainer-jobs-in-rajahmundry.htm
Godavari Institute of Engineering and Technology,https://giet.ac.in/
Vtiger Careers | Jobs Opportunities for your Career Growth,https://www.vtiger.com/careers/
Top 10 Job Training in Rajahmundry- Centers- Institutes- Courses ...,https://www.sulekha.com/job-training/rajahmundry
AWS Salary in India in 2023 [For Freshers & Experienced] | upGrad ...,https://www.upgrad.com/blog/aws-salary-in-india-freshers-experienced/
Best Top No1 Software Jobs Courses Training Institutes In Vizag ...,https://www.youtube.com/watch?v=ne9t3N0E-gU
Twitter,https://twitter.com/CloudExpo/status/1605934648613146625/mediaviewer
Amrita Vishwa Vidyapeetham,https://www.amrita.edu/
Kraft Heinz Company Employment and Reviews | SimplyHired,https://www.simplyhired.com/company/Kraft%20Heinz%20Company/?l=Madison%2C+WI
Erp Data Jobs in India - TimesJobs,https://m.timesjobs.com/jobskill/erp-data-jobs
Techies reskill to log on to big data deluge - Times of India,https://timesofindia.indiatimes.com/business/india-business/techies-reskill-to-log-on-to-big-data-deluge/articleshow/58100893.cms
(PDF) Validation of Load-Haul-Dump Machine Performance ...,https://www.researchgate.net/publication/338479445_Validation_of_Load-Haul-Dump_Machine_Performance_Characteristics_using_Artificial_Neural_Network_Approach
51152 Data Audit Jobs Openings in India,https://www.timesjobs.com/jobskill/data-audit-jobs
Tableau Server Administration Jobs in India - 20282 Tableau Server ...,https://www.timesjobs.com/jobskill/tableau-server-administration-jobs
Business Intelligence Fresher Jobs in India - 49909 Business ...,https://www.timesjobs.com/jobskill/business-intelligence-fresher-jobs
Queries Jobs Openings In Bangalore - TimesJobs.com,https://www.timesjobs.com/jobs-in-bangalore/queries-jobs
30597 Mcp Mca Computer Jobs Openings in India,https://www.timesjobs.com/jobskill/mcp-mca+computer-jobs
Senior Engineering Manager Jobs In Ahmedabad - Senior ...,https://www.timesjobs.com/jobs-in-ahmedabad/senior-engineering-manager-jobs
Autonomous Maintenance Jobs in India - 15925 Autonomous ...,https://www.timesjobs.com/jobskill/autonomous-maintenance-jobs
Santosh Mehta - Veltech Dr.RR Dr.SR University - Chennai- Tamil ...,https://np.linkedin.com/in/santosh-mehta-48435b1ba
Mathematics Updates: Conferences- Workshops- Recent news | Hi ...,https://www.facebook.com/groups/738393033477447/posts/840063753310374/
Ethnopharmacology | Apply for Honorary DSc in ...,https://sites.google.com/site/honorarydegreeacademics/ethnopharmacology-apply-for-honorary-dsc-in-ethnopharmacology-admission-announcement
Bangalore Jobs | Facebook,https://m.facebook.com/groups/404503931161943/
Pitchaiah's Review On Lakireddy Bali Reddy College Of ...,https://collegedunia.com/reviews/407469-pitchaiah-review-on-lakireddy-bali-reddy-college-of-engineering-lbrce-krishna
Template:AdvocateList-ask - OSGeo,https://wiki.osgeo.org/wiki/Template:AdvocateList-ask
