Title,URL
siva nagendra - Senior Engineer - Qualcomm | LinkedIn,https://in.linkedin.com/in/siva-nagendra-1095aaa2
Python Course in Madanapalle,https://www.codingbytes.com/python-course/python-course-in-madanapalle/
Narasimha Teja - Machine Learning Scientist - dhiOmics Analytics ...,https://in.linkedin.com/in/narasimha-teja-a169147b
0 Media Jobs for Freshers in Madanapalle- Jan | Internshala,https://internshala.com/fresher-jobs/media-jobs-in-madanapalle
Data Science Course in Madanapalle - Best Training Institute - Fees ...,http://quickxpertinfotech.com/data-science-course-in-madanapalle
25 Machine Learning Jobs and Vacancies in Andhra Pradesh - 3 ...,https://in.indeed.com/Machine-Learning-jobs-in-Andhra-Pradesh
Aditya Madanapalle - Latest Articles- Top Headlines- News Stories ...,https://www.firstpost.com/author/adityam
Jobs In Madanapalle Ap - 4728 Job Vacancies In Madanapalle Ap ...,https://www.naukri.com/jobs-in-madanapalle-ap
Careers - Enroco,https://www.enroco.com/careers
Top 10 Share Market Courses in Madanapalle- Training Classes ...,https://www.sulekha.com/share-marketing-job-training/madanapalle
Rajakumar Ramalingam Madanapalle Institute of Technology ...,https://www.researchgate.net/profile/Rajakumar-Ramalingam-6
Pavan - Madanapalle- : Python from Beginner to Advanced. You will ...,https://www.superprof.ng/python-from-beginner-advanced-you-will-get-good-knowledge-coding.html
School:Madanapalle Institute of Technology and Science ...,https://universityinnovation.org/wiki/School:Madanapalle_Institute_of_Technology_and_Science
Vivekananda Gn Madanapalle Institute of Technology & Science,https://www.researchgate.net/profile/Vivekananda-Gn-2
India Shelter Finance Corporation Salaries in Madanapalle ...,https://www.ambitionbox.com/salaries/india-shelter-finance-corporation-salaries/madanapalle-location
Reliance Jiomart jobs in Madanapalle- 2020 | jiomart jobs | Jio career -,https://jioguide.com/reliance-jio-jobs-in-madanapalle-2020-jio-jobs-jio-career/
QQ adz | LinkedIn,https://www.linkedin.com/company/qqadz
CSE,https://mits.ac.in/computer-science-engineering.html
January 3- 2023 | FacultyPlus,https://www.facultyplus.com/2023/01/03/
Sharat Chandra Madanapalli - Head of Data Science - CANOPUS ...,https://au.linkedin.com/in/sharat910
Madanapalle Institute of Technology & Science -[MITS ...,https://collegedunia.com/college/14172-madanapalle-institute-of-technology-and-science-mits-madanapalle/reviews
MITS-Madanapalle Institute of Technology and Science,https://www.university.youth4work.com/mits_madanapalle-institute-of-technology-and-science
Branch in CTM Road- Madanapalle- 517325 | HDFC Bank,https://near-me.hdfcbank.com/branch-atm-locator/hdfc-bank-madanapalle-banks-ctm-road-madanapalle-11512/Home
42 Data Entry Jobs in Madanapalle- Back Office- Data Entry- Back ...,https://www.quikr.com/jobs/data-entry-back-office+madanapalle+zwqxj284607247
‪Rajakumar R‬ - ‪Google Scholar‬,https://scholar.google.co.in/citations?user=zn1Okf4AAAAJ&hl=en
▷ Tutors in Madanapalle - TeacherOn,https://www.teacheron.com/tutors-in-madanapalle
Aditya College Of Engineering- Madanapalle Andhra Pradesh ...,https://www.shiksha.com/college/aditya-college-of-engineering-madanapalle-andhra-pradesh-other-60511
Immediately Want Online Java Trainer in Basinikonda- Madanapalle ...,https://www.urbanpro.com/madanapalle/immediately-want-online-java-trainer-in-basinikonda/34849474
Jiddu Krishnamurti - Wikipedia,https://en.wikipedia.org/wiki/Jiddu_Krishnamurti
Top Security Services in Madanapalle - Best Security Guard ...,https://www.justdial.com/Madanapalle/Security-Services/nct-10426615
Aditya College Of Engineering Madanapalle,https://www.facebook.com/acempl/
How to Become an RPA Developer [Step-by-Step in 2023] | upGrad ...,https://www.upgrad.com/blog/how-to-become-rpa-developer/
IBM Contact - India | IBM,https://www.ibm.com/contact/in/en/
Junaid Malik - WEB DEVELOPER - Freelance | LinkedIn,https://pk.linkedin.com/in/junaid-malik-3b5606207
Microland: Making Digital Happen,https://www.microland.com/
Mobile Edge Computing: Cost-Efficient Content Delivery in ...,https://www.igi-global.com/chapter/mobile-edge-computing/304312
Tweets with replies by Digiterati (@Digiteratian) / Twitter,https://twitter.com/Digiteratian/with_replies
Manakula Vinayagar Institute of Technology: Top Engineering College,https://mvit.edu.in/
Christmas Celebration at the School | Gnanodaya Children ...,https://m.facebook.com/Gnanodaya-High-School-350064705365582/videos/christmas-celebration-at-the-school/1823784971078207/
Netafim: Irrigation Services & Solutions,https://www.netafimindia.com/
BIET - Best Engineering College in Telangana,http://biet.ac.in/
Hero MotoCorp | Two Wheeler Plant Inaugurated | in Madanapalle ...,https://www.youtube.com/watch?v=zBbdSL6vTQM
129th Annual Report of the Board of World Missions,https://digitalcommons.hope.edu/cgi/viewcontent.cgi?referer=&httpsredir=1&article=1105&context=world_annual_report
5+ Flats Without Brokerage for Sale in Ganapathipura- Konanakunte ...,https://housing.com/in/buy/bangalore/withoutbrokerage-ganapathipura
11+ Flats Without Brokerage for Sale in Akshayanagara East ...,https://housing.com/in/buy/bangalore/withoutbrokerage-akshayanagara_east
Rating - Codeforces,https://codeforces.com/ratings/organization/16305
Rating - Codeforces,https://codeforces.com/ratings/organization/30526
Rating - Codeforces,https://codeforces.com/ratings/organization/1637
