Title,URL
Home | Indian Institute of Information Technology Bhagalpur,https://www.iiitbh.ac.in/
DSC IIIT Bhagalpur | LinkedIn,https://in.linkedin.com/company/dgiiit
Information Technology Professional Jobs In Bhagalpur - 3719 ...,https://www.naukri.com/information-technology-professional-jobs-in-bhagalpur
1 Mobile App Development Jobs for Freshers in Bhagalpur- Feb ...,https://internshala.com/fresher-jobs/mobile-app-development-jobs-in-Bhagalpur/
Faculty Positions at IIIT Bhagalpur- (on Contract and Regular),https://researchersjob.com/faculty-positions-at-iiit-bhagalpur/
Internship in Bhagalpur | Internshala,https://internshala.com/internships/internship-in-bhagalpur/
Accounts GST Tally SAP Course Bhagalpur | ICA Edu Skills,https://www.icajobguarantee.com/centers/accounts-gst-tally-sap-course-bhagalpur/
Top 10 Tailoring Classes in Bhagalpur- Stitching- Sewing Courses ...,https://www.sulekha.com/tailoring-training/bhagalpur
Shephalika Shekhar - Software Development Engineer II - Amazon ...,https://www.linkedin.com/in/shephalikashekhar
Bharat Financial Inclusion Bhagalpur Reviews by 4 Employees ...,https://www.ambitionbox.com/reviews/bharat-financial-inclusion-reviews/bhagalpur-location
Pushkar - Sabour : I IIIT bhagalpur student will teach you full stack ...,https://www.superprof.ca/iiit-bhagalpur-student-will-teach-you-full-stack-web-devlopment.html
Careers | o9 Solutions,https://o9solutions.com/careers/
Workforce Solutions | Talent & Global Staffing Solutions Company,https://www.nlbservices.com/
adidas Careers – Through sport- we have the power to change lives ...,https://careers.adidas-group.com/jobs?location=%5B%7B%22country%22%3A%22India%22%7D%5D&offset=0&keywords=&location_manual=India
Embroidery Job Work in Bhagalpur- एम्ब्रायडरी जॉब वर्क - भागलपुर,https://dir.indiamart.com/bhagalpur/embroidery-job-work.html
(PDF) Soft computing and data mining techniques for thunderstorms ...,https://www.researchgate.net/publication/321983437_Soft_computing_and_data_mining_techniques_for_thunderstorms_and_lightning_prediction_A_survey
Data Science In Hindi- Data Science For Beginners- What Is Data ...,https://www.youtube.com/watch?v=U_CCKibxYjs
Online Dance Class | Basic Steps Routine | 4*8 Combo | Deepak ...,https://www.youtube.com/watch?v=t5xjUisS3fw
Sap Basis Mca Computer Jobs in India - TimesJobs,https://www.timesjobs.com/jobskill/sap-basis-mca+computer-jobs
Page 2 - Best Online Artificial Intelligence Courses & Certifications ...,https://www.careers360.com/courses-certifications/artificial-intelligence-courses-brpg?page=2
Apply Linear Systems Theory And Analysis Jobs in India - 54523 ...,https://m.timesjobs.com/jobskill/apply-linear-systems-theory-and-analysis-jobs
