Title,URL
M.Tech.Data Science & Engineering – BITS Pilani,https://bits-pilani-wilp.ac.in/m-tech/cluster/data-science-and-engineering.php
Top Computer Classes in Haveri - Best Computer Training Institutes ...,https://www.justdial.com/Haveri/Computer-Training-Institutes/nct-10124277
Jobs in Ranebennur - Check Latest (80) Job Openings (February ...,https://www.quikr.com/jobs/ranebennur+zwqxj760939060
C Sharp Course in Ranebennuru - Best Training Institute - Fees ...,http://quickxpertinfotech.com/c-sharp-course-in-ranebennuru
Syngenta Ranebennur Reviews by 8 Employees | AmbitionBox,https://www.ambitionbox.com/reviews/syngenta-reviews/ranibennur-location
Machine Learning Internship with Hands On Projects-pianalytix,https://pianalytix.com/machine-learning-online-course-and-internship-in-bangalore/
MySQL Course in Ranebennuru - Best Training Institute - Fees ...,http://quickxpertinfotech.com/MySQL-course-in-ranebennuru
Manufacturing Companies in Haveri- Karnataka- India,https://www.dnb.com/business-directory/company-information.manufacturing.in.karnataka.haveri.html
Careers in Nagpur - Join Our Team of Ideapreneurs in Nagpur ...,https://www.hcltech.com/careers/nagpur
CMCRanebennur (@RanebennurCmc) / Twitter,https://twitter.com/ranebennurcmc?lang=en
BAJSS Arts and Commerce College for Women- Ranebennur ...,https://www.careers360.com/colleges/bajss-arts-and-commerce-college-for-women-ranebennur
Shimoga-Shikaripura-Ranibennur (89 km),https://swr.indianrailways.gov.in/view_section.jsp?fontColor=black&backgroundColor=LIGHTSTEELBLUE&lang=0&id=0,5,1036,1703
Devika Pre-University College Ranebennur- Haveri: Admission- Fee ...,https://school.careers360.com/schools/devika-pre-university-college-ranebennur-haveri
IMT CDL: Best Distance Learning PGDM Institute in India,https://www.imtcdl.ac.in/
BAIF Development Research Foundation: Home,https://baif.org.in/
PKK Initiatives | Biodata ಕೊಡಿ- ಕೆಲ್ಸ ತಗೋಳಿ! - Prakash Koliwad,https://nimmaprakashkoliwad.in/en/
Voltron Power Consultants | LinkedIn,https://in.linkedin.com/in/voltron-power-consultants-8667b0148
https://pgvgrow.com/files/invitation_sample.xlsx,https://pgvgrow.com/files/invitation_sample.xlsx
USN Number of VTU Colleges | PDF | Engineering | Educational ...,https://www.scribd.com/doc/186943696/USN-Number-of-VTU-Colleges
One Bite,https://www.onebite.co.in/
IBM Mainframe Course Details of Infoshare Soft Solutions- Hyderabad,https://www.realtrainings.com/course-details/343/ibm-mainframe/infoshare-soft-solutions
Home - Aadhaar karnataka,https://ceg.karnataka.gov.in/aadhaar/public/english
Job Category - ROJGARDAATA,https://rojgardaata.online/job-category/
IIFL SAMASTA,https://iiflsamasta.com/
Women Entrepreneurs in India: Need- Scope- Functions- Qualities ...,https://www.economicsdiscussion.net/entrepreneurs/women-entrepreneurs-in-india/32337
EduRun: Find your Dream Job & Move Up Today,https://careers.edurungroup.in/
Jobs - Recruitment - Job Vacancies - CA- CFA- CMA- CS Jobs - Jobaaj,https://www.jobaaj.com/find-jobs?category=7&page=26&page=25&page=25&page=30
Budget Speech 17-18 - Eng. 14-3-2017,http://insta.instavat.in/pdf/Karnataka_Budget_Speech_2017-18.pdf
Explained: If fired- what next to Twitter CEO Parag Agarwal ...,https://www.oneindia.com/india/explained-if-fired-what-next-to-twitter-ceo-parag-agarwal-3400515.html
Government of Karnataka Public Works- Ports & Inland Water ...,https://kpwd.karnataka.gov.in/storage/pdf-files/MIS%20Reports/MIS-2016.pdf
Search latest private- govt. and contract jobs in ... - Dialurban,https://www.dialurban.com/Jobs/
Coromandel international limited Recruiters - Coromandel ...,https://www.naukri.com/coromandel-international-limited-recruiters
ITI Jobs | Diploma Jobs | MBA Jobs| Technical Jobs - Justjob.co.in,https://www.justjob.co.in/jobseeker/jobseeker_regd
Untitled,http://odmp.org/link?url=//mentpecnade.cf/199-GLSodmp651
Apply Online Job Application in Ahmedabad- Gujarat- India,https://www.place1india.com/postresume.html
Ranebennur in Haveri Sitemap,https://www.finacbooks.com/sitemap/area/haveri/ranebennur
List of Management Universities providing Courses in Bangalore ...,https://universitykart.com/university/Management/All-substream/All-courses/Karnataka/Bangalore%20Urban/India/All-tags?stream=1&country=1&state=15&city=310
GoPrac,https://goprac.com/expert-form
UGC NET 2023 Exam: Dates- Admit Card- Pattern- Syllabus ...,https://competition.careers360.com/exams/ugc-net
B S SANNAGOUDAR & BROTHERS - Wholesale Trader of Maize ...,https://www.indiamart.com/sannagoudaragroproducts/
Wind Turbine & Generator Online Motor Current Signature Analyzer ...,https://www.rokaderototechniks.com/wind-turbine-generator-online-motor-current-signature-analyzer-monitoring-system-e-pcm.html
Untitled,http://www.link-usa.jp/tech/?wptouch_switch=mobile&redirect=//ceiquetlosenipac.tk/143wwwlink-usajpymuk651
Full text of "SUNDAY VOL. 2-12- NO.35(APRIL-DEC)1984",https://archive.org/stream/dli.bengal.10689.12101/10689.12101_djvu.txt
Haveri | Haveri Tourism | ಯಾಲಕ್ಕಿ ಕಂಪಿನ ನಾಡು ಹಾವೇರಿ | All about ...,https://www.youtube.com/watch?v=1R3Xw8U3B9U
Untitled,http://shoresportsnetwork.com/spc/?wptouch_switch=mobile&redirect=//cerliountel.tk/132-WhKshoresp651
