Title,URL
Business Touch Magazine | LinkedIn,https://in.linkedin.com/company/business-touch-magazine
Page 4 - Studio Manager Jobs In Thanesar - 110714 Studio ...,https://www.naukri.com/studio-manager-jobs-in-thanesar-4
Alligance Manpower Services Pvt. Ltd. | LinkedIn,https://in.linkedin.com/company/alligance-manpower-services-pvt-ltd
Sahil Mittal - Software Engineer - Google | LinkedIn,https://www.linkedin.com/in/sahil-mittal-11aa47148
M.Tech.Data Science & Engineering – BITS Pilani,https://bits-pilani-wilp.ac.in/m-tech/cluster/data-science-and-engineering.php
Trumpet Marketing Group | LinkedIn,https://www.linkedin.com/company/trumpetmarketing
109 Jobs and Vacancies in Ladwa- Haryana - 6 February 2023 ...,https://in.indeed.com/jobs-in-Ladwa,-Haryana
Idhant Haldankar - Software Development Engineer - Amazon ...,https://www.linkedin.com/in/idhant96
Top 10 Machine Learning Freelancers in India | Best Machine ...,https://www.truelancer.com/machine-learning-freelancers-in-india
Important Battles of Babar- Humayun and Akbar Rule - GeeksforGeeks,https://www.geeksforgeeks.org/important-battles-of-babar-humayun-and-akbar-rule/
Kurukshetra - Wikipedia,https://en.wikipedia.org/wiki/Kurukshetra
Bachelor of Technology (B.Tech.) Mechanical Engineering Course ...,https://universitykart.com/university/universitycourse/kurukshetra-university-thanesar/b-tech-mechanical-engineering
GGHS Thanesar - Nath Mandir-KKR,https://www.facebook.com/gghs2452/
Top Language Classes For English Grammar in Thanesar ...,https://www.justdial.com/Kurukshetra/Language-Classes-For-English-Grammar-in-Thanesar/nct-10294818/page-3
Resident Jio Associate Freelancer Jc Job in Reliance Jio Infocomm ...,https://www.yuvajobs.com/jobs-vacancy-resident-jio-associate-freelancer-jc-reliance-jio-infocomm-limited-14315968.html
Kemar Port Automation Reviews by 8 Employees | AmbitionBox,https://www.ambitionbox.com/reviews/kemar-port-automation-reviews
Haryana Skill Development Mission,https://skill.haryana.gov.in/
Kemar Port Automation Overview and Company Profile | AmbitionBox,https://www.ambitionbox.com/overview/kemar-port-automation-overview
Town Survey Report Thanesar- Kurukshetra- Part VI-B- Series-6 ...,http://lsi.gov.in:8081/jspui/bitstream/123456789/4670/1/28650_1971_THA.pdf
Aura MS Body Steel Coil Cut To Length Machine- For Industrial ...,https://www.indiamart.com/proddetail/steel-coil-cut-to-length-machine-25376451688.html
Careers in Nagpur - Join Our Team of Ideapreneurs in Nagpur ...,https://www.hcltech.com/careers/nagpur
Top Machine Learning and Artificial Intelligence Colleges in India ...,https://www.jagranjosh.com/colleges/law/machine-learning-and-artificial-intelligence-engineering
Maharaja Aggarsain Senior Public School (MASPS)- Dabkheri ...,https://school.careers360.com/schools/maharaja-aggarsain-senior-public-school-dabkheri-kurukshetra
Sahara Comprehensive School in Kurukshetra- Haryana | School ...,https://leadschool.in/find-a-school/schools/Sahara-Comprehensive-School-2223
UAE software tenders and Bids,https://www.globaltenders.com/uae-software-tenders.php
Job Opportunities in Kurukshetra (Haryana) | Hiring Now | Talent.com,https://in.talent.com/jobs?k=&l=kurukshetra
479 questions with answers in HUMAN RESOURCE ...,https://www.researchgate.net/topic/Human-Resource-Management
Sonne Power,https://www.sonnepowergroup.com/
CS Immigration Kaithal | Thanesar,https://hi-in.facebook.com/csimmigrationkaithal/
DuPont India: Home,https://www.dupont.co.in/
