Title,URL
Data scientist salary in Latur- Maharashtra,https://in.indeed.com/career/data-scientist/salaries/Latur--Maharashtra
Oriange | LinkedIn,https://in.linkedin.com/company/oriangein
Computer Science Internship in Latur | Internshala,https://internshala.com/internships/computer-science-internship-in-latur/
Machine Operator Jobs In Latur Maharashtra - 133 Machine ...,https://www.naukri.com/machine-operator-jobs-in-latur-maharashtra
Internship in Latur | Internshala,https://internshala.com/internships/internship-in-latur/
Data Science Training in Latur- Course Fees- Certification | Sulekha,https://www.sulekha.com/data-science-certification-training/latur
1 Operations Jobs for Freshers in Latur- Jan | Internshala,https://internshala.com/fresher-jobs/operations-jobs-in-Latur/
Machine Learning Training Course in Latur - Fees- Placements,http://quickxpert.com/machine-learning-training-course-in-latur
0 Finance Jobs for Freshers in Latur- Jan | Internshala,https://internshala.com/fresher-jobs/finance-jobs-in-latur/
Learning Environment Jobs in Latur- Maharashtra (Jan 2023) - 1 ...,https://www.shine.com/job-search/learning-environment-jobs-in-latur
Karemitra Executive - Click to apply at Karkinos Healthcare • Latur ...,https://angel.co/company/karkinos-healthcare/jobs/1486258-karemitra-executive-click-to-apply
C'LAI WORLD Computer Operator/Data Entry Operator Salaries in ...,https://www.ambitionbox.com/salaries/clai-world-salaries/computer-operator-or-data-entry-operator/latur-location
Naveen Latur - Associate Consultant | Data analytics - PwC ...,https://au.linkedin.com/in/naveen-latur
Machine Learning – Skillzway Technologies,https://skillzwaytechnologies.com/machine-learning/
job in Latur & Pune | Facebook,https://www.facebook.com/groups/541172346563138/
Careers & Job Openings - Bobcat Company,https://www.bobcat.com/na/en/company/careers
Machine Learning for Analytics MasterTrack® Certificate | University ...,https://www.coursera.org/mastertrack/machine-learning-analytics-chicago
Caterpillar Careers | Career Areas - Caterpillar,https://www.caterpillar.com/en/careers/career-areas.html
Best Computer Training Institutes Ausa Latur - Justdial,https://www.justdial.com/Latur/Computer-Training-Institutes-in-Ausa/nct-10124277
Recommendation System -Understanding The Basic Concepts,https://www.analyticsvidhya.com/blog/2021/07/recommendation-system-understanding-the-basic-concepts/
Nearest Branches & Bank ATMs in Nanded Latur Road- Latur ...,https://near-me.hdfcbank.com/branch-atm-locator//?state_name=Maharashtra&city_name=Latur&locality_name=Nanded+Latur+Road
Reliance Jiomart jobs in Latur- 2020 | jiomart jobs | Jio career -,https://jioguide.com/reliance-jio-jobs-in-latur-2020-jio-jobs-jio-career/
ON JOB TRAINING-MACHINIST BATCH-1 initiative GOVT ITI LATUR ...,https://www.youtube.com/watch?v=VSKPC_K3fQs
A review of big data environment and its related technologies ...,https://www.researchgate.net/publication/305686074_A_review_of_big_data_environment_and_its_related_technologies
1596 Mopping Floors Jobs Openings in India,https://www.timesjobs.com/jobskill/mopping-floors-jobs
Computer Engineering Jobs Openings In Mumbai - TimesJobs.com,https://www.timesjobs.com/jobs-in-mumbai/computer-engineering-jobs
Shadow Flickering Analysis Jobs in India - 26371 Shadow Flickering ...,https://m.timesjobs.com/jobskill/shadow-flickering-analysis-jobs
Industrial Design Engineer Jobs,https://www.monsterindia.com/search/industrial-design-engineer-jobs
Top Full Time Science Colleges in Mumbai - 2022 Rankings- Fees ...,https://collegedunia.com/science/mumbai/full-time-colleges
HR Connection November 2020 by taspa - Issuu,https://issuu.com/taspa/docs/november_2020_
2 October 2013 47 Typography,https://pt.slideshare.net/FrostSydney/modernist-typography-and-the-swiss-grid/47-2_October_2013_47Typography_WorkshopBASELINE
Untitled,https://www.marxists.org/history/usa/pubs/american-socialist/v1n14a-oct-17-1914-TAS.pdf
