Title,URL
Hooghly Met Coke & Power Co. Ltd. | LinkedIn,https://in.linkedin.com/company/hooghly-met-coke-&-power-co.-ltd.
278 Jobs and Vacancies in Hugli- West Bengal - 6 February 2023 ...,https://in.indeed.com/jobs-in-Hugli,-West-Bengal
Hooghly Motors Pvt. Ltd. | LinkedIn,https://in.linkedin.com/company/hooghly-motors-pvt-ltd
▷ Data Science tutors in Hooghly - TeacherOn,https://www.teacheron.com/data_science-tutors-in-hooghly
Bacardi Careers | Bacardi Jobs - Bacardi Limited,https://www.bacardilimited.com/careers/
▷ Computer Science tutors in Hooghly - TeacherOn,https://www.teacheron.com/computer_science-tutors-in-hooghly
SciTech Services- Inc. | LinkedIn,https://www.linkedin.com/company/scitech-services-inc.
Vocuni Jobs,https://www.vocunijobs.com/jobsearch_all.html?page=5&
Pathology Jobs In Howrah Hooghly - 37 Pathology Job Vacancies In ...,https://www.naukri.com/pathology-jobs-in-howrah-hooghly
HPCC Systems: Home,https://hpccsystems.com/
Top 10 Tailoring Classes in Hooghly- Stitching- Sewing Courses ...,https://www.sulekha.com/tailoring-training/hooghly
upGrad hiring Admissions Counselor in Hooghly - Join leading startup,https://earlytutors.com/jobs/upgrad-admissions-counselor-in-hooghly-wb/
Top 10 Share Market Courses in Hooghly- Training Classes ...,https://www.sulekha.com/share-marketing-job-training/hooghly
Sales Internship in Hooghly | Internshala,https://internshala.com/internships/sales-internship-in-hooghly/
Water | Free Full-Text | Health Risk and Geochemical Assessment of ...,https://www.mdpi.com/2073-4441/13/2/110
Find Manufacturing Companies in Hooghly - Dun & Bradstreet,https://www.dnb.com/business-directory/company-information.manufacturing.in.west_bengal.hooghly.html
Hooghly Chinsurah Municipality Salaries in India | AmbitionBox,https://www.ambitionbox.com/salaries/hooghly-chinsurah-municipality-salaries
Tata Consultancy Services: Driving Innovation and Building on Belief,https://www.tcs.com/
British Control Over The Bengal - GeeksforGeeks,https://www.geeksforgeeks.org/british-control-over-the-bengal/
Premier Packaging - Distributor - Manufacturer - We Ask Why,https://prempack.com/
JENSEN-GROUP: Partner for automated laundry technology,https://www.jensen-group.com/
Top Hair Cutting Classes in Chinsurah- Hooghly - Best Beautician ...,https://www.justdial.com/Hooghly/Beauty-Parlour-Classes-For-Hair-Cutting-in-Chinsurah/nct-10042034
RKMVERI conducted free COVID-19 Vaccination at Khanpur ...,https://rkmvu.ac.in/free-covid-19-vaccination-khanpur-hooghly-wb-4-feb-2022/
Medtronic Care Management Services | Medtronic,https://www.medtronic.com/us-en/healthcare-professionals/services/medtronic-care-management-services.html
Engineer Ambitiously - NI,https://www.ni.com/en-us.html
Tata Nano Singur controversy - Wikipedia,https://en.wikipedia.org/wiki/Tata_Nano_Singur_controversy
Supreme Knowledge Foundation | Engineering & Management ...,https://www.skf.edu.in/
Careers | Atyeti - Exceeding Expectations,https://www.atyeti.com/careers/
Technique Polytechnic,https://www.techniqueedu.com/
MINI VIDAS® - clinical diagnostics products | bioMérieux Clinical ...,https://www.biomerieux-diagnostics.com/mini-vidasr
Impact of Using Drones in Emergency Medicine: What Does the ...,https://www.ncbi.nlm.nih.gov/pmc/articles/PMC8605877/
St. Francis Area Schools | Home,https://www.isd15.org/
Data Analyst Course in Kolkata [with IBM Certificates],https://www.simplilearn.com/data-analyst-masters-certification-training-course-kolkata-city
Rajrajeswar Rice Mills Pvt Ltd- Hugli-Chinsurah,https://www.indiamart.com/rajrajeswar-rice-mills-pvt-ltd/
KID LAND | Hooghly-Chinsurah,https://www.facebook.com/KidLandChinsurah/
SIG Group | Sustainable & Affordable Packaging,https://www.sig.biz/en
Cloud computing | Distributed- networked and mobile computing ...,https://www.cambridge.org/core_title/gb/501096
Procurement News - SBI In the News,https://sbi.co.in/web/sbi-in-the-news/procurement-news
Konan Medical: Home,https://www.konanmedical.com/
Syngenta Careers- Help shape the future of agriculture,https://jobs.syngenta.com/
District Sector Course Code Course Name Training Center Address ...,https://www.pbssd.gov.in/files/public/district_wise_coursestarget_available/HOOGHLY.pdf
Training courses for mobile and crawler cranes | Liebherr,https://www.liebherr.com/en/usa/products/mobile-and-crawler-cranes/service/training.html
Technoplus Computer Education,http://tce-india.org/
Who Is Abbas Siddiqui & Why Is Congress Divided Over Alliance ...,https://www.youtube.com/watch?v=rzCLAFzLJD8
Unilever Manager Reviews | Glassdoor,https://www.glassdoor.com/Reviews/Unilever-Manager-Reviews-EI_IE3513.0,8_KO9,16_IP3.htm
Unilever Interview Questions | Glassdoor,https://www.glassdoor.com/Interview/Unilever-Interview-Questions-E3513_P5.htm
Tejas Networks: A Leading Global Optical Networking Products ...,https://www.tejasnetworks.com/
Adani Wilmar: Home,https://www.adaniwilmar.com/
Detection of Chronic Kidney Disease: A NN-GA-Based Approach ...,https://www.researchgate.net/publication/320214157_Detection_of_Chronic_Kidney_Disease_A_NN-GA-Based_Approach
Analysis of Different Feature Description Algorithm in object ...,https://www.researchgate.net/publication/324527695_Analysis_of_Different_Feature_Description_Algorithm_in_object_Recognition
Top-K range-aggregate queries on categorical data | Request PDF,https://www.researchgate.net/publication/254035019_Top-K_range-aggregate_queries_on_categorical_data
Urgent: Home based typing Jobs in Nashik - December 2022 - 435 ...,https://in.jooble.org/jobs-home-based-typing/Nashik
University of Calcutta | Biswaraj Datta Conferred with Honorary PhD ...,https://sites.google.com/site/honorarydegreeacademics/university-of-calcutta-biswaraj-datta-conferred-with-honorary-phd-in-business-administration
Indian Institute of Hotel Management | Biswaraj Datta Conferred with ...,https://sites.google.com/site/honorarydegreeacademics/indian-institute-of-hotel-management-biswaraj-datta-conferred-with-honorary-phd-in-business-administration
Apply for Honorary DSc for Application Engineer - Honorary Awards,https://sites.google.com/site/honorarydegreeacademics/apply-for-honorary-dsc-for-application-engineer
Sanjeev Kumar Sahu | Central Inland Fisheries Research Institute ...,https://cifri.academia.edu/SanjeevKumarSahu
Introduction to Sustainable Water,https://academic-accelerator.com/Manuscript-Generator/Sustainable-Water
Beyond Barrages and Boundaries | Dirty- Sacred Rivers ...,https://academic.oup.com/book/40975/chapter/349202303
