Title,URL
White Mountain College for Pets | LinkedIn,https://www.linkedin.com/company/white-mountain-college-for-pets
Flexible Software Engineer Jobs in Temecula- CA | Indeed.com,https://www.indeed.com/q-Software-Engineer-l-Temecula,-CA-jobs.html
Volhard Dog Nutrition | LinkedIn,https://www.linkedin.com/company/volhard-dog-nutrition
Emotional regulation in veterinary work: Do you know your comfort ...,https://www.ncbi.nlm.nih.gov/pmc/articles/PMC6973202/
Adam Robertson | USU,https://www.usu.edu/math/directory/graduate-students/robertson-adam
Ray Roberts Lake State Park — Texas Parks & Wildlife Department,https://tpwd.texas.gov/state-parks/ray-roberts-lake
Robertson Millpond Hours & Information | Wake County Government,https://www.wakegov.com/departments-government/parks-recreation-open-space/all-parks-trails/robertson-millpond-preserve/robertson-millpond-hours-information
Machine learning models for diagnosing COVID-19 are not yet ...,https://www.cam.ac.uk/research/news/machine-learning-models-for-diagnosing-covid-19-are-not-yet-suitable-for-clinical-use
Canada Relocation Machine Learning Jobs (with Salaries) 2022 ...,https://ca.indeed.com/Canada-Relocation-Machine-Learning-jobs
Applications for deep learning in ecology - Christin - 2019 - Methods ...,https://besjournals.onlinelibrary.wiley.com/doi/10.1111/2041-210X.13256
CGG Experts - CGG,https://www.cgg.com/geoscience-training/cgg-experts
Katy Independent School District / Homepage,https://www.katyisd.org/
Jennifer Robertson | U-M LSA History of Art,https://lsa.umich.edu/histart/people/emeriti-faculty/jennyrob.html
Board of Elections,http://www.cumberlandcountync.gov/departments/board-of-elections
YMCA of Middle Tennessee: Belong and Be Well,https://www.ymcamidtn.org/
Jyothi Robertson- DVM- DABVP (Shelter Medicine) | HumanePro by ...,https://humanepro.org/authors/jyothi-robertson-dvm-dabvp-shelter-medicine
Amazon engineer makes AI cat flap to stop his cat bringing prey ...,https://www.theverge.com/tldr/2019/6/30/19102430/amazon-engineer-ai-powered-catflap-prey-ben-hamm
Pets policy | Metro,https://www.oregonmetro.gov/parks/pets-policy
Employment Opportunities & Wildlife Officer Positions,https://www.tn.gov/twra/employment.html
UNC-Chapel Hill Employment Opportunities | Search Jobs,https://unc.peopleadmin.com/postings/search?;query=&query_v0_posted_at_date=&1826=5&1827=&query_position_type_id=&526=&query_organizational_tier_2_id=any&query_organizational_tier_3_id=any&commit=Search
NC Veterinary Diagnostic Laboratory System,https://www.ncagr.gov/vet/ncvdl/
Team – Dogtooth Technologies,https://dogtooth.tech/team/
Steve Wozniak - Wikipedia,https://en.wikipedia.org/wiki/Steve_Wozniak
Animal Control – Robeson County Health Department,https://robesoncountyhealthdepartment.com/service/animal-control/
Peter Muir- BVSc- MVetClinStud- PhD- DACVS- DECVS- FRCVS,https://www.vetmed.wisc.edu/people/muirp/
City Of Memphis Employee Salaries August 2021 Division ...,https://www.memphistn.gov/wp-content/uploads/2021/08/City-of-Memphis-Employee-Salaries-August-2021.pdf
Emma Robertson- Instructor | Coursera,https://www.coursera.org/instructor/~19752967
Texas Workforce Commission Wage and Hour Administrative Liens ...,https://twc.texas.gov/wage-hour-liens
Living Heart Project | SIMULIA™ - Dassault Systèmes®,https://www.3ds.com/products-services/simulia/solutions/life-sciences-healthcare/the-living-heart-project/
Lumber River State Park: Home | NC State Parks,https://www.ncparks.gov/state-parks/lumber-river-state-park
Code Provisions Regulating the Number of Dogs Permitted on a ...,https://www.mtas.tennessee.edu/system/files/knowledgebase/reference/Code%20Provisions%20Regulating%20the%20Number%20of%20Dogs.pdf
Columbus State University - A University System of Georgia Institution,https://www.columbusstate.edu/
A Dog's Purpose (2017) - IMDb,https://www.imdb.com/title/tt1753383/
Veterinary Radiology & Ultrasound: Vol 54- No 2,https://onlinelibrary.wiley.com/toc/17408261/2013/54/2
IJMS | Free Full-Text | Cell Sources for Cultivated Meat: Applications ...,https://www.mdpi.com/1422-0067/22/14/7513
Cedars-Sinai: A Non-Profit Hospital in Los Angeles,https://www.cedars-sinai.org/
Employee Directory,https://www.ncat.edu/employee-directory.php
Faculty & Staff - Cold Spring Harbor Laboratory,https://www.cshl.edu/research/faculty-staff/
Animal Control - Bell County- TX,https://www.bellcountytx.com/county_government/sheriff/animal_control.php
A case study of petrophysical rock typing and permeability prediction ...,https://www.nature.com/articles/s41598-022-08575-5
How to Encode Text Data for Machine Learning with scikit-learn ...,https://machinelearningmastery.com/prepare-text-data-machine-learning-scikit-learn/
Make Money As A Freelance Writer: Your Simple Starter Guide To ...,https://www.amazon.com/Make-Money-As-Freelance-Writer/dp/1539156885
Radius | Housing & Residential Life,https://housing.umn.edu/radius
Camp Roberts | Cal Guard,https://calguard.ca.gov/cr/
Boombah Sports Complex | Orlando North Sports,https://playorlandonorth.com/facilities/details/boombah-sports-complex
RCC,https://www.rcc.edu/
Perks at Work,https://www.perksatwork.com/
CHEVIOT HILLS RECREATION CENTER | City of Los Angeles ...,https://www.laparks.org/reccenter/cheviot-hills
Millard South High School - Millard Public Schools,https://mshs.mpsomaha.org/
PEACE OFFICER STANDARDS & TRAINING - BLEOST ...,https://www.sos.ms.gov/ACProposed/00013666b.pdf
Museum of Tolerance,https://www.museumoftolerance.com/
Fink Road Sanitary Landfill - Environmental Resources - Stanislaus ...,https://www.stancounty.com/er/landfill/
Rights for Robots; Artificial Intelligence- Animal and Environmental ...,https://library.oapen.org/bitstream/id/521be842-c3bb-466f-be16-3bd285f181da/9781000264579.pdf
North Natomas Aquatics Complex - City of Sacramento,https://www.cityofsacramento.org/ParksandRec/Recreation/Aquatics/NoNatAquaticsComplex
Our Team in Cashmere- WA - Cashmere Veterinary Clinic,https://cashmerevetclinic.com/our-veterinary-team/
Three Rivers College: Home,https://trcc.edu/
The Bank of Missouri | Personal & Business Deposits & Loans,https://www.bankofmissouri.com/
History of Radiology: Timeline- Pioneers- Inventions | RamSoft,https://www.ramsoft.com/history-of-radiology/
Terms of Service,https://www.republicservices.com/cms/documents/rssitedocuments/3803/Fairfax-Service-Standards-Jan-2015.pdf?
Charlie Norwood Department Of Veterans Affairs Medical Center ...,https://www.va.gov/augusta-health-care/locations/charlie-norwood-department-of-veterans-affairs-medical-center/
MFO - Home,https://mfo.org/
Metaverse beyond the hype: Multidisciplinary perspectives on ...,https://www.sciencedirect.com/science/article/pii/S0268401222000767
East Bay Regional Park District to host youth job fairs – East Bay ...,https://www.eastbaytimes.com/2015/01/21/east-bay-regional-park-district-to-host-youth-job-fairs/
Highlights of Transfusion Medicine History,https://www.aabb.org/news-resources/resources/transfusion-medicine/highlights-of-transfusion-medicine-history
Police: Man Threw Iguana At Manager Inside Restaurant - CBS ...,https://pittsburgh.cbslocal.com/2019/04/17/ohio-man-accused-throwing-iguana-manager-inside-restaurant/
What to listen to during solar eclipse | Miami.com | Miami Herald,https://www.miamiherald.com/miami-com/miami-com-news/article225759585.html
64 Mr. Rogers Quotes - Best Fred Rogers Quotes - Parade ...,https://parade.com/954616/alexandra-hurtado/mr-rogers-quotes/
U.S. ANNOUNCES SETTLEMENTS WITH TWO CINCINNATI ...,https://www.justice.gov/archive/usao/ohs/news/2010/12-03-10.pdf
About | Guardianz,https://www.guardianz.law/about
Experts - Stony Brook University- New York,https://www.stonybrook.edu/experts/results/
Report on Texas Bridges - As of September 2014,ftp://ftp.dot.state.tx.us/pub/txdot-info/library/pubs/bus/bridge/0914-texas-bridges-report.pdf
Happy Friday! RACC Is... - Richmond Animal Care and Control ...,https://m.facebook.com/Richmond.Animal.Care.and.Control/posts/8489931174351136/
Donations - Montgomery County Maryland Volunteer Center,https://www.montgomerycountymd.gov/volunteercenter/volunteers/Donations.html
Paper Accepted (April 2021) 2 | The Applied Biomechanics Lab,https://abl.bme.unc.edu/2021/04/paper-accepted-april-2021-2/
Azure Machine Learning - Microsoft Q&A,https://learn.microsoft.com/en-us/answers/tags/75/azure-machine-learning?page=2&filterby=answered
Department of Surgery | Max Rady College of Medicine | University ...,https://umanitoba.ca/medicine/department-surgery
Wayback Machine,https://web.archive.org/save/
M.Tech.Data Science & Engineering – BITS Pilani,https://bits-pilani-wilp.ac.in/m-tech/cluster/data-science-and-engineering.php
How to Avoid Scams With Data Entry at Home Jobs,https://work.chron.com/avoid-scams-data-entry-home-jobs-9281.html
The New World Order: The Historical Origins of a Dangerous ...,https://www.middlebury.edu/institute/academics/centers-initiatives/ctec/ctec-publications/new-world-order-historical-origins-dangerous
UP Ag Connections,https://www.canr.msu.edu/uploads/396/61888/UP_Ag_Connection_Newsletter_April_2015.pdf
Civil Rights Era (1950–1963) - The Civil Rights Act of 1964: A Long ...,https://www.loc.gov/exhibits/civil-rights-act/civil-rights-era.html
Library and Learning Centre : University of Dundee,https://www.dundee.ac.uk/library/
Multicounty Litigation | NJ Courts,https://www.njcourts.gov/attorneys/multicounty-litigation
Blog,https://royalsociety.org/blog/BlogSearchPage/
MGMT 254 EXAM 4 Flashcards | Quizlet,https://quizlet.com/545164763/mgmt-254-exam-4-flash-cards/
Rare genetic quirk twice as common as thought • PET,https://www.progress.org.uk/rare-genetic-quirk-twice-as-common-as-thought/
Cairns Regional Council,https://www.cairns.qld.gov.au/
Home | BSCTC,https://bigsandy.kctcs.edu/
Available Earmarked Category 1 projects - Graduate School ...,https://graduate-school.uq.edu.au/available-cat-1-phd-projects
News | The Scotsman,https://www.scotsman.com/news
Recommending Courses in MOOCs for Jobs: An Auto Weak ...,https://www.researchgate.net/publication/347965971_Recommending_Courses_in_MOOCs_for_Jobs_An_Auto_Weak_Supervision_Approach
Marketing Director Jobs in Pine Bluff- AR (Hiring Now!) - Zippia,https://www.zippia.com/marketing-director-pine-bluff-ar-jobs/
Top Government Recognised Computer Training Institutes in Kolar ...,https://www.justdial.com/Kolar/Government-Recognised-Computer-Training-Institutes/nct-10891467
UQ Library,https://www.library.uq.edu.au/
Appalachia's East Fork Farm Seeks Higher Ground on Animal Welfare,https://awionline.org/awi-quarterly/2011-summer/appalachias-east-fork-farm-seeks-higher-ground-animal-welfare
