Title,URL
Black galaxy granite ongole - | LinkedIn,https://in.linkedin.com/company/black-galaxy-granite-ongole-
Sai Jyothi Ongole - Graduate Assistant - The University of Akron ...,https://www.linkedin.com/in/sai-jyothi-ongole
Career Development and Placement Cell (CDPC) RGUKT Ongole ...,https://in.linkedin.com/company/career-development-and-placement-cell-cdpc-rgukt-ap-dr-apj-abdul-kalam-ongole-campus
Aws Jobs In Ongole Andhrapradesh - 109 Aws Job Vacancies In ...,https://www.naukri.com/aws-jobs-in-ongole-andhrapradesh
Ongole James - coordinator - production NAADS | LinkedIn,https://ug.linkedin.com/in/ongole-james-907b8756
Madan Gopal Ongole - Software Engineer Manager - Boston ...,https://uk.linkedin.com/in/ongolemadangopal
0 Finance Jobs for Freshers in Ongole- Jan | Internshala,https://internshala.com/fresher-jobs/finance-jobs-in-ongole
Jobs In Ongole - 93 Job Vacancies In Ongole - Naukri.com,https://www.naukri.com/jobs-in-ongole
Internship in Ongole | Internshala,https://internshala.com/internships/internship-in-Ongole/
The Effect of Genistein on the Plasma Membrane Integrity of Frozen ...,https://iopscience.iop.org/article/10.1088/1755-1315/465/1/012054
Ongole: APSDC helps 30-000 youth hone their skills- get jobs,https://www.thehansindia.com/andhra-pradesh/ongole-apsdc-helps-30000-youth-hone-their-skills-get-jobs-718681
UiPath Careers and Employment | UiPath,https://www.uipath.com/company/careers
Identification of the PLAG1 polymorphisms in Peranakan Ongole ...,https://iopscience.iop.org/article/10.1088/1755-1315/1115/1/012002
QIS College Of Engineering & Technology,https://qiscet.edu.in/qiscet/
PACE Institute of Technology and Sciences- Ongole Wanted ...,https://www.facultyplus.com/pace-institute-of-technology-and-sciences-ongole-wanted-professor-associate-professor-assistant-professors/
Top 10 Job Training in Ongole- Centers- Institutes- Courses ...,https://www.sulekha.com/job-training/ongole
New DataHour Sessions are Back - Save the Date Now! - Analytics ...,https://www.analyticsvidhya.com/blog/2022/12/new-datahour-sessions-are-back-save-the-date-now/
Infosys Salaries in Ongole | AmbitionBox,https://www.ambitionbox.com/salaries/infosys-salaries/ongole-location
Bioinformatics Intern Jobs- Employment | Indeed.com,https://www.indeed.com/q-Bioinformatics-Intern-jobs.html
5 Common Machine Learning Problems & How to Solve Them,https://www.provintl.com/blog/5-common-machine-learning-problems-how-to-beat-them
Rural Business Development Grants | Rural Development,https://www.rd.usda.gov/programs-services/business-programs/rural-business-development-grants
Reliance Jiomart jobs in Ongole- 2020 | jiomart jobs | Jio career -,https://jioguide.com/reliance-jio-jobs-in-ongole-2020-jio-jobs-jio-career/
Pace Institute of Technology and Sciences::Ongole | Ongole,https://www.facebook.com/PACEOngole/
Just Walk Out,https://justwalkout.com/
Careers | John Deere IN,https://www.deere.co.in/en/our-company/john-deere-careers/
Web Designing Company Ongole | Web Development company ...,https://www.cloudtimon.com/location/web-designing-company-ongole/
VOL-11-ISSUE-2-2021 – Journal of Information and Computational ...,https://joics.org/vol-11-issue-2-2021/
Top Recruitment Agencies & Placement Services For HR Candidate ...,https://www.justdial.com/Ongole/Placement-Services-For-HR-Candidate/nct-10373171
Top Security Services in Ongole - Best Security Guard Services ...,https://www.justdial.com/Ongole/Security-Services/nct-10426615
Connect with Sai Sravani Ongole - Consultant at Fractal - Bangalore ...,https://coffeemug.ai/contact/sravzongole/
Microsoft Lab Assistant Reviews | Glassdoor,https://www.glassdoor.com/Reviews/Microsoft-lab-assistant-Reviews-EI_IE1651.0,9_KO10,23.htm
Microsoft Senior Program Manager Reviews | Glassdoor,https://www.glassdoor.com/Reviews/Microsoft-Senior-Program-Manager-Reviews-EI_IE1651.0,9_KO10,32_IP3.htm
Microsoft "review system" Reviews | Glassdoor,https://www.glassdoor.com/Reviews/Microsoft-review-system-Reviews-EI_IE1651.0,9_KH10,23_IP3.htm
Microsoft "smart people" Reviews | Glassdoor,https://www.glassdoor.com.au/Reviews/Microsoft-smart-people-Reviews-EI_IE1651.0,9_KH10,22.htm
(PDF) An Efficient Decision Tree for Imbalance data learning using ...,https://www.researchgate.net/publication/305991271_An_Efficient_Decision_Tree_for_Imbalance_data_learning_using_Confiscate_and_Substitute_Technique
36367 Technical Proficiency Jobs Openings in India - TimesJob.com,https://www.timesjobs.com/jobskill/technical-proficiency-jobs
Coordination Budget Preparation And Analysis Improve Systems ...,https://www.timesjobs.com/jobskill/coordination-budget-preparation-and-analysis-improve-systems-jobs
Web Designer Programmer Post Graduate Jobs in India - 103199 ...,https://www.timesjobs.com/jobskill/web-designer-programmer-post+graduate-jobs
86319 Active Directory Services Jobs Openings in India,https://www.timesjobs.com/jobskill/active-directory-services-jobs
Autonomous Maintenance Jobs in India - 15925 Autonomous ...,https://www.timesjobs.com/jobskill/autonomous-maintenance-jobs
Senior Engineering Manager Jobs In Ahmedabad - Senior ...,https://www.timesjobs.com/jobs-in-ahmedabad/senior-engineering-manager-jobs
Organizing.,https://www.slideshare.net/koppulachandra/ii-unit-mtob
35001 Obtaining Missing Data Jobs Openings in India - TimesJob.com,https://m.timesjobs.com/jobskill/obtaining-missing-data-jobs
Use latest in a sentence - RhymeZone,https://www.rhymezone.com/r/rhyme.cgi?loc=ol_ue&typeofrhyme=wke&Word=latest
Indian Social Entrepreneurs | SpringerLink,https://link.springer.com/chapter/10.1007/978-81-322-2827-1_4
Publications by: Veterinary Science - ResearchOnline@JCU,https://researchonline.jcu.edu.au/view/orgu/211300.creators_name.html
