Title,URL
Embedded Systems internship in Bhiwandi with job offer,https://internshala.com/internships/embedded-systems-internship-in-bhiwandi/ppo-true/
ISKCON Bhiwandi | LinkedIn,https://in.linkedin.com/company/iskconbhiwandi
Internship in Bhiwandi | Internshala,https://internshala.com/internships/internship-in-bhiwandi/
73 Data Analyst Jobs and Vacancies in Bhiwandi- Maharashtra - 4 ...,https://in.indeed.com/Data-Analyst-jobs-in-Bhiwandi,-Maharashtra
Machine Learning Course in Bhiwandi - Best Training Institute ...,http://quickxpertinfotech.com/machine-learning-course-in-bhiwandi
4-770 Jobs and Vacancies in Bhiwandi- Maharashtra - 5 February ...,https://in.indeed.com/jobs?q=%5D&l=Bhiwandi,+Maharashtra
Clinical Research Associate Jobs In Kalyan Bhiwandi - 23 Clinical ...,https://www.naukri.com/clinical-research-associate-jobs-in-kalyan-bhiwandi
Meherzad Bhiwandiwalla - Test Engineer - TomTom | LinkedIn,https://www.linkedin.com/in/meherzad-bhiwandiwalla-58aa437a/
Internship Jobs In Bhiwandi Thane - 1273 Internship Job Vacancies ...,https://www.naukri.com/internship-jobs-in-bhiwandi-thane
20 Best learning and development jobs in Bhiwandi- Maharashtra ...,https://www.simplyhired.co.in/search?q=learning+and+development&l=bhiwandi%2C+maharashtra&fdb=14&pp=
Warehouse Jobs in Bhiwandi- February 2023 | Glassdoor,https://www.glassdoor.com/Job/bhiwandi-warehouse-jobs-SRCH_IL.0,8_IC2930162_KO9,18.htm
warehouse Bhiwandi Jobs | Glassdoor,https://www.glassdoor.com/Job/bhiwandi-warehouse-jobs-SRCH_IL.0,8_IC2930162_KE9,18.htm
Machine Operator Job Vacancies in Bhiwandi Thane-Machine ...,https://www.placementindia.com/job-search/machine-operator-jobs-in-bhiwandi-thane.htm
▷ Find Python trainer jobs- coaching jobs in Bhiwandi city - UrbanPro,https://www.urbanpro.com/bhiwandi/python-trainer-jobs/10658564
B.N.N College-Bhiwandi Department Of Information Technology ...,https://gmmomincol.org/wp-content/uploads/2020/10/TY-BI.pdf
Bloom Institute of Technology | Online Coding Bootcamp,https://www.bloomtech.com/
All walk in interview jobs in bhiwandi- maharashtra | Careesma,https://www.careesma.in/jobs?q=walk+in+interview&lc=bhiwandi%2C+maharashtra
Precihole Machine Tools Bhiwandi Reviews by 6 Employees ...,https://www.ambitionbox.com/reviews/precihole-machine-tools-reviews/bhiwandi-location
Bootstrap Sampling | Bootstrap Sampling In Machine Learning,https://www.analyticsvidhya.com/blog/2020/02/what-is-bootstrap-sampling-in-statistics-and-machine-learning/
Retail / Counter Sales Jobs in Bhiwandi Mumbai | Find Latest Retail ...,https://www.jobhai.com/retail-counter-sales-jobs-in-bhiwandi-mumbai-lccty
Urgent: Cnc machine operator Jobs in Bhiwandi - February 2023 ...,https://in.jooble.org/jobs-cnc-machine-operator/Bhiwandi
Laser Jobs- Jobs in Bhiwandi- Job Vacancies & Openings in ...,https://www.olx.in/bhiwandi_g4058965/jobs_c4/q-laser
SS Supply Chain Solutions (3SC): AI Powered Supply Chain ...,https://3scsolution.com/
Kraft Heinz Company Employment and Reviews | SimplyHired,https://www.simplyhired.com/company/Kraft%20Heinz%20Company/?l=Madison%2C+WI
Amazon Reviews | Glassdoor,https://www.glassdoor.co.in/Reviews/Amazon-Reviews-EI_IE6036.0,6.htm
Anujkumar Sharma (@anujkumar0001) / Twitter,https://twitter.com/anujkumar0001
Uber "wear and tear" Reviews | Glassdoor,https://www.glassdoor.com.au/Reviews/Uber-wear-and-tear-Reviews-EI_IE575263.0,4_KH5,18.htm
Uber Program Manager Interview Questions | Glassdoor,https://www.glassdoor.co.uk/Interview/Uber-Program-Manager-Interview-Questions-EI_IE575263.0,4_KO5,20.htm
Amazon Reviews in Melbourne- Australia | Glassdoor,https://www.glassdoor.co.uk/Reviews/Amazon-Melbourne-Reviews-EI_IE6036.0,6_IL.7,16_IM965.htm
19358 Qa Regression Testing Jobs Openings in India,https://m.timesjobs.com/jobskill/qa-regression-testing-jobs
18745 Multi Threaded Programming Jobs Openings in India,https://www.timesjobs.com/jobskill/multi-threaded-programming-jobs
Work and autonomy in the assembly of printed circuit boards: An ...,https://journals.sagepub.com/doi/10.1177/006996670904300201
The prevalence of musculoskeletal disorders of Sourak tobacco ...,https://www.researchgate.net/figure/The-prevalence-of-musculoskeletal-disorders-of-Sourak-tobacco-factory-workers-In-the-past_tbl1_313301345
NewTech Solutions Sp. z o.o. | LinkedIn,https://pl.linkedin.com/company/newtech-solutions?trk=similar-pages
Poverty and under nutrition among under five age group children in ...,https://go.gale.com/ps/i.do?id=GALE%7CA481245246&sid=googleScholar&v=2.1&it=r&linkaccess=abs&issn=20672462&p=AONE&sw=w
Top Full Time Science Colleges in Mumbai - 2022 Rankings- Fees ...,https://collegedunia.com/science/mumbai/full-time-colleges
