Title,URL
Internship in Raebareli | Internshala,https://internshala.com/internships/internship-in-raebareli/
Dr. Priya Shukla - Machine Learning Engineer - Renishaw India ...,https://in.linkedin.com/in/priya-shukla-iiita
Computer Science Internship in Raebareli | Internshala,https://internshala.com/internships/computer-science-internship-in-raebareli/
BKK Transport & Brokerage | LinkedIn,https://www.linkedin.com/company/bkk-transport-&-brokerage
Assistant Professor Jobs In Raebareli Up - 1324 Assistant Professor ...,https://www.naukri.com/assistant-professor-jobs-in-raebareli-up
Recruitment,https://www.imf.org/en/About/Recruitment
Four Star Chemical | LinkedIn,https://www.linkedin.com/company/four-star-chemical
Pilot Project for ushering in 'Industry 4.0' in the country- is launched ...,https://pib.gov.in/PressReleasePage.aspx?PRID=1586545
2925 Computer Teacher Job Vacancies In Raebareli Up - Naukri.com,https://www.naukri.com/computer-teacher-jobs-in-raebareli-up
Top 10 Cooking Classes in Raebareli- Cookery Courses- Training ...,https://www.sulekha.com/cookery-job-training/raebareli
Birla Corporation Rae Bareli Reviews by 24 Employees | AmbitionBox,https://www.ambitionbox.com/reviews/birla-corporation-reviews/rae-bareli-location
Want CBSE Science- Mathematics Class 9 Tutor in Doorbhash ...,https://www.urbanpro.com/raebareli/want-cbse-science-mathematics-class-9-tutor-in-doorbhash-nagar/35039215
Pilot Project for 'Industry 4.0' launched at the Modern Coach Factory ...,https://affairscloud.com/pilot-project-for-implementation-at-the-modern-coach-factory-raebareli-launched-based-on-the-unique-project-industry-4-0/
Check Latest 58 Full Time Jobs Openings In Raebareli (February ...,https://www.quikr.com/jobs/full-time+raebareli+zwqxj2034660499
SAS Programmer Professional Certificate | Coursera,https://www.coursera.org/professional-certificates/sas-programming
Find Manufacturing Companies in Raebareli - Dun & Bradstreet,https://www.dnb.com/business-directory/company-information.manufacturing.in.uttar_pradesh.raebareli.html
Fursatganj (Raebareli) Campus - FDDI,https://fddiindia.com/campus-fursatganj.php
CAE,https://www.cae.com/civil-aviation/locations/
Branch in Satya Nagar- Raebareli- 229001 | HDFC Bank,https://near-me.hdfcbank.com/branch-atm-locator/hdfc-bank-raibareli-banks-satya-nagar-raebareli-8698/Home
How Do You Become a Programmer in 2023? A Step-by-Step Guide,https://www.springboard.com/blog/software-engineering/how-to-become-a-programmer/
Careers & Opportunities | Air Products,https://www.airproducts.com/careers
Chapter09 Get a Job Tech | Pragmatic AI Labs and Solutions,https://paiml.com/docs/home/books/minimal-python/chapter09-get-a-job-tech/
Uttam Ojha - Nepal | Professional Profile | LinkedIn,https://np.linkedin.com/in/uttam-ojha-2189b9181
Nation - The Tribune- Chandigarh- India,https://m.tribuneindia.com/2007/20070214/nation.htm
Raebareli: NTPC plant explosion kills 4 |रायबरेली NTPC प्लांट हादसे ...,https://www.youtube.com/watch?v=BqOMt0NH5zA
Use explicating in a sentence - RhymeZone,https://www.rhymezone.com/r/rhyme.cgi?typeofrhyme=wke&loc=thesql&Word=explicating
Google Engineering Practicum Interview Questions | Glassdoor,https://www.glassdoor.com/Interview/Google-Engineering-Practicum-Interview-Questions-EI_IE9079.0,6_KO7,28.htm
Google Reviews: What Is It Like to Work At Google? | Glassdoor,https://www.glassdoor.ca/Reviews/Google-Reviews-EI_IE9079.0,6.htm
Google Software Engineer(Internship) Interview Questions,https://www.glassdoor.ca/Interview/Google-Interview-Questions-E9079.htm?filter.jobTitleExact=Software+Engineer%28Internship%29
Google Quantitative Analyst Interview Questions | Glassdoor,https://www.glassdoor.co.uk/Interview/Google-Quantitative-Analyst-Interview-Questions-EI_IE9079.0,6_KO7,27.htm
aif2015.htm - Generated by SEC Publisher for SEC Filing,https://www.sec.gov/Archives/edgar/data/1173382/000117338215000014/aif2015.htm
Rakesh Kumar Singh's Review On Feroze Gandhi Institute Of ...,https://collegedunia.com/reviews/15494-rakesh-kumar-singh-review-on-feroze-gandhi-institute-of-engineering-and-technology-fgiet-rae-bareli
Combination of GIS and fuzzy-AHP for delineating groundwater ...,https://www.researchgate.net/publication/336987832_Combination_of_GIS_and_fuzzy-AHP_for_delineating_groundwater_recharge_potential_zones_in_the_critical_Goghat-II_block_of_West_Bengal_India
A GIS-based modified DRASTIC (ANP) method for assessment of ...,https://www.researchgate.net/publication/316454533_A_GIS-based_modified_DRASTIC_ANP_method_for_assessment_of_groundwater_vulnerability_A_case_study_of_Nagpur_City_India
Supporting Women Entrepreneurs in a Transitioning Economy ...,https://www.researchgate.net/publication/228270807_Supporting_Women_Entrepreneurs_in_a_Transitioning_Economy
Branch Details | The Financial Express,https://www.financialexpress.com/ifsc-code/state-bank-of-india/rbo-iv-himayatnagar-branch-in-secunderabad-sbin0021698/
POLICY WORDINGS,https://tagic-cms-dev.s3.ap-south-1.amazonaws.com/Policy_Wordings_home_guard_plus_policy.pdf_8d9747efb2.pdf
Domestic Travel Protection Policy Wording.cdr,https://tagic-cms-dev.s3.ap-south-1.amazonaws.com/Policy_Wordings_domestic_travel_protection.pdf_d5dea0cdc2.pdf
*RYW FUHDWLQJ DWPRVSKHUH RI IHDU LQ FRXQWU ...,https://www.dailypioneer.com/uploads/2022/epaper/september/lucknow-english-edition-2022-09-05.pdf
