Title,URL
20 Python Jobs and Vacancies in Nashik- Maharashtra - 5 February ...,https://in.indeed.com/Python-jobs-in-Nashik,-Maharashtra
Machine Learning Jobs In Nashik Aurangabad - 8 Machine ...,https://www.naukri.com/machine-learning-jobs-in-nashik-aurangabad
All Machine Learning jobs in Nashik- Maharashtra — Jobs in AI/ML ...,https://ai-jobs.net/machine-learning-jobs-in-maharashtra/nashik/
BHARADWAJ CHIVUKULA - Machine Learning Engineer - Akrivia ...,https://in.linkedin.com/in/bharadwaj-chivukula-320b74119
Best Technology Companies and Startups to Work for in Nashik ...,https://angel.co/startups/l/nashik-1/technology
Machine Learning Course in Nashik - Best Training Institute - Fees ...,http://quickxpertinfotech.com/machine-learning-course-in-nashik
Decimal Point Analytics | LinkedIn,https://www.linkedin.com/company/decimalpointanalytics
Machine Learning Course Training in Nashik - 360DigiTMG,https://360digitmg.com/india/nashik/machine-learning-certification-course-training-institute
Winjit Technologies Pvt Ltd | LinkedIn,https://www.linkedin.com/company/winjit-technologies
Data Science & Analytics jobs in India/Nashik | Submit your CV on ...,https://snaphunt.com/job-listing/Nashik-India/all-locationtypes/Data%20Science%20%26%20Analytics
Machine Learning Jobs in Wells Fargo (Feb 2023) - 10618 Machine ...,https://www.shine.com/job-search/machine-learning-jobs-in-wells-fargo
Confidence to Deploy AI with World-Class Training Data,https://appen.com/
Winjit - IoT | Artificial Intelligence & Machine Learning | Blockchain ...,https://winjit.com/
Machine Learning (ML) Jobs for February 2023 | Freelancer,https://www.freelancer.com/jobs/machine-learning
Careers | Autodesk,https://www.autodesk.com/careers/overview
Improving The Wireless Sensor Network Survivability By Using ...,https://papers.ssrn.com/sol3/papers.cfm?abstract_id=4187916
Career opportunities | Employment | Job openings at Eaton India,https://www.eaton.com/in/en-us/company/careers.html
Machine Learning Jobs in Nashik | Careerjet,https://www.careerjet.co.in/machine-learning-jobs/nashik-83865.html
Cognifront : Fresh & Crispy Products for You,http://www.cognifront.com/
Fractal | Intelligence for Imagination,https://fractal.ai/
Nashik Jobs - Rozgar.com,https://www.rozgar.com/jobs-in-nashik
Bacardi Careers | Bacardi Jobs - Bacardi Limited,https://www.bacardilimited.com/careers/
AI Engineer Salary in Nashik | AmbitionBox,https://www.ambitionbox.com/profile/ai-engineer-salary/nashik-location
Global Technology & IT Careers at Cognizant - Careers at Cognizant,https://careers.cognizant.com/global/en
Machine Learning Job Vacancies in Kolhapur-Machine Learning ...,https://www.placementindia.com/job-search/machine-learning-jobs-in-kolhapur.htm
0 Data Science Jobs for Freshers in Nashik- Jan | Internshala,https://internshala.com/fresher-jobs/data-science-jobs-in-nashik/
Best Artificial Intelligence Course in Nashik [Rated #1],https://www.simplilearn.com/artificial-intelligence-training-courses-nashik-city
Decimal Point Analytics (DPA) with 400 candidates- targets for 4000 ...,https://www.devdiscourse.com/article/business/2323032-decimal-point-analytics-dpa-with-400-candidates-targets-for-4000-mega-job-and-career-opportunities
TechnoKraft Training & Solution Pvt. Ltd. - 首页 | Facebook,https://www.facebook.com/tts.net.in/?locale=zh_CN
Canada | Careers - Citi,https://www.citigroup.com/canada/en/careers/
Machine Learning Course in Nashik- Training | Sulekha,https://www.sulekha.com/machine-learning-courses/nashik
Great Learning: Online Courses- PG Certificates and Degree ...,https://www.mygreatlearning.com/
Careers at TIAA | TIAA jobs,https://careers.tiaa.org/global/en/
Urgent: Student internship Jobs in Nashik - February 2023 - 178 ...,https://in.jooble.org/jobs-student-internship/Nashik
All jobs - Careers at Airbnb,https://careers.airbnb.com/positions/
We are progress. With you. | audi.com,https://www.audi.com/en/career.html
Edgrow: Best free Python- Data Science Courses Online,https://edgrow.in/
Top 7 Career Options after CSE in Artificial Intelligence | Sandip ...,https://www.sandipuniversity.edu.in/blog/top-7-career-options-after-cse-in-artificial-intelligence/
UiPath Careers and Employment | UiPath,https://www.uipath.com/company/careers
Jobs at NVIDIA | NVIDIA Careers,https://www.nvidia.com/en-in/about-nvidia/careers/
#1 Python Classes in Nashik | Python Training Course in Nashik,https://www.edureka.co/python-programming-certification-training-nashik
Careers | Bosch in India,https://www.bosch.in/careers/
Armstrong: Material Handling Warehouse Automation Solutions ...,https://www.armstrongltd.com/
Zillow Tech Hub,https://www.zillow.com/tech/
27 Best Freelance Natural Language Processing Developers For ...,https://www.upwork.com/hire/natural-language-processing-freelancers/
Careers | athenahealth,https://www.athenahealth.com/careers
Voguetter | LinkedIn,https://au.linkedin.com/company/voguetter
Earth & Wheat | LinkedIn,https://uk.linkedin.com/company/earthandwheat?trk=public_jobs_jserp-result_job-search-card-subtitle
Microsoft Lab Assistant Reviews | Glassdoor,https://www.glassdoor.com/Reviews/Microsoft-lab-assistant-Reviews-EI_IE1651.0,9_KO10,23.htm
Microsoft Senior Program Manager Reviews | Glassdoor,https://www.glassdoor.com/Reviews/Microsoft-Senior-Program-Manager-Reviews-EI_IE1651.0,9_KO10,32_IP3.htm
Uber Software Engineer Reviews | Glassdoor,https://www.glassdoor.com/Reviews/Uber-Software-Engineer-Reviews-EI_IE575263.0,4_KO5,22_IP5.htm
Arm Interview Questions | Glassdoor,https://www.glassdoor.co.uk/Interview/Arm-Interview-Questions-E7834_P3.htm
(PDF) A Survey On Automatic Gender Recognition Using Machine ...,https://www.researchgate.net/publication/343775603_A_Survey_On_Automatic_Gender_Recognition_Using_Machine_Learning
Rouge International | LinkedIn,https://hk.linkedin.com/company/rouge-international/?trk=similar-pages
Microsoft "smart people" Reviews | Glassdoor,https://www.glassdoor.com.au/Reviews/Microsoft-smart-people-Reviews-EI_IE1651.0,9_KH10,22.htm
Vijay Kumar - Singapore- Singapore | Professional Profile | LinkedIn,https://sg.linkedin.com/in/vijay-kumar-2a7956202?trk=public_post_share-update_social-details_comment_actor-image
The Visitor Magazine Issue 398 January 2016 by The Visitor ...,https://issuu.com/thevisitormagazine/docs/visitor_january_2016?e=5302582%2F41834535
Cognitive Adaptive Systems for Industrial Internet of Things Using ...,https://mdpi-res.com/d_attachment/electronics/electronics-12-00217/article_deploy/electronics-12-00217.pdf?version=1672573465
Voice of India for startups - Groupes | Facebook,https://fr-fr.facebook.com/Voifs.india/groups/
Amazon.com Employment and Reviews | SimplyHired,https://www.simplyhired.com/company/Amazon.com/?l=Kansas+City%2C+KS
Sma Jobs : 50 Sma Jobs Openings & Vacancies in India,https://www.monsterindia.com/search/sma-jobs
Messe Essen to focus on civil protection and defence at Security ...,https://www.sourcesecurity.com/news/messe-essen-civil-protection-defence-focus-security-essen-2022-event-co-1137-ga.1663845292.html
Machining Services At Affordable Price In India,https://www.tradeindia.com/services/engineering-services/machining-services/
Apply for Honorary DSc for Application Engineer - Honorary Awards,https://sites.google.com/site/honorarydegreeacademics/apply-for-honorary-dsc-for-application-engineer
and Applications******International Journal of Engineering Research,https://www.ijera.com/pages/certi-volume-9-issue-4.html
