Title,URL
Software Jobs In Tumkur - 15 Software Job Vacancies In Tumkur ...,https://www.naukri.com/software-jobs-in-tumkur
Naveen Tumkur Ramesh Babu - Senior Software Engineer - LinkedIn,https://www.linkedin.com/in/naveentr16
Build repeatable- secure- and extensible end-to-end machine ...,https://aws.amazon.com/blogs/machine-learning/build-repeatable-secure-and-extensible-end-to-end-machine-learning-workflows-using-kubeflow-on-aws/
QNZ Software Technologies Pvt. Ltd. | LinkedIn,https://in.linkedin.com/company/qnzsoftware-technologies-pvt-ltd
Machine Learning Course in Tumkur - Best Training Institute - Fees ...,http://quickxpertinfotech.com/machine-learning-course-in-tumkur
Suhas PS - Principal Design Engineer - Cadence Design Systems ...,https://in.linkedin.com/in/suhasps
Data scientist salary in Tumkur- Karnataka,https://in.indeed.com/career/data-scientist/salaries/Tumkur--Karnataka
KALS Distilleries Carnataka Private Limited | LinkedIn,https://in.linkedin.com/company/kals-distilleries-carnataka-private-limited
116 All Jobs and Vacancies in Tumkur- Karnataka - 6 February 2023 ...,https://in.indeed.com/All-jobs-in-Tumkur,-Karnataka
Toptal hiring Senior Go Developer – Full-time- Remote in Tumkur ...,https://in.linkedin.com/jobs/view/senior-go-developer-%E2%80%93-full-time-remote-at-toptal-2656967624
0 Media Jobs for Freshers in Tumkur- Jan | Internshala,https://internshala.com/fresher-jobs/media-jobs-in-Tumkur/
Building Energy-efficient Edge Systems,https://rave.ohiolink.edu/etdc/view?acc_num=osu160857422125719
Siddaganga Institute of Technology,http://www.sit.ac.in/html/home.html
Careers | Biogen,https://www.biogen.com/careers.html
SIT Tumkur Salaries in India | AmbitionBox,https://www.ambitionbox.com/salaries/sit-salaries
RWS Careers- Employment & Jobs - RWS,https://www.rws.com/about/careers/
Afreen Shakeel - Senior Data Engineer - Fractal | LinkedIn,https://ca.linkedin.com/in/afreen-shakeel
Bachelor of Technology (B.Tech.) CSE in Artificial Intelligence and ...,https://universitykart.com/university/universitycourse/sit-tumkur/b-tech-cse-in-artificial-intelligence-and-machine-learning
Find & Search Job Openings | Panasonic - Panasonic Careers,https://careers.na.panasonic.com/careers
Rio Rancho Public Schools | Home,https://www.rrps.net/
adidas Careers – Through sport- we have the power to change lives ...,https://careers.adidas-group.com/jobs?location=%5B%7B%22country%22%3A%22India%22%7D%5D&offset=0&keywords=&location_manual=India
Top 10 Job Training in Tumkur- Centers- Institutes- Courses ...,https://www.sulekha.com/job-training/tumkur
Flutura: Industrial AI and IIoT - Artifical Intelligence Company,https://www.flutura.com/
(PDF) Undergraduate engineering students employment prediction ...,https://www.researchgate.net/publication/361008441_Undergraduate_engineering_students_employment_prediction_using_hybrid_approach_in_machine_learning
Uncertainty Aware Resource Provisioning Framework for Cloud ...,https://dl.acm.org/doi/abs/10.2478/cait-2019-0028
MVJCE: Top ranked engineering colleges in Bangalore| Best Private ...,https://mvjce.edu.in/
ICARCV 2016 - dblp,https://dblp.org/db/conf/icarcv/icarcv2016
Wipro Employment and Reviews | SimplyHired,https://www.simplyhired.com/company/Wipro/?q=New+Graduate
ಶಿಕ್ಷಣದ ಜೊತೆ ಖಚಿತ ಉದ್ಯೋಗದ ಭರವಸೆ | ಕ್ಯಾಂಪಸ್ ಟೈಂ ವಿತ್ ...,https://www.youtube.com/watch?v=1qX5FdcsYhY
Search Results,https://etd.ohiolink.edu/apexprod/rws_olink/r/1501/search-results?p1001_keyword=online%2520modeling&request=KEYWORD_SEARCH&clear=1001
How to attach a file with a mail in GMail,https://pt.slideshare.net/tudlis/how-to-attach-a-fi
'The Aim is to build a Sustainable and Futuristic Karnataka' - Issuu,https://issuu.com/aeromagasia/docs/adk_may_-_june_5_/s/16281245
Content Posted in 2021 | STARS - Showcase of Text- Archives ...,https://stars.library.ucf.edu/2021.4.html
Uday_Mirji_Fresher_2015_Resume,https://www.slideshare.net/UDAYMIRJI/udaymirjifresher2015resume
Apply for Honorary DSc for Application Engineer - Honorary Awards,https://sites.google.com/site/honorarydegreeacademics/apply-for-honorary-dsc-for-application-engineer
What To Do After PhD ? Opening Career Options- Courses- Jobs ...,https://sites.google.com/site/honorarydegreeacademics/what-to-do-after-phd-opening-career-options-courses-jobs-salary-promotion
Race- Gender and Ethnicity Studies | Apply for Doctrin of Education ...,https://sites.google.com/site/honorarydegreeacademics/race-gender-and-ethnicity-studies-apply-for-doctrin-of-education-edd
Software Engineer | Apply for Honorary D.Eng. Award (Doctrin de ...,https://sites.google.com/site/honorarydegreeacademics/software-engineer-apply-for-honorary-d-eng-award-doctrin-de-engineering-award-honoris-causa
Tapping Jobs Openings In Bangalore - TimesJobs.com,https://www.timesjobs.com/jobs-in-bangalore/tapping-jobs
Shilpa Babu – Otto-von-Guericke University Magdeburg ...,https://de.linkedin.com/in/shilpa-babu-05354055?trk=public_profile_browsemap
