Title,URL
VARANASI SATYA SREEKANTH - Senior Software Engineer(AI/ML ...,https://in.linkedin.com/in/varanasi-satya-sreekanth-8b434289
Shradha Agrawal - Senior Machine Learning Engineer - Adobe ...,https://www.linkedin.com/in/shradhaa
Shashi Kumar - Machine Learning Engineer - VMware | LinkedIn,https://in.linkedin.com/in/shashi-kumar-0135b765
Amazon.in | Amazon.jobs,https://www.amazon.jobs/en/teams/in
Data scientist salary in Varanasi- Uttar Pradesh,https://in.indeed.com/career/data-scientist/salaries/Varanasi--Uttar-Pradesh
Machine Learning Course in Varanasi- Training | Sulekha,https://www.sulekha.com/machine-learning-courses/varanasi
Travel and Tourism internship in Varanasi with job offer,https://internshala.com/internships/travel-and-tourism-internship-in-varanasi/ppo-true/
All jobs in Varanasi- Uttar Pradesh — Jobs in AI/ML- Data Science ...,https://ai-jobs.net/jobs-in-uttar-pradesh/varanasi/
Australian Schools Boost Student Success- Reduce Attrition by 13 ...,https://www.datarobot.com/customers/catholic-education-diocese-of-parramatta/
▷ Tutor jobs in Varanasi | TeacherOn,https://www.teacheron.com/tutor-jobs-in-varanasi
CSE - Welcome | Indian Institute of Technology (BHU),https://www.iitbhu.ac.in/dept/cse
Senior Research Chemist Jobs In Varanasi - 780 Senior Research ...,https://www.naukri.com/senior-research-chemist-jobs-in-varanasi
Meet the Experts Akhilesh Varanasi: Exploring Synthetic Data,https://karsun-llc.com/akhilesh-varanasi-synthetic-data-2022/
Best Data Science Course Training Institute in Varanasi | 360digitmg,https://360digitmg.com/india/varanasi/data-science-certification-course-training-institute
Job - Indian Institute of Technology (IIT) (BHU)- Varanasi is hiring for ...,https://unstop.com/internships/public-relations-internship-udyam-22-indian-institute-of-technology-iit-bhu-varanasi-263753
Job Openings | Uber Careers,https://www.uber.com/us/en/careers/list/
Urgent: Online teacher Jobs in Varanasi - February 2023 - 66 ...,https://in.jooble.org/jobs-online-teacher/Varanasi
Master of Technology (M.Tech.) Artificial Intelligence Course at IIT ...,https://universitykart.com/university/universitycourse/iitbhu-varanasi/m-tech-artificial-intelligence-and-machine-learning
Kripa Varanasi: Innovating at interfaces | MIT News | Massachusetts ...,https://news.mit.edu/2017/faculty-profile-kripa-varanasi-0119
PMP Certification Training Varanasi | PMP Course Online,https://www.edureka.co/pmp-certification-exam-training-varanasi
USER-BASED RECOMMENDATION ALGORITHM ON HADOOP ...,https://etd.auburn.edu/bitstream/handle/10415/4605/Thesis.pdf?sequence=2
Careers - Seceon,https://www.seceon.com/careers/
Central information website for the global seed industry - SeedQuest,https://seedquest.com/jobs.php?type=job&page=job&id_article=140310&id_region=&id_category=&id_crop=
Central information website for the global seed industry - SeedQuest,https://www.seedquest.com/jobs.php?type=job&page=job&id_article=142473&id_region=&id_category=&id_crop=
Deeplite | AI-Driven Deep Neural Network Optimizer,https://www.deeplite.ai/
Page 236: Best Internet Companies and Startups to Work for in 2023 ...,https://angel.co/startups/industry/internet?page=236
Technologiestiftung on Twitter: "Looking for a Purpose Driven Job ...,https://twitter.com/tsbberlin/status/1587099979570634754
MoreStore Self Storage | LinkedIn,https://uk.linkedin.com/company/morestore-self-storage
Real Testbed for Autonomous Anomaly Detection in Power Grid ...,https://www.researchgate.net/publication/354775434_Real_Testbed_for_Autonomous_Anomaly_Detection_in_Power_Grid_Using_Low-Cost_Unmanned_Aerial_Vehicles_and_Aerial_Imaging
Science and Technology Council- IIT BHU Varanasi | Varanasi,https://m.facebook.com/sntc.iitbhu/?ref=page_internal&locale=es_LA
Community-based link prediction | Multimedia Tools and Applications,https://dl.acm.org/doi/10.1007/s11042-016-4270-9
Awards | Science,https://www.science.org/doi/10.1126/science.308.5728.1547d
E- Learning Is Imparting Knowledge Effectively For Students To ...,https://education.siliconindia.com/others/viewpoint/ceo-insights/e-learning-is-imparting-knowledge-effectively-for-students-to-crack-various-examinations-nwid-22337.html
Firms should train youth on new-age technologies: Narayana Murthy ...,https://economictimes.indiatimes.com/tech/internet/firms-should-train-youth-on-new-age-technologies-narayana-murthy/articleshow/66430493.cms
Astonishing Solar-Powered Plane Reveals Its Route Around The ...,https://www.fastcompany.com/3041246/astonishing-solar-powered-plane-reveals-its-route-around-the-world
10 Best Hotels near Jangamwadi Math- Varanasi 2022 | Trip.com,https://www.trip.com/hot/hotels-near-jangamwadi-math/
Data Science In Hindi- Data Science For Beginners- What Is Data ...,https://www.youtube.com/watch?v=U_CCKibxYjs
Fighting infodemic: Need for robust health journalism in India ...,https://europepmc.org/article/pmc/pmc7381929
Panna Sikdar - Data Entry Clerk - Sikdar Technologies Private Limited,https://bd.linkedin.com/in/panna-sikdar-9b3156207
International Conference on Sustainable Computing in Science ...,https://papers.ssrn.com/sol3/Delivery.cfm/SSRN_ID3355120_code3076116.pdf?abstractid=3355120&mirid=1
Assignment3 1,https://www.slideshare.net/s1190177/assignment3-1
Ankit Kumar – Software Engineer – Capgemini Engineering | LinkedIn,https://de.linkedin.com/in/ankit-kumar88
Shubham Dwivedi | Indian Institute of Information Technology and ...,https://iiitmk.academia.edu/ShubhamDwivedi
Science Courses at IIT BHU- Varanasi: Eligibility & Fees 2022,https://www.shiksha.com/college/iit-bhu-varanasi-indian-institute-of-technology-3011/courses/science-s
Search Results,https://www.apress.com/us/product-search/discipline?dnc=true&facet=type__book&topic=I29050
Exploration Jobs Openings In Chennai - TimesJobs.com,https://www.timesjobs.com/jobs-in-chennai/exploration-jobs
Browse by Goldsmiths authors: Bhattacharya- Joydeep - Goldsmiths ...,https://research.gold.ac.uk/view/goldsmiths/Bhattacharya=3AJoydeep=3A=3A.date.html
CYPHER 2015- A Huge Success,https://analyticsindiamag.com/cypher-2015-a-huge-success/
