Title,URL
Amazon.in | Amazon.jobs,https://www.amazon.jobs/en/teams/in
IIM Jammu - Executive Programme in Machine Learning & AI for ...,https://iimj.emeritus.org/iimj-executive-programme-in-machine-learning-ai-for-business/index.php
Vasu M. - System Engineer - Tata Consultancy Services | LinkedIn,https://in.linkedin.com/in/vasu-mahajan
Srinivas Jammu - Technical Product Owner - Cricket Wireless ...,https://www.linkedin.com/in/srinivasjammu
Coilcraft- Inc. hiring Hawarden Machine Builder in Jammu- Jammu ...,https://in.linkedin.com/jobs/view/hawarden-machine-builder-at-coilcraft-inc-3436897004
Data Science Course With Python Machine Learning in Jammu ...,https://www.apponix.com/data-science-course-in-jammu
Technunctus- IIT Jammu | LinkedIn,https://in.linkedin.com/company/technunctus-iit-jammu
Data scientist salary in Jammu and Kashmir,https://in.indeed.com/career/data-scientist/salaries/Jammu-and-Kashmir
Executive M. Tech. for Working Professionals in Artificial Intelligence ...,https://www.iitjammu.ac.in/post/executive-mtech-ai-ml
IIT Jammu,https://iitjammu.ac.in/alumni-affairs/alumni-list
Internship in Jammu | Internshala,https://internshala.com/internships/internship-in-jammu/
Faculty Data | Official Website of IIM Jammu| Indian Institute of ...,https://www.iimj.ac.in/faculty-data?n=MTAw
Statistician Jobs In City Jammu And Cityfield Jammu Kashmir ...,https://www.naukri.com/statistician-jobs-in-city-jammu-and-cityfield-jammu-kashmir-jammu-northindia-jammu-kashmir
A Comprehensive Survey of Sentiment Analysis: Word Embeddings ...,https://papers.ssrn.com/sol3/papers.cfm?abstract_id=3883875
Summer Intern Salary in Jammu | AmbitionBox,https://www.ambitionbox.com/profile/summer-intern-salary/jammu-location
Livewire Jammu (@livewirejammu) • Instagram photos and videos,https://www.instagram.com/livewirejammu/?hl=en
Python Training in Jammu | Best Python Course Institute,https://www.edureka.co/python-programming-certification-training-jammu
Artificial Intelligence and Machine Learning Course [2023 Updated],https://www.simplilearn.com/ai-and-machine-learning
IIM Jammu launches new Executive Program in Artificial Intelligence,https://analyticsdrift.com/iim-jammu-launches-new-executive-program-in-artificial-intelligence/
Regular Faculty Position in IIT Jammu (Rolling)- India,https://researchersjob.com/faculty-position-in-iit-jammu/
Join Our Team | Imagine Learning,https://www.imaginelearning.com/about/careers/
Machine Learning Training Course in Jammu And Kashmir - Fees ...,http://quickxpert.com/machine-learning-training-course-in-jammu-and-kashmir
Career Opportunities in Python: Everything You Need To Know ...,https://www.upgrad.com/blog/career-opportunities-in-python/
Welcome to Central University of Jammu,https://www.cujammu.ac.in/
Demandbase Machine Learning Engineer Interview Questions ...,https://www.glassdoor.com/Interview/Demandbase-Machine-Learning-Engineer-Interview-Questions-EI_IE271272.0,10_KO11,36.htm
(PDF) Machine learning for new-age construction,https://www.researchgate.net/publication/349636255_Machine_learning_for_new-age_construction
Working at Fiserv- Inc.,https://www.careers.fiserv.com/
Hasan Rafiq op LinkedIn: #mlbytes #machinelearning ...,https://nl.linkedin.com/posts/sam04_mlbytes-machinelearning-productionml-activity-6976750245867061248-kHb4?trk=public_profile_like_view
Videopreneurs of Kashmir,http://risingkashmir.com/-videopreneurs-of-kashmir
Adnan Aslam - Digital Marketing Intern - Al-Basirr Technologies ...,https://pk.linkedin.com/in/adnan-aslam-b1a21b253
60 percent faculty members non-Jammuites- none from 45 year old ...,http://www.earlytimes.in/newsdet.aspx?q=132527
Global Journal on Technology,https://citeseerx.ist.psu.edu/document?repid=rep1&type=pdf&doi=2d0a64b47265ff69a969e0b23d466871245f2446
How Much Does Yelp Pay in 2022? (6-134 Salaries) | Glassdoor,https://www.glassdoor.co.uk/Salary/Yelp-Salaries-E43314_P2.htm
Technologiestiftung on Twitter: "Looking for a Purpose Driven Job ...,https://twitter.com/tsbberlin/status/1587099979570634754
Artificial intelligence and IoT based prediction of Covid-19 using ...,https://europepmc.org/article/med/35783463
Machining Jobs Openings In Gurgaon - TimesJobs.com,https://www.timesjobs.com/jobs-in-gurgaon/machining-jobs
