Title,URL
0 Finance Jobs for Freshers in Osmanabad- Feb | Internshala,https://internshala.com/fresher-jobs/finance-jobs-in-osmanabad/
Artificial Intelligence & Data Science - College of Engineering ...,https://coeosmanabad.ac.in/aids/
Abhijeet Rokade - Osmanabad- Maharashtra- India | Professional ...,https://in.linkedin.com/in/abhijeet-rokade-530472114
Top Embroidery Job Works in Osmanabad - Best Embroidery Works ...,https://www.justdial.com/Osmanabad/Embroidery-Job-Works/nct-10187270
Asmita Nande - Programmer Analyst - Cognizant | LinkedIn,https://in.linkedin.com/in/asmita-nande-15a11316a
In Osmanabad: Dodging and Ducking the Virus | Pulitzer Center,https://pulitzercenter.org/stories/osmanabad-dodging-and-ducking-virus
Reliance Jiomart jobs in Osmanabad- 2020 | jiomart jobs | Jio career -,https://jioguide.com/reliance-jio-jobs-in-osmanabad-2020-jio-jobs-jio-career/
D Mart Osmanabad Reviews by 5 Employees | AmbitionBox,https://www.ambitionbox.com/reviews/d-mart-reviews/osmanabad-location
Top 10 Share Market Courses in Osmanabad- Training Classes ...,https://www.sulekha.com/share-marketing-job-training/osmanabad
Machine Learning Jobs in Cognizant (Feb 2023) - 1382 Machine ...,https://www.shine.com/job-search/machine-learning-jobs-in-cognizant
Arsalan Ahmed - Sr. Engineer - Lysys SA | LinkedIn,https://qa.linkedin.com/in/arsalan-ahmed-7b42a813
Machine Learning Jobs in Tcs (Feb 2023) - 772 Machine Learning ...,https://www.shine.com/job-search/machine-learning-jobs-in-tcs
DISYS | Global Staffing- IT Consulting & Managed Services Firm,https://www.disys.com/
Digital Highway | LinkedIn,https://www.linkedin.com/company/the-digital-highway
Events Happening Today in Osmanabad,https://in.bookmyshow.com/explore/events-today-osmanabad
Encora: Digital Product Engineering & Software Engineering Services,https://www.encora.com/
Flipkart Delivery Jobs 2023-24 Job Vacancy- Osmanabad ...,https://www.quikr.com/jobs/flipkart-delivery-jobs+osmanabad+zwqxj4157493934
47 Data Entry Jobs in Osmanabad- Back Office- Data Entry- Back ...,https://www.quikr.com/jobs/data-entry-back-office+osmanabad+zwqxj284607247
Jobs in Nacogdoches- Dallas- Lufkin- Rusk- WPB- Gandhinagar ...,https://www.etechgs.com/careers/
Data scientist salary in Maharashtra,https://in.indeed.com/career/data-scientist/salaries/Maharashtra
Naikwadi Nagar- Osmanabad- 413501 Branch Contact Information ...,https://near-me.hdfcbank.com/branch-atm-locator/hdfc-bank-main-road-banks-naikwadi-nagar-osmanabad-11575/Contact-Us
How To: Step by Step Spa Pedicure - YouTube,https://www.youtube.com/watch?v=Pal0AcfUDy0
Watershed Organisation Trust (WOTR) | LinkedIn,https://uk.linkedin.com/company/watershed-organisation-trust-wotr?trk=public_profile_experience-group-header
Amazon.com Employment and Reviews | SimplyHired,https://www.simplyhired.com/company/Amazon.com/?l=Kansas+City%2C+KS
BVG India: Facility Management- Emergency Response- Solid ...,https://www.bvgindia.com/
Infrastructural Tourism,https://www.researchgate.net/publication/309655103_Infrastructural_Tourism
THE TEXTILE HUB- a place to learn and earn_Design ...,https://issuu.com/aoa_confluence_2022/docs/1731_prajwal_pembarti_dd_book
Manipal Global Academy of BFSI Ties up with HomeFirst to Skill 500 ...,https://www.theweek.in/wire-updates/business/2019/07/23/pwr15-manipal%20global%20academy%20of%20bfsi.html
Top Science Certification Colleges in Mumbai - 2023 Rankings ...,https://collegedunia.com/science/mumbai/certification-colleges
Top Full Time Science Colleges in Mumbai - 2022 Rankings- Fees ...,https://collegedunia.com/science/mumbai/full-time-colleges
4YZ_R SfZ]Ud gZ]]RXV Z_ 2cf_RTYR],https://www.dailypioneer.com/uploads/2021/epaper/january/bhopal-english-edition-2021-01-19.pdf
Delhi page 1.qxd,https://www.dailypioneer.com/uploads/2021/epaper/december/bhopal-english-edition-2021-12-24.pdf
