Title,URL
Internship Jobs For Women | Work From Home Options | Full Time,https://internshala.com/internships-for-women/operations-internship-in-sambhal/
Kumar Shanu - Associate AI/ML Engineer - Rapyder Cloud ...,https://in.linkedin.com/in/its-kumar
Careers - CEMEX,https://www.cemex.com/careers
5 Easy Questions on Ensemble Modeling everyone should know,https://www.analyticsvidhya.com/blog/2015/09/questions-ensemble-modeling/
Daeyoun Kim - Senior Machine Learning Engineer - Parallel | LinkedIn,https://ca.linkedin.com/in/daeyounkim
ANS CONSTRUCTION | LinkedIn,https://www.linkedin.com/company/ans-construction
7 Best Coding Challenge Websites in 2020 - GeeksforGeeks,https://www.geeksforgeeks.org/7-best-coding-challenge-websites-in-2020/
Machine Learning Training Course in Lucknow,https://www.sipltraining.com/machine-learning-course.html
Machine learning Jobs: Jobs for freshers with Machine learning ...,https://www.freshersworld.com/machine-learning-jobs/3535242
Contact Us | Rockwell Automation,https://www.rockwellautomation.com/en-us/company/about-us/contact-us.html
What are some signs of learning disabilities? | NICHD - Eunice ...,https://www.nichd.nih.gov/health/topics/learning/conditioninfo/signs
Jobs in Sambhal - Check Latest (62) Job Openings (February 2023 ...,https://www.quikr.com/jobs/sambhal+zwqxj760939060
Alexa for Business – empower your organization with Alexa,https://aws.amazon.com/alexaforbusiness/
S M College Chandausi Dist Sambhal (u P) India Reviews by 0 ...,https://www.ambitionbox.com/reviews/s-m-college-chandausi-dist-sambhal-u-p-reviews
AWS Support and Customer Service Contact Info | Amazon Web ...,https://aws.amazon.com/contact-us/
Solving the Tragedy of India's Widows — Sambhali U.S.,https://www.sambhalius.org/blog/ykb0nogu5w9yxbuds01ztg7j2o11o3
India Frozen Foods Sambhal Reviews by 4 Employees | AmbitionBox,https://www.ambitionbox.com/reviews/india-frozen-foods-reviews/sambhal-location
Data Science Makes the Difference | UChicago,https://professional.uchicago.edu/stories/master-science-analytics/data-science-makes-difference
M.Tech.Data Science & Engineering – BITS Pilani,https://bits-pilani-wilp.ac.in/m-tech/cluster/data-science-and-engineering.php
Samvardhana Motherson Health Solution Limited (SMHS)| Company,https://smhs.motherson.com/
SPSS Software - India | IBM,https://www.ibm.com/in-en/spss
TNT is becoming FedEx | TNT US | TNT United States,https://www.tnt.com/express/en_us/site/home.html
SINGER® Sewing Assistant - Apps on Google Play,https://play.google.com/store/apps/details?id=com.singer.sewingassistant&hl=en&gl=US
COP27 Presidency launches Adaptation Agenda to build climate ...,https://climatechampions.unfccc.int/cop27-presidency-announces-ambitous-climate-resilience-agenda/
Advantages and disadvantages of robots,https://www.futurelearn.com/info/courses/begin-robotics/0/steps/2845
Aroma Energy | LinkedIn,https://uk.linkedin.com/company/aroma-energy
Top 10 Machine Learning Freelancers in India | Best Machine ...,https://www.truelancer.com/machine-learning-freelancers-in-india
Metal Clay Mixer Machine at Rs 270000 in Sambhal | ID ...,https://www.indiamart.com/proddetail/clay-mixer-machine-22680837433.html
Chemical Safety PPE- UVA-EHS,https://ehs.virginia.edu/Chemical-Safety-PPE.html
21 Hospital Maintenance Jobs and Vacancies in Uttar Pradesh - 5 ...,https://in.indeed.com/Hospital-Maintenance-jobs-in-Uttar-Pradesh
25 Best small business ideas in Sambhal For 2023 (Low Investment ...,https://platform.fynd.com/blog/best-small-business-ideas-in-sambhal
PHP Course in Sambhal - Best Training Institute - Fees- Duration ...,http://quickxpertinfotech.com/PHP-course-in-sambhal
7-748 Jobs in Islamabad - 6 February- 2023 | Indeed.com Pakistan,https://pk.indeed.com/l-islamabad-jobs.html
Hybrid Apps Course in Sambhal - Best Training Institute - Fees ...,http://quickxpertinfotech.com/hybrid-apps-course-in-sambhal
Angel One Careers & New Job Opportunities in India | Angel One,https://www.angelone.in/careers
Samuel Crompton - Wikipedia,https://en.wikipedia.org/wiki/Samuel_Crompton
GIS Vacancy - A Remote Sensing and GIS Jobs Platform,https://www.gisvacancy.com/
Zebra Printers | Desktop- Mobile- Industrial- RFID- Card- Print Engine ...,https://www.zebra.com/ap/en/products/printers.html
Defence Institute of Psychological Research (DIPR) | Defence ...,https://www.drdo.gov.in/labs-and-establishments/defence-institute-psychological-research-dipr
Domestic Helper Jobs in Geyzing - Many Roles Available,https://naukrimitra.in/dir/domestic-helper-jobs-in-geyzing/
How To Write a Cover Letter for a CV (With Examples),https://www.thebalancemoney.com/curriculum-vitae-cover-letters-2060329
Haruf 赤ブラウン レザージャケット シングルライダース L ...,https://www.iimsambalpur.ac.in/
view contract homepage - GeM,https://gem.gov.in/view_contracts
7 Machine Learning Applications in Our Daily Life,https://www.iffcoyuva.in/en/blogs/detail/7-machine-learning-applications-in-our-daily-life-143.html
Primary school Saidpur Jairam Asmoli Sambhal,https://www.facebook.com/profile.php?id=100054298280772
Bal Vidya Mandir (BVM)- Sambhal- Sambhal: Admission- Fee ...,https://school.careers360.com/schools/bal-vidya-mandir-sambhal
Sambalpur District : Odisha | Sambalpur District Administration ...,https://sambalpur.nic.in/
Autosomal Dominant Polycystic Kidney Disease | NIDDK,https://www.niddk.nih.gov/health-information/kidney-disease/polycystic-kidney-disease/autosomal-dominant-pkd
Home tuition in Sambhal India,https://www.teachwell.in/blog.html/home-tuition/home-tutor-in-sambhal
Apple announces the new iPhone SE: a powerful smartphone in an ...,https://www.apple.com/in/newsroom/2022/03/apple-announces-the-new-iphone-se-a-powerful-smartphone-in-an-iconic-design/
Apple iPhone 13- iPhone 13 mini unveiled: Check features- price ...,https://zeenews.india.com/technology/apple-iphone-13-iphone-13-mini-unveiled-check-features-price-and-more-2393985.html
Pizza Hut Careers - YouTube,https://www.youtube.com/watch?v=f9Slq2ck7xQ
Complete Ethical Hacking Course | Ethical Hacking Training for ...,https://www.youtube.com/watch?v=l77AgiphUQo
Sambhal's public school creates new instance of education with hi ...,https://www.youtube.com/watch?v=04kjKKMVNco
Understanding your Car's Steering & Power Steering ! - YouTube,https://www.youtube.com/watch?v=em1O8mz7sF0
Types of Valve used in Piping - Learn about 9 Types of Valves ...,https://www.youtube.com/watch?v=XxAhrF7KZuE
Mind Mapping | Teaching Strategies #3 - YouTube,https://www.youtube.com/watch?v=xCyjFipytRE
Samsung Job Interview | How to Deal with Rejections? | Success ...,https://www.youtube.com/watch?v=J_W3vKd0aGE
Wires | Electricity | Physics | FuseSchool - YouTube,https://www.youtube.com/watch?v=0OKTejgaWTY
Drawing पढ़ने का सरल से सरल तरीका | Drawing Reading Best Trick for ...,https://www.youtube.com/watch?v=2-23gxzRbyk
PARTS OF SPEECH | English Grammar | Learn with examples ...,https://www.youtube.com/watch?v=0l69KEx7GQo
Video Tour of an Ethanol Plant - YouTube,https://www.youtube.com/watch?v=npJ1N-1K84E
Basic Knowledge of Auto Level |How to Use Auto Level at site with ...,https://www.youtube.com/watch?v=LFeTaFcz_k0
5 सबसे अधिक Salary वाले कंप्यूटर कोर्स | Highest paying Jobs,https://www.youtube.com/watch?v=YZUxNeDRyrY
Barbie Video Game Hero Movie Exclusive 11-Minute Premiere ...,https://www.youtube.com/watch?v=65zbhNrIfD8
Receptionist Interview in hindi | Office Girl | Front desk executive ...,https://www.youtube.com/watch?v=y91nYzZqq8Y
Shaam-e-Ghazal: Bujh Gaya Dil - YouTube,https://www.youtube.com/watch?v=YITls6gEQqo
Elevators Preventive Maintenance - YouTube,https://www.youtube.com/watch?v=YKUSCznUDLs
Computer Lab - YouTube,https://www.youtube.com/watch?v=4MCaHRB0m4w
Rotary Tiller (Rotavator) - UNIVERSAL - YouTube,https://www.youtube.com/watch?v=sq5t-1R5a8g
Lead Acid Battery: How Do They Work? | Working Animation ...,https://www.youtube.com/watch?v=HhxtfULIO7c
Sewing stars of Sulabh Vocational Training Centre - YouTube,https://www.youtube.com/watch?v=Dww6G65LmKg
The #1 Motorcycle in Pakistan... And Its Counterfeit Clones - YouTube,https://www.youtube.com/watch?v=9a5ajiPkQW4&vl=en
Coronavirus disease (COVID-19) - YouTube,https://www.youtube.com/watch?v=i0ZabxXmH4Y
Learning to Oil and Grease the Ball Bearing (Hindi) (हिन्दी) - YouTube,https://www.youtube.com/watch?v=TbP7UgKY7FI
POLICY WORDINGS,https://tagic-cms-dev.s3.ap-south-1.amazonaws.com/Policy_Wordings_home_guard_plus_policy.pdf_8d9747efb2.pdf
