Title,URL
Armand Agra | LinkedIn,https://www.linkedin.com/company/armandagra
Internship Jobs- Employment in Agra- CA | Indeed.com,https://www.indeed.com/q-Internship-l-Agra,-CA-jobs.html
Agra Services Brokerage Co. | LinkedIn,https://www.linkedin.com/company/agra-services-brokerage-co.
Machine Learning Training in Agra | ML Course | igmGuru | Updated ...,https://www.igmguru.com/machine-learning-ai/machine-learning-training-course-in-agra/
ANSHU CHAUDHARY - St.Patrick's Junior College (ICSE) - Agra ...,https://in.linkedin.com/in/anshu-chaudhary-60a154a9
Data scientist salary in Agra- Uttar Pradesh,https://in.indeed.com/career/data-scientist/salaries/Agra--Uttar-Pradesh
Hotel Clarks Shiraz Agra | LinkedIn,https://in.linkedin.com/company/clarks-shiraz
Founders Factory - Geoinformatics/GIS Engineer (Rural Farmers Hub),https://jobs.lever.co/foundersfactory/fccf8224-07f1-4cf7-b96f-9964820e87cc
Python/Django internship in Agra with job offer,https://internshala.com/internships/python%2Fdjango-internship-in-agra/ppo-true/
The Economics of Artificial Intelligence: An Agenda | NBER,https://www.nber.org/books-and-chapters/economics-artificial-intelligence-agenda
Machine Learning Course in Agra- Training | Sulekha,https://www.sulekha.com/machine-learning-courses/agra
IWCN PHP Expert - Triplebyte,https://triplebyte.com/company/public/iwcnetwork/SAihFL4/php-expert
Ashok Agrawala | UMD Department of Computer Science,https://www.cs.umd.edu/people/agrawala
Printing Machine Operator Jobs In Agra - 591 Printing Machine ...,https://www.naukri.com/printing-machine-operator-jobs-in-agra
Data Science Course With Python Machine Learning in Agra ...,https://www.apponix.com/data-science-course-in-agra
Internship in Agra | Internshala,https://internshala.com/internships/internship-in-agra/
Online Data Science Training Institute in Agra | DataTrained,https://datatrained.com/data-science-training-in-agra
NetApp Careers – Jobs at NetApp,https://www.netapp.com/company/careers/
Lists & Dictionaries in Python | Working with Lists & Dictionaries in ...,https://www.analyticsvidhya.com/blog/2021/06/working-with-lists-dictionaries-in-python/
Is AI Hard To Learn? A Guide To Getting Started in 2023,https://www.springboard.com/blog/data-science/is-ai-hard-to-learn/
AI and Machine Learning Program in Agra,https://www.sprintzeal.com/in/course/artificial-intelligence-certification-training/agra
Machining Job Work- Machine Job Work in Agra- मशीनिंग जॉब वर्क ...,https://dir.indiamart.com/agra/machining-job-work.html
AGRA - Publications - Personal Publications,https://www.informatik.uni-bremen.de/agra/eng/pub.php?search=Jannis%20Stoppe
AGRA - Publications - Personal Publications,http://www.informatik.uni-bremen.de/agra/eng/pub.php?search=Mehdi%20Dehbashi
A novel adaptive fuzzy load balancer for heterogeneous LAM/MPI ...,https://dl.acm.org/doi/10.5555/1717561.1717574
Administrative Manager of Cardiology Services Salary in Oklahoma ...,https://www.salary.com/research/salary/alternate/administrative-manager-of-cardiology-services-salary/ok
(PDF) What Is the Value Added by Using Causal Machine Learning ...,https://www.researchgate.net/publication/327955195_What_Is_the_Value_Added_by_Using_Causal_Machine_Learning_Methods_in_a_Welfare_Experiment_Evaluation
Optimizing the Risk of Occupational Health Hazard in a ...,https://link.springer.com/chapter/10.1007/978-3-642-17298-4_51
Magical history tour | Sam Wollaston | The Guardian,https://www.theguardian.com/media/2005/feb/22/television.broadcasting
Rohit Rohit - Houseman - Empire Hospitality Australia | LinkedIn,https://au.linkedin.com/in/rohit-rohit-68a147131
Tweets with replies by Arshita Malhotra (@MalhotraArshita) / Twitter,https://mobile.twitter.com/MalhotraArshita/with_replies
Corpora Jan 2000 to Mar 2000: Re: Corpora: minimum size of cor,http://korpus.uib.no/icame/corpora/2000-1/0154.html
CNC Router Cutting Machine Business Startup | MDF- ACP ...,https://www.youtube.com/watch?v=YXmFbRjpHQo
WGT 2015 brain dump — brandur.org,https://brandur.org/fragments/wgt-2015-brain-dump
European Journal of Operational Research - EconPapers,https://econpapers.repec.org/article/eeeejores/default8.htm
Psychological impact of quarantine period on asymptomatic ...,https://europepmc.org/article/pmc/pmc7474906
