Title,URL
Machine Learning Engineer - Kanpur - ITH Technologies - 2 to 7 ...,https://www.naukri.com/job-listings-machine-learning-engineer-ith-technologies-pvt-ltd-kanpur-2-to-7-years-150720501348
Get Certified in AI and ML with the IIT Kanpur Professional ...,https://www.simplilearn.com/get-certified-in-ai-and-ml-with-the-iit-kanpur-professional-certificate-course-webinar
Pratik G. - Machine Learning - Trafigura | LinkedIn,https://in.linkedin.com/in/pratik-gujarathi
Machine Learning Course by IIT Kanpur - #1 Online Course,https://www.simplilearn.com/iitk-professional-certificate-course-ai-machine-learning
Harsh Khoont - Machine Learning Engineer - Dassault Systèmes ...,https://www.linkedin.com/in/harshkhoont
JobsLo Consultants hiring Machine Learning Engineer Python ...,https://in.linkedin.com/jobs/view/machine-learning-engineer-python-artificial-intelligence-at-jobslo-consultants-3453146666
Rajat . - Machine Learning Engineer II - Uber | LinkedIn,https://www.linkedin.com/in/rajat-a3404674/
Machine Learning Course in Kanpur by CCE- IIT Madras - #1 ML ...,https://intellipaat.com/machine-learning-course-kanpur/
Amazon.in | Amazon.jobs,https://www.amazon.jobs/en/teams/in
Applied AI & ML for Business & Decision Analysis by IIT Kanpur and ...,https://www.iitk.ac.in/cce/courses/21-22/sas/
Data Science Courses & Training - Machine Learning- Data Science ...,https://edvancer.in/
Arnab Ghosh - Machine Learning Engineer - Snap Inc. | LinkedIn,https://uk.linkedin.com/in/arnabgho
Machine Learning News - Google Groups,https://groups.google.com/g/ml-news
Vaibhaw Singh Chandel - Staff Machine Learning Engineer ...,https://ca.linkedin.com/in/vaibhaw
AI and IoT training - IIT Kanpur,https://iitk.ac.in/new/data/iitk/
Bhuvesh Kumar,http://bhuveshkumar.com/
Applied AI & ML for Business & Decision Analysis by IIT Kanpur and ...,https://www.sas.com/en_in/training/campaigns/iit-kanpur-and-sas-ai-ml-program.html
▷ Online Machine Learning tutor jobs | TeacherOn,https://www.teacheron.com/online-machine_learning-tutor-jobs
8 Python Jobs and Vacancies in Kanpur- Uttar Pradesh - 4 February ...,https://in.indeed.com/Python-jobs-in-Kanpur,-Uttar-Pradesh
Interview with Prof. Abhay Karandikar- Director- Indian Institute of ...,https://signalprocessingsociety.org/newsletter/2021/05/interview-prof-abhay-karandikar-director-indian-institute-technology-iit-kanpur
Karan Singh,http://i-am-karan-singh.github.io/
Data Scientist Salary in Kanpur | AmbitionBox,https://www.ambitionbox.com/profile/data-scientist-salary/kanpur-location
Careers | Johnson Matthey,https://matthey.com/careers
Advanced Certification in AI & ML from IIT Kanpur | Edology,https://in.edology.com/advanced-certification-in-artificial-intelligence-and-machine-learning/
AI - Course | ICT Academy at IITK,https://ict.iitk.ac.in/ai-ml-certification/
Shankar Prawesh,https://sites.google.com/view/sprawesh/home
Best Digital Marketing Course in Kanpur [#1 Training Institute],https://www.edureka.co/digital-marketing-kanpur
Artificial Intelligence Certification Training Course in kanpur,https://datamites.com/artificial-intelligence-course-training-kanpur/
Priya Mishra,https://priya2698.github.io/
AI & Machine Learning | Rank Keywords - Best Digital Marketing ...,https://www.rankkeywords.in/ai-machine-learning/
Machine Learning Internship in Kanpur dehat | Internshala,https://internshala.com/internships/machine-learning-internship-in-kanpur%20dehat/
Subhasis MUKHOPADHYAY | Project Engineer | Bachelor of ...,https://www.researchgate.net/profile/Subhasis-Mukhopadhyay-2
Data Science Course With Python Machine Learning in Kanpur ...,https://www.apponix.com/data-science-course-in-kanpur
Rohit Budhiraja,https://home.iitk.ac.in/~rohitbr/
11 Data Science Careers That Are Shaping the Future,https://www.northeastern.edu/graduate/blog/data-science-careers-shaping-our-future/
Freshers Bag 28 LPA Job Offer From Microsoft Through Great ...,https://bwpeople.businessworld.in/article/Freshers-Bag-28-LPA-Job-Offer-From-Microsoft-Through-Great-Learning-s-Job-Readiness-Platform-CareerBoost/19-05-2022-429552/
Career | Cashify.in,https://www.cashify.in/career
Career Opportunities- Openings and Jobs in India | HCLTech,https://www.hcltech.com/careers/Careers-in-india
eMasters in Cyber Security by IIT Kanpur,https://emasters.iitk.ac.in/cybersecurity
Life of a data scientist - Abhishek Vijayvargia sa LinkedIn | 95 (na ...,https://ph.linkedin.com/posts/avijayvargia_life-of-a-data-scientist-activity-6908642473032441856-TTSK?trk=public_profile_like_view
MATLAB Online Courses in Kanpur- MATLAB Online Training in ...,https://www.sulekha.com/matlab-online-training/kanpur
Data Scientist V Salary in India | Salary.com,https://www.salary.com/research/in-salary/benchmark/data-scientist-v-salary/in
Optimizing the Risk of Occupational Health Hazard in a ...,https://link.springer.com/chapter/10.1007/978-3-642-17298-4_51
Best btech colleges in kanpur | Axis Colleges by axis_colleges - Issuu,https://issuu.com/axis_colleges/docs/axiscolleges_org_b-tech_5b738c70d182cb
Ranka Named a UF Research Foundation Professor - Computer ...,https://www.cise.ufl.edu/ranka-named-uf-research-foundation-professor/
Search Result for Technologies – TechGig,https://content.techgig.com/searchresult.cms?query=Technologies
Search Result for Deep Learning Series – TechGig,https://content.techgig.com/searchresult.cms?query=Deep%20Learning%20Series
Energy aware scheduling on desktop grid environment with static ...,https://dl.acm.org/doi/10.5555/1639809.1639920
Helping process industries with machine learning- AI - BusinessLine ...,https://bloncampus.thehindubusinessline.com/entrepreneurship/helping-process-industries-with-machine-learning-ai/article9911753.ece
How I learned to Code & became Software Developer with no ...,https://www.youtube.com/watch?v=2PrVZOl8UaE
A neural network model for timing control with reinforcement - PMC,https://www.ncbi.nlm.nih.gov/pmc/articles/PMC9579423/
Future Vehicular Radars: Two Aspects | Computer Science ...,https://www.cs.princeton.edu/events/26108
Vijay Kumar - Singapore- Singapore | Professional Profile | LinkedIn,https://sg.linkedin.com/in/vijay-kumar-2a7956202?trk=public_post_share-update_social-details_comment_actor-image
Programming Club IIT Kanpur | Facebook,https://www.facebook.com/groups/pclubiitk/posts/4466419070037917/
ANKIT SRIVASTAVA,https://asrivast28.github.io/assets/pdf/CV_AnkitSrivastava.pdf
IIT Kanpur's eMasters Cyber Security applications close on ...,https://www.shiksha.com/news/engineering-iit-kanpur-s-emasters-cyber-security-applications-close-on-november-12-blogId-106619
Multi-Objective Evolutionary Algorithms for Resource Allocation ...,https://www.egr.msu.edu/~kdeb/papers/k2006013.pdf
Aanchal Aanchal - Electronic Engineer - Padman Stops | LinkedIn,https://au.linkedin.com/in/aanchal-aanchal-8a8552a5
Can Edtech Replace Classroom Learning in Times of the ...,https://www.thehighereducationreview.com/opinion/last-word/can-edtech-replace-classroom-learning-in-times-of-the-coronavirus-pandemic-fid-396.html
‎Simplilearn: Online Courses on the App Store,https://apps.apple.com/hr/app/simplilearn-online-courses/id963042747
Indian Technology Professionals: Latest News- Photos- Videos on ...,https://www.ndtv.com/topic/indian-technology-professionals
Journal Paper Format,https://citeseerx.ist.psu.edu/document?repid=rep1&type=pdf&doi=019a32f153ad609133ee2e619c611d55d42d3bde
Fullstack Academy Joins Blackstone-backed Simplilearn,https://techrseries.com/learning-and-development/fullstack-academy-joins-blackstone-backed-simplilearn/
