Title,URL
43 Machine Learning Jobs and Vacancies in Coimbatore- Tamil ...,https://in.indeed.com/Machine-Learning-jobs-in-Coimbatore,-Tamil-Nadu
187 Machine Learning Job Vacancies In Coimbatore - Naukri.com,https://www.naukri.com/machine-learning-jobs-in-coimbatore
Machine learning Jobs in Coimbatore- February 2023 | Glassdoor,https://www.glassdoor.co.in/Job/coimbatore-machine-learning-jobs-SRCH_IL.0,10_IC2836047_KO11,27.htm
Best Artificial Intelligence Companies and Startups to Work for in ...,https://angel.co/startups/l/coimbatore/artificial-intelligence
Artificial Intelligence Job For 3-6 Year Exp In RND Softech Private ...,https://www.foundit.in/job/artificial-intelligence-rnd-softech-private-limited-coimbatore-7493857
20 Best machine learning jobs in Coimbatore- Tamil Nadu (Hiring ...,https://www.simplyhired.co.in/search?q=machine+learning&l=coimbatore%2C+tamil+nadu
Best Machine Learning Companies and Startups to Work for in ...,https://angel.co/startups/l/coimbatore/machine-learning
Machine Learning Jobs in Coimbatore- Tamil Nadu (Feb 2023) - 761 ...,https://www.shine.com/job-search/machine-learning-jobs-in-coimbatore
Machine Learning (ML) Course in Coimbatore - Fee 55% Off,https://datamites.com/machine-learning-course-training-coimbatore/
Machine Learning Engineer Jobs in Chennai- Madurai- Coimbatore,https://www.optisolbusiness.com/jobs/machine-learning-engineer
Global Technology & IT Careers at Cognizant - Careers at Cognizant,https://careers.cognizant.com/global/en
Careers | Bosch Center for Artificial Intelligence,https://www.bosch-ai.com/careers/
Data Science & Machine Learning Jobs in Coimbatore - HelloSivi,https://www.freshersworld.com/jobs/data-science-machine-learning-jobs-in-coimbatore-hellosivi-1323091
Machine Learning Training in Coimbatore | Machine Learning course,https://www.qtreetechnologies.in/course/machine-learning-training-in-coimbatore.php
Entry Level Machine Learning Jobs,https://www.springboard.com/blog/data-science/entry-level-machine-learning-jobs/
Define your career with IBM,https://www.ibm.com/careers/in-en/
Tamil Nadu- India Machine Learning Events | Eventbrite,https://www.eventbrite.com/d/india--tamil-nadu/machine-learning/
Artificial Intelligence Course in Coimbatore | AI Courses Coimbatore ...,https://www.fita.in/artificial-intelligence-course-in-coimbatore/
47 Artificial Intelligence Ai jobs in Coimbatore- Tamil Nadu- India,https://www.linkedin.com/jobs/search/?geoId=101031506&keywords=artificial%20intelligence%20ai&location=Coimbatore%2C%20Tamil%20Nadu%2C%20India&originalSubdomain=in
Current Openings | Tiger Analytics,https://www.tigeranalytics.com/current-openings/
Machine Learning Engineer Salary in Coimbatore | AmbitionBox,https://www.ambitionbox.com/profile/machine-learning-engineer-salary/coimbatore-location
Data Science (Machine Learning) part time job/internship at ...,https://internshala.com/internship/detail/data-science-machine-learning-part-time-job-internship-at-coimbatore-in-techvolt-software-private-limited1652873169
Jobs | SLB Careers,https://careers.slb.com/job-listing
Python Machine Learning Certification Training in Coimbatore,https://www.edureka.co/machine-learning-certification-training-coimbatore
Coimbatore::Data Science | Machine Learning|Job Oriented ...,https://www.techvoltcoimbatore.com/Job-Oriented-Training-Data-Science-Machine-Learning.php
Why Are Data Science & Artificial Intelligence Courses In Huge ...,https://karpagamtech.ac.in/why-are-data-science-artificial-intelligence-courses-in-huge-demand/
No.1 Machine Learning Course Training in Coimbatore - Nschool,https://www.n-school.com/machine-learning-course-placement/
Career opportunities | Employment | Job openings at Eaton India,https://www.eaton.com/in/en-us/company/careers.html
▷ Machine Learning tutor jobs in India | TeacherOn,https://www.teacheron.com/machine_learning-tutor-jobs-in-india
Python with Machine Learning Courses in Coimbatore - [UPDATED ...,https://www.acte.in/python-with-machine-learning-training-in-coimbatore
Confidence to Deploy AI with World-Class Training Data,https://appen.com/
11+ Machine Learning (ML) Jobs in Coimbatore | Machine Learning ...,https://cutshort.io/jobs/machine-learning-ml-jobs-in-coimbatore
Careers,https://www.appliedmaterials.com/in/en/careers.html
Top 10 Machine Learning Courses in Coimbatore With Eligibility ...,https://www.henryharvin.com/blog/machine-learning-courses-coimbatore/
Working at IQVIA | Jobs and Careers at IQVIA,https://jobs.iqvia.com/
Amazon.in | Amazon.jobs,https://www.amazon.jobs/en/teams/in
Artificial Intelligence Engineer Course in Coimbatore,https://www.simplilearn.com/artificial-intelligence-training-courses-coimbatore-city
Careers | Vertica,https://www.vertica.com/about/careers/
Vp Data Science And Analytics at iamneo.ai | intellijobs.ai,https://intellijobs.ai/job/iamneo.ai-VP%20Data%20Science%20and%20Analytics-99DgMY1DBs7VZqxFx7zN
Work with Us | BNY Mellon,https://www.bnymellon.com/us/en/careers/work-with-us.html
MACHINE LEARNING FOUNDATION - Appin,https://appincoimbatore.com/machine-learning-training-in-coimbatore/
Careers in Deep Learnings | Career Prospects with Salary Insight,https://www.educba.com/careers-in-deep-learnings/
Become an Employee of Ether Infotech- Coimbatore | Student jobs ...,https://www.pinterest.com/pin/become-an-employee-of-ether-infotech-coimbatore--649081365037194131/
Artificial Intelligence Course in Coimbatore by CCE- IIT M - #1 AI ...,https://intellipaat.com/artificial-intelligence-course-coimbatore/
Machine Learning Training in Coimbatore | Machine learning ...,https://www.etherinfotech.com/machine-learning-training-in-coimbatore/
Machine learning - Wikipedia,https://en.wikipedia.org/wiki/Machine_learning
Machine Learning Job Vacancies in Coimbatore-Machine Learning ...,https://www.placementindia.com/job-search/machine-learning-jobs-in-coimbatore.htm
Python Training in Coimbatore | Master Programming Course,https://www.ap2v.com/python-training-in-coimbatore
Job listings | Hexagon,https://hexagon.com/company/careers/job-listings
Careers @ UST | Explore Your Passion - UST,https://www.ust.com/en/careers
Internship Machine Learning jobs with salaries in Coimbatore ...,https://jobs.laimoon.com/india/coimbatore/machine-learning/internship
Machine Learning Course Training in Coimbatore - ExcelR Solutions,https://www.excelr.com/machine-learning-course-training-in-coimbatore
Freshworks careers | Explore Job Opportunities at Freshworks,https://www.freshworks.com/company/careers/
Top 5 Artificial Intelligence (AI) Jobs & Salary Offered in 2023 ...,https://www.upgrad.com/blog/artificial-intelligence-jobs-salary/
Healthcare Analytics Careers | Cotiviti,https://www.cotiviti.com/careers
HPE Careers,https://careers.hpe.com/us/en
OSARO: Home,https://osaro.com/
Careers | F5,https://www.f5.com/company/careers
Home - Quantiphi- Inc.,https://quantiphi.com/
Jobs | Aptiv,https://www.aptiv.com/en/jobs
Amrita Vishwa Vidyapeetham,https://www.amrita.edu/
Artificial Intelligence Vs Machine Learning : What exactly is the ...,https://www.amrita.edu/events/artificial-intelligence-vs-machine-learning-what-exactly-is-the-difference/
JOBS IN COIMBATORE - MANUFACTURING COMPANIES ...,https://www.youtube.com/watch?v=BzsKS1ucSuY
Dinesh Kumar – Deep Learning Engineer – SalLab GmbH | LinkedIn,https://de.linkedin.com/in/dinesh-kumar-128b37113
(PDF) Undergraduate engineering students employment prediction ...,https://www.researchgate.net/publication/361008441_Undergraduate_engineering_students_employment_prediction_using_hybrid_approach_in_machine_learning
A SURVEY ON SECURITY THREATS AND SOLUTIONS FOR SDN ...,https://papers.ssrn.com/sol3/Delivery.cfm/SSRN_ID3435425_code3361480.pdf?abstractid=3435425
Copyright by Sankari Dhandapani 2010,https://repositories.lib.utexas.edu/bitstream/handle/2152/ETD-UT-2010-05-1502/DHANDAPANI-THESIS.pdf?sequence=1&isAllowed=y
iamneo (Formerly Examly) | LinkedIn,https://nl.linkedin.com/company/iamneoai?trk=public_profile_experience-item_profile-section-card_image-click
India Society (University of Southampton) | LinkedIn,https://uk.linkedin.com/company/india-society-university-of-southampton
On performance analysis of hybrid algorithm (improved PSO with ...,https://dl.acm.org/doi/abs/10.5555/2064818.2064820
Cardiovascular and Diabetes Diseases Classification Using ...,https://www.ncbi.nlm.nih.gov/pmc/articles/PMC9689866/
suresh babu varadharajan | Regional campus- coimbatore- anna ...,https://sukiri.academia.edu/sureshbabuvaradharajan
Join Our Team - Performance Analyst,https://www.namecheap.com/careers/details/BIML474/
CIT | Coimbatore Institute of Technology in Coimbatore- Tamil Nadu ...,https://www.cit.edu.in/
Trendnologies.com | Chennai,https://www.facebook.com/trendnologies.official/?locale=ro_RO
Sentiment Analysis of Twitter Data Using Machine Learning,https://link.springer.com/content/pdf/10.1007/978-981-19-2177-3_26.pdf
Artificial Intelligence to Combat the Sting of the Pandemic on the ...,https://europepmc.org/article/pmc/pmc8900112
