Title,URL
1 Machine Learning jobs in Mohali district- Punjab- India,https://in.linkedin.com/jobs/machine-learning-jobs-mohali
16 Machine Learning Engineer Jobs and Vacancies in Mohali ...,https://in.indeed.com/Machine-Learning-Engineer-jobs-in-Mohali,-Punjab
92 Machine Learning jobs in Sahibzada Ajit Singh Nagar- Punjab ...,https://in.linkedin.com/jobs/machine-learning-jobs-sahibzada-ajit-singh-nagar
174 Machine Learning Job Vacancies In Mohali - Naukri.com,https://www.naukri.com/machine-learning-jobs-in-mohali
MACHINE LEARNING Training- Course- Institute in Mohali | ITRONIX,https://www.itronixsolutions.com/machine-learning-training-mohali/
Machine Learning Course in Mohali by CCE- IIT Madras - #1 ML ...,https://intellipaat.com/machine-learning-certification-training-course-mohali/
AnalyzeData Machine Learning Engineer | SmartRecruiters,https://jobs.smartrecruiters.com/AnalyzeData/743999682927316-machine-learning-engineer
Machine Learning Engineer-Mohali-Cogneesol-0-3 - TimesJobs.com,https://www.timesjobs.com/job-detail/machine-learning-engineer-cogneesol-mohali-0-to-3-yrs-jobid-bdW3cGdEXwFzpSvf__PLUS__uAgZw==
Machine learning Training in Mohali,https://www.a2itsoft.com/course/data-science-training/machine_learning
Opportunities - IISER Mohali,https://www.iisermohali.ac.in/opportunities/opportunities/faculty-positions
ADI Group- Mohali | LinkedIn,https://www.linkedin.com/company/adi-group-mohali
Machine Learning Training in Mohali | Best ML Certification Course,https://hkrtrainings.com/machine-learning-training-mohali
Sage AI Jobs - AI and Machine Learning in Business | Sage US,https://www.sage.com/en-us/ai-labs/
Join the Best Cloud Security Talent | Zscaler Careers,https://www.zscaler.com/careers
Programmer Job Vacancies in Mohali- Punjab- December 2022 ...,https://www.glassdoor.co.in/Job/mohali-programmer-jobs-SRCH_IL.0,6_IC4469455_KO7,17.htm
Best Tech Companies and Startups to Work for in Mohali ...,https://angel.co/startups/location/mohali
Top 5 Machine Learning Training Institutes in Chandigarh Mohali,https://www.thinknexttraining.com/top-5-machine-learning-training-institutes-chandigarh-mohali.aspx
Machine Learning Data Science Training | Institute in Jalandhar ...,https://itronixsolution.com/machine-learning-data-science-training-jalandhar/
TaskUs Careers & Job Opportunities,https://www.taskus.com/careers/
Python Jobs in Mohali- Punjab- February 2023 | Glassdoor,https://www.glassdoor.com/Job/mohali-python-jobs-SRCH_IL.0,6_IC4469455_KO7,13.htm
Best Machine Learning Training in Mohali and Chandigarh,https://futurefinders.in/machine-learning-courses/
Cisco: Networking- Cloud- and Cybersecurity Solutions,https://www.cisco.com/
Data Science internship in Mohali with job offer,https://internshala.com/internships/data-science-internship-in-mohali/ppo-true/
20 Best data scientist jobs in Mohali- Punjab (Hiring Now ...,https://www.simplyhired.co.in/search?q=data+scientist&l=mohali%2C+punjab
Grubhub Careers,https://careers.grubhub.com/
Jobs at Synopsys | Synopsys Careers,https://www.synopsys.com/careers.html
DataToBiz Mohali Reviews by 14 Employees | AmbitionBox,https://www.ambitionbox.com/reviews/data-tobiz-reviews/mohali-location
Careers at Zeni,https://www.zeni.ai/careers
SmartLayer Business Solutions | LinkedIn,https://ca.linkedin.com/company/smartlayer-business-solutions
Infosys Careers - Internships,https://www.infosys.com/careers/internships.html
ThinkNEXT Technologies | LinkedIn,https://au.linkedin.com/company/thinknext-technologies?trk=public_profile_experience-item_profile-section-card_image-click
Home - Quantiphi- Inc.,https://quantiphi.com/
64 Best Online Training Courses ideas | online training- online ...,https://in.pinterest.com/allsoftsolutions/online-training-courses/
DCube Tech. | LinkedIn,https://hk.linkedin.com/company/dcube-labs?trk=public_profile_experience-item_profile-section-card_subtitle-click
Air quality monitoring for Smart eHealth system using firefly ...,https://www.researchgate.net/publication/354017161_Air_quality_monitoring_for_Smart_eHealth_system_using_firefly_optimization_and_support_vector_machine
Onfido Reviews | Glassdoor,https://www.glassdoor.co.uk/Reviews/Onfido-Reviews-E1031084_P2.htm
Molecular Docking for Drug Design: An overview | Insight Medical ...,https://pharmacology.imedpub.com/molecular-docking-for-drug-design-an-overview.php?aid=28547
Chandigarh Stories - The Tribune- Chandigarh- India,https://m.tribuneindia.com/2010/20100907/cth1.htm
StudySection | LinkedIn,https://nl.linkedin.com/company/studysection?trk=public_profile_profile-section-card_subtitle-click
Top 50+ Internet of Things Companies January 2023 | Upwork,https://www.upwork.com/agencies/internet-of-things-companies/?page=4
Techlive Solutions | Mohali | Facebook,https://www.facebook.com/techlivemohali/?locale=lv_LV
DevOps Engineer Training in Kolkata | DevOps Engineer Certification,https://www.simplilearn.com/devops-engineer-certification-training-kolkata-city
Canadian Astro-Particle Physics Summer Student Talk Competition ...,https://indico.cern.ch/event/1059760/timetable/?view=standard
Erp Data Jobs in India - TimesJobs,https://m.timesjobs.com/jobskill/erp-data-jobs
Shadow Flickering Analysis Jobs in India - 26371 Shadow Flickering ...,https://m.timesjobs.com/jobskill/shadow-flickering-analysis-jobs
Hire the Best Freelance Smartcontracts Developers (Updated Daily),https://arc.dev/hire-developers/smartcontracts
