Title,URL
Machine Learning for Everyone (ML4E) | LinkedIn,https://in.linkedin.com/company/machine-learning-for-everyone-ml4e
Anjani Kumar Sharma - Sr. Machine Learning Engineer - Tiger ...,https://www.linkedin.com/in/anjani-kumar-sharma
Gokulakannan Sakthivel - Azure Cloud Engineer - Eli Lilly and ...,https://in.linkedin.com/in/gokulakannan-sakthivel
Dipam Chakraborty - Machine Learning Engineer - AIcrowd | LinkedIn,https://www.linkedin.com/in/dipamchakraborty-dipamc77/
Data scientist salary in Raurkela- Orissa,https://in.indeed.com/career/data-scientist/salaries/Raurkela--Orissa
Apurva Pathak - Staff Machine Learning Engineer - Meta | LinkedIn,https://www.linkedin.com/in/pathakapurva
83 Jobs and Vacancies in Uditnagar (Rourkela-12)- Orissa - 6 ...,https://in.indeed.com/jobs?l=Uditnagar+(Rourkela-12),+Orissa
Humanities Internship in Raurkela industrial township | Internshala,https://internshala.com/internships/humanities-internship-in-raurkela%20industrial%20township/
NIT- Rourkela alumni innovate robotics solution for underwater ...,https://roboticsindia.live/nit-rourkela-alumni-innovate-robotics-solution-for-underwater-inspections/
Is AI Hard To Learn? A Guide To Getting Started in 2023,https://www.springboard.com/blog/data-science/is-ai-hard-to-learn/
Usha Rengaraju on LinkedIn: #nitrourkela #nit #techfest #innovision ...,https://ba.linkedin.com/posts/usha-rengaraju-b570b7a2_nitrourkela-nit-techfest-activity-7002902411174428672-YA5E
Rudra Prasad Dash | Developer Profile on HackerEarth.,https://www.hackerearth.com/@hotsonhonet
Edureka: Instructor-Led Online Training with 24X7 Lifetime Support,https://www.edureka.co/
Jobs in Rourkela- Job Vacancies & Openings in Rourkela | OLX,https://www.olx.in/rourkela_g4059060/jobs_c4
ServiceNow Interview Experience NIT Rourkela (On-Campus ...,https://www.geeksforgeeks.org/servicenow-interview-experience-nit-rourkela-on-campus/
Sail,https://sailcareers.com/
Cloudera | The hybrid data company,https://www.cloudera.com/
Jaspreet Bhatia - Machine Learning Engineer - Quantiphi | LinkedIn,https://ca.linkedin.com/in/jas
Saloni . - Sundargarh- Odisha- India | Professional Profile | LinkedIn,https://linkedin.com/in/saloni-
BlackBerry Careers - BlackBerry Jobs,https://www.blackberry.com/us/en/company/careers
Coursera for Campus | Online Learning Platform for Universities,https://www.coursera.org/campus/
Careers | Rockwell Automation,https://www.rockwellautomation.com/en-us/company/careers.html
Speechmatics | Homepage,https://www.speechmatics.com/
Ankit Taparia - Software Engineer - Cisco | LinkedIn,https://ie.linkedin.com/in/tapariaankit
Best 25 Machine Learning Master's Degrees in India 2023 ...,https://www.mastersportal.com/study-options/270205259/machine-learning-india.html
Tata Consultancy Services: Driving Innovation and Building on Belief,https://www.tcs.com/
Hr Executive Jobs in Rourkela- Orrisa (Feb 2023) - 2 Active Hr ...,https://www.shine.com/job-search/hr-executive-jobs-in-rourkela
Software Engineer Salary in Rourkela | AmbitionBox,https://www.ambitionbox.com/profile/software-engineer-salary/rourkela-location
NIT Rourkela Recruitment 2022 for Junior Research Fellow,https://www.freshersvoice.com/nit-rourkela-recruitment/
Technologiestiftung on Twitter: "Looking for a Purpose Driven Job ...,https://twitter.com/tsbberlin/status/1587099979570634754
Rohit Rohit - Houseman - Empire Hospitality Australia | LinkedIn,https://au.linkedin.com/in/rohit-rohit-68a147131
A Learning Automata-Based Scheduling for Deadline Sensitive Task ...,https://www.researchgate.net/publication/364199750_A_Learning_Automata-Based_Scheduling_for_Deadline_Sensitive_Task_in_The_Cloud
An Effective Approach of Latency-aware Fog Smart Gateways ...,https://www.researchgate.net/publication/335384220_An_Effective_Approach_of_Latency-aware_Fog_Smart_Gateways_Deployment_for_IoT_Services
Appropriate Evolutionary Algorithm for Scheduling in FMS ...,https://dl.acm.org/doi/abs/10.4018/jaec.2011070102
An integrated approach for scheduling flexible job-shop using ...,https://go.gale.com/ps/i.do?id=GALE%7CA572786222&sid=googleScholar&v=2.1&it=r&linkaccess=abs&issn=2251712X&p=AONE&sw=w
Palantir Technologies - Forward Deployed Software Engineer: UK ...,https://jobs.lever.co/palantir/1d51a14a-e65c-479b-a36c-ba8745df4c7d/apply
Smart City Expo World Congress on Twitter: "It's a wrap ...,https://mobile.twitter.com/smartcityexpo/status/1147156501699747840
About the Contributors,https://www.igi-global.com/pdf.aspx?tid=162132&ptid=147014&ctid=17&t=About%20the%20Contributors
Development of Impulsive Noise Detection Schemes for Selective ...,http://ethesis.nitrkl.ac.in/4/1/Development_of_Impulsive_Noise_Detection_Schemes-Roll_CSE-60606004.pdf
MapReduce Tutorial | MapReduce Tutorial For Beginners | Edureka ...,https://www.youtube.com/watch?v=uXmAsYI3Fcg
Untitled,https://nitrkl.ac.in/Convocation/docs/VIIIConvocation/8thConvocation.pdf
Erp Data Jobs in India - TimesJobs,https://m.timesjobs.com/jobskill/erp-data-jobs
Development of an Iterative Learning based Tip Position Controller ...,https://core.ac.uk/download/pdf/53188655.pdf
Refrigeration Courses in Nagole- Hyderabad | Sulekha Hyderabad,https://www.sulekha.com/refrigeration-job-training/nagole-hyderabad
