Title,URL
Varsha Hindupur - Graduate Student - Northeastern University ...,https://in.linkedin.com/in/varsha-hindupur-4aaa83175
Avinash Hindupur (@hindupuravinash) / Twitter,https://twitter.com/hindupuravinash?lang=en
Machine Learning Course in Hindupur - Best Training Institute ...,http://quickxpertinfotech.com/machine-learning-course-in-hindupur
About - Aidaptive,https://aidaptive.com/about/
0 Marketing/Sales Jobs for Freshers in Hindupur- Jan | Internshala,https://internshala.com/fresher-jobs/marketing%2Fsales-jobs-in-hindupur/
Vijayanarasimha Hindupur Pakka,https://www.dmu.ac.uk/about-dmu/academic-staff/technology/vijayanarasimha-hindupur-pakka/vijay-h-pakka.aspx
Page 5 - Design Verification Engineer Jobs In Hindupur - 27971 ...,https://www.naukri.com/design-verification-engineer-jobs-in-hindupur-5
Deep Hunt — Issue #7. Lots to learn this week — Neural… | by ...,https://deephunt.in/deep-hunt-issue-7-209b01cdb931
Jobs In Hindupur - 14 Job Vacancies In Hindupur - Naukri.com,https://www.naukri.com/jobs-in-hindupur
Top Companies Hiring for Qa Analyst Jobs in Bangalore- India ...,https://www.glassdoor.com/Explore/top-qa-analyst-companies-bangalore_IO.4,14_IL.25,34_IM1091.htm
Peekay Steel Castings Hindupur Reviews by 12 Employees ...,https://www.ambitionbox.com/reviews/peekay-steel-castings-reviews/hindupur-location
150 Servicenow Jobs and Vacancies in Vali Gonda- Andhra ...,https://in.indeed.com/Servicenow-jobs-in-Vali-Gonda,-Andhra-Pradesh
Top 10 Embroidery & Zari Training in Hindupur- Classes- Courses ...,https://www.sulekha.com/embroidery-zari-work-job-training/hindupur
Find Manufacturing Companies in Hindupur - Dun & Bradstreet,https://www.dnb.com/business-directory/company-information.manufacturing.in.andhra_pradesh.hindupur.html
Top 25 AI and Machine Learning Blogs for Data Scientists | by ...,https://becominghuman.ai/top-25-ai-and-machine-learning-blogs-for-data-scientists-9f121bcfd9a2
Guerbet - Homepage,https://www.guerbet.com/
Adaptive Learning 101 | ATD,https://www.td.org/insights/adaptive-learning-101
Avinash Hindupur - Google Developer Expert For Machine Learning,https://www.commudle.com/users/user1055?bot=true
Openings at Jarvis ML,https://jarvis-ml.breezy.hr/
kernel | Home,https://www.kernel.com/
200 Posts At KIML | 8th to Degree Candidates Can Apply Now!!!,https://education.sakshi.com/en/jobs/pvt-jobs/kiml-200-trainee-machine-operator-posts-103479
ReSource Pro | Insurance Operational Solutions And Services,https://www.resourcepro.com/
Careers - TVS Supply Chain Solutions,https://www.tvsscs.com/careers/
10 top AP EAPCET rankers get seats in IITs,https://www.deccanchronicle.com/nation/current-affairs/240922/10-top-ap-eapcet-rankers-get-seats-in-iits.html
Shifting machine learning for healthcare from development to ...,https://www.nature.com/articles/s41551-022-00898-y
Healthcare Triangle- Inc. | LinkedIn,https://sg.linkedin.com/company/healthcare-triangle-inc
My Curated List of AI and Machine Learning Resources from Around ...,https://medium.com/machine-learning-in-practice/my-curated-list-of-ai-and-machine-learning-resources-from-around-the-web-9a97823b8524
Jobs in Hindupur - Check Latest (164) Job Openings (February ...,https://www.quikr.com/jobs/hindupur+zwqxj760939060
Kia India | India Plant,https://www.kia.com/in/discover-kia/kia-in-india/india-plant.html
Stainless steel pipe factory/ss pipe bending/ss pipe manufacturing ...,https://www.youtube.com/watch?v=O_ltb2yduu0
Getting the Horse to Drink: Teaching Technology to Marketing ...,https://www.researchgate.net/publication/290460767_Getting_the_Horse_to_Drink_Teaching_Technology_to_Marketing_Students
(PDF) Patient Centric Data Integration for Improved Diagnosis and ...,https://www.researchgate.net/publication/335724910_Patient_Centric_Data_Integration_for_Improved_Diagnosis_and_Risk_Prediction
Content Posted in 2008 | Association for Information Systems (AIS ...,https://aisel.aisnet.org/2008.2.html
5+ Flats Without Brokerage for Sale in Ganapathipura- Konanakunte ...,https://housing.com/in/buy/bangalore/withoutbrokerage-ganapathipura
