Title,URL
Willpower Humanitarian Foundation | LinkedIn,https://in.linkedin.com/company/willpower-humanitarian
Machine Learning Jobs in Amravati- Jalgaon- Kolhapur- Nagpur ...,https://www.placementindia.com/job-detail/machine-learning-jobs-in-amravati-jalgaon-kolhapur-for-maxgen-technology-pvt-ltd-937425.htm
Sejal Gohel - Machine Learning Engineer - CIBERsites India Pvt. Ltd ...,https://in.linkedin.com/in/sejal-gohel-03b5b356
7 Web Designer Job Vacancies In Amravati - Naukri.com,https://www.naukri.com/web-designer-jobs-in-amravati
Computer Science Internship in Amravati | Internshala,https://internshala.com/internships/computer-science-internship-in-amravati/
Chemical Jobs In Amravati - 6 Chemical Job Vacancies In Amravati ...,https://www.naukri.com/chemical-jobs-in-amravati
Prajakt Tagalpallewar - Sr Machine Learning Engineer | MLOps ...,https://uk.linkedin.com/in/prajakt-tagalpallewar-b3980560
Statistics Jobs In Amravati Maharashtra - 5491 Statistics Job ...,https://www.naukri.com/statistics-jobs-in-amravati-maharashtra
Urgent: Internship company Jobs in Amravati - February 2023 - 105 ...,https://in.jooble.org/jobs-internship-company/Amravati
5 Electrical Engineer Job Vacancies In Amravati - Naukri.com,https://www.naukri.com/electrical-engineer-jobs-in-amravati
Shrikant Kale - Machine Learning Researcher - WIMTACH ...,https://ca.linkedin.com/in/shrikant-kale-
Data Science Course in Amravati - Best Training Institute - Fees ...,http://quickxpertinfotech.com/data-science-course-in-amravati
Must-know Machine Learning Questions – Logistic Regression,https://www.upgrad.com/blog/machine-learning-interview-questions-answers-logistic-regression/
Amazon Pay | Amazon.jobs,https://www.amazon.jobs/payments
Live Python Classes in Amravati | #1 Python Training Course,https://www.edureka.co/python-programming-certification-training-amravati
Abhishek Shah - Software Engineer Co-op - GE | LinkedIn,https://www.linkedin.com/in/abhishekshah3010/
An Innovative Step for Enhancement in Student Results and ...,https://www.researchgate.net/publication/346615297_An_Innovative_Step_for_Enhancement_in_Student_Results_and_Teaching-Learning_Process_Using_Educational_Technology
Unilever Manager Reviews | Glassdoor,https://www.glassdoor.com/Reviews/Unilever-Manager-Reviews-EI_IE3513.0,8_KO9,16_IP3.htm
Unilever Interview Questions | Glassdoor,https://www.glassdoor.com/Interview/Unilever-Interview-Questions-E3513_P5.htm
1596 Mopping Floors Jobs Openings in India,https://www.timesjobs.com/jobskill/mopping-floors-jobs
488 Agriculture / Dairy Job Vacancies - Shine.com- Apply Now!,https://www.shine.com/job-search/agriculture-dairy-jobs-4
19358 Qa Regression Testing Jobs Openings in India,https://m.timesjobs.com/jobskill/qa-regression-testing-jobs
179 Hospital Job Vacancies in Pune - Jul (2022),https://www.monsterindia.com/search/hospital-jobs-in-pune
IEEE Transactions on Emerging Topics in Computing Fattore di ...,https://academic-accelerator.com/Impact-of-Journal/it/IEEE-Transactions-on-Emerging-Topics-in-Computing
Key Insights Getting capital to Microenterprises: What do we know ...,https://pedl.cepr.org/sites/default/files/PEDL%20Policy%20Insights%20Series%20-%20No.4_0.pdf
https://knihovna.fme.vutbr.cz/images/knihovna/doku...,https://knihovna.fme.vutbr.cz/images/knihovna/dokumenty/20210621_Engineering_2015-2021_VUT.xlsx
