Title,URL
IIT Palakkad | IIT Palakkad,https://iitpkd.ac.in/
Kaushal Kishore - Machine Learning Engineer - Adobe | LinkedIn,https://in.linkedin.com/in/kishorekshl
Business Development Executive at INFOLKS • Palakkad ...,https://angel.co/company/infolks-1/jobs/582126-business-development-executive
Data Science Training in Palakkad- Course Fees- Certification ...,https://www.sulekha.com/data-science-certification-training/palakkad
Electrical engineer Jobs in Palakkad- November 2022 | Glassdoor,https://www.glassdoor.com/Job/palakkad-electrical-engineer-jobs-SRCH_IL.0,8_IC4469496_KO9,28.htm
Careers | Saint-Gobain,https://www.saint-gobain.com/en/careers
Jobs/Internships at IIT PALAKKAD TECHNOLOGY IHUB ...,https://internshala.com/internships/internship-at-IIT%20PALAKKAD%20TECHNOLOGY%20IHUB%20FOUNDATION/
Amazon.in | Amazon.jobs,https://www.amazon.jobs/en/teams/in
461 Jobs and Vacancies in Palakkad district- Kerala - 6 February ...,https://in.indeed.com/jobs-in-Palakkad-district,-Kerala
IITPKD - Professional Certificate Programme in Applied Data Science,https://iitpkd.emeritus.org/iitpkd-professional-certificate-programme-in-applied-data-science/index.php
Machine Operator Job Vacancies in Palakkad-Machine Operator ...,https://www.placementindia.com/job-search/machine-operator-jobs-in-palakkad.htm
ASAP offers Palakkad IIT-certified course in AI- ML - The Hindu,https://www.thehindu.com/news/national/kerala/asap-offers-palakkad-iit-certified-course-in-ai-ml/article66455001.ece
Python Course in Palakkad,https://www.codingbytes.com/python-course/python-course-in-palakkad/
Urgent: Jobs in Palakkad - February 2023 - 245 current vacancies ...,https://in.jooble.org/jobs/Palakkad
IIT Palakkad Offers Free- Online 12-Week Artificial Intelligence ...,https://www.thebetterindia.com/291211/iit-palakkad-offers-free-course-on-artificial-intelligence-ai-how-to-apply/
Muhammed Favas - Indian Institute of Technology- Palakkad,https://www.linkedin.com/in/muhammed-favas-b73620b0
IIT Palakkad launches free online course on AI | TechGig,https://content.techgig.com/upskilling-at-techgig/iit-palakkad-launches-free-online-course-on-ai/articleshow/93003345.cms
Artificial Intelligence and Machine Learning - Additional Skill ...,https://asapkerala.gov.in/course/artificial-intelligence-and-machine-learning-developer/
Jobs at Intel in India,https://www.intel.com/content/www/us/en/jobs/locations/india.html
IIT Palakkad Launches Free 12-Week Artificial Intelligence Course ...,https://unstop.com/blog/iit-palakkad-online-course
Geotechnical Design Engineer Salary in Palakkad | AmbitionBox,https://www.ambitionbox.com/profile/geotechnical-design-engineer-salary/palakkad-location
Clinical Pathology Jobs In India Kerala Palakkad - 1003 Clinical ...,https://www.naukri.com/clinical-pathology-jobs-in-india-kerala-palakkad
Careers at ETS,https://www.ets.org/careers.html
IPTIF - IIT Palakkad Technology IHub Foundation: Home,https://iptif.tech/
Top 12 Career Options after Computer Engineering in 2023 - Great ...,https://www.mygreatlearning.com/blog/career-options-after-computer-engineering-2/
Careers at Altair,https://altair.com/careers
Jobs at Boston Scientific,https://jobs.bostonscientific.com/
The 3 Best Free AI and Machine Learning Courses (2022),https://www.marketingaiinstitute.com/blog/3-free-online-artificial-intelligence-courses-taught-by-google-and-stanford-experts
Data Science Course in Palakkad - Best Training Institute - Fees ...,http://quickxpertinfotech.com/data-science-course-in-palakkad
Oracle | Cloud Applications and Cloud Platform,https://www.oracle.com/
Access Healthcare: Revenue cycle- medical billing- medical coding,https://www.accesshealthcare.com/
IIT Palakkad Invites Applications from Students for Free Online ...,https://www.dqindia.com/iit-palakkad-invites-applications-from-students-for-free-online-course-on-artificial-intelligence/
20 Best internship for freshers jobs in Palakkad district- Kerala ...,https://www.simplyhired.co.in/search?q=internship+for+freshers&l=palakkad+district%2C+kerala&mi=50&pp=
Artificial Intelligence (AI) Services & Solutions | Accenture,https://www.accenture.com/us-en/services/ai-artificial-intelligence-index
Power Electronics Jobs in Palakkad- Kerala (Feb 2023) - 591 Power ...,https://www.shine.com/job-search/power-electronics-jobs-in-palakkad
What are the Roles and Responsibilities of a Machine Learning ...,https://emeritus.org/in/learn/what-are-the-roles-and-responsibilities-of-a-machine-learning-engineer/
The 6 Best Free Online Artificial Intelligence Courses Available Today,https://www.forbes.com/sites/bernardmarr/2018/04/16/the-6-best-free-online-artificial-intelligence-courses-for-2018/
Accounts GST Tally SAP Course Palakkad | ICA Edu Skills,https://www.icajobguarantee.com/centers/accounts-gst-tally-sap-course-palakkad/
Research Associate at IIT Palakkad- India : Apply by 05 November ...,https://researchersjob.com/research-associate-at-iit-palakkad/
Palakkad | FacultyPlus,https://www.facultyplus.com/category/jobs-by-location/kerala/palakkad/
Students and New Graduates | NXP Semiconductors,https://www.nxp.com/company/about-nxp/careers/students-and-new-graduates:STUDENT
NSS College of Engineering- Palakkad | LinkedIn,https://sa.linkedin.com/school/nss-college-of-engineering-palakkad/?trk=public_profile_school_profile-section-card_full-click
A 142MOPS/mW integrated programmable array accelerator for ...,https://www.researchgate.net/publication/320094309_A_142MOPSmW_integrated_programmable_array_accelerator_for_smart_visual_processing
Data Science In Hindi- Data Science For Beginners- What Is Data ...,https://www.youtube.com/watch?v=U_CCKibxYjs
IBM Reviews | Glassdoor,https://www.glassdoor.com.hk/Reviews/IBM-Reviews-E354.htm
Google Reviews: What Is It Like to Work At Google? | Glassdoor,https://www.glassdoor.ca/Reviews/Google-Reviews-EI_IE9079.0,6.htm
Amazon Reviews | Glassdoor,https://www.glassdoor.co.in/Reviews/Amazon-Reviews-EI_IE6036.0,6.htm
Google Quantitative Analyst Interview Questions | Glassdoor,https://www.glassdoor.co.uk/Interview/Google-Quantitative-Analyst-Interview-Questions-EI_IE9079.0,6_KO7,27.htm
Sap Basis Mca Computer Jobs in India - TimesJobs,https://www.timesjobs.com/jobskill/sap-basis-mca+computer-jobs
Assistant Area Engineer Jobs in India - 108497 Assistant Area ...,https://m.timesjobs.com/jobskill/assistant-area-engineer-jobs
Page 3 - Best Online Arts And Crafts Courses & Certifications 2022 ...,https://www.careers360.com/courses-certifications/arts-and-crafts-courses-ctpg?page=3
Web & App Developers! | We promise- this is the most focused ...,https://www.facebook.com/groups/it.web.app.devlopment/posts/4492213157475404/
THE IEEE REGION TEN NEWSLETTER,https://www.ieeer10.org/wp-content/uploads/2021/03/2011-03-R10-eNewsletter-March2011.pdf
NIIT University Announced B.Tech Admissions,https://engineering.careers360.com/news/niit-university-announces-btech-admissions
Kerala M.Tech Admission 2022: Application Dates- Eligibility- Top ...,https://collegedunia.com/courses/master-of-technology-mtech/kerala-mtech-admission
Builder Floor in Sant Mohalla- Sagar Pur- New Delhi | Independent ...,https://housing.com/in/buy/new_delhi/builderfloor-sant_mohalla
Best Restaurants in Block 22- Tilak Nagar- New Delhi | November ...,https://housing.com/landmarks/block-22-tilak-nagar-new-delhi-overview/restaurants-ES5Proaoys97s1i3h28
Best Restaurants in Sant Mohalla- Sagar Pur- New Delhi | November ...,https://housing.com/landmarks/sant-mohalla-sagar-pur-new-delhi-overview/restaurants-ES5P3rvgryhzs11017wj
