Title,URL
Artificial Intelligence Jobs In Kolkata And Haldia And Durgapur And ...,https://www.naukri.com/artificial-intelligence-jobs-in-kolkata-and-haldia-and-durgapur-and-asansol-and-west-bengal
Asansol Collegiate School | LinkedIn,https://in.linkedin.com/company/asansol-collegiate-school
Confidence to Deploy AI with World-Class Training Data,https://appen.com/
Asansol Engineering College - Best Engineering College in West ...,https://aecwb.edu.in/
0 Finance Jobs for Freshers in Asansol- Feb | Internshala,https://internshala.com/fresher-jobs/finance-jobs-in-asansol
Asansol Durgapur Development Authority Employee Benefits ...,https://www.ambitionbox.com/benefits/asansol-durgapur-development-authority-benefits
Indrajeet Kumar Mishra - Staff Autonomy Engineer - Torc Robotics ...,https://www.linkedin.com/in/jeetmishra
SmartBear Career Opportunities | SmartBear Software,https://smartbear.com/company/careers/
Data Science Training in Asansol- Course Fees- Certification | Sulekha,https://www.sulekha.com/data-science-certification-training/asansol
Caterpillar Careers | Career Areas - Caterpillar,https://www.caterpillar.com/en/careers/career-areas.html
Accounts | GST | Tally | SAP | ICA Edu Skills | Asansol Kumarpur,https://www.icajobguarantee.com/centers/accounts-gst-tally-sap-course-asansol-kumarpur/
Aptech Learning/Asansol | Asansol,https://www.facebook.com/AptechAsansol/
Asansol Engineering College: Courses- Fees- Placements- Ranking ...,https://www.shiksha.com/college/asansol-engineering-college-24061
BlackBerry Careers - BlackBerry Jobs,https://www.blackberry.com/us/en/company/careers
Best Data Science Online Courses | Learn With CloudyML,https://www.cloudyml.com/
Careers at ResMed | Sleep & Respiratory Health Technology Jobs,https://careers.resmed.com/
▷ Find Python trainer jobs- coaching jobs in Asansol city - UrbanPro,https://www.urbanpro.com/asansol/python-trainer-jobs/3944586
Truck Driver Jobs in Asansol- West Bengal (Jan 2023) - 121 Active ...,https://www.shine.com/job-search/truck-driver-jobs-in-asansol
Unlock Your Potential- Find A Career With Purpose,https://www.manpowergroup.com/en/careers
Demographics of the Respondents working in select Public Sector ...,https://www.researchgate.net/figure/Demographics-of-the-Respondents-working-in-select-Public-Sector-Banks-in-Asansol_tbl1_343690904
51681 Learning Framework Development Jobs Openings in India,https://www.timesjobs.com/jobskill/learning-framework-development-jobs
Sikkim Manipal Institute of Technology – Sikkim Manipal University,https://smu.edu.in/smit.html/
Adani Wilmar: Home,https://www.adaniwilmar.com/
19358 Qa Regression Testing Jobs Openings in India,https://m.timesjobs.com/jobskill/qa-regression-testing-jobs
Ethnopharmacology | Apply for Honorary DSc in ...,https://sites.google.com/site/honorarydegreeacademics/ethnopharmacology-apply-for-honorary-dsc-in-ethnopharmacology-admission-announcement
