Title,URL
Premkumar Varma - Machine Learning Engineer - Cattleya ...,https://in.linkedin.com/in/premkumar-varma-5142m
Associate Engineer in Ahmednagar- India | Eaton,https://jobs.eaton.com/jobs/136213?lang=en-us
Sanivaa Infotech | LinkedIn,https://in.linkedin.com/company/sanivaa-infotech
Data Science Jobs in Ahmednagar- Maharashtra (Feb 2023) - 2863 ...,https://www.shine.com/job-search/data-science-jobs-in-ahmednagar
Artificial Intelligence Course in Ahmednagar - Best Training Institute ...,http://quickxpertinfotech.com/artificial-intelligence-course-in-ahmednagar
American Axle & Manufacturing | Delivering Power,https://www.aam.com/
Careers | Cummins Inc.,https://www.cummins.com/careers
Market/Business Research internship in Ahmednagar with job offer,https://internshala.com/internships/market%2Fbusiness-research-internship-in-ahmednagar/ppo-true/
Machine Operator Job Vacancies in Sangamner Ahmednagar ...,https://www.placementindia.com/job-search/machine-operator-jobs-in-sangamner-ahmednagar.htm
2 Fresher Jobs in Ahmednagar- January | Internshala,https://internshala.com/fresher-jobs/jobs-in-Ahmednagar/
Careers - Sun Pharmaceutical Industries Ltd.,https://sunpharma.com/careers/
Software Development Internship in Ahmednagar | Internshala,https://internshala.com/internships/software-development-internship-in-ahmednagar/
Software Company in Ahmednagar | RB Tech Services: Home,https://www.rbtechservices.in/
Mechanical Internship in Ahmednagar | Internshala,https://internshala.com/internships/mechanical-internship-in-ahmednagar/
Wipro Jobs In Maharashtra Ahmednagar - 94 Wipro Job Vacancies ...,https://www.naukri.com/wipro-jobs-in-maharashtra-ahmednagar
Jobs at Lenovo,https://jobs.lenovo.com/
Dr.Vithalrao Vikhe Patil College Of Engineering- Ahmednagar ...,https://pegasus.imarticus.org/academy/college/drvithalrao-vikhe-patil-college-of-engineering-ahmednagar-and-imarticus
Best Python Classes In Ahmednagar | SevenMentor,https://www.sevenmentor.com/python-course-in-ahmednagar
STAMFORD India factory tours of Ahmednagar and Ranjangaon ...,https://www.youtube.com/watch?v=8CcfXH1UTNU
(PDF) RURAL-URBAN RELATIONS IN AHMEDNAGAR DISTRICT ...,https://www.researchgate.net/publication/363840532_RURAL-URBAN_RELATIONS_IN_AHMEDNAGAR_DISTRICT_A_GEOGRAPHICAL_ANALYSIS
Watershed Organisation Trust (WOTR) | LinkedIn,https://uk.linkedin.com/company/watershed-organisation-trust-wotr?trk=public_profile_experience-group-header
Accenture Softwaretest Engineer Salaries in India | AmbitionBox,https://www.ambitionbox.com/salaries/accenture-salaries/softwaretest-engineer
1596 Mopping Floors Jobs Openings in India,https://www.timesjobs.com/jobskill/mopping-floors-jobs
Urgent: Home based typing Jobs in Nashik - December 2022 - 435 ...,https://in.jooble.org/jobs-home-based-typing/Nashik
19358 Qa Regression Testing Jobs Openings in India,https://m.timesjobs.com/jobskill/qa-regression-testing-jobs
Shadow Flickering Analysis Jobs in India - 26371 Shadow Flickering ...,https://m.timesjobs.com/jobskill/shadow-flickering-analysis-jobs
Ethnopharmacology | Apply for Honorary DSc in ...,https://sites.google.com/site/honorarydegreeacademics/ethnopharmacology-apply-for-honorary-dsc-in-ethnopharmacology-admission-announcement
