Title,URL
671 Machine Learning Job Vacancies In Kolkata - Naukri.com,https://www.naukri.com/machine-learning-jobs-in-kolkata
249 Machine Learning jobs in Kolkata metropolitan area- West ...,https://in.linkedin.com/jobs/machine-learning-jobs-kolkata-metropolitan-area
16 Machine Learning Job Vacancies in Kolkata - Jan (2023),https://www.foundit.in/search/machine-learning-jobs-in-kolkata
223 Machine Learning jobs in Greater Kolkata Area (7 new),https://in.linkedin.com/jobs/machine-learning-jobs-greater-kolkata-area
Machine learning Jobs in Calcutta- February 2023 | Glassdoor,https://www.glassdoor.co.in/Job/calcutta-machine-learning-jobs-SRCH_IL.0,8_IC2901633_KO9,25.htm
Join iMerit now to shape the future of AI and ML data | iMerit,https://imerit.net/careers/
Deep Learning Engineer job at HSBC - Instahyre,https://www.instahyre.com/job-171535-deep-learning-engineer-at-hsbc-kolkata/
Define your career with IBM,https://www.ibm.com/careers/in-en/
Careers at Microsoft | Microsoft jobs,https://careers.microsoft.com/us/en/
MACHINE LEARNING ENGINEER at Finarb Analytics Consulting ...,https://angel.co/company/finarb-analytics-consulting/jobs/1825941-machine-learning-engineer
Professional Certificate Program In AI And Machine Learning- Kolkata,https://www.simplilearn.com/pgp-ai-machine-learning-certification-training-course-kolkata-city
Machine Learning Jobs in Kolkata in 2023 | Work From Home Jobs,https://www.turing.com/jobs/machine-learning-jobs-in-kolkata
Machine Learning Engineer Salary in Kolkata | AmbitionBox,https://www.ambitionbox.com/profile/machine-learning-engineer-salary/kolkata-location
Machine Learning Career Path: 5 Job Types - Lighthouse Labs,https://www.lighthouselabs.ca/en/blog/machine-learning-career-path
Online Machine Learning Course in Kolkata by CCE- IIT Madras,https://intellipaat.com/machine-learning-certification-training-course-kolkata/
Deep Learning Jobs in Kolkata,https://cutshort.io/jobs/deep-learning-jobs-in-kolkata
Artificial Intelligence vs Machine Learning Jobs: Which Is Best?,https://www.noodle.com/articles/machine-learning-jobs-vs-artificial-intelligence-difference-explained
Careers at Airbnb,https://careers.airbnb.com/
PwC Machine Learning Jobs | Glassdoor,https://www.glassdoor.com/Jobs/PwC-machine-learning-Jobs-EI_IE8450.0,3_KO4,20.htm
20 Best machine learning jobs in Kolkata- West Bengal (Hiring Now ...,https://www.simplyhired.co.in/search?q=machine+learning&l=kolkata%2C+west+bengal
Entry Level Machine Learning Jobs,https://www.springboard.com/blog/data-science/entry-level-machine-learning-jobs/
▷ Machine Learning tutors in Kolkata city - TeacherOn,https://www.teacheron.com/machine_learning-tutors-in-kolkata_city
Machine Learning Course in Kolkata,https://www.edureka.co/machine-learning-certification-training-kolkata
Machine Learning Internship in Kolkata | Internshala,https://internshala.com/internships/machine-learning-internship-in-kolkata/
upGrad Careers,https://www.upgrad.com/us/careers/
Machine Learning Jobs in Kolkata- West Bengal (Feb 2023) - 51 ...,https://www.shine.com/job-search/machine-learning-jobs-in-kolkata
Machine Learning with Python Course in Kolkata | 48 Hrs Live ...,https://www.knowledgehut.com/data-science/machine-learning-with-python-certification-training-kolkata
Job Openings | Uber Careers,https://www.uber.com/us/en/careers/list/
Careers | Thomson Reuters,https://www.thomsonreuters.com/en/careers.html
Machine Learning Jobs In Kolkata,https://www.timesjobs.com/jobs-in-kolkata/machine-learning-jobs
Machine Learning (ML) Course in Kolkata - Fee 45% Off,https://datamites.com/machine-learning-course-training-kolkata/
Explore job opportunities | Adobe careers,https://www.adobe.com/careers.html
Global Technology & IT Careers at Cognizant - Careers at Cognizant,https://careers.cognizant.com/global/en
Machine Learning Course in Kolkata | Get Dedicated Career Support,https://databrio.com/python-programming-and-machine-learning
6 Reasons Why Machine Learning Jobs Are High On Demand,https://www.myamcat.com/blog/amcat-concept/6-reasons-machine-learning-jobs-high-demand/
Machine Learning Engineer Salary-The Ultimate Guide for 2023,https://www.projectpro.io/article/machine-learning-engineer-salary-the-ultimate-guide-for-2021/411
Best machine Learning Institute in Kolkata,http://www.futurite.in/blog/best-machine-learning-institute-in-kolkata
Amazon.in | Amazon.jobs,https://www.amazon.jobs/en/teams/in
Azure Jobs in kolkata- Amazon Web Service Jobs in kolkata ...,https://aemonline.net/career
Careers | Cadence,https://www.cadence.com/en_US/home/company/careers.html
Search Jobs - Google Careers,https://careers.google.com/jobs/results/?page=2
Life at Tinder | Ignite Your Impact,https://www.lifeattinder.com/
Careers at NCR: Find Jobs and a Career at NCR | NCR,https://www.ncr.com/careers
Current Openings | Tiger Analytics,https://www.tigeranalytics.com/current-openings/
Red Hat Jobs | Opportunities are open,https://www.redhat.com/en/jobs
Careers | Autodesk,https://www.autodesk.com/careers/overview
A.I. Is Learning From Humans. Many Humans. - The New York Times,https://www.nytimes.com/2019/08/16/technology/ai-humans.html
Brain Team – Google Research,https://research.google/teams/brain/
Juniper Careers,https://careers.juniper.net/
Mining Manager Jobs in India | Rigzone,https://www.rigzone.com/a-mining-manager-jobs/?fl=India
Best Regression Testing Freelancers for Hire in Kolkata ...,https://www.guru.com/d/freelancers/skill/regression-testing/lc/india/west-bengal/kolkata/
TCS National Qualifier Test Kolkata 2018 Interview - GeeksforGeeks,https://www.geeksforgeeks.org/tcs-national-qualifier-test-kolkata-2018-interview/
Machine learning by schedule decomposition | Advances in ...,https://dl.acm.org/doi/10.5555/903758.903790
Automated credit assessment framework using ETL process and ...,https://www.ncbi.nlm.nih.gov/pmc/articles/PMC9803598/
Application of Unsupervised Feature Selection- Machine Learning ...,https://papers.ssrn.com/sol3/papers.cfm?abstract_id=2966591
Is Data Science a Good Paying Job ?,https://www.linkedin.com/pulse/data-science-good-paying-job-techlearnindia
Tableau Analytics Online Training in Kolkata | Sulekha,https://www.sulekha.com/tableau-analytics-online-training/kolkata
HR Recruitment Associate I 0 to 1 Year I Kolkata Freshers Viewers ...,https://www.youtube.com/watch?v=wMgxOQQI2is
