Title,URL
Abhay Puri - Machine Learning Engineer - Jumio Corporation ...,https://ca.linkedin.com/in/abhaypuri98
Akshat Puri- PhD - Machine Learning Scientist - PayPal | LinkedIn,https://www.linkedin.com/in/akshatpuri
Jobs in Puri | JobLeads Job Search November 2022,https://www.jobleads.com/en-ca/jobs/jobs-in-puri
Aviation Delay Prognosis Using Machine Learning Models by P.S. ...,https://papers.ssrn.com/sol3/papers.cfm?abstract_id=4148291
Amazon Forecast now provides estimated run time for forecast ...,https://aws.amazon.com/blogs/machine-learning/amazon-forecast-now-provides-estimated-run-time-for-forecast-creation-jobs-enabling-you-to-manage-your-time-efficiently/
Q&A on IBM's Fabric for Deep Learning with Chief Architect of Watson,https://www.infoq.com/news/2018/04/ffdl-ruchir-puri/
PURI Telecom Services Pvt.Ltd | LinkedIn,https://in.linkedin.com/company/puri-telecom-services-pvt-ltd
Machine Learning Jobs at Purina | Consider,https://consider.com/boards/co/purina?skills=Machine%20Learning
Ratik Puri - Software Engineer - UnitedHealth Group | LinkedIn,https://in.linkedin.com/in/ratikpuri
Machine Learning and Data Science Blueprints for Finance: From ...,https://www.amazon.com/Machine-Learning-Science-Blueprints-Finance/dp/1492073059
Dr. Ishwar K. Puri- vice president of research at USC- learns about ...,https://viterbischool.usc.edu/news/2022/04/dr-ishwar-k-puri-vice-president-of-research-at-usc-learns-about-isis-work-on-ai/
Automated Machine Learning Diagnostic Support System as a ...,https://www.ncbi.nlm.nih.gov/pmc/articles/PMC6998050/
Gagan Puri - Computer Vision Software Engineer - RPA Labs ...,https://np.linkedin.com/in/gagan-puri-a90a06143
2022 Davidson Fellow - Anika Puri - Davidson Institute,https://www.davidsongifted.org/gifted-programs/fellows-scholarship/fellows/current-and-past-fellows/2022-fellows/2022-davidson-fellow-anika-puri/
Job Market | MIT Economics,https://economics.mit.edu/academic-programs/phd-program/job-market
Prateek Puri - Profile | RAND,https://www.rand.org/about/people/p/puri_prateek.html
Machine Learning & Artificial Intelligence Concentration ...,https://www.cs.utexas.edu/concentrations/mlai
Sustainable Farming with Gotham Greens | USDA,https://www.usda.gov/media/blog/2021/04/22/sustainable-farming-gotham-greens
Peggy Scripps Award for Science Communication - Society for ...,https://www.societyforscience.org/isef/awards/peggy-scripps-award/
Job Search | Careers at CERN,https://careers.cern/alljobs
Stable Auto People | Wellfound (formerly AngelList Talent),https://angel.co/company/stable_auto/people
IBM Research,https://research.ibm.com/
The right way to job hop (Ep. 496) - Stack Overflow Blog,https://stackoverflow.blog/2022/10/11/the-right-way-to-job-hop-ai-generated-pokemon-ep-495/
Tech Moves: 9Mile Labs co-founder Sanjay Puri joins Avalara; open ...,https://www.geekwire.com/2017/tech-moves-9mile-labs-co-founder-sanjay-puri-joins-avalara-open-standards-advocate-leaves-microsoft-amplero-board-adds-big-names/
Sumit Puri - Forbes Technology Council,https://www.forbes.com/sites/forbestechcouncil/people/sumitpuri/
Discussions in digital: Making machine-driven marketing work ...,https://www.mckinsey.com/capabilities/growth-marketing-and-sales/our-insights/discussions-in-digital-making-machine-driven-marketing-work
Mork Family Department of Chemical Engineering & Materials ...,https://chems.usc.edu/
Intuit Inc. appoints Aditi Puri Batra as the mew country manager for ...,https://content.techgig.com/leadership/intuit-inc-appoints-aditi-puri-batra-as-the-mew-country-manager-for-india-unit/articleshow/71063525.cms
An engaged population is a healthier population,https://www.cerner.com/ae/en/blog/an-engaged-population-is-a-healthier-population
Machine Learning,https://research.netflix.com/research-area/machine-learning
US company Legato to create 60 more jobs as Limerick R&D hub ...,https://www.siliconrepublic.com/jobs-news/legato-limerick-jobs-announcement-rd
Page 8 - Information Technology Trainee Jobs In Puri - 1918 ...,https://www.naukri.com/information-technology-trainee-jobs-in-puri-8
Learning & working papers | Independent Evaluation Unit | Green ...,https://ieu.greenclimate.fund/advice-data/learning-papers
Rohan Puri | Research Specialist at Mit Media Lab | F6S User Profile,https://www.f6s.com/rohanpuri
0 Operations Jobs for Freshers in Puri- Feb | Internshala,https://internshala.com/fresher-jobs/operations-jobs-in-Puri/
Supervised vs Unsupervised vs Reinforcement Learning | Intellipaat,https://intellipaat.com/blog/supervised-learning-vs-unsupervised-learning-vs-reinforcement-learning/
Google Cloud | Persistent Systems,https://www.persistent.com/partner-ecosystem/google/
Zillow Women in Tech: A Conversation with Ei-Nyung Choi | by ...,https://medium.com/zillow-tech-hub/zillow-women-in-tech-a-conversation-with-ei-nyung-choi-6d770d4a8a2
Online Business Courses & Programs | Udacity,https://www.udacity.com/school-of-business
Deep diving statistical distributions with Python for Data Scientists ...,https://towardsdatascience.com/deep-diving-statistical-distributions-with-python-for-data-scientists-a0a4badc8d1a
Credit denial in the age of AI,https://www.brookings.edu/research/credit-denial-in-the-age-of-ai/
▷ Java Developer in Janak Puri - TeacherOn,https://www.teacheron.com/java_developer-tutors-in-janak_puri
New York teenager invents low-cost tool to spot elephant ... - Newsela,https://newsela.com/read/teen-software-helps-elephants
Interview With Sumit Puri- Chief Information Officer- Max Healthcare,https://www.digitalvidya.com/blog/interview-with-sumit-puri-chief-information-officer-max-healthcare/
Teen invents low-cost machine learning tool to detect elephant ...,https://scoop.upworthy.com/teen-invents-low-cost-machine-learning-tool-detect-elephant-poachers-real-time
Legato Health Technologies to create 60 Limerick jobs,https://www.rte.ie/news/business/2021/1111/1259264-legato-health-technologies-jobs/
Will machine learning jobs ever stop being in demand? - Quora,https://www.quora.com/Will-machine-learning-jobs-ever-stop-being-in-demand
Lathe Machine Operation - YouTube,https://www.youtube.com/watch?v=XXpOwsD0fWM
THE WEDDING KNOT LTD | LinkedIn,https://uk.linkedin.com/company/the-wedding-knot-ltd
Himayani Puri - U.S. Value Manager: Ben Graham IX Annual ...,https://site-955335.bcvp0rtal.com/detail/video/6308535098112/himayani-puri---u.s.-value-manager:-ben-graham-ix-annual-conference
Spotnik: designing distributed machine learning for transient cloud ...,https://dl.acm.org/doi/10.5555/3485849.3485853
Worker efficiency and job criticality consideration in virtual cellular ...,https://www.researchgate.net/publication/220358225_Worker_efficiency_and_job_criticality_consideration_in_virtual_cellular_manufacturing_environments
( 12 ) United States Patent,https://eightfold.ai/wp-content/uploads/US11030404.pdf
AIChE Journal: Vol 27- No 1,https://aiche.onlinelibrary.wiley.com/toc/15475905/1981/27/1
Testing- Analysis and Debugging of Concurrent Programs: Software ...,https://onlinelibrary.wiley.com/toc/10991689/2015/25/3
Venture Capital Communities by Amit Bubna- Sanjiv Ranjan Das ...,https://www.ssrn.com/abstract=1787412
Amrita Vishwa Vidyapeetham,https://www.amrita.edu/
From strategy to execution: When selling a plan is not enough | by ...,https://uxdesign.cc/from-strategy-to-execution-be6d13c436dd
HammingMesh: A Network Topology for Large-Scale Deep Learning,https://htor.inf.ethz.ch/publications/img/HammingMesh.pdf
K. R. Jayaram | Papers With Code,https://paperswithcode.com/author/k-r-jayaram
6 tech courses that will get you a JOB in 2020 - Rediff.com Get Ahead,https://www.rediff.com/getahead/report/career-6-tech-courses-that-will-get-you-a-job-in-2020/20191217.htm
LinkedInのSumit Gupta: #deeplearning #hpc #ai #machinelearning ...,https://jp.linkedin.com/posts/sumitg_google-cloud-offers-largest-nvidia-a100-gpu-activity-6778375265044316160-KTwV?trk=public_profile_like_view
content Archives - Datafloq,https://datafloq.com/tag/content/
Curriculum vitae Rupali Puri,https://www.slideshare.net/RUPALIPURI/curriculum-vitae-rupali-puri
Unmet needs: Research helps regulators do their jobs | Science ...,https://www.science.org/doi/abs/10.1126/scitranslmed.aac4369?doi=10.1126/scitranslmed.aac4369
Product Hunt Radio on Apple Podcasts,https://podcasts.apple.com/ng/podcast/product-hunt-radio/id862714883
British Academy Fellowship Puri | University of Southampton,https://www.southampton.ac.uk/research/projects/british-academy-fellowship-puri
LangOps Archives | Analytics Insight,https://www.analyticsinsight.net/tag/langops/
Take a look inside a greenhouse on the rooftop of a Whole Foods in ...,https://ca.style.yahoo.com/look-inside-greenhouse-rooftop-whole-122200732.html
Applied Machine Learning Toward Drug Discovery Enhancement ...,https://journals.sagepub.com/doi/10.1177/11779322221090349?icid=int.sj-abstract.similar-articles.2
Issam El Naqa- PhD - Journals,https://sites.google.com/a/umich.edu/ielnaqa/home/publications/journals
Richard Cole and Peter W. Eklund,http://citeseerx.ist.psu.edu/viewdoc/download;jsessionid=E7F42658B1FF0CB009EFA91152678EAE?doi=10.1.1.26.3407&rep=rep1&type=pdf
Benjamin Herta - dblp,https://dblp.org/pid/115/4375.html
Small Firm Financing: Sources- Frictions- and Policy Implications,https://faculty.tuck.dartmouth.edu/images/uploads/faculty/gordon-phillips/Chapter__Small_Firm_Financing_Sources_and_Growth.pdf
O Job Can You Return My Mojo? Improving Human Engagement ...,https://cpl.uh.edu/publication_files/C56.pdf
