Title,URL
25 Machine Learning Jobs and Vacancies in Andhra Pradesh - 3 ...,https://in.indeed.com/Machine-Learning-jobs-in-Andhra-Pradesh
Prabhudev Guntur - Machine Learning Engineer - Pactera EDGE ...,https://in.linkedin.com/in/prabhudev-guntur-65444489
AKHIL GURRAM – Guntur- Andhra Pradesh- Indien | Berufsprofil ...,https://de.linkedin.com/in/akhil-gurram-ai
Best Data Science Course Training Institute in Guntur | 360digitmg,https://360digitmg.com/india/guntur/data-science-certification-course-training-institute
Best Data Science Course in Guntur - IIT Madras CCE Training,https://intellipaat.com/data-scientist-course-training-guntur/
3 Facility Management Job Vacancies In Guntur - Naukri.com,https://www.naukri.com/facility-management-jobs-in-guntur
Data Science Training Course in Gachibowli [with JobAssist],https://www.simplilearn.com/data-science-training-course-gachibowli-city
12 Software Developer Job Vacancies In Guntur - Naukri.com,https://www.naukri.com/software-developer-jobs-in-guntur
Padaayi | LinkedIn,https://www.linkedin.com/company/padaayi
Salesforce Training Guntur- Guntur| Salesforce Certification Training,https://www.janbasktraining.com/salesforce-training-guntur
Deepak GR - Staff Machine Learning Engineer - Velodyne Lidar- Inc ...,https://www.linkedin.com/in/deepakgr
Machine Learning Course in Guntur,https://appletoninnovations.com/machine-learning-guntur
Machine Learning with Python Certification Course in Guntur,https://aktechsolutions.in/machine-learning-with-python-certification-course-in-guntur.php
Data Science Course With Python Machine Learning in guntur ...,https://www.apponix.com/data-science-course-in-guntur
CSE (ArtificiaI Intelligence & Machine Learning),https://www.vvitguntur.com/departments/ai-ml
B.Tech CSE - Artificial Intelligence and Machine Learning ...,https://www.vignan.ac.in/aimlcourse.php
Amazon.in | Amazon.jobs,https://www.amazon.jobs/en/teams/in
Best Data Science Institute - Fireblaze AI School,https://fireblazeaischool.in/data-science-course-training-guntur
Top Machine Learning Computer Training Institutes in Guntur - Best ...,https://www.justdial.com/Guntur/Computer-Training-Institutes-For-Machine-Learning/nct-11985768
Data Science Internship in Guntur | Internshala,https://internshala.com/internships/data-science-internship-in-guntur/
Guntur Engineering College Invites eligible candidates for ...,https://www.facultytick.com/2022/06/29/guntur-engineering-college-invites-eligible-candidates-for-appearing-in-walk-in-interview-for-the-following-teaching-and-non-teaching-posts/
Data Science Training in Guntur- Course Fees- Certification | Sulekha,https://www.sulekha.com/data-science-certification-training/guntur
B.Tech artificial intelligence and machine learning college in Guntur,https://vignan.ac.in/blog/b.tech-artificial-intelligence-and-machine-learning-college-in-guntur.php
Software Courses Training Institute in Guntur @ Dream India ...,https://www.dreamindiatechnologies.com/software-courses/
US IT Recruiter Salary in Guntur | AmbitionBox,https://www.ambitionbox.com/profile/us-it-recruiter-salary/guntur-location
Live Python Training in Guntur | Best Python Course in Guntur,https://www.edureka.co/python-programming-certification-training-guntur
Hindu College of Engineering and Technology || Guntur,https://www.hinduengg.com/
KKR & KSR Institute of Technology & Sciences - Guntur,https://kitsguntur.ac.in/site/kits.php
Best Power BI Training in Guntur | Power BI Course | igmGuru ...,https://www.igmguru.com/data-science-bi/power-bi-training-in-guntur/
Bachelor of Technology (B.Tech.) CSE in Artificial intelligence and ...,https://universitykart.com/university/universitycourse/vvit-guntur/b-tech-cse-in-artificial-intelligence-and-machine-learning
Chalapathi Institute of Engineering and Technology - CIET is Re ...,https://chalapathiengg.ac.in/
Field Verification Jobs in Guntur- Andhra Pradesh (Feb 2023) - 232 ...,https://www.shine.com/job-search/field-verification-jobs-in-guntur
Real-Time Academic Live CSE Major Machine Learning Projects for ...,https://www.truprojects.in/ieee-cse-major-projects-machine-learning-guntur/
COMPARATIVE ASSESSMENT OF DEEP LEARNING METHODS ...,https://www.researchgate.net/publication/349199286_COMPARATIVE_ASSESSMENT_OF_DEEP_LEARNING_METHODS_FOR_NETWORK_INTRUSION_DETECTION
Carnival UK Careers - jobs aboard cruise ships with Carnival UK.,https://www.carnivalukcareers.co.uk/
Page 16: Best Retail Companies and Startups to Work for in 2023 ...,https://angel.co/startups/industry/retail?page=16
Comparative Analysis of Metaheuristic Approaches for Makespan ...,https://pdfs.semanticscholar.org/4055/ad5cdf6430a342537c266586d92f71aec89d.pdf
Twofold processing for denoising ultrasound medical images ...,https://europepmc.org/article/med/26697285
Vijay Kumar - Singapore- Singapore | Professional Profile | LinkedIn,https://sg.linkedin.com/in/vijay-kumar-2a7956202?trk=public_post_share-update_social-details_comment_actor-image
HISTORY - DAY - 20 | APPSC | UPSC | SSC | RRB |by Dr ...,https://www.youtube.com/watch?v=uuP-1IWG4-M
Dept. of Business Information and Technology - Fogelman College ...,https://www.facebook.com/groups/misfogelmancollege/posts/1654524727946470/
Erp Data Jobs in India - TimesJobs,https://m.timesjobs.com/jobskill/erp-data-jobs
ANUCDE Guntur Cutoff 2022/2021/2020: Round-wise for all Courses,https://www.shiksha.com/college/anucde-guntur-24826/cutoff
Tableau Server Administration Jobs in India - 20282 Tableau Server ...,https://www.timesjobs.com/jobskill/tableau-server-administration-jobs
O rigin al A rticle,https://papers.ssrn.com/sol3/Delivery.cfm/SSRN_ID3275166_code2357647.pdf?abstractid=3275166&mirid=1
