Title,URL
CROP DOCTOR A Prediction Model Using Machine Learning ...,https://papers.ssrn.com/sol3/papers.cfm?abstract_id=4289198
Yogesh Gawali - Junior Software Engineer - Cognizant | LinkedIn,https://in.linkedin.com/in/yogesh-gawali-70a308186
Web Developer Trainee Jobs in Dhule- Pune- Solapur by Maxgen ...,https://www.placementindia.com/job-detail/web-developer-trainee-jobs-in-dhule-pune-deccan-gymkhana-pune-for-maxgen-technology-pvt-ltd-934094.htm
Gauri Chaudhari - Senior System Engineer - Infosys | LinkedIn,https://in.linkedin.com/in/gauri-chaudhari-518376176
0 Fresher Jobs in Dhule- January | Internshala,https://internshala.com/fresher-jobs/jobs-in-Dhule/
IBM Watson Studio | IBM,https://www.ibm.com/cloud/watson-studio
Internship in Dhule | Internshala,https://internshala.com/internships/internship-in-dhule/
Online Jobs in Dhule- Maharashtra (Feb 2023) - 11 Online Openings ...,https://www.shine.com/job-search/online-jobs-in-dhule
0 Finance Jobs for Freshers in Dhule- Jan | Internshala,https://internshala.com/fresher-jobs/finance-jobs-in-dhule
Machine Operator Jobs In Dhule Maharashtra - 182 Machine ...,https://www.naukri.com/machine-operator-jobs-in-dhule-maharashtra
PGT Commerce Salary in Dhule | AmbitionBox,https://www.ambitionbox.com/profile/pgt-commerce-salary/dhule-location
Part Time Jobs in Dhule | Careerjet,https://www.careerjet.co.in/part-time-jobs/dhule-219851.html
Urgent: Cipla company Jobs in Dhule - February 2023 - 40 current ...,https://in.jooble.org/jobs-cipla-company/Dhule
Jobs in Dhule Dhulia - 54 Job Vacancies in Dhule Dhulia - Feb (2023),https://www.foundit.in/search/jobs-in-dhule-dhulia
District Dhule - Government of Maharashtra | Major Projects of Solar ...,https://dhule.gov.in/
Salesforce Careers India - Salesforce IN,https://www.salesforce.com/in/company/careers/rdr/
Working at Nitiraj Engineers Pvt. Ltd in Dhule- Maharashtra ...,https://in.indeed.com/cmp/Nitiraj-Engineers-Pvt.-Ltd/reviews?fcountry=IN&floc=Dhule%2C+Maharashtra
circleci · GitHub Topics · GitHub,https://github.com/topics/circleci?l=python&o=asc&s=stars
An Energy-Efficient Resource Scheduling Algorithm for Cloud ...,https://www.researchgate.net/publication/303557132_An_Energy-Efficient_Resource_Scheduling_Algorithm_for_Cloud_Computing_based_on_Resource_Equivalence_Optimization
Preventing the preventable through effective surveillance: the case ...,https://europepmc.org/article/pmc/pmc3648462
1596 Mopping Floors Jobs Openings in India,https://www.timesjobs.com/jobskill/mopping-floors-jobs
6259 Cardiac Surgery Fresher Jobs Openings in India - TimesJob.com,https://www.timesjobs.com/jobskill/cardiac-surgery-fresher-jobs
Suit Sewaya | Maratab Ali Khan | Mahi Butt | New Saraiki Song | Az ...,https://www.youtube.com/watch?v=dkbPDcUMVk0
35001 Obtaining Missing Data Jobs Openings in India - TimesJob.com,https://m.timesjobs.com/jobskill/obtaining-missing-data-jobs
179 Hospital Job Vacancies in Pune - Jul (2022),https://www.monsterindia.com/search/hospital-jobs-in-pune
Books di Programmazione in Informatica - HOEPLI.it,https://www.hoepli.it/books/informatica/programmazione.aspx
Nadeem Akhtar - Sheikhupura District- Punjab- Pakistan ...,https://pk.linkedin.com/in/nadeem-akhtar-ab4ba289
Top Full Time Science Colleges in Mumbai - 2022 Rankings- Fees ...,https://collegedunia.com/science/mumbai/full-time-colleges
Rating - Codeforces,https://codeforces.com/ratings/organization/19079
Rating - Codeforces,https://codeforces.com/ratings/organization/30526
