Title,URL
Python Course in Navsari,https://www.codingbytes.com/python-course/python-course-in-navsari/
308 Machine Learning jobs in Gujarat- India (8 new),https://in.linkedin.com/jobs/machine-learning-jobs-gujarat
Machine Learning Course in Navsari - Best Training Institute - Fees ...,http://quickxpertinfotech.com/machine-learning-course-in-navsari
Pradip Polyfils PVT. LTD. | LinkedIn,https://in.linkedin.com/company/pradip-polyfils-pvt-ltd
Amazon Jobs in Navsari (2023) | Glassdoor,https://www.glassdoor.com/Jobs/Amazon-Navsari-Jobs-EI_IE6036.0,6_IL.7,14_IC2934014.htm
Graphic Design internship in Navsari with job offer,https://internshala.com/internships/graphic-design-internship-in-navsari/ppo-true/
Abbas Navsariwala - Tampa- Florida- United States | Professional ...,https://www.linkedin.com/in/abbas-navsariwala
Customer Service internship in Navsari with job offer,https://internshala.com/internships/customer-service-internship-in-navsari/ppo-true/
Urgent: Cnc machine operator Jobs in Navsari - February 2023 ...,https://in.jooble.org/jobs-cnc-machine-operator/Navsari
Internship in Navsari | Internshala,https://internshala.com/internships/internship-in-navsari/
Hilti Careers: Where Your Best Belongs,https://careers.hilti.group/en/
Computer Science Internship in Navsari | Internshala,https://internshala.com/internships/computer-science-internship-in-navsari/
Officer Microbiologist Salary in Navsari | AmbitionBox,https://www.ambitionbox.com/profile/officer-microbiologist-salary/navsari-location
0 Marketing/Sales Jobs for Freshers in Navsari- Jan | Internshala,https://internshala.com/fresher-jobs/marketing%2Fsales-jobs-in-navsari/
Vapi- India Events This Week | Eventbrite,https://www.eventbrite.com/d/india--vapi/events--this-week/
George Mason University: Home,https://www.gmu.edu/
Data Analyst | MNC | Surat - Navsari-Surat - Venus Consultancy - 0 ...,https://www.naukri.com/job-listings-data-analyst-mnc-surat-venus-consultancy-navsari-surat-0-to-5-years-211022008652
Live Project Training in Navsari | Final Year Project Training In Navsari,https://www.tops-int.com/live-project-training-navsari
Vega Press (A Print Media Group business) | LinkedIn,https://au.linkedin.com/company/vega-press
Work with Us in India – Whirlpool Corporation Careers,https://www.whirlpoolcareers.com/india/
3 Best Freelance Django Developers For Hire Near Navsari- IN ...,https://www.upwork.com/hire/django-developers/in/navsari/
IIHT Navsari | Navsari,https://www.facebook.com/IIHTOfficialNavsari/
Top 10 Share Market Courses in Navsari- Training Classes ...,https://www.sulekha.com/share-marketing-job-training/navsari
Find Manufacturing Companies in Navsari - Dun & Bradstreet,https://www.dnb.com/business-directory/company-information.manufacturing.in.gujarat.navsari.html
About CIPET : CSTS - Navsari,https://www.cipet.gov.in/centres/cipet-navsari/introduction.php
Softeq: Custom Software Development Company,https://www.softeq.com/
sap-ep-engineering jobs,https://www.timesjobs.com/jobskill/sap-ep-engineering-jobs
Watch this film on Kalpana Chawla- first Indo-American in Space ...,https://www.youtube.com/watch?v=oENIMHu2Egg
Hinduja Group Ltd.,https://www.hindujagroup.com/
(PDF) Development of farm pond operational modeling using Neuro ...,https://www.researchgate.net/publication/304887316_Development_of_farm_pond_operational_modeling_using_Neuro-Fuzzy_technique
Ethnopharmacology | Apply for Honorary DSc in ...,https://sites.google.com/site/honorarydegreeacademics/ethnopharmacology-apply-for-honorary-dsc-in-ethnopharmacology-admission-announcement
Transforming India's Green Revolution by Research and ...,https://gtr.ukri.org/projects?ref=BB%2FP027970%2F1&pn=0&fetchSize=10&selectedSortableField=title&selectedSortOrder=ASC
Preface The EU-INDIA Cross-Cultural Innovation Network The EU ...,https://citeseerx.ist.psu.edu/document?repid=rep1&type=pdf&doi=ee96140af0ef37922b44a7e2e3ed7aefac39e120
Books about Biography & Autobiography - T - BiblioVault,https://www.bibliovault.org/BV.titles.epl?tquery=Biography%20%26%20Autobiography&letter=T&sort=title
