Title,URL
Assistant Professor Jobs In Hazaribag Jharkhand - 132 Assistant ...,https://www.naukri.com/assistant-professor-jobs-in-hazaribag-jharkhand
Accounts GST Tally SAP Course Hazaribag | ICA Edu Skills,https://www.icajobguarantee.com/centers/accounts-gst-tally-sap-course-hazaribag/
Thriveni Earthmovers Hazaribag Reviews by 14 Employees ...,https://www.ambitionbox.com/reviews/thriveni-earthmovers-reviews/hazaribag-location
Internship in Hazaribagh | Internshala,https://internshala.com/internships/internship-in-hazaribagh/
upGrad hiring Admissions Counselor in Hazaribag - Join leading ...,https://earlytutors.com/jobs/upgrad-admissions-counselor-in-hazaribag-jh/
Annada | LinkedIn,https://www.linkedin.com/company/annada
GLIPMS OF CONFERENCES/SYMPOSIUMS,https://www.isve.in/page?page=adminisve&pid=22
Aditya Mandal - Machine Learning Engineer - Amazon | LinkedIn,https://www.linkedin.com/in/aditya-mandal-67bab440
MCA Course Salary- Job Opportunities- and more - Great Learning,https://www.mygreatlearning.com/blog/salary-after-mca-course/
Data Mining: Dirty Data and Data Cleaning by Santosh Kumar Singh ...,https://papers.ssrn.com/sol3/papers.cfm?abstract_id=3610772
Manan Academy | Hazaribag,https://www.facebook.com/Manan_Academy/
62 M Tech GIS Jobs and Vacancies - 5 February 2023 | Indeed.com,https://in.indeed.com/M-Tech-GIS-jobs
Top 10 AC Mechanic Training Centres in Hazaribagh- Institutes ...,https://www.sulekha.com/ac-mechanic-training/hazaribagh
VBU becomes first university of eastern India to launch cyber course,https://www.dailypioneer.com/2022/state-editions/vbu-becomes-first-university-of-eastern-india-to-launch-cyber-course.html
M.Tech.Data Science & Engineering – BITS Pilani,https://bits-pilani-wilp.ac.in/m-tech/cluster/data-science-and-engineering.php
Bachelor of Computer Science – Vinoba Bhave University- Hazaribag,https://free-apply.com/en/university/1035602683/programs/342599
Jobs in Hazaribagh - Check Latest (107) Job Openings (February ...,https://www.quikr.com/jobs/hazaribagh+zwqxj760939060
Welcome to Kids Physiotherapy - YouTube,https://www.youtube.com/watch?v=zh0B28QnuQo
Rating - Codeforces,https://codeforces.com/ratings/organization/19079
Rating - Codeforces,https://codeforces.com/ratings/organization/30526
Rating - Codeforces,https://codeforces.com/ratings/organization/29320
