Title,URL
Machine Learning Jobs in Hull Road - 2022 | Indeed.com,https://uk.indeed.com/Machine-Learning-jobs-in-Hull-Road
Machine Learning and AI - Careers at Apple,https://www.apple.com/careers/us/machine-learning-and-ai.html
What Is a Machine Learning Engineer? (+ How to Get Started ...,https://www.coursera.org/articles/what-is-machine-learning-engineer
All Roads Lead to Rome: The Machine Learning Job Market in 2022 ...,https://evjang.com/2022/04/25/rome.html
10 Examples of Artificial Intelligence in Construction,https://constructible.trimble.com/construction-industry/the-benefits-of-ai-in-construction
179 Google Machine Learning jobs in Mumbai- Maharashtra- India ...,https://in.linkedin.com/jobs/google-machine-learning-jobs-mumbai
Machine Learning Jobs- Employment in Arizona | Indeed.com,https://www.indeed.com/q-Machine-Learning-l-Arizona-jobs.html
How to Become a Machine Learning Engineer in 2021,https://www.discoverdatascience.org/career-information/machine-learning-engineer/
Top Jobs in Machine Learning for a Successful Career in Tech,https://emeritus.org/blog/artificial-intelligence-machine-learning-jobs-in-machine-learning/
The Winding Road to Better Machine Learning Infrastructure ...,https://engineering.atspotify.com/2019/12/the-winding-road-to-better-machine-learning-infrastructure-through-tensorflow-extended-and-kubeflow/
Careers in Machine Learning,https://www.snhu.edu/about-us/newsroom/stem/future-of-ai
How to become a Machine Learning Engineer in 2020 | by Jeffrey ...,https://towardsdatascience.com/how-to-become-a-machine-learning-engineer-in-2020-1161aa29261e
The potential for artificial intelligence in healthcare - PMC,https://www.ncbi.nlm.nih.gov/pmc/articles/PMC6616181/
How To Become An Artificial Intelligence (AI) Engineer in 2023 ...,https://www.simplilearn.com/tutorials/artificial-intelligence-tutorial/how-to-become-an-ai-engineer
How To Get A Machine Learning Job In 6 Months | by Stefan Hosein ...,https://towardsdatascience.com/how-to-get-a-machine-learning-job-in-6-months-5aaa61b13af2
How to Become a Machine Learning Engineer in 2023?,https://www.simplilearn.com/tutorials/machine-learning-tutorial/how-to-become-a-machine-learning-engineer
Machine learning engineer Jobs in Barcelona- February 2023 ...,https://www.glassdoor.com/Job/barcelona-machine-learning-engineer-jobs-SRCH_IL.0,9_IC2547194_KO10,35.htm
Professional ML Engineer Certification | Google Cloud,https://cloud.google.com/certification/machine-learning-engineer
All Machine learning and data scientists jobs in one place,https://jobhunt.ai/
How to Become a Machine Learning Engineer | CSU Global,https://csuglobal.edu/blog/how-become-machine-learning-engineer
Job opportunity: Deep Learning and Computer Vision Engineer,https://imagry.co/careers/co/usa/E3.D28/deep-learning-and-computer-vision-engineer/all/
247 Data Scientist Jobs and Vacancies in Mira Road- Mumbai ...,https://in.indeed.com/Data-Scientist-jobs-in-Mira-Road,-Mumbai,-Maharashtra
Become a Machine Learning Engineer | Udacity,https://www.udacity.com/course/aws-machine-learning-engineer-nanodegree--nd189
Jobs In Artificial Intelligence - How To Make A Career In AI,https://www.forbes.com/sites/qai/2023/01/10/jobs-in-artificial-intelligencehow-to-make-a-career-in-ai/
Want to Work in Artificial Intelligence? 14 AI Careers & Job Outlook ...,https://onlinedegrees.sandiego.edu/artificial-intelligence-jobs/
How to Become a Machine Learning Engineer (2023 Guide ...,https://brainstation.io/career-guides/how-to-become-a-machine-learning-engineer
AWS Certified Machine Learning - Specialty Certification | AWS ...,https://aws.amazon.com/certification/certified-machine-learning-specialty/
Machine Learning Career Path: 5 Job Types - Lighthouse Labs,https://www.lighthouselabs.ca/en/blog/machine-learning-career-path
AI- automation- and the future of work: Ten things to solve for ...,https://www.mckinsey.com/featured-insights/future-of-work/ai-automation-and-the-future-of-work-ten-things-to-solve-for
Search results | Find available job openings at Microsoft,https://careers.microsoft.com/us/en/search-results
United States- Deep Learning and Reinforcement Learning - Jobs ...,https://jobs.apple.com/en-us/search?location=united-states-USA&team=deep-learning-and-reinforcement-learning-MLAI-DLRL
How To Become A Machine Learning Engineer? - Complete Road ...,https://www.edureka.co/blog/how-to-become-a-machine-learning-engineer/
How to become a machine learning engineer: A cheat sheet ...,https://www.techrepublic.com/article/how-to-become-a-machine-learning-engineer-a-cheat-sheet/
Artificial Intelligence vs. Machine Learning: What's the Difference?,https://www.northeastern.edu/graduate/blog/artificial-intelligence-vs-machine-learning-whats-the-difference/
Six Steps to Master To Become a Successful Machine Learning ...,https://www.spiceworks.com/tech/artificial-intelligence/articles/best-resources-to-learn-ml/
Machine Learning Jobs,https://www.wgu.edu/blog/machine-learning-jobs2006.html
Where Are All the Jobs ? : A Machine Learning Approach for High ...,https://openknowledge.worldbank.org/handle/10986/37195
How Do You Become a Machine Learning Engineer?,https://www.springboard.com/blog/data-science/how-to-become-machine-learning-engineer/
Experts on the Future of Work- Jobs Training and Skills | Pew ...,https://www.pewresearch.org/internet/2017/05/03/the-future-of-jobs-and-jobs-training/
Where are all the jobs? A machine learning approach for high ...,https://blogs.worldbank.org/developmenttalk/where-are-all-jobs-machine-learning-approach-high-resolution-urban-employment
Career Opportunities in Artificial Intelligence: List of Various Job ...,https://www.upgrad.com/blog/career-opportunities-in-artificial-intelligence/
The road to machine learning success is paved with failure | HPE,https://www.hpe.com/us/en/insights/articles/the-road-to-machine-learning-success-is-paved-with-failure-2112.html
Microsoft Certified: Azure Data Scientist Associate - Certifications ...,https://learn.microsoft.com/en-us/certifications/azure-data-scientist/
Machine Learning career guide and in-demand ML job roles.,https://www.turing.com/kb/machine-learning-career-guide-and-in-demand-ml-job-roles
Machines and AI Are Taking Over Jobs Lost to Coronavirus | Time,https://time.com/5876604/machines-jobs-coronavirus/
Data Science - Explore Jobs | Intuit Careers,https://www.intuit.com/careers/teams/data-science/
Best Gaming Machine Learning Jobs 2023 | Built In,https://builtin.com/jobs/data-analytics/machine-learning/gaming
AI in Traffic Management: Artificial Intelligence solves traffic control ...,https://www.clickworker.com/customer-blog/artificial-intelligence-road-traffic/
8 Paths to Getting a Machine Learning Job Interview - KDnuggets,https://www.kdnuggets.com/2019/10/8-paths-machine-learning-job-interview.html
In-Depth Guide to Machine Learning in the Enterprise,https://www.techtarget.com/searchenterpriseai/In-depth-guide-to-machine-learning-in-the-enterprise
Machine Learning Engineer jobs in Lebanon,https://startup.jobs/locations/lebanon/machine-learning-engineer
Guide to Landing a Job in Artificial Intelligence| ComputerScience.org,https://www.computerscience.org/resources/landing-a-job-in-artificial-intelligence/
Confidence to Deploy AI with World-Class Training Data,https://appen.com/
Sr. Machine Learning Engineer | Bangalore- KA | Cardinal Health,https://jobs.cardinalhealth.com/search/jobdetails/sr-machine-learning-engineer/0506d584-629e-42b0-bae3-d30e966714d6
Machine Learning Jobs | Upwork™,https://www.upwork.com/freelance-jobs/machine-learning/
Atlanta - Google Careers,https://careers.google.com/locations/atlanta/
Job Application for Machine Learning Software Engineer at Owl ...,https://boards.greenhouse.io/owlai/jobs/4020977005
Robotics AI | Amazon.jobs,https://www.amazon.jobs/en/teams/rai
Everything you need to become a self-taught Machine Learning ...,https://medium.com/@jasoncbenn/everything-you-need-to-become-a-self-taught-machine-learning-engineer-d09bbcdfa631
1117 Fresher Jobs in Mira bhayandar- February | Internshala,https://internshala.com/fresher-jobs/jobs-in-Mira%20bhayandar/
Machine Learning Courses & Tutorials | Codecademy,https://www.codecademy.com/catalog/subject/machine-learning
Machine Learning Jobs in Quebec City- QC (with Salaries) 2022 ...,https://ca.indeed.com/Machine-Learning-jobs-in-Quebec-City,-QC
Mapping roads through deep learning and weakly supervised training,https://ai.facebook.com/blog/mapping-roads-through-deep-learning-and-weakly-supervised-training/
Machine Learning Road Map in 2022 | DataDrivenInvestor,https://medium.datadriveninvestor.com/machine-learning-road-map-in-2022-1a856fb71bf9
The Future of Jobs Report 2020 | weforum.org,https://www3.weforum.org/docs/WEF_Future_of_Jobs_2020.pdf
How to Become a Machine Learning Engineer [2022] - Udemy Blog,https://blog.udemy.com/how-to-become-a-machine-learning-engineer/
ML Engineer vs Data Scientist - neptune.ai,https://neptune.ai/blog/ml-engineer-vs-data-scientist
How to Become a Data Analyst in 2022,https://www.mastersindatascience.org/careers/data-analyst/
Step By Step Guide To Become A Data Scientist (from scratch!),https://www.analyticsvidhya.com/blog/2021/04/step-by-step-guide-to-become-a-data-scientist-from-scratch/
Why Learn SQL in 2023 (Analyzing 72-000 Job Listings),https://www.dataquest.io/blog/why-learn-sql/
Machine learning Jobs in Canada- February 2023 | Glassdoor,https://www.glassdoor.ca/Job/canada-machine-learning-jobs-SRCH_IL.0,6_IN3_KO7,23.htm
Python Course in Mira Bhayandar,https://www.codingbytes.com/python-course/python-course-in-mira-bhayandar/
$31k-$104k Entry Level Machine Learning Jobs in Denver- CO,https://www.ziprecruiter.com/Jobs/Entry-Level-Machine-Learning/-in-Denver,CO
419 Junior Machine Learning jobs in New York City Metropolitan ...,https://www.linkedin.com/jobs/junior-machine-learning-jobs-new-york-city-metropolitan-area
The Future of Jobs in the Era of AI | BCG,https://www.bcg.com/publications/2021/impact-of-new-technologies-on-jobs
Staff AI Research Engineer / Machine Learning / Littleton- CO at ...,https://www.lockheedmartinjobs.com/job/littleton/staff-ai-research-engineer-machine-learning-littleton-co/694/41032387424
How to Start Learning Machine Learning? - GeeksforGeeks,https://www.geeksforgeeks.org/how-to-start-learning-machine-learning/
How to cut through the AI hype to become a machine learning ...,https://www.freecodecamp.org/news/how-to-cut-through-the-ai-hype-to-become-a-machine-learning-engineer-b0d2c5e4ae02/
Start Here with Machine Learning,https://machinelearningmastery.com/start-here/
How to land into Data Science and Machine Learning Job as a ...,https://www.kaggle.com/general/179537
Rules of Machine Learning: | Google Developers,https://developers.google.com/machine-learning/guides/rules-of-ml
How I Got a Job at Google DeepMind (No ML Degree) | Medium,https://gordicaleksa.medium.com/how-i-got-a-job-at-deepmind-as-a-research-engineer-without-a-machine-learning-degree-1a45f2a781de
Lead Machine Learning Engineer (Remote) at Citi,https://jobs.citi.com/job/ontario/lead-machine-learning-engineer-remote/287/32543966112
How to Learn Artificial Intelligence (AI) | BestColleges,https://www.bestcolleges.com/bootcamps/guides/how-to-learn-ai/
Research Associate in Machine Learning (2 posts available) Oxford ...,https://www.jobs.manchester.ac.uk/displayjob.aspx?jobid=22431
Machine Learning Platform | Alteryx,https://www.alteryx.com/products/alteryx-machine-learning
How to Become a Data Engineer | DataCamp,https://www.datacamp.com/blog/how-to-become-a-data-engineer
Data & Analytics Jobs - Data Science Jobs | Meta Careers,https://www.metacareers.com/areas-of-work/data/
Computer Science Careers: 2023 Guide to Career Paths- Options ...,https://research.com/careers/computer-science-careers
The Future of Jobs | World Economic Forum,https://www.weforum.org/reports/the-future-of-jobs/
Deep learning in the construction industry: A review of present status ...,https://www.sciencedirect.com/science/article/pii/S2352710220334604
Machine Learning Engineer Job Profile - What Do They Do? | Le ...,https://www.lewagon.com/tech-jobs/data-science/machine-learning-engineer
Explore job opportunities | Adobe careers,https://www.adobe.com/careers.html
Aurora Careers | We're Hiring | Aurora,https://aurora.tech/careers
MSU Careers Recent Jobs,https://careers.msu.edu/
Machine learning roadmap: 5 Steps to a successful career,https://datasciencedojo.com/blog/machine-learning-roadmap/
THE FUTURE OF EMPLOYMENT: HOW SUSCEPTIBLE ARE JOBS ...,https://www.oxfordmartin.ox.ac.uk/downloads/academic/The_Future_of_Employment.pdf
Insitro - Home,https://insitro.com/
