Title,URL
Internship in Porbandar | Internshala,https://internshala.com/internships/internship-in-porbandar/
Data Analyst Jobs In Porbandar,https://www.naukri.com/data-analyst-jobs-in-porbandar
1 Computer Science Jobs for Freshers in Porbandar- Jan | Internshala,https://internshala.com/fresher-jobs/computer-science-jobs-in-Porbandar/
Saumya Bhatt - Boston- Massachusetts- United States | Professional ...,https://www.linkedin.com/in/saumya--bhatt
Apply to 38 Job Openings in Porbandar-Search Latest Porbandar ...,https://www.placementindia.com/jobs-in-porbandar.htm
Top Computer Classes in Porbandar - Best Computer Training ...,https://www.justdial.com/Porbandar/Computer-Training-Institutes/nct-10124277
Machine Learning Jobs in Panaji- Goa (Jan 2023) - 1 Machine ...,https://www.shine.com/job-search/machine-learning-jobs-in-panaji
Aga Khan Agency for Habitat - AKDN,https://the.akdn/en/how-we-work/our-agencies/aga-khan-agency-habitat
Working at SUZLON GLOBAL SERVICES LTD in Porbandar- Gujarat ...,https://in.indeed.com/cmp/Suzlon-Global-Services-Ltd/reviews?fcountry=IN&floc=Porbandar%2C+Gujarat
Navy Children School School Teacher Salaries in Porbandar ...,https://www.ambitionbox.com/salaries/navy-children-school-salaries/school-teacher/porbandar-location
Every-Day Edits: Gandhi | Education World,https://www.educationworld.com/a_lesson/edit/edit1002.shtml
Top 10 Tailoring Classes in Porbandar- Stitching- Sewing Courses ...,https://www.sulekha.com/tailoring-training/porbandar
Complete wind energy and solar energy solutions | Suzlon Energy Ltd,https://www.suzlon.com/
Table of 4 in English | Learning Video | Pebbles Rhymes - YouTube,https://www.youtube.com/watch?v=Y8O7EKu7-zg
Netafim: Irrigation Services & Solutions,https://www.netafimindia.com/
Autonomous Maintenance Jobs in India - 15925 Autonomous ...,https://www.timesjobs.com/jobskill/autonomous-maintenance-jobs
36367 Technical Proficiency Jobs Openings in India - TimesJob.com,https://www.timesjobs.com/jobskill/technical-proficiency-jobs
1603 Https Jobs Openings in India - TimesJob.com,https://www.timesjobs.com/jobskill/https-jobs
Diasporas and Outsourcing: Evidence from Odesk and India ...,https://www.researchgate.net/publication/256037440_Diasporas_and_Outsourcing_Evidence_from_Odesk_and_India
MALAD FACEBOOK GROUP | Facebook,https://www.facebook.com/groups/1436036686661776/
(' UHVXPHV UDLG RQ <- TXL]]HV .KDUJH,https://www.dailypioneer.com/uploads/2022/epaper/august/chandigarh-english-edition-2022-08-05.pdf
