Title,URL
Divya D Palankar - Senior System Engineer - Infosys | LinkedIn,https://in.linkedin.com/in/divya-d-palankar-9594b0167
44 Jobs and Vacancies in Davangere City- Karnataka - 5 February ...,https://in.indeed.com/jobs?l=Davangere+City,+Karnataka&start=10
7 Learning Specialist jobs in Davangere- Karnataka- India,https://in.linkedin.com/jobs/learning-specialist-jobs-davangere
Tanuja - Davanagere- : Computer science lecturer in GFG college ...,https://www.superprof.ng/computer-science-lecturer-gfg-college-for-months-and-currently-working-computer-trainer-indira-education-trust.html
SALONI M P - Project Engineer - Wipro | LinkedIn,https://in.linkedin.com/in/saloni-m-p-28320b18a
Educadd_davanagere,https://www.facebook.com/Educadddavanagere/
Munich,https://careers.microsoft.com/professionals/us/en/l-munich
Zignite Labs LLC | Upwork,https://www.upwork.com/ag/zignitelabs/
Mining Engineering Jobs In Karnataka Davangere - 3338 Mining ...,https://www.naukri.com/mining-engineering-jobs-in-karnataka-davangere
Madhu Patil - Lead Data Engineer - Quantum Health | LinkedIn,https://www.linkedin.com/in/madhu-patil-620a658b
Amazon Pay | Amazon.jobs,https://www.amazon.jobs/payments
Cybersecurity Jobs & Careers,https://www.accenture.com/us-en/careers/explore-careers/area-of-interest/cybersecurity-careers
Machine Learning Course Training in Davangere - Fees- Placements,http://qxpsols.com/courses/machine-learning-training-in-davangere
Tech Ready- Job Ready with Edureka Learning Center - Edureka,https://www.edureka.co/blog/tech-ready-job-ready-with-edureka-learning-center/
Bapuji Institute of Engineering and Technology- Davanagere,https://bietdvg.irins.org/faculty/index/Department+of+Information+Science+and+Engineering
Data Science Training in Davangere- Course Fees- Certification ...,https://www.sulekha.com/data-science-certification-training/davangere
Urgent: Kannada teacher Jobs in Davanagere - February 2023 ...,https://in.jooble.org/jobs-kannada-teacher/Davanagere
Top Embroidery Job Works On Blouse in Davangere - Best ...,https://www.justdial.com/Davangere/Embroidery-Job-Works-On-Blouse/nct-10187272
Online BTech Tutor for BTech Computer Science Engineering in ...,https://www.urbanpro.com/davanagere/online-btech-tutor-for-btech-computer-science-engineering-in-devaraj-urs-layout-dvg/34464606
PSSEMR School Teacher Salaries in Davanagere | AmbitionBox,https://www.ambitionbox.com/salaries/pssemr-school-salaries/teacher/davanagere-location
Caterpillar | Caterpillar Careers | Build What Matters,https://www.caterpillar.com/en/careers.html
Guerbet - Homepage,https://www.guerbet.com/
Page 37: Best Education Companies and Startups to Work for in ...,https://angel.co/startups/industry/education?page=37
MVJCE: Top ranked engineering colleges in Bangalore| Best Private ...,https://mvjce.edu.in/
(PDF) An Extensive Analytical Approach on Human Resources ...,https://www.researchgate.net/publication/351656436_An_Extensive_Analytical_Approach_on_Human_Resources_using_Random_Forest_Algorithm
Prevalence of Periodontal Disease in Endemic areas of Davangere ...,https://amrita.edu/publication/prevalence-of-periodontal-disease-in-endemic-areas-of-davangere-district/
Mark Farrell PhD FIA on LinkedIn: #actuaries #actuarial | 50 comments,https://za.linkedin.com/posts/markfarrellactuary_actuaries-actuarial-activity-6914482245898510336-x0vb?trk=public_profile_like_view
Apply For Young Librarian Award - Honorary Awards,https://sites.google.com/site/honorarydegreeacademics/apply-for-young-librarian-award
Programs Developing Jobs Openings In Bangalore - TimesJobs.com,https://www.timesjobs.com/jobs-in-bangalore/programs-developing-jobs
Operations Management Jobs In Bangalore - Operations ...,https://www.timesjobs.com/jobs-in-bangalore/operations-management-jobs
Apply Linear Systems Theory And Analysis Jobs in India - 54523 ...,https://m.timesjobs.com/jobskill/apply-linear-systems-theory-and-analysis-jobs
Untitled,https://www.indianjournals.com/ijor.aspx?target=ijor:jgibs&volume=2&issue=1&article=004&type=fulltext
Amagond updated CV,https://www.slideshare.net/AmagondBiradar1/amagond-updated-cv
Ashrith Bhat - Product Development Engineer - Firestone Airide ...,https://nl.linkedin.com/in/ashrith-bhat-aa0a1622
academic year undergraduate: Topics by Science.gov,https://www.science.gov/topicpages/a/academic+year+undergraduate
