Title,URL
39 Machine Learning Job Vacancies In Bhopal - Naukri.com,https://www.naukri.com/machine-learning-jobs-in-bhopal
42 Machine Learning Jobs and Vacancies in Madhya Pradesh - 3 ...,https://in.indeed.com/Machine-Learning-jobs-in-Madhya-Pradesh
Machine Learning Course in Bhopal by CCE- IIT Madras - #1 ML ...,https://intellipaat.com/machine-learning-course-bhopal/
21 Data Science Jobs and Vacancies in Bhopal- Madhya Pradesh ...,https://in.indeed.com/Data-Science-jobs-in-Bhopal,-Madhya-Pradesh
Amazon.in | Amazon.jobs,https://www.amazon.jobs/en/teams/in
SJTech Solutions is hiring Machine Learning Developer job in ...,https://cutshort.io/job/Machine-Learning-Developer-Bhopal-SJTech-Solutions-KsQ3GMKp
Machine Learning (ML) Course in Bhopal - Fee 55% Off,https://datamites.com/machine-learning-course-training-bhopal/
94 Artificial Intelligence Expert jobs in Bhopal- Madhya Pradesh ...,https://www.linkedin.com/jobs/search/?currentJobId=2632162478&geoId=101174013&keywords=artificial%20intelligence%20expert&location=Bhopal%2C%20Madhya%20Pradesh%2C%20India
Best Tech Companies and Startups to Work for in Bhopal- Madhya ...,https://angel.co/startups/location/bhopal
27 Best Freelance Data Analysts For Hire Near Bhopal- IN - Upwork™,https://www.upwork.com/l/in/data-analysts-in-bhopal/
Artificial Intelligence | VIT Bhopal,https://vitbhopal.ac.in/ai/
Job Openings | Uber Careers,https://www.uber.com/us/en/careers/list/
Best Artificial Intelligence Course in Bhopal [Rated #1],https://www.simplilearn.com/artificial-intelligence-training-courses-bhopal-city
Machine Learning Expert Govt. project Job For 3-8 Year Exp In Bhopal,https://www.foundit.in/job/machine-learning-expert-govt-project-bhopal-9106536
Best 12 Machine Learning Bachelor's Degrees in India 2023 ...,https://www.bachelorsportal.com/study-options/270205259/machine-learning-india.html
Careers,http://www.swaayatt-robots.com/careers
Cybrom's Job Ready Programs | Cybrom,https://cybrom.com/
Machine Learning Course in Bhopal- Training | Sulekha,https://www.sulekha.com/machine-learning-courses/bhopal
Machine Learning Course in Bhopal - Best Training Institute - Fees ...,http://quickxpertinfotech.com/machine-learning-course-in-bhopal
Bhopal Internship | Internship in Bhopal - Internshala,https://internshala.com/internships/internship-in-bhopal/
Machine Learning Engineer Job in Corporate Steps - Bhopal ...,https://jobgrin.co.in/c/Corporate-Steps/jobs/Machine-Learning-Engineer-w1czKbXP1R
TaskUs Careers & Job Opportunities,https://www.taskus.com/careers/
Machine Operator Job Vacancies in Bhopal-Machine Operator ...,https://www.placementindia.com/job-search/machine-operator-jobs-in-bhopal.htm
Glaucoma Detection and Classification Using Improved U-Net Deep ...,https://pubmed.ncbi.nlm.nih.gov/36554021/
Data Science Course With Python Machine Learning in Bhopal ...,https://www.apponix.com/Python-Institute/Data-Science-Training-in-Bhopal.html
The Bhopal disaster and its aftermath: a review - PMC,https://www.ncbi.nlm.nih.gov/pmc/articles/PMC1142333/
ITE: Linux - Python - Cloud - AI - Machine Learning Institute In Bhopal,https://www.iteindia.in/
CADZONE Engineered Excellence | LinkedIn,https://au.linkedin.com/company/cadzone
Data science Jobs in Bhopal- January 2023 | Glassdoor,https://www.glassdoor.co.in/Job/bhopal-data-science-jobs-SRCH_IL.0,6_IC2837784_KO7,19.htm
upGrad Careers,https://www.upgrad.com/us/careers/
MEDSER Centre to be inaugurated today at IISER Bhopal,https://www.dailypioneer.com/2022/state-editions/medser-centre-to-be-inaugurated-today-at-iiser-bhopal.html
Coursera for Campus | Online Learning Platform for Universities,https://www.coursera.org/campus/
Jobs- Student Programs & Internships | JPMorgan Chase & Co.,https://careers.jpmorgan.com/in/en/students/programs
Scientific Internships- Fellowships / Trainees and Non-U.S. Citizens ...,https://www.fda.gov/about-fda/jobs-and-training-fda/scientific-internships-fellowships-trainees-and-non-us-citizens
All jobs - Careers at Airbnb,https://careers.airbnb.com/positions/
Mechanical Engineer Jobs in Swaayatt Robots Bhopal | AmbitionBox,https://www.ambitionbox.com/jobs/swaayatt-robots-jobs?rid=naukri_170123500259
BTech Artificial Intelligence and Machine Learning Colleges in Bhopal,https://www.sirtbhopal.ac.in/artificial-intelligence-machine-learning
Open Source Web3 Jobs in Asia,https://web3.career/web3-jobs-asia+open-source
Machine Learning Techniques Application: Social Media ...,https://www.researchgate.net/publication/350337131_Machine_Learning_Techniques_Application_Social_Media_Agriculture_and_Scheduling_in_Distributed_Systems
Zachary Cohen on Twitter: "Posting on behalf of @steven_hollon ...,https://twitter.com/DepressionLab/status/1521244476290650113
Beyond the Disaster: Communities of Practice and Statuses of Labor ...,https://journals.openedition.org/samaj/7783?lang=fr
job offers – fatmols,http://fatmols.unizar.es/category/job-offers/
NHPC LIMITED | LinkedIn,https://uk.linkedin.com/company/nhpc-limited
AI-SGES Archives - August 2019 - JISCMail,https://www.jiscmail.ac.uk/cgi-bin/wa-jisc.exe?A1=ind1908&L=AI-SGES
Data Scientist V Salary in India | Salary.com,https://www.salary.com/research/in-salary/benchmark/data-scientist-v-salary/in
Adobe "work life balance" Reviews | Glassdoor,https://www.glassdoor.com/Reviews/Adobe-work-life-balance-Reviews-EI_IE1090.0,5_KH6,23_IP2.htm
Gcc Elf | Indian Institute of Soil Science- Bhopal - Academia.edu,https://soil.academia.edu/GccElf
Aditya Goel | Nit Bhopal - Academia.edu,https://nitbhopal.academia.edu/AdityaGoel
ML@TUK,https://ml.cs.uni-kl.de/people/dheeraj-chittari.php
Science for the People Magazine Vol. 17- No. 6,https://www.ocf.berkeley.edu/~schwrtz/SftP/MagazineArchive/SftPv17n6s.pdf
CONNECTICUT PUBLIC INTEREST LAW JOURNAL,https://cpilj.law.uconn.edu/wp-content/uploads/sites/2515/2018/10/15.1-Gandhi%E2%80%99s-Prophecy-Corporate-Violence-and-A-Mindful-Law-for-Bhopal-by-Nehal-A.-Patel.pdf
Data Science In Hindi- Data Science For Beginners- What Is Data ...,https://www.youtube.com/watch?v=U_CCKibxYjs
Machining Jobs Openings In Gurgaon - TimesJobs.com,https://www.timesjobs.com/jobs-in-gurgaon/machining-jobs
Bibliography - Ethics and Engineering,https://www.cambridge.org/core/books/ethics-and-engineering/bibliography/FD140D1021777192FB02FD849BFB21BA
Implementation of Moisture-Evaporation Decision Tree for Stock ...,https://papers.ssrn.com/sol3/Delivery.cfm/SSRN_ID3842721_code3635775.pdf?abstractid=3842721&mirid=1
4164 Algorithms Jobs Vacancies in India - Nov ( 2022),https://www.monsterindia.com/search/algorithms-jobs
farhan ali - Karāchi- Sindh- Pakistan | Professional Profile | LinkedIn,https://pk.linkedin.com/in/farhan-ali-0925633a
Vijay Kumar - Singapore- Singapore | Professional Profile | LinkedIn,https://sg.linkedin.com/in/vijay-kumar-2a7956202?trk=public_post_share-update_social-details_comment_actor-image
VIVEK BIRLA's Review On VIT Bhopal University- Bhopal ...,https://collegedunia.com/reviews/376143-vivek-birla-review-on-vit-bhopal-university-bhopal
MANISH VISHWAKARMA - Deputy Chief Engineer - Fichtner ...,https://eg.linkedin.com/in/manish-vishwakarma-66482032
