Title,URL
0 Graphic Design Jobs for Freshers in Firozabad- Jan | Internshala,https://internshala.com/fresher-jobs/graphic-design-jobs-in-firozabad/
food&beverage | LinkedIn,https://in.linkedin.com/company/food-beverage
3 Fresher Jobs in Firozabad- January | Internshala,https://internshala.com/fresher-jobs/jobs-in-Firozabad/
32675 Project Intern Job Vacancies In Firozabad - Naukri.com,https://www.naukri.com/project-intern-jobs-in-firozabad
Reliance Jiomart jobs in Firozabad- 2020 | jiomart jobs | Jio career -,https://jioguide.com/reliance-jio-jobs-in-firozabad-2020-jio-jobs-jio-career/
Software Engineer Salary in Firozabad | AmbitionBox,https://www.ambitionbox.com/profile/software-engineer-salary/firozabad-location
Anmol Gautam - Sr. R&D Product Development Engineer - TE ...,https://www.linkedin.com/in/anmol-gautam-660270b5
Data Science Career Boot Camp,https://www.simplilearn.com/data-science-course-placement-guarantee
Senior Engineer Salary in Firozabad | AmbitionBox,https://www.ambitionbox.com/profile/senior-engineer-salary/firozabad-location
Python Training in Firozabad- Best Python online Course in ...,https://www.sulekha.com/python-programming-training/firozabad
D'source Making Process | Glass Bangles - Firozabad | D'Source ...,https://www.dsource.in/resource/glass-bangles-firozabad/making-process
Top 10 Mobile Repairing Course in Firozabad- Cell Phone Service ...,https://www.sulekha.com/mobile-servicing-job-training/firozabad
Online Computer science Tutors: Get Help with Computer science ...,https://preply.com/en/online/computer-tutors
Data scientist salary in Uttar Pradesh,https://in.indeed.com/career/data-scientist/salaries/Uttar-Pradesh
Building a 1000 Cr+ EdTech platform for coding enthusiasts in the ...,https://100xentrepreneur.com/podcasts/building-a-1000-cr-edtech-platform-for-coding-enthusiasts-in-the-world-ft-sandeep-jain-founder-geeksforgeeks/
Computer Operator Jobs In Firozabad 2023-24 Job Vacancy- India ...,https://www.quikr.com/jobs/computer-operator-jobs-in-firozabad+zwqxj2726005330
Transport Services From Delhi To Firozabad - UP - Trucknetic,https://trucknetic.com/transport-services-from-delhi-to-firozabad-up/
International Chamber of Commerce: ICC,https://iccwbo.org/
Captain Ram Singh Education Academy Vidyalaya- Firozabad,https://school.careers360.com/schools/captain-ram-singh-education-academy-vidyalaya-firozabad
Bangle Industry of Firozabad: State of Workers and Child Labours ...,https://indianlawportal.co.in/bangle-industry-of-firozabad-state-of-workers-and-child-labours/
Find Manufacturing Companies in Firozabad - Dun & Bradstreet,https://www.dnb.com/business-directory/company-information.manufacturing.in.uttar_pradesh.firozabad.html?page=1
HOSPITAL Interview Questions & Answers! (Hospital and ...,https://www.youtube.com/watch?v=SvZ3Y6oqwmw
Gallery - Vansh Mother And Child Care Center Firozabad,https://vanshmccc.com/gallery/
ADNOC Group on LinkedIn: ADNOC Drilling Awarded MEGA ...,https://hr.linkedin.com/posts/adnocgroup_adnoc-drilling-awarded-mega-contracts-more-activity-6960972187826569216-Sqyi
NCC,https://ncclimited.com/
IFET College Engineering,https://www.ifet.ac.in/
Cluster dynamics and performance in traditional industries: Critical ...,https://www.researchgate.net/publication/292179820_Cluster_dynamics_and_performance_in_traditional_industries_Critical_review_of_lock_brassware_and_glassware_industries_in_north_India
An advanced energy management framework to promote energy ...,https://www.researchgate.net/publication/263071542_An_advanced_energy_management_framework_to_promote_energy_awareness
(PDF) Occupational Mobility and Internal Labour Markets: Public ...,https://www.researchgate.net/publication/231876016_Occupational_Mobility_and_Internal_Labour_Markets_Public_Sector_Workers
Power Grid Corporation of India Directors Report- Power Grid Corp ...,https://www.moneycontrol.com/annual-report/powergridcorp/directors-report/PGC
At best ... a step,https://www.slideshare.net/dings/outside-the-box-one-critical-question-8803688/6-At_best_a_step_towards
