Title,URL
Top 10 Machine Learning Engineer Jobs to Apply for in April,https://www.analyticsinsight.net/top-10-machine-learning-engineer-jobs-to-apply-for-in-april/
5 Customer Service Engineer jobs in Marmagao- Goa- India,https://in.linkedin.com/jobs/customer-service-engineer-jobs-marmagao
18 Data Science Jobs and Vacancies in Goa - 6 February 2023 ...,https://in.indeed.com/Data-Science-jobs-in-Goa
117 Data Scientist jobs in Goa- India (2 new),https://in.linkedin.com/jobs/data-scientist-jobs-goa
LeadIQ Data Operations Manager - Triplebyte,https://triplebyte.com/company/public/leadiq/S1PwWhm/data-operations-manager
178 Python jobs in Goa- India (2 new),https://in.linkedin.com/jobs/python-jobs-goa
M.Tech.Data Science & Engineering – BITS Pilani,https://bits-pilani-wilp.ac.in/m-tech/cluster/data-science-and-engineering.php
33 Models jobs in Goa- India,https://in.linkedin.com/jobs/models-jobs-goa?start=0&count=25&trk=jobs_jserp_pagination_1
Creative Capsule | LinkedIn,https://www.linkedin.com/company/creativecapsule
Pundalik Chavan - Marmagao- Goa- India | Professional Profile ...,https://in.linkedin.com/in/pundalik-chavan-546aa596
Teach Kids How to Code | Coding for Kids - WhiteHat Jr,https://www.whitehatjr.com/teacher
Find Alumni Members Details Online | AlmaConnect,https://www.almaconnect.com/jobs
D&A - CCB Capacity Planning & Analytics - Associate Job,https://www.jobaaj.com/job-overview?title=d&a---ccb-capacity-planning-&-analytics---data-scientist---associate&product_id=24525
Farmako Healthcare: 30-Minute Medicine Delivery driven by ...,https://www.ycombinator.com/companies/farmako-healthcare
Find COEP Pune Alumni Members Details Online | AlmaConnect,https://coep.almaconnect.com/
Event Management internship in Panaji with job offer,https://internshala.com/internships/event-management-internship-in-panaji/ppo-true/
Data Scientist job at Transerve Technologies - Instahyre,https://www.instahyre.com/job-221128-data-scientist-at-transerve-technologies-panaji/
Mormugao Port Trust - Email & Phone of top management contacts,https://www.easyleadz.com/company/mormugao-port-trust
Untitled,http://odmp.org/link?url=//niepremrapodersto.cf/199-Xpbodmp651
Untitled,http://placementbaba.com/jobs/display.php
Transerve Technologies Geospatial Data Scientist Job in Panaji ...,https://www.glassdoor.co.in/job-listing/geospatial-data-scientist-transerve-JV_IC2872328_KO0,25_KE26,35.htm?jl=1008399781798
Indian Institute Of Technology Goa,https://iitgoa.ac.in/
Top Machine Learning and Artificial Intelligence Colleges in India ...,https://www.jagranjosh.com/colleges/engineering/machine-learning-and-artificial-intelligence-engineering
Ben Franklin Opticians Salaries in Bhubaneswar | AmbitionBox,https://www.ambitionbox.com/salaries/ben-franklin-opticians-salaries/bhubaneswar-location
Goldin- Gerald A.- Di.; McClintock- C. Edwin- Ed. ERIC Information ...,https://files.eric.ed.gov/fulltext/ED178366.pdf
Customer Success Manager Apac (global - Remote) at Echobox ...,https://intellijobs.ai/job/Echobox-Customer-Success-Manager-APAC-Global-Remote-Goa-Goa-Velha-India-3RGNc8izpBADrwL6kVQn
Abbott Interview Questions | Glassdoor,https://www.glassdoor.com/Interview/Abbott-Interview-Questions-E12_P4.htm
