Title,URL
Machine Learning Jobs In Vadodara Baroda - 108 Machine ...,https://www.naukri.com/machine-learning-jobs-in-vadodara-baroda
21 Machine Learning Jobs and Vacancies in Vadodara- Gujarat - 5 ...,https://in.indeed.com/Machine-Learning-jobs-in-Vadodara,-Gujarat
Machine learning Jobs in Vadodara- December 2022 | Glassdoor,https://www.glassdoor.co.in/Job/vadodara-machine-learning-jobs-SRCH_IL.0,8_IC2930179_KO9,25.htm
Machine learning engineer Jobs in Vadodara- India- February 2023 ...,https://www.glassdoor.com/Job/vadodara-india-area-machine-learning-engineer-jobs-SRCH_IL.0,19_IM1089_KO20,45.htm
Machine learning engineer Jobs in Vadodara- February 2023 ...,https://www.glassdoor.co.in/Job/vadodara-machine-learning-engineer-jobs-SRCH_IL.0,8_IC2930179_KO9,34.htm
Export and import machine learning jobs | Machine Learning in the ...,https://www.elastic.co/guide/en/machine-learning/current/move-jobs.html
MNC is hiring Data Scientist job in Vadodara | Cutshort,https://cutshort.io/job/Data-Scientist-Vadodara-Fragma-Data-Systems-9Kxdd13r
Machine Learning (ML) Course in Vadodara - Fee 45% Off,https://datamites.com/machine-learning-course-training-vadodara/
Best Machine Learning Course in Vadodara with 100% job assistance,https://www.tops-int.com/machine-learning-course-in-vadodara
Remote Machine Learning scientist jobs,https://www.turing.com/jobs/remote-machine-learning-scientist
AIML Graph Engineer II in Vadodara- India - Mastercard Jobs,https://mastercard.jobs/vadodara-ind/aiml-graph-engineer-ii/1970D7A42B764444AA00885C54A20D75/job/
Careers | Thomson Reuters,https://www.thomsonreuters.com/en/careers.html
WELTEC Vadodara - Professional course on Data Science Machine ...,https://m.facebook.com/weltec.in/posts/professional-course-ondata-sciencemachine-learningdeep-learningartificial-intell/728912460949376/
Machine Learning Jobs in Vadodara- Gujarat (Feb 2023) - 763 ...,https://www.shine.com/job-search/machine-learning-jobs-in-vadodara
Machine Learning Internship in Vadodara | Internshala,https://internshala.com/internships/machine-learning-internship-in-vadodara/
Cognixia | LinkedIn,https://www.linkedin.com/company/cognixia
Machine Learning Job Vacancies in Vadodara-Machine Learning ...,https://www.placementindia.com/job-search/machine-learning-jobs-in-vadodara.htm
Machine Learning — ECS,https://ecstech.com/solutions/machine-learning/
Best Artificial Intelligence Course in Vadodara [Rated #1],https://www.simplilearn.com/artificial-intelligence-training-courses-vadodara-city
Confidence to Deploy AI with World-Class Training Data,https://appen.com/
Ai/ml Engineer Ai/ml Engineer - Vadodara | Mendeley Careers,https://www.mendeley.com/careers/job/ai-ml-engineer-ai-ml-engineer-4662742
20 Best machine learning jobs in Gujarat (Hiring Now!) | SimplyHired,https://www.simplyhired.co.in/search?q=machine+learning&l=gujarat
Careers | L&T Technology Services | L&T India,https://www.ltts.com/careers
IBM Careers - Data & Analytics,https://www.ibm.com/careers/us-en/teams/data-and-analytics
AIML Graph Engineer II,https://mastercard.wd1.myworkdayjobs.com/CorporateCareers/job/Gurgaon-India/AIML-Graph-Engineer-II_R-188792
Data & Analytics | Jobs & Internships | JPMorgan Chase & Co.,https://careers.jpmorgan.com/us/en/our-businesses/data-analytics
Cheminformatics Intern - Vadodara | Solvay,https://www.solvay.com/en/career/job-opportunities/cheminformatics-intern-23103
Jobs at NVIDIA | NVIDIA Careers,https://www.nvidia.com/en-in/about-nvidia/careers/
Prerna - Vadodara- : Software Engineer and Founder of Hash ...,https://www.superprof.com/software-engineer-and-founder-hash-slash-delivering-courses-python-programming-web-development-machine-learning.html
Urgent: Deep learning intern Jobs in Vadodara - January 2023 - 611 ...,https://in.jooble.org/jobs-deep-learning-intern/Vadodara
27 Best Freelance Java Developers For Hire Near Vadodara- IN ...,https://www.upwork.com/l/in/java-developers-in-vadodara/
View Open Positions on Our Kinaxis Team I Kinaxis,https://www.kinaxis.com/en/open-positions
Jobs at Thomson Reuters,https://jobs.thomsonreuters.com/
Cognixia | A Digital Talent Transformation Company,https://www.cognixia.com/us/
Remote Jobs - Work From Home,https://www.crossover.com/jobs
Best Data Science Course in Vadodara - IIT Madras CCE Training,https://intellipaat.com/data-scientist-course-training-vadodara/
All jobs - Careers at Airbnb,https://careers.airbnb.com/positions/
Tvarit Jobs | Wellfound (formerly AngelList Talent),https://angel.co/company/tvarit-gmbh/jobs
Internships at Intel - Intel Careers,https://jobs.intel.com/en/internships
NielsenIQ Sr. Data Processing Specialist - SO | SmartRecruiters,https://jobs.smartrecruiters.com/NielsenIQ/743999807007175-sr-data-processing-specialist-so
Career opportunities | Employment | Job openings at Eaton India,https://www.eaton.com/in/en-us/company/careers.html
Airbus Careers | Airbus,https://www.airbus.com/en/careers
Careers - Atos,https://atos.net/en/careers
Open jobs - Metso Outotec,https://www.mogroup.com/corporate/careers/open-jobs/
Panasonic Career Opportunities,https://careers.na.panasonic.com/
Data Analyst vs. Data Scientist: What's the Difference? | Coursera,https://www.coursera.org/articles/data-analyst-vs-data-scientist-whats-the-difference
Careers | Rang Technologies,https://www.rangtech.com/careers
How to Build a Career in Artificial Intelligence as a Fresher | by ...,https://albertchristopherr.medium.com/how-to-build-a-career-in-artificial-intelligence-as-a-fresher-766498ea118
Data Scientist Salary in Vadodara | AmbitionBox,https://www.ambitionbox.com/profile/data-scientist-salary/vadodara-location
Data Scientist position in Vadodara-Gujarat,https://career.rangaminfotech.com/jobs/details/4278/data-scientist
Careers - NielsenIQ,https://nielseniq.com/global/en/careers/
Applied Research - Jobs at Apple (IN),https://jobs.apple.com/en-in/search?team=applied-research-MLAI-AR
Careers | Bombardier,https://bombardier.com/en/careers
Mastercard Global Career Opportunities | Technology Jobs,https://www.mastercard.us/en-us/vision/who-we-are/careers.html
Infosys Careers - Internships,https://www.infosys.com/careers/internships.html
Udacity: Learn the Latest Tech Skills; Advance Your Career,https://www.udacity.com/
Careers at NXP | NXP Semiconductors,https://www.nxp.com/company/about-nxp/careers:CAREERS
Careers & Opportunities | Air Products,https://www.airproducts.com/careers
Verily Life Sciences: Bridging research & care to advance precision ...,https://verily.com/
NHPC LIMITED | LinkedIn,https://uk.linkedin.com/company/nhpc-limited
Intel Corporation Software Engineer Salaries,https://www.glassdoor.ca/Salary/Intel-Corporation-Software-Engineer-Salaries-E1519_DAO.htm?filter.jobTitleExact=Software+Engineer%28%29
Vivekananda I.T. Institute - Services | Facebook,https://www.facebook.com/vitinstitute/services
Kitchen Crew | LinkedIn,https://au.linkedin.com/company/kitchen-crew
CDAIT | Georgia Tech on Twitter: "How does the @FCC ...,https://twitter.com/cdaitgt/status/1391782833396633601
Data Science In Hindi- Data Science For Beginners- What Is Data ...,https://www.youtube.com/watch?v=U_CCKibxYjs
PRITESH AGRAWAL - Customer Experience Associate and/or ...,https://ca.linkedin.com/in/pritesh-agrawal-160954113
Emerging Trends in Productive Employment | Request PDF,https://www.researchgate.net/publication/346773821_Emerging_Trends_in_Productive_Employment
Scientist Trainee Jobs - Jobs for Scientist Trainee - TimesJob.com,https://m.timesjobs.com/jobs-by-roles/scientist-trainee-jobs
Analytica July 2022 by Organon- The Analytics Club- IIM Rohtak ...,https://issuu.com/analytica_iimr/docs/analytica_july22
