Title,URL
Modeling Jobs In Jalpaiguri Wb - 1816 Modeling Job Vacancies In ...,https://www.naukri.com/modeling-jobs-in-jalpaiguri-wb
Internship in Jalpaiguri | Internshala,https://internshala.com/internships/internship-in-jalpaiguri/
CodeChef JGEC Chapter | LinkedIn,https://in.linkedin.com/company/codechef-jgec-chapter
0 MBA Jobs for Freshers in Jalpaiguri- Feb | Internshala,https://internshala.com/fresher-jobs/mba-jobs-in-Jalpaiguri/
Microsoft Cloud Service Provider - Enterprise Solution - Celebal Tech,https://celebaltech.com/
Electrical and Computer Engineering | Texas A&M University ...,https://engineering.tamu.edu/electrical/index.html
GeeksforGeeks Guest Lecture at Jalpaiguri Government ...,https://www.geeksforgeeks.org/geeksforgeeks-guest-lecture-jalpaiguri-government-engineering-college-7-feb-2018/
Prediction of Stellar Age with the Help of Extra-Trees Regressor in ...,https://papers.ssrn.com/sol3/papers.cfm?abstract_id=3563397
upGrad hiring Admissions Counselor in Jalpaiguri - Join leading ...,https://earlytutors.com/jobs/upgrad-admissions-counselor-in-jalpaiguri-wb/
Celebal Technologies | LinkedIn,https://www.linkedin.com/company/celebaltechnologies
Tata Consultancy Services: Driving Innovation and Building on Belief,https://www.tcs.com/
Arkadeep Das - Associate Engineer II - System Adequacy Planning ...,https://www.linkedin.com/in/arkadeep-das-561301136
Adobe Research » Look into the future of innovation at Adobe ...,https://research.adobe.com/
Identify rooftop solar panels from satellite imagery using Amazon ...,https://aws.amazon.com/blogs/machine-learning/identify-rooftop-solar-panels-from-satellite-imagery-using-amazon-rekognition-custom-labels/
Gurucul Platform - Security Analytics | SIEM+XDR+UEBA+Identity+ ...,https://gurucul.com/
Netaji Subhas Open University,http://www.wbnsou.ac.in/student_zone/admissions/admission_information/2023/20230112_SVS_Admission_MachinceLearning.pdf
Jalpaiguri District Primary School Council Jobs and Careers ...,https://www.ambitionbox.com/jobs/jalpaiguri-district-primary-school-council-jobs
Top 10 Share Market Courses in Jalpaiguri- Training Classes ...,https://www.sulekha.com/share-marketing-job-training/jalpaiguri
Edureka: Instructor-Led Online Training with 24X7 Lifetime Support,https://www.edureka.co/
Do Not Pay Agency Implementation Guide For Treasury's Working ...,https://fiscal.treasury.gov/files/dnp/DNPAgencyImplementationGuidePublic.pdf
Branch in Kadamtala- Jalpaiguri- 735101 | HDFC Bank,https://near-me.hdfcbank.com/branch-atm-locator/hdfc-bank-kadamtala-banks-kadamtala-jalpaiguri-12467/Home
40 Questions to Ask in an Informational Interview - School of ...,https://management.buffalo.edu/career-resource-center/students/networking/mentorlink/40-questions-to-ask-in-an-informational-interview.html
About Our Company | John Deere US,https://www.deere.com/en/our-company/
Find Manufacturing Companies in Jalpaiguri - Dun & Bradstreet,https://www.dnb.com/business-directory/company-information.manufacturing.in.west_bengal.jalpaiguri.html
Jobs in Jalpaiguri - Check Latest (179) Job Openings (February ...,https://www.quikr.com/jobs/jalpaiguri+zwqxj760939060
Pine Technical and Community College: Home,https://pine.edu/
the official website of COMSYS-2020- Organised by Jalpaiguri ...,https://www.comsysconf.org/Comsys2020/index.html
India,https://www.pepsicojobs.com/india
Amid protests and Assam floods- NFR cancels 10 more trains ...,https://www.eastmojo.com/assam/2022/06/18/amid-protests-and-assam-floods-nfr-cancels-10-more-trains/
Welcome to North East Frontier Railway / Indian Railways Portal,https://nfr.indianrailways.gov.in/
Careers At CelebalTech,https://careers.celebaltech.com/
Digital Marketing Course in Jalpaiguri - Enroll Acesoftech Academy,https://www.acesoftech.com/digital-marketing-course-in-jalpaiguri/
A Comparative Study on Disease Classification using Different Soft ...,https://www.researchgate.net/publication/335220972_A_Comparative_Study_on_Disease_Classification_using_Different_Soft_Computing_Techniques
WB Police PMT/PET | WBP Constable 2019 PMT & PET | Jalpaiguri ...,https://www.youtube.com/watch?v=bnXjkd8yOHw
Men's High Jump final | Tokyo Replays - YouTube,https://www.youtube.com/watch?v=rQRiS8l30xE
Jocelyn Chanussot on LinkedIn: #Manifold #Learning #Sparse,https://be.linkedin.com/posts/jocelyn-chanussot-31877030_manifold-learning-sparse-activity-6597056110371442688-xsBt?trk=public_profile_like_view
Syed Ali - Electrical Designer / Exxon Mobil - Kearl Project - AMEC ...,https://ca.linkedin.com/in/syed-ali-1a461429
Malik Saad - University of Education- Lahore - Khushāb- Punjab ...,https://pk.linkedin.com/in/malik-saad-203365222
Palantir Technologies - Forward Deployed Software Engineer: UK ...,https://jobs.lever.co/palantir/1d51a14a-e65c-479b-a36c-ba8745df4c7d/apply
Apache DeviceMap - ApacheCon core Europe 2015,https://www.slideshare.net/keilw/apache-devicemap-apachecon-core-europe-2015
Android OS,https://www.slideshare.net/RaviYasas/android-os-38548392
AppCoins @ Kyber event in Seoul (20 Jan 2018),https://www.slideshare.net/tcalves1/appcoins-kyber-event-in-seoul-20-jan-2018
South Asia's Response to Its Refugee Questions | SpringerLink,https://link.springer.com/10.1007/978-3-319-09087-0_8
56 0 100 200 300,https://pt.slideshare.net/a16z/mobile-is-eating-the-world-2016/56-560100200300400500Desktop_web_Mobile_web_Mobile
Download the SlideShare app Find,https://pt.slideshare.net/Slideshare/slideshares-mobile-momentum/10-Download_the_SlideShare_app_Find
Tweets with replies by Bhakti Kothari (@bhakti_kothari) / Twitter,https://mobile.twitter.com/bhakti_kothari/with_replies
Rating - Codeforces,https://codeforces.com/ratings/organization/19079
Rating - Codeforces,https://codeforces.com/ratings/organization/16305
Rating - Codeforces,https://codeforces.com/ratings/organization/30526
Rating - Codeforces,https://codeforces.com/ratings/organization/29320
Rating - Codeforces,https://codeforces.com/ratings/organization/2141
Rating - Codeforces,https://codeforces.com/ratings/organization/1637
Rating - Codeforces,https://codeforces.com/ratings/organization/9055
Rating - Codeforces,https://codeforces.com/ratings/organization/30656
Rating - Codeforces,https://codeforces.com/ratings/organization/8633
Rating - Codeforces,https://codeforces.com/ratings/organization/160
Rating - Codeforces,https://codeforces.com/ratings/organization/3273
