Title,URL
Complit | LinkedIn,https://in.linkedin.com/company/complit-official
1-121 Kendriya Vidyalaya Nagaon- Assam Jobs and Vacancies - 3 ...,https://in.indeed.com/Kendriya-Vidyalaya-Nagaon,-Assam-jobs-in-nationwide
Top 10 Bank Security Guards Jobs in Nagaon- ATM Security Jobs ...,https://www.sulekha.com/bank-atm-security-guards-jobs/nagaon
Internship in Nagaon | Internshala,https://internshala.com/internships/internship-in-nagaon/
18 Atm Job Vacancies In Nagaon Assam - Naukri.com,https://www.naukri.com/atm-jobs-in-nagaon-assam
upGrad hiring Admissions Counselor in Nagaon - Join leading startup,https://earlytutors.com/jobs/upgrad-admissions-counselor-in-nagaon-as/
Treasury Jobs In Nagaon Assam - 18 Treasury Job Vacancies In ...,https://www.naukri.com/treasury-jobs-in-nagaon-assam
Amazon Machine Learning Scientist Reviews | Glassdoor,https://www.glassdoor.com/Reviews/Amazon-Machine-Learning-Scientist-Reviews-EI_IE6036.0,6_KO7,33.htm
Clamour for compensation grows in Nagaon after 'peaceful' eviction ...,https://www.eastmojo.com/assam/2022/12/21/clamour-for-compensation-grows-in-nagaon-after-peaceful-eviction-drive/
Amazon Machine Learning Engineer Interview Questions | Glassdoor,https://www.glassdoor.com/Interview/Amazon-Machine-Learning-Engineer-Interview-Questions-EI_IE6036.0,6_KO7,32.htm
RD Motors- Maruti Suzuki Pvt Ltd.- Nagaon Salaries in India ...,https://www.ambitionbox.com/salaries/rd-motors-maruti-suzuki-pvt-ltd-dot-nagaon-salaries
Check Latest 57 Full Time Jobs Openings In Nagaon (February ...,https://www.quikr.com/jobs/full-time+nagaon+zwqxj2034660499
Niraj Chetry - Data Scientist - American Express | LinkedIn,https://www.linkedin.com/in/iamchetry
Amazon Machine Learning Reviews | Glassdoor,https://www.glassdoor.co.in/Reviews/Amazon-Machine-Learning-Reviews-EI_IE6036.0,6_KO7,23.htm
Journal of Critical Reviews,https://www.jcreview.com/issue.php?volume=Volume%207%20&issue=Issue-4&year=2020
Commodity Market Analysis | Commodity Prices- News- Consulting ...,https://www.crugroup.com/
18 Logic jobs - Academic Positions,https://academicpositions.com/jobs/field/logic-mathematics
NIIT Nagaon Centre | Nagaon,https://www.facebook.com/niitnagaon/
Find Manufacturing Companies in Nagaon - Dun & Bradstreet,https://www.dnb.com/business-directory/company-information.manufacturing.in.assam.nagaon.html
Digital Marekting Course in Nagaon (Nowgong),https://www.acesoftech.com/digital-marketing-course-in-nagaon-nowgong/
Top Computer Printer Dealers in Nagaon - Best Printer Dealers ...,https://www.justdial.com/Nagaon/Computer-Printer-Dealers/nct-10116694
Machine learning Jobs: Jobs for freshers with Machine learning ...,https://www.freshersworld.com/machine-learning-jobs/3535242
Candidate | Deen Dayal Upadhyaya Grameen Kaushalya Yojana ...,http://ddugky.gov.in/content/enrol
Raha College Nagaon Jobs Proven AL 1 - GYANMALA LIBRARY,https://www.gyanmalalibrary.com/raha-college-nagaon-jobs.html
Procurement News - SBI In the News,https://sbi.co.in/web/sbi-in-the-news/procurement-news
Google Pay For Business. Transact Easily. Sell More.,https://pay.google.com/intl/en_in/about/business/
C# Tutorial - GeeksforGeeks,https://www.geeksforgeeks.org/c-sharp-tutorial/
Arrays and algorithms: Emerging regimes of dispossession at the ...,https://www.sciencedirect.com/science/article/pii/S2589811622000064
Automobile Course - YouTube,https://www.youtube.com/watch?v=3t4KpUMWvMs
[LIVE] Software Engineer Interview ft. Aditya Saini - YouTube,https://www.youtube.com/watch?v=38JS4ApmSpg
ITI Samaguri- Nagaon | www.itisamaguri.com Contact no ...,https://m.facebook.com/itisamagurinagaon/videos/267335831639106/
Tata Consumer Products,https://www.tataconsumer.com/
Amazon Reviews in Melbourne- Australia | Glassdoor,https://www.glassdoor.co.uk/Reviews/Amazon-Melbourne-Reviews-EI_IE6036.0,6_IL.7,16_IM965.htm
Seismic source zonation for NE India on the basis of past EQs and ...,https://www.researchgate.net/publication/353953797_Seismic_source_zonation_for_NE_India_on_the_basis_of_past_EQs_and_spatial_distribution_of_seismicity_parameters
