Title,URL
Office Equipment Automation Jobs 2020 - Gwekaindia,https://www.gweka.com/office-equipment-automation-jobs/
Artificial Intelligence Course in Guntakal - Best Training Institute ...,http://quickxpertinfotech.com/artificial-intelligence-course-in-guntakal
Homepage | ISPE | International Society for Pharmaceutical ...,https://ispe.org/
Top Maggam Job Works in Guntakal - Justdial,https://www.justdial.com/Guntakal/Maggam-Job-Works/nct-11307222
Assistant Engineer Electrical Jobs In Guntakal - 7571 Assistant ...,https://www.naukri.com/assistant-engineer-electrical-jobs-in-guntakal
Latest Finance Jobs in Guntakal - Internshala,https://internshala.com/jobs/finance-jobs-in-Guntakal/
Recruiters in Guntakal - Placement Consultants in Guntakal - Naukri ...,https://www.naukri.com/recruiters-in-guntakal
Network Admission Control Jobs in Guntakal- Andhra Pradesh (Jan ...,https://www.shine.com/job-search/network-admission-control-jobs-in-guntakal
Careers at State Street | State Street jobs,https://careers.statestreet.com/
KENDRIYA VIDYALAYA GUNTAKAL: Home,https://guntakal.kvs.ac.in/
KBR,https://www.kbr.com/en
PART-TIME-HOME-JOBS-BOYS-amp-GIRLS - TechGig.com,https://www.techgig.com/jobs/PART-TIME-HOME-JOBS-BOYS-amp-GIRLS/69181332
Vacancies | UNICEF Careers - UNICEF,https://jobs.unicef.org/cw/en-us/listing/
Check Latest 16 Work From Home Jobs Openings In Guntakal ...,https://www.quikr.com/jobs/work-from-home+guntakal+zwqxj2034660499
Swathi G Chandrashekar - Design Quality Engineer - DePuy ...,https://www.linkedin.com/in/swathigc
SRK Constructions Projects Guntakal Reviews by 4 Employees ...,https://www.ambitionbox.com/reviews/srk-constructions-projects-reviews/guntakal-location
43 Tds' Engineering Jobs,https://www.timesjobs.com/jobskill/tds
Reliance jio Salaries in Guntakal | AmbitionBox,https://www.ambitionbox.com/salaries/reliance-jio-salaries/guntakal-location
Top 10 Tailoring Classes in Guntakal- Stitching- Sewing Courses ...,https://www.sulekha.com/tailoring-training/guntakal
Python Developer Jobs Opening in A Client of Freshersworld at ...,https://www.freshersworld.com/jobs/python-developer-jobs-opening-in-a-client-of-freshersworld-at-guntakal-1661128
1 Mr N Kareem Khan Principal Kendriya Vidyalaya- Guntakal ...,https://www.youtube.com/watch?v=_BaHa4B7WG4
The Remote Control Car - Sharing is Caring | Go Buster | Baby ...,https://www.youtube.com/watch?v=pZwq71RDm4M
Thermite Welding - Railway Engineering: Track and Train Interaction ...,https://www.youtube.com/watch?v=NYBZC_zLCUQ
What do you do when Unreal Editor crashes? - YouTube,https://www.youtube.com/watch?v=TXZGIvpEhW8
Ambur Chicken Biryani | Ambur Biryani | Home Cooking - YouTube,https://www.youtube.com/watch?v=9ezfSoRA7Us
TARGET (Full Video) Tayyab Amin Teja ft. M Zairi I Seemab Arshad ...,https://www.youtube.com/watch?v=QqRfwq632kA
Languages Arabic And English Jobs in India - 19018 Languages ...,https://m.timesjobs.com/jobskill/languages-arabic-and-english-jobs
