Title,URL
0 Fresher Jobs in Kaithal- February | Internshala,https://internshala.com/fresher-jobs/jobs-in-Kaithal/
Anmol Polymers | LinkedIn,https://in.linkedin.com/company/anmolpolymers
0 Marketing/Sales Jobs for Freshers in Kaithal- Feb | Internshala,https://internshala.com/fresher-jobs/marketing%2Fsales-jobs-in-kaithal
Factory Jobs In Kaithal Haryana - 374 Factory Job Vacancies In ...,https://www.naukri.com/factory-jobs-in-kaithal-haryana
upGrad hiring Admissions Counselor in Kaithal - Join leading startup,https://earlytutors.com/jobs/upgrad-admissions-counselor-in-kaithal-hr/
Page 2 - Driver Jobs In Kaithal Haryana - 495 Driver Job Vacancies ...,https://www.naukri.com/driver-jobs-in-kaithal-haryana-2
Data Science Training in Kaithal- Course Fees- Certification | Sulekha,https://www.sulekha.com/data-science-certification-training/kaithal
District Kaithal- Government of Haryana | Kapisthal-Abode of Kapi ...,https://kaithal.gov.in/
Kaithal first district in Haryana to offer 29 services online,https://www.tribuneindia.com/news/haryana/kaithal-first-district-in-haryana-to-offer-29-services-online-449743
Ankit Choudhary- Author at Analytics Vidhya,https://www.analyticsvidhya.com/blog/author/ankit2106/
Centum Learning launches a Pradhan Mantri Kaushal Kendra ...,https://techplusmedia.com/education/2017/01/20/centum-learning-launches-a-pradhan-mantri-kaushal-kendra-pmkk-at-kaithal-in-haryana/
RKSD College- Kaithal Jobs Proven 2022 - GYANMALA LIBRARY,https://www.gyanmalalibrary.com/rksd-college-kaithal-jobs.html
John McCarthy (computer scientist) - Wikipedia,https://en.wikipedia.org/wiki/John_McCarthy_(computer_scientist)
Immigration Law Office of Arslan A. Chaudhary | LinkedIn,https://www.linkedin.com/company/immigration-law-office-of-arslan-a-chaudhary
Job Opportunity for Associate Machine Learning Scientist at ...,https://devcareer.org/job/job-opportunity-for-associate-machine-learning-scientist-at-wadhwani-ai-in-delhi/
NECON Group of Companies | LinkedIn,https://www.linkedin.com/company/necon-group-of-companies
Software Engineer Salary in Kaithal | AmbitionBox,https://www.ambitionbox.com/profile/software-engineer-salary/kaithal-location
List of Top Carpenters in Kaithal - Best Carpenters Services - Justdial,https://www.justdial.com/Kaithal/Carpenters/nct-10080635
Talent Management in HR,https://www.sciedu.ca/journal/index.php/jms/article/viewFile/64/22
FMC Corporation,https://www.fmc.com/en
623 Multiplier Brand Solutions Jobs and Vacancies - 7 February ...,https://in.indeed.com/Multiplier-Brand-Solutions-jobs
Legal Services - Elevate,https://elevateservices.com/
Stitching Jobs 2023-24 Job Vacancy- Kaithal - Recruitment | Careers ...,https://www.quikr.com/jobs/stitching-jobs+kaithal+zwqxj4157493934
Current Job Opportunities - Buxton Consulting,https://buxtonconsulting.com/careers/current-job-opportunities/
Ashok Leyland Driver Training Institute- Kaithal- Haryana | Kaithal,https://www.facebook.com/SALDTI/
What is Google Crowdsource and How One Can Contribute to this ...,https://www.geeksforgeeks.org/what-is-google-crowdsource-and-how-one-can-contribute-to-this/
Rakesh Nain - Deep Learning Engineer - Intello Labs | LinkedIn,https://au.linkedin.com/in/rakeshnain
Vikas Tomar - Faculty : Our People - School of Aeronautics and ...,https://engineering.purdue.edu/AAE/people/Faculty/ptProfile?resource_id=55699
Hitachi Global,https://www.hitachi.com/
Life under Taliban in Afghanistan - BBC News - YouTube,https://www.youtube.com/watch?v=wk3ZN7YXUro
How to Carve Wood - Furniture Design and Construction - YouTube,https://www.youtube.com/watch?v=2mgOzyhByyE
Sewing stars of Sulabh Vocational Training Centre - YouTube,https://www.youtube.com/watch?v=Dww6G65LmKg
Karamvir Singh - Machine Operator - Freelance | LinkedIn,https://uk.linkedin.com/in/karamvir-singh-b5089b201
The share of cars equipped with side head protection airbags ...,https://www.researchgate.net/figure/The-share-of-cars-equipped-with-side-head-protection-airbags-increased-for-all-car_fig2_292346612
The evolution of adult occupant star ratings over the first decade of ...,https://www.researchgate.net/figure/The-evolution-of-adult-occupant-star-ratings-over-the-first-decade-of-testing_fig3_292346612
On average the score achieved in pedestrian subsystems tests ...,https://www.researchgate.net/figure/On-average-the-score-achieved-in-pedestrian-subsystems-tests-increased-According-to_fig4_292346612
Using Khan Academy (video) | Khan Academy,https://www.khanacademy.org/college-careers-more/talks-and-interviews/talks-and-interviews-unit/conversations-with-sal/v/using-khan-academy
Effect of COVID-19 outbreak on urban health and environment ...,https://europepmc.org/article/med/33072226
Chandigarh Stories - The Tribune- Chandigarh- India,https://m.tribuneindia.com/2008/20080426/cth1.htm
Data Security Jobs Openings In Gurgaon - TimesJobs.com,https://www.timesjobs.com/jobs-in-gurgaon/data-security-jobs
Erp Data Jobs in India - TimesJobs,https://m.timesjobs.com/jobskill/erp-data-jobs
Ashok Gudibandla on Twitter: ""3 Traits of Entrepreneurs that Kill ...,https://mobile.twitter.com/gashokvr/status/589034531534942210
Qualitative reinforcement for man-machine interactions,https://www.theses.fr/2017NORMC206.pdf
© 2019 Bernard Marr- Bernard,https://www.slideshare.net/BernardMarr/is-artificial-intelligence-ai-a-threat-to-humans/5-2019_Bernard_Marr_Bernard_Marr
