Title,URL
Naren Nandyal - Hospitality Director - Jazba Entertainment | LinkedIn,https://www.linkedin.com/in/naren-nandyal
Jobs In Nandyal - 12 Job Vacancies In Nandyal - Naukri.com,https://www.naukri.com/jobs-in-nandyal
Nandyal District Mega Jobs Fair| 19 Companies Are Participating,https://education.sakshi.com/en/jobs/pvt-jobs/nandyal-district-mega-jobs-fair-19-companies-are-participating-117566
573 Forest Job Vacancies In Nandyal Ap - Naukri.com,https://www.naukri.com/forest-jobs-in-nandyal-ap
Human Resources (HR) Internship in Nandyal at Thrymr Software ...,https://internshala.com/internship/detail/human-resources-hr-internship-in-nandyal-at-thrymr-software-private-limited1613968982
Srec Nandyal | Santhiram Engineering College | Nandyala I Best ...,https://www.srecnandyal.edu.in/
Data Science Course in Nandyal - Best Training Institute - Fees ...,http://quickxpertinfotech.com/data-science-course-in-nandyal
Nandyal District Mega Job Mela 2023,https://education.sakshi.com/en/jobs/pvt-jobs/nandyal-district-mega-job-mela-2023-124776
Five-star Business Finance Assistant Branch Manager Salaries in ...,https://www.ambitionbox.com/salaries/five-star-business-finance-salaries/assistant-branch-manager/nandyal-location
Find a job | Careers at Sony,https://www.sonyjobs.com/jobs.html
135 Data Entry Jobs in Nandyal- Back Office- Data Entry- Back Office ...,https://www.quikr.com/jobs/data-entry-back-office+nandyal+zwqxj284607247
Minitab: Data Analysis- Statistical & Process Improvement Tools,https://www.minitab.com/en-us/
Reliance Jiomart jobs in Nandyal- 2020 | jiomart jobs | Jio career -,https://jioguide.com/reliance-jio-jobs-in-nandyal-2020-jio-jobs-jio-career/
Branch in NK Road- Nandyal- 518501 | HDFC Bank,https://near-me.hdfcbank.com/branch-atm-locator/hdfc-bank-nandyal-banks-nk-road-nandyal-8736/Home
Corteva Agriscience™ | Global,https://www.corteva.com/
Recruitment Agencies & Placement Services For Employers in ...,https://www.justdial.com/Nandyal/Placement-Services-For-Employers/nct-11068585
Intelligent Robotic Process Automation - RPA | SS&C Blue Prism,https://www.blueprism.com/
Thrymr Software: Software Development,https://thrymr.net/
Campus Maps | Waukesha County Technical College,https://www.wctc.edu/admissions/visit/maps.php
Raghav Nandyal (@RaghavNandyal) / Twitter,https://twitter.com/RaghavNandyal
The Weather Company- an IBM Business | Accurate Weather ...,https://www.ibm.com/weather
Python Training in Nandyal- Best Python online Course in Nandyal ...,https://www.sulekha.com/python-programming-training/nandyal
RGM College Of Engineering and Technology,https://www.rgmcet.edu.in/
GPREC > G.Pulla Reddy Engineering College – Kurnool- AP- INDIA,https://www.gprec.ac.in/
Santhiram College of Pharmacy- Nandyal - Reviews 2023-2024,https://collegedunia.com/college/58526-santhiram-college-of-pharmacy-nandyal/reviews
Django Tutorial for Beginners | Full Course - YouTube,https://www.youtube.com/watch?v=OTmQOjsl0eg
Wood Working Machine Room - YouTube,https://www.youtube.com/watch?v=rk-h78dVltc
Numerical Solution to the Performability of a Multiprocessor System ...,https://citeseerx.ist.psu.edu/document?repid=rep1&type=pdf&doi=f09b92bc28c2994448f86c9773e2d65a826ff644
A Hybrid Machine Learning Framework of Gradient Boosting ...,https://www.researchgate.net/publication/350196133_A_Hybrid_Machine_Learning_Framework_of_Gradient_Boosting_Decision_Tree_and_Sequence_Model_for_Predicting_Escalation_in_Customer_Support
Random Forest Boosted CNN: An Empirical Technique for Plant ...,https://www.researchgate.net/publication/340399737_Random_Forest_Boosted_CNN_An_Empirical_Technique_for_Plant_Classification
(PDF) IOT HEALTHCARE FRAMEWORK INFRASTRUCTURE TO ...,https://www.researchgate.net/publication/356185720_IOT_HEALTHCARE_FRAMEWORK_INFRASTRUCTURE_TO_IMPROVE_ENERGY_CONSUMPTION_IN_NETWORKING
Experimental Result of POS Tagging | Download Table,https://www.researchgate.net/figure/Experimental-Result-of-POS-Tagging_tbl1_323193943
(PDF) Numerical solution to the performability of a multiprocessor ...,https://www.researchgate.net/publication/228889807_Numerical_solution_to_the_performability_of_a_multiprocessor_system_with_reconfiguration_and_rebooting_delays
Predictors of dropout from the cohort. | Download Table,https://www.researchgate.net/figure/Predictors-of-dropout-from-the-cohort_tbl1_297617330
Application of design of experiments and artificial neural networks ...,https://www.researchgate.net/publication/267785436_Application_of_design_of_experiments_and_artificial_neural_networks_for_stacking_sequence_optimizations_of_laminated_composite_plates
Extraction of Key Frames Using Rough Set Theory for Video Retrieval,https://www.researchgate.net/publication/339922133_Extraction_of_Key_Frames_Using_Rough_Set_Theory_for_Video_Retrieval
(PDF) E-mail Address Categorization based on Semantics of ...,https://www.researchgate.net/publication/236951303_E-mail_Address_Categorization_based_on_Semantics_of_Surnames
A Robust Segmentation Technique for Line- Word and Character ...,https://www.researchgate.net/publication/261960679_A_Robust_Segmentation_Technique_for_Line_Word_and_Character_Extraction_from_Kannada_Text_in_Low_Resolution_Display_Board_Images
(PDF) Performability Analysis of Highly Available Clusters with ...,https://www.researchgate.net/publication/228611297_Performability_Analysis_of_Highly_Available_Clusters_with_Break-downs_and_Deferred_Repairs
Dynamic resource allocation in cloud infrastructure using ant lion ...,https://www.researchgate.net/publication/357582057_Dynamic_resource_allocation_in_cloud_infrastructure_using_ant_lion-based_auto-regression_model
http://ijacsa.thesai.org,https://thesai.org/Downloads/IJACSA_Volume1No4.pdf
Opportunity annual review 2010 by Opportunity International - Issuu,https://issuu.com/opportunity/docs/opportunity-annual-review-2010
International Journal of Multidisciplinary Educational Research,http://s3-ap-southeast-1.amazonaws.com/ijmer/pdf/volume6/volume6-issue3(1)-2017.pdf
