Title,URL
Abon Chaudhuri - Engineering Manager- Machine Learning - Meta ...,https://www.linkedin.com/in/abonchaudhuri
1 Fresher Jobs in Purulia- February | Internshala,https://internshala.com/fresher-jobs/jobs-in-Purulia/
Wynk Media | LinkedIn,https://in.linkedin.com/company/wynkmedia
Ocrolus: Intelligent Document Automation Software,https://www.ocrolus.com/
PearlTree Hotels & Resorts | LinkedIn,https://in.linkedin.com/company/pearltree-hotels-resorts
Hong Kong SAR- China | Jobs & Internships | JPMorgan Chase & Co.,https://careers.jpmorgan.com/us/en/about-us/locations/hong-kong
upGrad hiring Admissions Counselor in Purulia - Join leading startup,https://earlytutors.com/jobs/upgrad-admissions-counselor-in-purulia-wb/
Measuring landslide vulnerability status of Chukha- Bhutan using ...,https://www.nature.com/articles/s41598-021-95978-5
SAP | UNICEF,https://www.unicef.org/partnerships/sap
ML Researcher (Mid-Level) at Alectio • Hyderabad • Remote (Work ...,https://angel.co/company/alectio/jobs/643189-ml-researcher-mid-level
Intelligent Robotic Process Automation - RPA | SS&C Blue Prism,https://www.blueprism.com/
Top 10 Automobile Mechanic Training in Purulia- Designing Courses,https://www.sulekha.com/automobile-mechanic-training/purulia
Students | Global,https://career.bayer.com/en/career/working-at-bayer/students
Best Computer Training Institutes Madhukunda Purulia - Justdial,https://www.justdial.com/Purulia/Computer-Training-Institutes-in-Madhukunda/nct-10124277
The leprosy mission - Purulia | Purulia,https://www.facebook.com/pages/The-leprosy-mission-Purulia/152804171425219/
Best Fashion Design Courses & Certifications [2023] | Coursera,https://www.coursera.org/courses?query=fashion%20design
Ignite Institute: Home,https://www.igniteinstitute.org/
Enterprise Sales Officer - Asansol/ Purulia/ Burdwan/Siliguri ...,https://www.ambitionbox.com/jobs/reliance-jio-jobs?rid=naukri_011222011365
Tata Consultancy Services: Driving Innovation and Building on Belief,https://www.tcs.com/
Current vacancies,https://jobs.unicef.org/en-us/filter/?search-keyword&work-type=internship
▷ Tutors in Purulia - TeacherOn,https://www.teacheron.com/tutors-in-purulia
Ramkrishna Mahato Government Engineering College Purulia,https://rkmgec.ac.in/
PP-Purulia Polytechnic,https://www.university.youth4work.com/pp_purulia-polytechnic
Diploma in Electrical Engineering at Purulia Polytechnic College ...,https://www.shiksha.com/college/purulia-polytechnic-college-99883/course-diploma-in-electrical-engineering-504215
Tally Executive Jobs 2023-24 Job Vacancy- Purulia - Recruitment ...,https://www.quikr.com/jobs/tally-executive-jobs+purulia+zwqxj4157493934
Explore job opportunities | Careers | Samsung IN,https://www.samsung.com/in/about-us/careers/
Barun Mandal - Performance Engineer - Kindred Group plc | LinkedIn,https://se.linkedin.com/in/barun-mandal-12660817
Join-us - Plastic Omnium,https://www.plasticomnium.com/en/careers/
The XL Academy,https://www.thexlacademy.com/
L&T Technology Services Interview Questions | Glassdoor,https://www.glassdoor.com/Interview/L-and-T-Technology-Services-Interview-Questions-E394137.htm
DevFest | Google Developers,https://developers.google.com/community/devfest
Rice Puffing Machine in Purulia- West Bengal - Puruliya,https://dir.indiamart.com/puruliya/rice-puffing-machine.html
TCS Interview Experience - GeeksforGeeks,https://www.geeksforgeeks.org/tcs-interview-experience-16/
Wordpress Course Training Institute In Purulia- West Bengal ...,https://www.acesoftech.com/wordpress-course-training-institute-purulia/
Multi-criteria decision making of water resource management ...,https://www.sciencedirect.com/science/article/abs/pii/S0957417422010016
(PDF) APPLICATION OF MACHINE LEARNING IN ...,https://www.researchgate.net/publication/325817677_APPLICATION_OF_MACHINE_LEARNING_IN_ENVIRONMENTAL_MANAGEMENT_-_AN_EXAMPLE_OF_LANDSLIDE_SUSCEPTIBILITY_ZONATION
The Leprosy Mission - Purulia Hospital - YouTube,https://www.youtube.com/watch?v=fYW_dogcPkk
Casio CTK 6300IN : How to Create Song Sequencer on Casio CTK ...,https://www.youtube.com/watch?v=4tQPycxVtjY
Home • RSK • Engineering and Environmental Consultancy,https://rskgroup.com/
Forklift Operator- Operator Training @ Mango- Jamshedpur. Join us ...,https://m.facebook.com/xceltechnicalinstitute/videos/forklift-operator-operator-training-mango-jamshedpurjoin-usregistered-with-govt-/372207181062049/
Qualitative reinforcement for man-machine interactions,https://www.theses.fr/2017NORMC206.pdf
Sanjeev Kumar Sahu | Central Inland Fisheries Research Institute ...,https://cifri.academia.edu/SanjeevKumarSahu
Ethnopharmacology | Apply for Honorary DSc in ...,https://sites.google.com/site/honorarydegreeacademics/ethnopharmacology-apply-for-honorary-dsc-in-ethnopharmacology-admission-announcement
Preface The EU-INDIA Cross-Cultural Innovation Network The EU ...,https://citeseerx.ist.psu.edu/document?repid=rep1&type=pdf&doi=ee96140af0ef37922b44a7e2e3ed7aefac39e120
Top Thiruvalluvar University - [TU] Affiliated Computer Applications ...,https://collegedunia.com/computer-applications/thiruvalluvar-university-tu-affiliated-colleges
Conducting Ethnographic Research in Low Literate- Economically ...,https://journals.sagepub.com/doi/10.1177/1609406919855279?icid=int.sj-full-text.similar-articles.7
Unforgettable- Unforgotten,https://www.fadedpage.com/link.php?file=20140864-a5.pdf
