Title,URL
200+ perfiles de «Akanksha Joshi» | LinkedIn,https://ec.linkedin.com/pub/dir/Akanksha/Joshi
Atpac Industries Reviews by 2 Employees | AmbitionBox,https://www.ambitionbox.com/reviews/atpac-industries-reviews
M.Tech.Data Science & Engineering – BITS Pilani,https://bits-pilani-wilp.ac.in/m-tech/cluster/data-science-and-engineering.php
Reckitt Benckiser Haldwani Reviews by 5 Employees | AmbitionBox,https://www.ambitionbox.com/reviews/reckitt-benckiser-reviews/haldwani-location
Jana Small Finance Bank | Online Banking and Financial Services,https://www.janabank.com/
WILP Overview - BITS Pilani | Work Integrated Learning Programmes,https://bits-pilani-wilp.ac.in/
The Potential of Urbanisation to Accelerate Post-COVID Economic ...,https://iihs.co.in/knowledge-gateway/wp-content/uploads/2020/09/IIHS_XV_FC_Urbanisation_Report_Aug2020.pdf
Inspiration Public School-Kathgodam,https://www.facebook.com/inspirationschoolkgm/
Careers in Nagpur - Join Our Team of Ideapreneurs in Nagpur ...,https://www.hcltech.com/careers/nagpur
Job List | Jobaaj,https://www.jobaaj.com/find-jobs?category=8&page=3&page=4&page=24
Careers in Madurai | HCLTech,https://www.hcltech.com/careers/madurai
400+ perfiles de «Harbola» | LinkedIn,https://gt.linkedin.com/pub/dir/+/Harbola
Training Centre,http://www.uksdm.org/tp_list_new_1_new.aspx
status of water supply- wastewater generation and treatment in class ...,https://cpcb.nic.in/openpdffile.php?id=UmVwb3J0RmlsZXMvTmV3SXRlbV8xNTNfRm9yZXdvcmQucGRm
Automatic Fire Tubing System- Novec 1230- Packaging Type: Box at ...,https://www.indiamart.com/proddetail/automatic-fire-tubing-system-19960961391.html
Fired Indian IT workers struggle for new job in US - Oneindia News,https://www.oneindia.com/international/fired-indian-it-workers-struggle-for-new-job-in-us-3514702.html
Welcome to KNOWLEDGE IT in Hyderabad with Courses- Fees ...,https://www.realtrainings.com/institutes/details/163/knowledge-it
IMT CDL: Best Distance Learning PGDM Institute in India,https://www.imtcdl.ac.in/
Online Motor Current Signature Analyzer Monitoring System - E ...,https://www.rokadegroup.com/online-motor-current-signature-analyzer-monitoring-system-e-mcm.php
https://pgvgrow.com/files/invitation_sample.xlsx,https://pgvgrow.com/files/invitation_sample.xlsx
Village and Townwise Primary Census Abstract- Nainital - Part-A & B ...,http://lsi.gov.in:8081/jspui/bitstream/123456789/5413/1/38611_2001_NAI.pdf
Have you ever received a happy ending at a SPA/massage place ...,https://www.quora.com/Have-you-ever-received-a-happy-ending-at-a-SPA-massage-place
HGS BHIMTAL,https://hermanngmeinerschoolbhimtal.org/
state bank of india- delhi circle,https://www.sbi.co.in/documents/17826/2704985/080920-Delhi+Circle+and+its+branches.xls/51ee9ea9-a7a1-d057-5ac8-9799730548a1?t=1599547698319
EduRun: Find your Dream Job & Move Up Today,https://careers.edurungroup.in/
Uttarakhand Tourism Development Master Plan 2007,https://uttarakhandtourism.gov.in/sites/default/files/document/type/Volume-2-low-res.pdf
Wind Turbine & Generator Online Motor Current Signature Analyzer ...,https://www.rokaderototechniks.com/wind-turbine-generator-online-motor-current-signature-analyzer-monitoring-system-e-pcm.html
Teaching-Careers,https://teaching-careers.com/
INDIAN RAILWAYS ANNUAL REPORT & ACCOUNTS 2020-21,https://indianrailways.gov.in/railwayboard/uploads/directorate/stat_econ/Annual-Reports-2020-2021/Annual-Report-English.pdf
march - Central Reserve Police Force,https://www.yumpu.com/en/document/view/5416908/march-central-reserve-police-force
Admission in M Tech- B Tech Colleges in Bangalore- Coimbatore ...,https://amrita.edu/admissions/coimbatore/
Universal Convent Senior Secondary School Kaladhungi- Nainital ...,https://school.careers360.com/schools/universal-convent-senior-secondary-school-kaladhungi-nainital
Hon'ble Chief Guest- Ladies and Genglemen :,https://www.amrapali.ac.in/assets/dwnlds/approvals/annualreports/Annual%20Report_Updated.pdf
Untitled,http://xiti.com/redirect?url=3dqrhjt.cyou/132nSVxiti6500601
