Title,URL
0 Marketing/Sales Jobs for Freshers in Barmer- Feb | Internshala,https://internshala.com/fresher-jobs/marketing%2Fsales-jobs-in-barmer/
Hira Chemicals | LinkedIn,https://in.linkedin.com/company/hira-chemicals
0 Fresher Jobs in Barmer- February | Internshala,https://internshala.com/fresher-jobs/jobs-in-Barmer/
Senior Content Executive Jobs In Barmer - 8963 Senior Content ...,https://www.naukri.com/senior-content-executive-jobs-in-barmer
Project Kuiper | Amazon.jobs,https://www.amazon.jobs/en/teams/projectkuiper
Baker Hughes Salaries in Barmer | AmbitionBox,https://www.ambitionbox.com/salaries/baker-hughes-salaries/barmer-location
Engineering College Barmer: Home,https://gecbarmer.ac.in/
Bacardi Careers | Bacardi Jobs - Bacardi Limited,https://www.bacardilimited.com/careers/
Customer Service Jobs in Barmer - 2022 | Indeed.com,https://uk.indeed.com/Customer-Service-jobs-in-Barmer
quantco,https://www.quantco.com/
Vatsal Nimeshkumar Thakkar - Engineer (Machine Learning ...,https://www.linkedin.com/in/vatsal-thakkar
Careers | Khan Academy,https://www.khanacademy.org/careers
157 Machine Learning Specialist jobs in South Africa,https://za.linkedin.com/jobs/machine-learning-specialist-jobs
135 Baker Hughes Jobs and Vacancies - 5 February 2023 | Indeed ...,https://in.indeed.com/Baker-Hughes-jobs
Oxford Instruments: Leading provider of high technology products ...,https://www.oxinst.com/
Guestbook: Jürgen Rothmaier- CIO of BARMER,https://www.t-systems.com/de/en/newsroom/best-practice/01-2020-t-makes-it-work/guestbook-juergen-rothmaier-cio-of-barmer
DAK Gesundheit Jobs in München (2023) | Glassdoor,https://www.glassdoor.com/Jobs/DAK-Gesundheit-M%C3%BCnchen-Jobs-EI_IE930911.0,14_IL.15,22_IC4990924.htm
Top 10 Tailoring Classes in Barmer- Stitching- Sewing Courses ...,https://www.sulekha.com/tailoring-training/barmer
Careers | Weatherford International,https://www.weatherford.com/careers/
Careers - Perfetti Van Melle,https://www.perfettivanmelle.com/careers/
JSU - The Friendliest Campus in the South,https://jsu.edu/
Taravella High / Homepage,https://www.browardschools.com/taravella
Vendor Name Address Vendor Contact Vendor Phone Email ...,https://ocp.dc.gov/sites/default/files/dc/sites/ocp/publication/attachments/Report-of-Contracting-Activity-Part-I.pdf
Technip Energies: An energy transition leader,https://www.technipenergies.com/en
What Is a Rube Goldberg Machine? | Wonderopolis,https://www.wonderopolis.org/wonder/what-is-a-rube-goldberg-machine
Technical Papers | Software Engineering Institute,https://www.sei.cmu.edu/publications/technical-papers/
Find Manufacturing Companies in Barmer - Dun & Bradstreet,https://www.dnb.com/business-directory/company-information.manufacturing.in.rajasthan.barmer.html
A Career in Bus Driving - YouTube,https://www.youtube.com/watch?v=a9Jh2vEfPPs
Precision Drilling: Onshore Oil & Gas Drilling Technology,https://www.precisiondrilling.com/
OptioPay Group | LinkedIn,https://ro.linkedin.com/company/optiopay-gmbh
Unravelling Potential of a Volcanic Reservoir Through Enhanced ...,https://www.researchgate.net/publication/315867354_Unravelling_Potential_of_a_Volcanic_Reservoir_Through_Enhanced_Facies_Understanding_-_A_Case_Study_from_Barmer_Basin_India
Record number of Germans work two jobs,https://www.thelocal.de/20130812/51355/
Startups & scaleups | Dealroom.co,https://app.dealroom.co/investors/earlybird_venture_capital/portfolio/f/industries/anyof_semiconductors
Chetan Maini on Twitter: "Thrilled to announce that @SUN_mobility ...,https://twitter.com/MainiChetan/status/1341310873781096448
Machine Learning Jobs in Essen,https://www.stellenanzeigen.de/jobs/machine-learning/essen/
Python Jobs und Stellenangebote in Heiligenhaus - 2023,https://www.stepstone.de/jobs/python/in-heiligenhaus
Learning Development Jobs und Stellenangebote in Osnabrück ...,https://www.stepstone.de/jobs/learning-development/in-osnabr%C3%BCck
The importance of STEM: High school knowledge- skills and ...,https://europepmc.org/article/pmc/pmc8318355
Keele Research Repository - Keele University,https://eprints.keele.ac.uk/view/year/2019.html
Channelling,https://www.annualreports.com/HostedData/AnnualReportArchive/v/NYSE_VEDL_2018.pdf
मिलें असम के गुमराह के एक उद्यमी और उषा सिलाई स्कूल ट्रेनर से गौरी दास ...,https://special.ndtv.com/kushalta-ke-kadam-12/video-detail/meet-gouri-das-from-assams-gumrah-an-entrepreneur-and-usha-silai-school-trainer-611647
dropnostix GmbH - Start up Partner - Partnerkreis Industrie ...,https://www.uni-potsdam.de/ru/wirtschaft-transfer-gesellschaft/piw/start-up-partner/dropnostix-gmbh
Sites Targeted by Gator Advertisements - "B",https://cyber.harvard.edu/archived_content/people/edelman/ads/gator/sites-B.html
II.S.UP 700L~D Jj,https://www.marxists.org/history/etol/newspape/torch-us/v4n11.pdf
Examining English Language Arts Teachers: Evidence from ...,https://journals.sagepub.com/doi/10.1177/01614681211058994?icid=int.sj-abstract.citing-articles.67
