Title,URL
Manikanta Dinesh Gudivada - DevOps Engineer - Mastercard ...,https://ie.linkedin.com/in/gudivadadinesh
Kavya Sri Gudivada - Site Reliability Engineer - Software AG | LinkedIn,https://www.linkedin.com/in/kavyasrig
Akhil Gudivada - Design Verification Engineer - Astera Labs | LinkedIn,https://in.linkedin.com/in/akhil-gudivada-630444a4
NSF Award Search: Award # 1730568 - IUSE/PFE:RED: PPSE ...,https://www.nsf.gov/awardsearch/showAward?AWD_ID=1730568&HistoricalAwards=false
Lohit Gudivada - Blade Structural Engineer - Siemens Gamesa ...,https://in.linkedin.com/in/lohit-gudivada-b574ba83
Top Embroidery Job Works in Gudivada - Best Embroidery Works ...,https://www.justdial.com/Gudivada/Embroidery-Job-Works/nct-10187270
Sterling Life Sciences,https://sterlinglifesciences.com/
RIGOROUS ENGINEERING | News Services | ECU,https://news.ecu.edu/2017/08/03/rigorous-engineering/
Cognitive Analytics: Going Beyond Big Data Analytics and Machine ...,https://www.bowdoin.edu/computer-science/pdf/cognitive_analytics_going-beyond_big_data_analytics_and_machine_learning.pdf
Will machine learning end the viability of radiology as a thriving ...,https://www.ncbi.nlm.nih.gov/pmc/articles/PMC6404816/
20 Best telugu ! teacher jobs in Gudivada- Andhra Pradesh (Hiring ...,https://www.simplyhired.co.in/search?q=telugu+%21+teacher&l=gudivada%2C+andhra+pradesh&mi=100&pp=
Reliance Jiomart jobs in Gudivada- 2020 | jiomart jobs | Jio career -,https://jioguide.com/reliance-jio-jobs-in-gudivada-2020-jio-jobs-jio-career/
Autodesk | 3D Design- Engineering & Construction Software,https://www.autodesk.com/
Require BTech Tutor for BTech Computer Science Engineering in ...,https://www.urbanpro.com/gudivada/require-btech-tutor-for-btech-computer-science-engineering-in-bethavolu/35022641
Viswabharathi School- Gudivada Hostel Warden Salaries in India ...,https://www.ambitionbox.com/salaries/viswabharathi-school-gudivada-salaries/hostel-warden
▷ Tutoring Jobs in Gudivada - UrbanPro,https://www.urbanpro.com/gudivada/tutor-jobs
Top 10 Baby sitter in Gudivada- Nanny in Gudivada- Child Care ...,https://www.sulekha.com/child-care-services/gudivada
Ollie - Webflow HTML Website Template,https://www.olooptech.com/blog/blog-3
CLAAS of America | Precision Agricultural Equipment and ...,https://www.claasofamerica.com/
Artificial Intelligence Training Course in Gudivada - Fees- Placements,http://quickxpert.com/artificial-intelligence-training-course-in-gudivada
Rama Rao Gudivada - Engineering Manager - CREA | LinkedIn,https://sg.linkedin.com/in/raogudi
Controlled Vocabulary - an overview | ScienceDirect Topics,https://www.sciencedirect.com/topics/computer-science/controlled-vocabulary
(PDF) Data Management Issues in Cyber-Physical Systems,https://www.researchgate.net/publication/326823765_Data_Management_Issues_in_Cyber-Physical_Systems
Securely assess database schema migrations using AWS SCT ...,https://aws.amazon.com/blogs/database/securely-assess-database-schema-migrations-using-aws-sct-amazon-rds-for-oracle-and-aws-secrets-manager/
Ideas at Work: Using Technology for Practical Solutions,https://www.teck.com/news/connect/issue/volume-32,-2021/table-of-contents/ideas-at-work-using-technology-for-practical-solutions
Using AWS Backup and Oracle RMAN for backup/restore of Oracle ...,https://aws.amazon.com/blogs/architecture/using-aws-backup-and-oracle-rman-for-backup-restore-of-oracle-databases-on-amazon-ec2-part-1/
Receptionist & Front office Jobs in Gudivada- Receptionist & Front ...,https://www.olx.in/gudivada_g4058521/receptionist-front-office_c2204
Automate interval partitioning maintenance- and monitoring in ...,https://aws.amazon.com/blogs/database/automate-interval-partitioning-maintenance-and-monitoring-in-amazon-rds-for-postgresql-and-amazon-aurora-postgresql/
IT Minister Amarnath launches Randstad India's office in ...,https://www.thehindu.com/news/cities/Visakhapatnam/it-minister-amarnath-launches-randstad-indias-office-in-visakhapatnam/article66077989.ece
Check Latest 10 Work From Home Jobs Openings In Gudivada ...,https://www.quikr.com/jobs/work-from-home+gudivada+zwqxj2034660499
Prasad Gudivada - Anna University - Sparwood- British Columbia ...,https://ca.linkedin.com/in/gvtprasad
A Survey on Information Retrieval System for Authenticating a Tweet ...,https://papers.ssrn.com/sol3/papers.cfm?abstract_id=3352356
Venu Govindaraju Professional Summary Key Positions Education,https://www.uc.edu/content/dam/uc/president/docs/Govindaraju%2C%20Venu%20CV.pdf
Glossary of Acronyms - Cisco,https://www.cisco.com/c/en/us/td/docs/ios/system/messages/guide/sm_cngls.html
Eficens Systems,https://www.eficensit.com/
Satya Sai Rahul Gudivada – Magdeburg- Sachsen-Anhalt ...,https://de.linkedin.com/in/satyasairahulgudivada
Learning in practice,http://www.cs.ecu.edu/gudivada/research/papers/factors-associated-with-success-in-medical-school-systematic-review-of-the-literature.pdf
Is there a role for statistics in artificial intelligence? | SpringerLink,https://link.springer.com/article/10.1007/s11634-021-00455-6
U.S. Air Force Enlisted Classification and Reclassification: Potential ...,https://www.rand.org/content/dam/rand/pubs/research_reports/RRA200/RRA284-1/RAND_RRA284-1.pdf
Exporting and Importing Entities | Cloud Datastore Documentation ...,https://cloud.google.com/datastore/docs/export-import-entities
Sri Jyothi PolyTechnic College | Best Polytechnic Colleges in ...,https://www.youtube.com/watch?v=KntGdt3Mj9A
Worst Omnitrix Glitches | Ben 10 | Cartoon Network - YouTube,https://www.youtube.com/watch?v=2oDIAy9OkDo
Untitled,http://thescholarship.ecu.edu/oai/request?verb=ListRecords&set=com_10342_41&metadataPrefix=marc
Hammering with the telescope - Abstract - Europe PMC,https://europepmc.org/article/pmc/pmc9732657
Big Data and Data Analytics Research: From Metaphors to Value ...,https://www.igi-global.com/chapter/big-data-and-data-analytics-research/217936
(PDF) Design of a virtual computer lab environment for hands-on ...,https://www.academia.edu/48489284/Design_of_a_virtual_computer_lab_environment_for_hands_on_information_security_exercises
Improved characterisation of clinical text through ontology-based ...,https://go.gale.com/ps/i.do?id=GALE%7CA661398332&sid=googleScholar&v=2.1&it=r&linkaccess=abs&issn=20411480&p=AONE&sw=w
Multi-Factor and Continuous Verification of Identity during Remote ...,http://di.ubi.pt/~hugomcp/doc/proposta_pedro_oliveira_2020.pdf
