Title,URL
Spigo Ceramic | LinkedIn,https://in.linkedin.com/company/spigoceramic
Internship Job Vacancies in Morbi- Rajkot-Internship Openings in ...,https://www.placementindia.com/job-search/internship-jobs-in-morvi.htm
Orablue Chem Pvt Ltd | LinkedIn,https://in.linkedin.com/company/orabluechem
DIPRO trade s.r.o. | LinkedIn,https://www.linkedin.com/company/dipro-trade-s-r-o-
MONARCH PACKAGING LIMITED | LinkedIn,https://uk.linkedin.com/company/monarch-packaging-limited
Morbi bridge collapse HIghlights: State-wide mourning in Gujarat ...,https://indianexpress.com/article/cities/ahmedabad/morbi-bridge-collapse-gujarat-live-updates-8239755/
Ravin Singh - Battery Modeling and Controls Engineer - Bosch ...,https://www.linkedin.com/in/ravin-singh-6615366b
M.Tech.Data Science & Engineering – BITS Pilani,https://bits-pilani-wilp.ac.in/m-tech/cluster/data-science-and-engineering.php
Kajaria Sanitaryware Morbi Review by 1 Employee | AmbitionBox,https://www.ambitionbox.com/reviews/kajaria-sanitaryware-morbi-reviews
1-418 HR Head- HR Manager Jobs and Vacancies in Gujarat - 5 ...,https://in.indeed.com/HR-Head,-HR-Manager-jobs-in-Gujarat
Varmora Granito Morvi Reviews by 29 Employees | AmbitionBox,https://www.ambitionbox.com/reviews/varmora-granito-reviews/morvi-location
Global Job Placement | Morbi,https://www.facebook.com/GlobalJobPlacement/
Morris traversal for Preorder - GeeksforGeeks,https://www.geeksforgeeks.org/morris-traversal-for-preorder/
Morvi Kia Overview and Company Profile | AmbitionBox,https://www.ambitionbox.com/overview/morvi-kia-overview
Top Computer Classes in Morbi - Best Computer Training Institutes ...,https://www.justdial.com/Morbi/Computer-Training-Institutes/nct-10124277
Talent Acquisition (Hr) job at WHITE FORCE OUTSOURCING ...,https://ablejobs.co/jobs/talent-acquisition-hr-white-force-outsourcing-services-private-limited-jo1s
Machine Maintenance Jobs in Morbi (10 Vacancies) | Jobted India,https://www.jobted.in/machine-maintenance-jobs-morbi
Best Laptops for Data Science Students and Data Scientist in 2023,https://www.mltut.com/best-laptops-for-data-science-students/
Top 10 Tailoring Classes in Morbi- Stitching- Sewing Courses ...,https://www.sulekha.com/tailoring-training/morbi
D&A - CCB Capacity Planning & Analytics - Associate Job,https://www.jobaaj.com/job-overview?title=d&a---ccb-capacity-planning-&-analytics---data-scientist---associate&product_id=24525
ASP.NET Course in Morvi - Best Training Institute - Fees- Duration ...,http://quickxpertinfotech.com/ASP.NET-course-in-morvi
R Language Course in Morvi - Best Training Institute - Fees ...,http://quickxpertinfotech.com/r-language-course-in-morvi
Morvi Gujarat,https://rid3060.rotaryindia.org/ClubFinderDetail.aspx?grp=929
Python Developer Jobs Opening in A Client of Freshersworld at Morbi,https://www.freshersworld.com/jobs/python-developer-jobs-opening-in-a-client-of-freshersworld-at-morbi-1659751
S.C De and Morvi Hostel,https://www.iitbhufoundation.org/s-c-de-and-morvi-hostel/
Morvi Argon Welding Machine- New Delhi - Manufacturer of welding ...,https://www.indiamart.com/morvi-argon-welding-machine/
Jobs in Morbi - Check Latest (62) Job Openings (February 2023 ...,https://www.quikr.com/jobs/morbi+zwqxj760939060
(PDF) Les architectures d'information,https://www.researchgate.net/publication/263963315_Les_architectures_d
