Title,URL
Anupriyanka Dey - Balurghat girls high school - India | LinkedIn,https://in.linkedin.com/in/anupriyanka-dey-136850198
Samsung Careers | Samsung US,https://www.samsung.com/us/careers/
Mr. Sarkar - Balurghat LMAU Vidyalaya - Jalpaiguri- West Bengal ...,https://in.linkedin.com/in/mr-sarkar-301522252
Xerox: Workplace and Digital Printing Solutions,https://www.xerox.com/en-us
Branch in Najrul Sarani- Balurghat- 733101 | HDFC Bank,https://near-me.hdfcbank.com/branch-atm-locator/hdfc-bank-najrul-sarani-banks-najrul-sarani-balurghat-12466/Home
Balurghat Technologies Overview and Company Profile | AmbitionBox,https://www.ambitionbox.com/overview/balurghat-technologies-overview
Page 3 - Collection Manager Jobs In Balurghat - 13642 Collection ...,https://www.naukri.com/collection-manager-jobs-in-balurghat-3
Mobile Repairing Course in Balurghat- Training Institutes | Sulekha ...,https://www.sulekha.com/mobile-phone-repairing-training/balurghat
Check Latest 57 Full Time Jobs Openings In Balurghat (February ...,https://www.quikr.com/jobs/full-time+balurghat+zwqxj2034660499
SQL - ORDER BY - GeeksforGeeks,https://www.geeksforgeeks.org/sql-order-by/
Jobs in Balurghat - Check Latest (73) Job Openings (February 2023 ...,https://www.quikr.com/jobs/balurghat+zwqxj760939060
Find Manufacturing Companies in Balurghat - Dun & Bradstreet,https://www.dnb.com/business-directory/company-information.manufacturing.in.west_bengal.balurghat.html
Tata Consultancy Services: Driving Innovation and Building on Belief,https://www.tcs.com/
Part Time Jobs For Students 2023-24 Job Vacancy- Balurghat ...,https://www.quikr.com/jobs/part-time-jobs-for-students+balurghat+zwqxj4157493934
Dipanjan Sarkar - Project Manager - Cognizant | LinkedIn,https://www.linkedin.com/in/dipanjan-sarkar-705b801b
Hdfc Bank Jobs 2023-24 Job Vacancy- Balurghat - Recruitment ...,https://www.quikr.com/jobs/hdfc-bank-jobs+balurghat+zwqxj4157493934
Cognizant: Intuition engineered—human insight- superhuman speed,https://www.cognizant.com/us/en
Kendriya Vidyalaya (KV)- Balurghat- South Dinajpur: Admission- Fee ...,https://school.careers360.com/schools/kendriya-vidyalaya-balurghat-south-dinajpur
HTML head Elements,https://www.w3schools.com/htmL/html_head.asp
Folium Library | Geospatial visualization via Folium Library,https://www.analyticsvidhya.com/blog/2021/05/geospatial-visualization-via-folium-library/
M.Tech.Data Science & Engineering – BITS Pilani,https://bits-pilani-wilp.ac.in/m-tech/cluster/data-science-and-engineering.php
The Sharp- Sensitive And Anguished: Revisiting Satyajit Ray's ...,https://www.filmcompanion.in/readers-articles/pratidwandi-movie-satyajit-ray-the-sharp-sensitive-and-anguished-revisiting-masterpiece-the-adversary-bengali-movies
The George Telegraph Training Institute Balurghat,https://www.facebook.com/The-George-Telegraph-Training-Institute-Balurghat-327599088066895/
Bernard Marr (@BernardMarr) / Twitter,https://twitter.com/BernardMarr
Sudipta Basak - Principal Consultant - Tasnix | LinkedIn,https://au.linkedin.com/in/basaks
Bittu Sarkar - Software Engineer - Meta | LinkedIn,https://uk.linkedin.com/in/bittusarkar
Top Schools in Balurghat - Best High Schools near me - Justdial,https://www.justdial.com/Dinajpur/Schools-in-Balurghat/nct-10422444/page-8
SQL Joins | SQL Join Types - Inner- Left- Right and Full Joins,https://www.besanttechnologies.com/sql-joins-types
Sector-wise Training Partners approved by National Skill ...,https://www.aicte-india.org/sites/default/files/NSDC%20approved%20training%20partners%20details.pdf
Durga Idol into the water- Durga Puja Visarjan - YouTube,https://www.youtube.com/watch?v=VVSSYBq5cVI
Indigo plane at Indira Gandhi International Airport Terminal 3- New ...,https://www.youtube.com/watch?v=drxSnFduOG8
public place #balurghat #skater #roads #india #girl #girlsreaction ...,https://www.youtube.com/watch?v=VGj7emskUKI
G D A nursing course - general duty assistant,https://www.youtube.com/watch?v=pOZ1HPeQ4M0
Trinamool MP KD Singh's company Alchemist Infra Realty under ...,https://www.youtube.com/watch?v=CKm0U9iMNv8
Durgapur City | an industrial town in west bengal | informative video ...,https://www.youtube.com/watch?v=Qf9TIOyVQuU
Sukanta Majumdar First Speech In Lok Sabha | Balurghat | PM ...,https://www.youtube.com/watch?v=wyY-imqTDQw
Sikkim Manipal Institute of Technology – Sikkim Manipal University,https://smu.edu.in/smit.html/
