Title,URL
WAY IT SOLUTIONS PRIVATE LIMITED | LinkedIn,https://in.linkedin.com/company/way-it-solutions-private-limited
Now- Undergrads Can Be Coding Geeks With Ai & Ml In Syllabus ...,https://timesofindia.indiatimes.com/city/hyderabad/now-undergrads-can-be-coding-geeks-with-ai-ml-in-syllabus/articleshow/92737208.cms
OSMANI CONSTRUCTIONS PRIVATE LIMITED | LinkedIn,https://in.linkedin.com/company/osmani-constructions-private-limited
0 Computer Science Jobs for Freshers in Karimnagar- Feb ...,https://internshala.com/fresher-jobs/computer-science-jobs-in-karimnagar/
Artificial Intelligence Salaries [By Job- Region- Education & More],https://onlinedegrees.sandiego.edu/artificial-intelligence-salary-guide/
Machine Learning Course in Karimnagar - Best Training Institute ...,http://quickxpertinfotech.com/machine-learning-course-in-karimnagar
CoderHive | LinkedIn,https://www.linkedin.com/company/coderhive
Urgent: Bajaj finance Jobs in Karimnagar - February 2023 - 17 ...,https://in.jooble.org/jobs-bajaj-finance/Karimnagar
Embroidery & Zari Job Training in Karimnagar,https://www.sulekha.com/embroidery-zari-work-job-training/karimnagar
Mathematics Teacher Jobs In Karimnagar Ap - 19 Mathematics ...,https://www.naukri.com/mathematics-teacher-jobs-in-karimnagar-ap
Data Science Training in Karimnagar- Course Fees- Certification ...,https://www.sulekha.com/data-science-certification-training/karimnagar
Urgent: Civil engineering fresher Jobs in Karimnagar - February ...,https://in.jooble.org/jobs-civil-engineering-fresher/Karimnagar
Computerised Embroidery Job Works in Karimnagar,https://www.justdial.com/Karimnagar/Computerised-Embroidery-Job-Works/nct-10890829
Jyothishmathi Group of Institutions Applications are invited for the ...,https://www.facultytick.com/2022/05/13/jyothishmathi-group-of-institutions-applications-are-invited-for-the-following-post-of-teaching-faculty-and-various-non-teaching-recruitment/
CAR Technician Salary in Karimnagar | AmbitionBox,https://www.ambitionbox.com/profile/car-technician-salary/karimnagar-location
Top 5 courses that can make you an AI/ML expert within 6 months ...,https://towardsdatascience.com/top-5-courses-that-can-make-you-an-ai-ml-expert-within-6-months-53af64c26d73
Careers • Juul Labs,https://www.juullabs.com/about/company/careers/
Best Engineering Colleges In Karimnagar | Karimnagar Engineering ...,https://jits.ac.in/
Careers at ResMed | Sleep & Respiratory Health Technology Jobs,https://careers.resmed.com/
Build a model to predict the impact of weather on urban air quality ...,https://aws.amazon.com/blogs/machine-learning/build-a-model-to-predict-the-impact-of-weather-on-urban-air-quality-using-amazon-sagemaker/
Web Designer Programmer Post Graduate Jobs in India - 103199 ...,https://www.timesjobs.com/jobskill/web-designer-programmer-post+graduate-jobs
Scaling Effectivity of Research Contributions in Distributed Data ...,https://citeseerx.ist.psu.edu/document?repid=rep1&type=pdf&doi=506290b7243f1a812435e544a13b1e6408a07730
(PDF) A Reliable Distributed Grid Scheduler for Independent Tasks,https://www.researchgate.net/publication/288880238_A_Reliable_Distributed_Grid_Scheduler_for_Independent_Tasks
Erp Data Jobs in India - TimesJobs,https://m.timesjobs.com/jobskill/erp-data-jobs
Product Security Jobs,https://www.monsterindia.com/search/product-security-jobs
Agmatrix - Careers bridge | Facebook,https://www.facebook.com/groups/1568195863378031/?locale=tr_TR
Top Institutes in Telangana- Contact- Admission Reviews & Fees,https://collegedunia.com/telangana-institutes
Ethnopharmacology | Apply for Honorary DSc in ...,https://sites.google.com/site/honorarydegreeacademics/ethnopharmacology-apply-for-honorary-dsc-in-ethnopharmacology-admission-announcement
కరీంనగర్ ప్రభుత్వ సంస్థలో ఉద్యోగాలు విడుదల|Karimnagar District ...,https://www.youtube.com/watch?v=N3_BFs57V9Q
