Title,URL
HINDUSTAN MINT AND AGRO PRODUCTS PRIVATE LIMITED ...,https://in.linkedin.com/company/hindustan-mint-and-agro-products-private-limited
Reliance Jiomart jobs in Chandausi- 2020 | jiomart jobs | Jio career -,https://jioguide.com/reliance-jio-jobs-in-chandausi-2020-jio-jobs-jio-career/
Omkar Mozar - Mumbai- Maharashtra- India | Professional Profile ...,https://in.linkedin.com/in/omkar-mozar-53179a212?trk=public_profile_samename-profile
Principal Data Scientist - Gurgaon - Bharatpe - 5 to 8 years of ...,https://www.naukri.com/job-listings-principal-data-scientist-bharatpe-gurgaon-gurugram-5-to-8-years-021222500033
Jobs in Chandausi - Check Latest (48) Job Openings (February ...,https://www.quikr.com/jobs/chandausi+zwqxj760939060
S M College Chandausi Dist Sambhal (u P) India Salaries in India ...,https://www.ambitionbox.com/salaries/s-m-college-chandausi-dist-sambhal-u-p-salaries
IDEMIA: The leader in identity technologies,https://www.idemia.com/
Amazon Delivery Jobs 2023-24 Job Vacancy- Chandausi ...,https://www.quikr.com/jobs/amazon-delivery-jobs+chandausi+zwqxj4157493934
Silver Stone Public School Chandausi Review by 1 Employee ...,https://www.ambitionbox.com/reviews/silver-stone-public-school-reviews/chandausi-location
Security Guard Jobs 2023-24 Job Vacancy- Chandausi ...,https://www.quikr.com/jobs/security-guard-jobs+chandausi+zwqxj4157493934
Urgent: Part time call center Jobs in Chandausi - February 2023 - 14 ...,https://in.jooble.org/jobs-part-time-call-center/Chandausi
Top 10 Maths Tuition in Chandausi- Math Tutors- Tuition Centres ...,https://www.sulekha.com/maths-tuitions/chandausi
Daeyoun Kim - Senior Machine Learning Engineer - Parallel | LinkedIn,https://ca.linkedin.com/in/daeyounkim
Top Computer Printer Repair & Services in Chandausi - Best ...,https://www.justdial.com/Sambhal/Computer-Printer-Repair-Services-in-Chandausi/nct-10890487
Software Development Course in Chandausi - Best Training Institute ...,http://quickxpertinfotech.com/software-development-course-in-chandausi
Sacred Heart Convent School Chandausi- Moradabad: Admission ...,https://school.careers360.com/schools/sacred-heart-convent-school-chandausi-moradabad
Essex Laboratories Inc | LinkedIn,https://www.linkedin.com/company/essex-laboratories-inc
Ajanta Oil Mill- Chandausi - Manufacturer of Mustard Oil and ...,https://www.indiamart.com/ajanta-oil-mill/
Dr. Nadeem luqman on LinkedIn: STARTED DOING COURSE ON ...,https://bn.linkedin.com/posts/dr-nadeem-luqman-84a0b5114_started-doing-course-on-machine-learning-activity-6815688392706187265-DPsU?trk=public_profile_like_view
M.Tech.Data Science & Engineering – BITS Pilani,https://bits-pilani-wilp.ac.in/m-tech/cluster/data-science-and-engineering.php
ElasticRun | B2B eCommerce platform for rural India,https://www.elastic.run/
Aroma Energy | LinkedIn,https://uk.linkedin.com/company/aroma-energy
Best Universities in Chandausi 2023 – Courses- Fees- Admission ...,https://university.careers360.com/colleges/list-of-degree-colleges-in-chandausi
Top L.L.B Colleges in Chandausi 2023 – Courses- Fees- Admission ...,https://law.careers360.com/colleges/list-of-llb-colleges-in-chandausi
Indian Institute of Technoloy- Madras People | Wellfound (formerly ...,https://angel.co/company/indian-institute-of-technoloy-madras/people
Oracle Training Course in Chandausi - Fees- Placements,http://quickxpert.com/oracle-training-course-in-chandausi
Republic of India. A Study of the Educational System of India ...,https://files.eric.ed.gov/fulltext/ED054021.pdf
Menthol Crystal in Chandausi- मेन्थॉल क्रिस्टल- चंदौसी- Uttar Pradesh,https://dir.indiamart.com/chandausi/menthol-crystal.html
Radha Govind Polytechnic College- Chandausi: Admission- Fees ...,https://www.careers360.com/colleges/radha-govind-polytechnic-college-chandausi
aari work blouse for beginners | aari motif designs | blouse designs ...,https://www.youtube.com/watch?v=kgr2qYlV_XY
Indian Railways - Train Watching in Jaipur. - YouTube,https://www.youtube.com/watch?v=Y16pd1NY6q4
Sainik School Interview : सैनिक स्कूल : Entrance Mock Interview of ...,https://www.youtube.com/watch?v=Kd0Ry3lq86I
hanumangarh bus stand - YouTube,https://www.youtube.com/watch?v=rs93bhFpXWo
