Title,URL
Jobs In Mahabubnagar Mahaboobnagar - 50 Job Vacancies In ...,https://www.naukri.com/jobs-in-mahabubnagar-mahaboobnagar
Latest Content Writing Jobs in Mahabubnagar - Internshala,https://internshala.com/jobs/content%20writing-jobs-in-mahabubnagar
Marketing And Sales Executive Jobs In Mahabubnagar ...,https://www.naukri.com/marketing-and-sales-executive-jobs-in-mahabubnagar-mahaboobnagar
SGD PHARMA Mahbubnagar Reviews by 16 Employees ...,https://www.ambitionbox.com/reviews/sgd-pharma-reviews/mahbubnagar-location
Asairuthvik - Mahbubnagar : Student from IIT Roorkee CSE gives ...,https://www.superprof.co.uk/student-from-iit-roorkee-cse-gives-programming-classes-for-all-ages-which-involves-basic-advance-level-programming.html
Aurobindo Pharma Mahbubnagar Reviews by 4 Employees ...,https://www.ambitionbox.com/reviews/aurobindo-pharma-reviews/mahbubnagar-location
Jobs in Mahbubnagar - 17 Job Vacancies in Mahbubnagar - Feb ...,https://www.foundit.in/search/jobs-in-mahbubnagar
Python Machine Learning Certification in Hyderabad,https://www.edureka.co/machine-learning-certification-training-hyderabad
Rackspace Technology | Multicloud Solutions Provider,https://www.rackspace.com/
DRDA | Mahabubnagar District-Telangana | India,https://mahabubnagar.telangana.gov.in/drda/
256 Data Entry Jobs in Mahbubnagar- Back Office- Data Entry- Back ...,https://www.quikr.com/jobs/data-entry-back-office+mahbubnagar+zwqxj284607247
Now- Undergrads Can Be Coding Geeks With Ai & Ml In Syllabus ...,https://timesofindia.indiatimes.com/city/hyderabad/now-undergrads-can-be-coding-geeks-with-ai-ml-in-syllabus/articleshow/92737208.cms
43 Oneplus jobs,https://www.linkedin.com/jobs/oneplus-jobs-worldwide?f_C=3586833&trk=top-card_top-card-primary-button-top-card-primary-cta
65 Amazon Kyc Jobs and Vacancies - 6 February 2023 | Indeed.com,https://in.indeed.com/Amazon-Kyc-jobs
Palamuru University [PU]- Mahabubnagar: Courses- Fees- Placements,https://universitykart.com/university/universitydetails/palamuru-university-mahbubnagar
Jobs in Mahbubnagar - Check Latest (315) Job Openings (February ...,https://www.quikr.com/jobs/mahbubnagar+zwqxj760939060
List of Top B.Tech in Computer Science Colleges in Mahbubnagar ...,https://universitykart.com/topcolleges/btech-computer-science-colleges-mahbubnagar
VVV Infotech Mahabubnagar (@vvvinfotechmbnr) / Twitter,https://twitter.com/vvvinfotechmbnr?lang=en
Amazon Work From Home Customer Service Representative Hourly ...,https://www.glassdoor.com/Hourly-Pay/Amazon-Work-From-Home-Customer-Service-Representative-Hourly-Pay-E6036_D_KO7,53.htm
Top Autocad Training Institutes in Mahabubnagar - Best Autocad ...,https://www.justdial.com/Mahabubnagar/AUTOCAD-Training-Institutes/nct-10974615
Abdul Ahad Siddiqui - Application Engineer - Deloitte India (Offices ...,https://in.linkedin.com/in/abdulahadsiddiqui11
Amneal Pharmaceuticals: We make healthy possible,https://amneal.com/
Hyderabad- Telangana- India - Jobs at Apple (IN),https://jobs.apple.com/en-in/search?location=hyderabad-HY1
Careers | John Deere IN,https://www.deere.co.in/en/our-company/john-deere-careers/
Top 10 Baby sitter in Mahbubnagar- Nanny in Mahbubnagar- Child ...,https://www.sulekha.com/child-care-services/mahbubnagar
65 Spss Graduate Jobs,https://www.timesjobs.com/jobskill/spss-graduate-jobs
(PDF) DyNMF: Role Analytics in Dynamic Social Networks,https://www.researchgate.net/publication/326205481_DyNMF_Role_Analytics_in_Dynamic_Social_Networks
Ethnopharmacology | Apply for Honorary DSc in ...,https://sites.google.com/site/honorarydegreeacademics/ethnopharmacology-apply-for-honorary-dsc-in-ethnopharmacology-admission-announcement
35001 Obtaining Missing Data Jobs Openings in India - TimesJob.com,https://m.timesjobs.com/jobskill/obtaining-missing-data-jobs
Disability and Participatory Development in South India: Perils of ...,https://search.proquest.com/openview/2312c242829ad85408dd517b8c86112b/1?pq-origsite=gscholar&cbl=18750
BRS- TDP on same track,https://www.dailypioneer.com/uploads/2023/epaper/january/hyderabad-english-edition-2023-01-01.pdf
