Title,URL
Hareram jha - Machine Learning Engineer - dhiOmics Analytics ...,https://in.linkedin.com/in/hareram-jha-858353168
Machine Learning Course in Amritsar with Python & Stats | Machine ...,https://insideaiml.com/course-details/Machine-Learning-with-Python-Statistics-in-Amritsar
Deep Learning Intern - Amritsar - Oxo Solutions - 1 to 3 years of ...,https://www.naukri.com/job-listings-deep-learning-intern-oxo-solutions-amritsar-1-to-3-years-251119501712
Top Machine Learning Courses in Amritsar | Artificial Intelligence ...,https://agcamritsar.in/b.tech-ai-ml-course-in-india.php
Data scientist salary in Amritsar- Punjab,https://in.indeed.com/career/data-scientist/salaries/Amritsar--Punjab
Sekhri's Academy | Immigration | Infotech | LinkedIn,https://www.linkedin.com/company/sekhris
Indian-American professor receives Amazon Research Award to ...,https://www.tribuneindia.com/news/diaspora/indian-american-professor-receives-amazon-research-award-to-study-evolving-machine-learning-systems-448854
Machine Learning Internship in Amritsar cantt. | Internshala,https://internshala.com/internships/machine-learning-internship-in-amritsar%20cantt./
Python Course in Amritsar,https://www.codingbytes.com/python-course/python-course-in-amritsar/
Machine Learning Projects | Data Science Projects with Example,https://www.analyticsvidhya.com/blog/2018/05/24-ultimate-data-science-projects-to-boost-your-knowledge-and-skills/
15788 Deep Learning Jobs Openings in India,https://www.timesjobs.com/jobskill/deep-learning-jobs
Jobs at Intel in India,https://www.intel.com/content/www/us/en/jobs/locations/india.html
Machine Learning Developer job at KocharTech - Instahyre,https://www.instahyre.com/job-32386-machine-learning-developer-at-kochartech-amritsar/
Work With Us,https://www.worldbank.org/en/work-with-us
Find your dream job | Canva Careers,https://www.lifeatcanva.com/en/jobs/
All jobs - Careers at Airbnb,https://careers.airbnb.com/positions/
Remote Jobs - Work From Home,https://www.crossover.com/jobs
Best training institute for python in amritsar | Python Training in ...,http://cacms.in/python/
Artificial Intelligence Training Courses in Amritsar | NSPL RTC,http://nsplrtc.com/artificial-intelligence-training-amritsar.php
KocharTech Amritsar Reviews by 220 Employees | AmbitionBox,https://www.ambitionbox.com/reviews/kochartech-reviews/amritsar-location
Data Science Course With Python Machine Learning in Amritsar ...,https://www.apponix.com/data-science-course-in-amritsar
5 In-Demand- High Salary AI Skills Every Professional Needs to ...,https://www.analyticsinsight.net/5-in-demand-high-salary-ai-skills-every-professional-needs-to-know-about/
How to Get Into Artificial Intelligence | University of Bridgeport,https://www.bridgeport.edu/news/how-to-get-into-artificial-intelligence-field/
Panasonic Career Opportunities,https://careers.na.panasonic.com/
upGrad Careers,https://www.upgrad.com/us/careers/
Khalsa College of Engineering & Technology Ranjit Avenue- C ...,https://www.kcet.co.in/T&P%20Bulletin%2017-4-21.pdf
Career Opportunities | Starkey,https://www.starkey.com/contact-starkey-hearing/careers
HealthGuard: An Intelligent Healthcare System Security Framework ...,https://www.mdpi.com/2071-1050/14/19/11934/pdf
Executive Program in Data Analytics for HPCL Officials,https://iimamritsar.ac.in/p/capability-building-program-in-analytics-for-hpcl-executives-2
Simplilearn | Online Courses - Bootcamp & Certification Platform,https://www.simplilearn.com/
Careers at Hilton | Hilton job opportunities,https://jobs.hilton.com/apac/en
PG Department of Computer Science - Hindu College- Amritsar,http://hinducollegeamritsar.com/best-good-better-computer-science-applications-department-faculty-teacher-in-hindu-college-amritsar/
About Us - XPO,https://www.xpo.com/about-us/
Houzz Interview Questions | Glassdoor,https://www.glassdoor.com/Interview/Houzz-Interview-Questions-E716331_P3.htm
Mu Sigma Reviews | Glassdoor,https://www.glassdoor.com/Reviews/Mu-Sigma-Reviews-E253258_P2.htm
(PDF) Exterminating Computational Limits of Machine Learning with ...,https://www.researchgate.net/publication/323937925_Exterminating_Computational_Limits_of_Machine_Learning_with_Merits_of_Serverless
Weekly Highlights 179 | CreativeMornings,https://creativemornings.com/blog/weekly-highlights-179
MakeMyTrip Careers,https://careers.makemytrip.com/
Top 3319 Career Opportunities 2023 - page 6 | INOMICS,https://inomics.com/top/top/executive-senior-industry-position?page=5
Top 3369 Career Opportunities 2023 - page 5 | INOMICS,https://inomics.com/top/top/events?page=4
Top 3345 General Economics (JEL A) Economic Thought ...,https://inomics.com/top/business/jobs?page=2
Top 3347 General Economics (JEL A) Economic Thought ...,https://inomics.com/top/management/publisher?page=3
Top 3320 Career Opportunities 2023 - page 6 | INOMICS,https://inomics.com/top/marketing/other-events?page=5
Top 3352 Career Opportunities 2023 - page 3 | INOMICS,https://inomics.com/top/law/jobs?page=2
Top 3319 Career Opportunities 2023 - page 5 | INOMICS,https://inomics.com/top/management/jobs?page=4
Top 3323 Career Opportunities 2023 - page 4 | INOMICS,https://inomics.com/top/top/workshops?page=3
kunal dhawan - night filling - Countdown | LinkedIn,https://nz.linkedin.com/in/kunal-dhawan-263b241a7
Jobs & Careers - The Tribune- Chandigarh- India,https://m.tribuneindia.com/2009/20091007/jobs.htm
DIPLOMA | LinkedIn,https://uk.linkedin.com/company/diploma?trk=public_profile_profile-section-card_subtitle-click
Nimra Khan - Islāmābād- Pakistan | Professional Profile | LinkedIn,https://pk.linkedin.com/in/nimra-khan-625128218?trk=public_profile_browsemap
Product Security Jobs,https://www.monsterindia.com/search/product-security-jobs
NEW LAUNCHED 4×4 & 4×3 co2 laser machine call now ...,https://www.youtube.com/watch?v=_bzLNGFp48I
Imperial issue 41 by Imperial College London - Issuu,https://issuu.com/imperialcollegelondon/docs/imperial_issue_41_dps_9.11.16
Vidya M H di LinkedIn: #google #gcp #hr | 1.397 komentar,https://id.linkedin.com/posts/vidya-m-h-b136b3b0_google-gcp-hr-activity-6735596821885915136-7dOs?trk=public_profile_like_view
Fair Observer Monthly April 2022,https://www.fairobserver.com/wp-content/uploads/2021/07/Fair-Observer-Monthly-April-2022-2.pdf
