Title,URL
Aman Tonk - Android Engineer - PayPay Corporation | LinkedIn,https://in.linkedin.com/in/amantonk
1 Part Time Jobs in Tonk | Internshala,https://internshala.com/internships/part-time-jobs-in-tonk/
Prakhar Tonk - Design Engineer - Cummins Inc. | LinkedIn,https://www.linkedin.com/in/prakhar-tonk
Sachin Tonk on LinkedIn: #innovation #diversity #inclusivity ...,https://uk.linkedin.com/posts/sachin-tonk-8128bb14_innovation-diversity-inclusivity-activity-6945571208994160640-oFsH?trk=public_profile_like_view
Sachin Tonk - Deputy Chief Data Officer - GovTech Singapore ...,https://sg.linkedin.com/in/sachin-tonk-8128bb14
How young writers are busting into Hollywood with machine ...,https://www.latimes.com/entertainment/la-et-st-wattpad-studios-young-writers-20190201-story.html
Teaching Jobs/Non-Teaching Jobs at Dr.K.N.Modi University- Tonk ...,https://www.facultyplus.com/teaching-jobs-non-teaching-jobs-at-dr-k-n-modi-university-tonk/
What Is a Feature Store? | Tecton,https://www.tecton.ai/blog/what-is-a-feature-store/
Tonk - ArtStation,https://www.artstation.com/artwork/aYgY0q
Automate multi-modality- parallel data labeling workflows with ...,https://aws.amazon.com/blogs/machine-learning/automate-multi-modality-parallel-data-labeling-workflows-with-amazon-sagemaker-ground-truth-and-aws-step-functions/
Is AI Triggering a Rise in Temporary Jobs? - Compunnel Staffing,https://staffing.compunnel.com/blog/is-artificial-intelligence-triggering-a-rise-in-temporary-jobs/
9550 Assistant Professor Job Vacancies In Tonk - Naukri.com,https://www.naukri.com/job-listings-ipr-law-assistant-professor-banasthali-vidyapith-tonk-3-to-5-years-070917500934
Recreational Drug Use: A Major Risk Factor for Gastroschisis ...,https://academic.oup.com/aje/article-abstract/167/4/485/233427
University Jobs Archives | SkillOutlook.com,https://skilloutlook.com/tag/university-jobs
ThinkTank®Products Inc. | LinkedIn,https://ca.linkedin.com/company/thinktank-products-inc-
Congressman Paul Tonko,https://tonko.house.gov/
Does George Strait require a 'Honky Tonk Time Machine ...,https://www.heraldnet.com/life/does-george-strait-require-a-honky-tonk-time-machine/
Postdoctoral Position Inflammation Cancer Jobs- Employment ...,https://www.indeed.com/q-Postdoctoral-Position-Inflammation-Cancer-jobs.html
Home Page | Montefiore Nyack,https://www.montefiorenyack.org/
40 Saddest Country Songs of All Time – Rolling Stone,https://www.rollingstone.com/music/music-lists/40-saddest-country-songs-of-all-time-158907/
Weighted Job Scheduling in O(n Log n) time - GeeksforGeeks,https://www.geeksforgeeks.org/weighted-job-scheduling-log-n-time/
BGP with Andree Toonk - Software Engineering Daily,https://softwareengineeringdaily.com/2020/12/02/bgp-with-andree-toonk/
Culture | DataRobot | Join the Machine Learning revolution,https://www.datarobot.com/culture/
Raven Industries: Helping Farmers Serve the World,https://ravenind.com/
Iterative Supervised Principal Component Analysis Driven Ligand ...,https://www.ncbi.nlm.nih.gov/pmc/articles/PMC8318334/
Home - Atrium,https://atrium.ai/
Milton Academy: Home,https://www.milton.edu/
Nymphadora Tonks | Harry Potter Wiki | Fandom,https://harrypotter.fandom.com/wiki/Nymphadora_Tonks
Texas Music In Europe,https://gato-docs.its.txstate.edu/jcr:53018184-f861-42b6-8386-b22c0ff0f85f/Volume_4_No_1_Texas%20Music%20in%20Europe.pdf
Alberto G. Rossi,https://sites.google.com/site/albertorossifrb/home
Introduction to Electricity,https://www2.latech.edu/~kcorbett/LWTL/ENGT122/notes/11_ResourcesAnd%20Safety.pptx
The Honky Tonk Kid's World Tour » Waco Insider,https://wacoinsider.com/2022/03/09/the-honky-tonk-kids-world-tour/
Michael TONKS | Professor (Full) | Ph.D. Mechanical Engineering ...,https://www.researchgate.net/profile/Michael-Tonks
Gordon Research Conferences,https://www.grc.org/
Data Analyst Salary in India (2022) – For Freshers & Experienced ...,https://www.interviewbit.com/blog/data-analyst-salary/
Mathematics for AI: All the essential math topics you need | by ...,https://towardsdatascience.com/mathematics-for-ai-all-the-essential-math-topics-you-need-ed1d9c910baf
Empty Bottle,https://www.emptybottle.com/
Coding Bootcamps in Austin | BestColleges,https://www.bestcolleges.com/bootcamps/find-bootcamps/austin/
See Cloud Community Days Jaipur - Brought to you by GDG Cloud ...,https://gdg.community.dev/events/details/google-gdg-cloud-jaipur-presents-cloud-community-days-jaipur-brought-to-you-by-gdg-cloud/
Reducing Racial and Gender Bias in Machine Learning and Natural ...,https://terra-docs.s3.us-east-2.amazonaws.com/IJHSR/Articles/volume3-issue6/2021_36_p17_Mandis.pdf
A normal tank vs The Tonk (at scale) : r/starcitizen,https://www.reddit.com/r/starcitizen/comments/h8inw9/a_normal_tank_vs_the_tonk_at_scale/
CSHL Postdoctoral Fellows - Cold Spring Harbor Laboratory,https://www.cshl.edu/research/postdoctoral-research/postdocs/
Hastings Funds Management | LinkedIn,https://au.linkedin.com/company/hastings-funds-management
List of Music Terms | Vocabulary | EnglishClub,https://www.englishclub.com/vocabulary/music-vocabulary.htm
About Our Company – Zeetron Networks,https://www.zeetronnetworks.com/internship/about-us.php
Kerry Tonks på LinkedIn: Neurodiversity Awareness Workshop,https://no.linkedin.com/posts/kerry-b-mitchell-tonks_neurodiversity-awareness-workshop-activity-7018855594795114496-tTGy
Master of Computer Applications (MCA) Course at Dr K N Modi ...,https://universitykart.com/university/universitycourse/dr-k-n-modi-university-tonk/master-of-computer-applications
Tennessee Secretary of State: Home,https://sos.tn.gov/
Glen Tonks - Country CEO - Credit Suisse | LinkedIn,https://gg.linkedin.com/in/glen-tonks-37592722
Best Computer Training Institutes Aligarh Tonk - Justdial,https://www.justdial.com/Tonk/Computer-Training-Institutes-in-Aligarh/nct-10124277
Sachin Tonk: Home,https://www.sachintonk.com/
Katherine Worsley-Tonks (@KWorsleyTonks) / Twitter,https://twitter.com/KWorsleyTonks
Tonk Water Supply Review by 1 Employee | AmbitionBox,https://www.ambitionbox.com/reviews/tonk-water-supply-reviews
World Bank Document,https://documents1.worldbank.org/curated/en/099130206212264929/pdf/P1761490ac22a40cc0b57f009d76eeb23b4.pdf
Eric Church to Open 6-Story Honky-Tonk in Downtown Nashville,https://tasteofcountry.com/eric-church-nashville-honky-tonk-chiefs/
PCA: Application in Machine Learning | by Harsha Goonewardana ...,https://medium.com/apprentice-journal/pca-application-in-machine-learning-4827c07a61db
Honky Tonk Christmas (Honky Tonk Cowboys Series #4) by Carolyn ...,https://www.barnesandnoble.com/w/honky-tonk-christmas-carolyn-brown/1100202597
Machine Learning for Catalysis Informatics: Recent Applications and ...,https://pubs.acs.org/doi/10.1021/acscatal.9b04186
Machine Learning Articles | dispatch-category - Mode,https://mode.com/analytics-dispatch/machine-learning-articles/
Accelerating Computer Vision Utilization and Value Creation,https://topdatascience.com/accelerating-computer-vision-utilization-and-value-creation/
Machine learning Jobs: Jobs for freshers with Machine learning ...,https://www.freshersworld.com/machine-learning-jobs/3535242
Hank Williams - Wikipedia,https://en.wikipedia.org/wiki/Hank_Williams
Transport Services From Delhi To Tonk - Trucknetic,https://trucknetic.com/transport-services-from-delhi-to-tonk/
Stitching Services- Stitching Job Work in Tonk- सिलाई सेवाएं- टोंक,https://dir.indiamart.com/tonk/stitching-services.html
Nearest Branches & Bank ATMs in Tonk- Rajasthan | HDFC Bank,https://near-me.hdfcbank.com/branch-atm-locator/location/rajasthan/tonk
Senior Product Manager- Machine Learning at Clarifai • New York ...,https://angel.co/company/clarifai/jobs/2414369-senior-product-manager-machine-learning
Racks Sports Bar & Grill - Burnsville- MN,https://racks-bar.com/
Apply to 45 Job Openings in Tonk-Search Latest Tonk Job Offers ...,https://www.placementindia.com/jobs-in-tonk.htm
Ventura Foods | Together We Make Food Extraordinary,https://www.venturafoods.com/
Contact Us | Intellipaat.com,https://intellipaat.com/contact-us/
Finetuning Machine Learning Models - CoreWeave,https://docs.coreweave.com/compass/finetuning-machine-learning-models
Modern Data Stack - GoDataDriven,https://godatadriven.com/topic/modern-data-stack/
A glossary of cricket terms | ESPNcricinfo,https://www.espncricinfo.com/story/a-glossary-of-cricket-terms-239756
Past Seminars & Events | Department of Chemistry | College of ...,https://cse.umn.edu/chem/past-seminars-events?field_category_target_id=All&page=2
17 Nashville Startups You Should Know | Built In,https://builtin.com/nashville/nashville-startups
How to speak so that people want to listen | Julian Treasure - YouTube,https://www.youtube.com/watch?v=eIho2S0ZahI
Machine Learning - HEXAVOLTS,http://hexavolts.com/machine-learning/
Bouncing Back: Using Technology To Return Employees To Work ...,https://www.hr.com/en/magazines/all_articles/bouncing-back-using-technology-to-return-employees_kgrvfcuf.html
The Clinical Teacher: Vol 9- No 6,https://onlinelibrary.wiley.com/toc/1743498x/2012/9/6
Beginner Python lessons,https://www.superprof.co.uk/lessons/python/united-kingdom/beginner/145/
Tweets with replies by Dr MariaTeresa Esposito (@MariaTeresaEs ...,https://mobile.twitter.com/MariaTeresaEs/with_replies
Tweets with replies by Jonathan Kephart (@jonkephart3) / Twitter,https://mobile.twitter.com/jonkephart3/with_replies
Grammy top 40,https://nypost.com/2010/01/31/grammy-top-40/
Humor Therapy - The Clumsy Klum - ABILITY Magazine,https://abilitymagazine.com/humor-therapy-the-clumsy-klum/
Use unskilled in a sentence - RhymeZone,https://www.rhymezone.com/r/rhyme.cgi?typeofrhyme=wke&loc=thesql&Word=unskilled
Web Application Security Training Courses- Classes- Institutes ...,https://www.sulekha.com/web-application-security-training/
Untitled,https://media.defense.gov/2022/Aug/31/2003068519/-1/-1/0/THE%20HERCULES%20HERALD_23%20JAN%201981.PDF
Index des auteurs – International Review of Research in Open and ...,https://www.erudit.org/fr/revues/irrodl/auteurs/?letter=T
President hails US high school students' roles - People's Daily Online,http://en.people.cn/n3/2019/0422/c90000-9570353.html
Legislature,https://www.click2houston.com/topic/Legislature/
Annual Report- 2015-2016,https://scholarworks.uark.edu/cgi/viewcontent.cgi?article=1002&context=engr-annual
ORMS Today August 2016 by Lionheart Publishing Inc. - Issuu,https://issuu.com/lionheartpublishinginc/docs/orms_today_august2016
Leadership Book Lists,https://www.goodreads.com/list/tag/leadership?page=5
First Performers Announced For 56th GRAMMYs,https://www.grammy.com/news/performers-announced-for-grammys
the effect of case based learning on tenth grade students ...,https://etd.lib.metu.edu.tr/upload/12610321/index.pdf
LIVE: RI Native Musician Nico Franc on His ... - GoLocalProv,https://www.golocalprov.com/live/live-ri-native-musician-nico-franc-on-his-homegrown-tour
Interpersonal Relationships- Motivation- Engagement- and ...,https://journals.sagepub.com/doi/full/10.3102/0034654308325583
Ultimate Battle,https://www.walmart.com/c/kp/ultimate-battle
