Title,URL
Career opportunities | Employment | Job openings at Eaton India,https://www.eaton.com/in/en-us/company/careers.html
Find jobs by job category,https://www.amazon.jobs/search-jobcategory
Careers at NCR: Find Jobs and a Career at NCR | NCR,https://www.ncr.com/careers
Siddhardhan S - Engineer (Machine Learning for Healthcare ...,https://in.linkedin.com/in/siddhardhan-s-741652207?trk=public_profile_browsemap
Data Science Internship in Pondicherry | Internshala,https://internshala.com/internships/data-science-internship-in-pondicherry/
Confidence to Deploy AI with World-Class Training Data,https://appen.com/
Prateek Upadhyay - Machine Learning Engineer - Quantiphi | LinkedIn,https://in.linkedin.com/in/prateek-upadhyay-97a60b122
Best Artificial Intelligence Course in Pondicherry [Rated #1],https://www.simplilearn.com/artificial-intelligence-training-courses-pondicherry-city
Artificial intelligence and Machine Learning Technologies ...,https://mvit.edu.in/artificial-intelligence-and-machine-learning-technologies/
Top Companies Hiring for Sales Jobs in Pondicherry | Glassdoor,https://www.glassdoor.com/Explore/top-sales-companies-pondicherry_ID.4,9_IDEPT1021_IL.20,31_IS4950.htm
Data scientist salary in Puducherry- Puducherry,https://in.indeed.com/career/data-scientist/salaries/Puducherry--Puducherry
Artificial Intelligence Course in Pondicherry - Best AI Training,https://intellipaat.com/artificial-intelligence-course-pondicherry/
Data Science & Analytics jobs in India/Pondicherry | Submit your CV ...,https://snaphunt.com/job-listing/Pondicherry-India/all-locationtypes/Data%20Science%20%26%20Analytics/Aviation%2C%20Transport%20%26%20Logistics/Permanent
Best Data Science Course in Pondicherry - IIT Madras CCE Training,https://intellipaat.com/data-scientist-course-training-pondicherry/
Arnav Pondicherry - Resident Doctor - Dartmouth-Hitchcock | LinkedIn,https://www.linkedin.com/in/arnav-pondicherry
Careers at Tripadvisor | Tripadvisor jobs opportunities,https://careers.tripadvisor.com/
Tarun Pondicherry - Cofounder & CTO - LightUp | LinkedIn,https://www.linkedin.com/in/tarunpondicherry
Jobs at Lenovo,https://jobs.lenovo.com/en_US/careers/Internship
Data Analytics Course Training in Pondicherry - 360DigiTMG,https://360digitmg.com/india/data-analytics-course-in-pondicherry
Enakshi Jana - Artificial Intelligence Engineer - EDMI Limited ...,https://sg.linkedin.com/in/enakshi-jana-059371176
Data Science Course in Pondicherry | Data Science Training in ...,https://www.fita.in/data-science-course-in-pondicherry/
Data Scientist Salary in Puducherry/Pondicherry | AmbitionBox,https://www.ambitionbox.com/profile/data-scientist-salary/puducherry-location
Python Training In Pondicherry | Python Course In Pondicherry ...,https://www.livewireindia.com/blog/python-training-in-pondicherry-python-course-in-pondicherry-livewire/
Best Data Science Institute - Fireblaze AI School,https://fireblazeaischool.in/data-science-course-training-pondicherry
Work with Us in India – Whirlpool Corporation Careers,https://www.whirlpoolcareers.com/india/
Artificial Intelligence and Data Science | SMVEC Puducherry,https://smvec.ac.in/departments/artificial-intelligence-and-data-science/
Working at Unilever | Jobs and Careers at Unilever,https://careers.unilever.com/
Big Data Hadoop Course in Pondicherry [#1 LIVE Training Institute],https://www.edureka.co/big-data-hadoop-training-certification-pondicherry
▷ Machine Learning assignment jobs | TeacherOn,https://www.teacheron.com/assignment-machine_learning-tutor-jobs
Chakra School of Data science,https://www.chakradbi.com/
Machine Operator Job Vacancies in Pondicherry state-Machine ...,https://www.placementindia.com/job-search/machine-operator-jobs-in-pondicherry-state.htm
Job - Datamatics Entry Level Recruitment for Software Developers at ...,https://chetanas.com/jobs/datamatics-developers-pondicherry/
PONDICHERRY UNIVERSITY Artificial Intelligence and Machine ...,https://www.pondiuni.edu.in/wp-content/uploads/2022/04/Syllabus_Affiliated_Eng_B.Tech_.-Artificial-Intelligence-Machine-Learning-2022-23.pdf
Internships,https://jobs.dell.com/internships
Infosys Careers - Internships,https://www.infosys.com/careers/internships.html
Data Science Course in Pondicherry - 100% Job Oriented Training,https://www.acte.in/data-science-training-in-pondicherry
upGrad Careers,https://www.upgrad.com/us/careers/
Article: Sentiment analysis of book reviews using CNN with n-grams ...,https://www.inderscience.com/info/inarticle.php?artid=119882
(PDF) An Agent based Resource Provision for IoT through Machine ...,https://www.researchgate.net/publication/336781657_An_Agent_based_Resource_Provision_for_IoT_through_Machine_Learning_in_Fog_Computing
Vyaktitva | LinkedIn,https://au.linkedin.com/company/vyaktitva?trk=public_profile_profile-section-card_subtitle-click
A Comprehensive Survey on Workflow Scheduling Algorithms in ...,https://dl.acm.org/doi/abs/10.1145/2980258.2980303
Novel Metrics for Bug Triage,https://citeseerx.ist.psu.edu/document?repid=rep1&type=pdf&doi=7ca4cd50c9ce8773b041dfdadf0a0bba525f2027
How Much Does Yelp Pay in 2022? (6-134 Salaries) | Glassdoor,https://www.glassdoor.co.uk/Salary/Yelp-Salaries-E43314_P2.htm
Bright tech Training Institute Puducherry | Get proficiency in Job ...,https://www.facebook.com/BrightTechPdy/videos/bright-tech-training-institute-puducherry/964044181073267/
Salary: Kinaxis Operations | Glassdoor,https://www.glassdoor.ca/Salary/Kinaxis-Operations-Salaries-EI_IE13770.0,7_DEPT1016.htm
