Title,URL
Best Tech Companies and Startups to Work for in Gwalior- Madhya ...,https://angel.co/startups/location/gwalior
Find jobs by job category,https://www.amazon.jobs/search-jobcategory
Abhishek - Gwalior- : 3rd year IIIT Student good at coding|data ...,https://www.superprof.co.uk/3rd-year-iiit-student-good-coding-data-science-android-development-machine-learning-giving-computer-programming-tuitions-school.html
42 Machine Learning Jobs and Vacancies in Madhya Pradesh - 3 ...,https://in.indeed.com/Machine-Learning-jobs-in-Madhya-Pradesh
Machine Learning Course in Gwalior- Training | Sulekha,https://www.sulekha.com/machine-learning-courses/gwalior
Online Machine Learning Training Gwalior | ML training Course in ...,http://www.affyinformatics.com/machine-learning-with-python-training-in-gwalior.html
Internship in Gwalior | Internshala,https://internshala.com/internships/internship-in-gwalior/
Rajesh Kumar - Senior Machine Learning Engineer - Apple | LinkedIn,https://sg.linkedin.com/in/havingfun
Data Science Course With Python Machine Learning in Gwalior ...,https://www.apponix.com/data-science-course-in-gwalior
Data Science with Python Training in Gwalior,https://www.simplilearn.com/python-for-data-science-training-gwalior-city
MITS- Gwalior Recruiting 24 Assistant Professor,https://updateournext.com/mits-gwalior-recruiting-24-assistant-professor/
Engineering | Uber Careers,https://www.uber.com/us/en/careers/teams/engineering/
Athulya - New Delhi- : System Engineer || IIIT-Gwalior M.Tech CS ...,https://www.superprof.ng/system-engineer-iiit-gwalior-tech-computer-networks-data-structures-and-algorithms-web-technology-machine.html
Madhav Institute of Technology & Science Gwalior Recruiting 24 ...,https://skilloutlook.com/govt-jobs/madhav-institute-of-technology-science-gwalior-recruiting-24-assistant-professors
▷ Electronics and Communication tutors in Gwalior - TeacherOn,https://www.teacheron.com/electronics_and_communication-tutors-in-gwalior?ul=3Y
9 Best Freelance Android App Developers For Hire Near Gwalior- IN ...,https://www.upwork.com/l/in/android-app-developers-in-gwalior/
Nishant Agrawal - Senior Machine Learning Engineer - PathAI ...,https://www.linkedin.com/in/nishant-ag
Live Python Training in Gwalior | #1 Python Course in Gwalior,https://www.edureka.co/python-programming-certification-training-gwalior
IIITM Gwalior,https://www.iiitm.ac.in/index.php/en/component/splms/teacher/Dr.PINKURANJAN
Full Stack Web Development/Data Science/Cloud & DevOps Trainer ...,https://www.naukri.com/job-listings-full-stack-web-development-data-science-cloud-devops-trainer-shri-sai-education-gwalior-indore-jabalpur-0-to-3-years-291222007065
Business Analytics Course Training in Gwalior,https://360digitmg.com/india/business-analytics-course-in-gwalior
See DevFest India 2021 at Google Developer Groups GDG Gwalior,https://gdg.community.dev/events/details/google-gdg-gwalior-presents-devfest-india-2021/
Regular Faculty Positions at IITM Gwalior- MP- India,https://researchersjob.com/faculty-positions-at-iitm-gwalior-2/
MathWorks Senior Software Engineer Reviews | Glassdoor,https://www.glassdoor.com/Reviews/MathWorks-Senior-Software-Engineer-Reviews-EI_IE17117.0,9_KO10,34_IP2.htm
Mradul Dhakar | MITS Gwalior - Academia.edu,https://mitsgwalior.academia.edu/MradulDhakar
Deep kernel learning in extreme learning machines | Request PDF,https://www.researchgate.net/publication/342502783_Deep_kernel_learning_in_extreme_learning_machines
Financial Time Series Forecast using Simulated Annealing and ...,https://www.researchgate.net/publication/220709609_Financial_Time_Series_Forecast_using_Simulated_Annealing_and_Threshold_Acceptance_Genetic_BPA_Neural_Network
Ai-Enabled Recruitment: Here'S Everything You Would Want To ...,https://www.thehighereducationreview.com/magazine/aienabled-recruitment-here-s-everything-you-would-want-to-know-QMNO599219992.html
Data Science In Hindi- Data Science For Beginners- What Is Data ...,https://www.youtube.com/watch?v=U_CCKibxYjs
Kraft Heinz Company Employment and Reviews | SimplyHired,https://www.simplyhired.com/company/Kraft%20Heinz%20Company/?l=Madison%2C+WI
MANISH VISHWAKARMA - Deputy Chief Engineer - Fichtner ...,https://eg.linkedin.com/in/manish-vishwakarma-66482032
Free Online Tutorials and Courses,https://dev.tutorialspoint.com/tutorialslibrary.htm
Top 3345 General Economics (JEL A) Economic Thought ...,https://inomics.com/top/business/jobs?page=2
KYC — Know your company — INFOSYS | by E-Cell IIITM | Medium,https://ecell-iiitm.medium.com/kyc-know-your-company-infosys-3a4167de95b3
Top Information Technology (IT) Companies in the World - 2022 ...,https://clutch.co/it-services?page=459
Siemens "big company" Reviews | Glassdoor,https://www.glassdoor.co.uk/Reviews/Siemens-big-company-Reviews-EI_IE3510.0,7_KH8,19.htm
Cryptocurrency technology: Prospects in the success of different ...,https://papers.ssrn.com/sol3/Delivery.cfm/SSRN_ID3323865_code3272167.pdf?abstractid=3323865&mirid=1
A Computational Grid Scheduling Model to Maximize Reliability ...,https://www.igi-global.com/chapter/computational-grid-scheduling-model-maximize/69025
Erp Data Jobs in India - TimesJobs,https://m.timesjobs.com/jobskill/erp-data-jobs
Training & Placement Cell RJIT | Tekanpur,https://www.facebook.com/tporjit/?locale=hr_HR
Autonomous Maintenance Jobs in India - 15925 Autonomous ...,https://www.timesjobs.com/jobskill/autonomous-maintenance-jobs
Corporate Infotech Reviews by 158 Employees | AmbitionBox,https://www.ambitionbox.com/reviews/corporate-infotech-pvt-dot-ltd-reviews?page=5
