Title,URL
Sahan Khan - System Engineer - Infosys | LinkedIn,https://in.linkedin.com/in/sahan-khan-153156191
Internship in Azamgarh | Internshala,https://internshala.com/internships/internship-in-azamgarh/
Vedanta Hospital Salaries in Azamgarh | AmbitionBox,https://www.ambitionbox.com/salaries/vedanta-hospital-salaries/azamgarh-location
upGrad hiring Admissions Counselor in Azamgarh - Join leading ...,https://earlytutors.com/jobs/upgrad-admissions-counselor-in-azamgarh-up/
Enza Zaden Jobs & Careers - 7 Open Positions | Glassdoor,https://www.glassdoor.com/Jobs/Enza-Zaden-Jobs-E458037.htm
Careers | R1 RCM,https://www.r1rcm.com/careers
Shibli National Post Graduate College Azamgarh | Azamgarh,https://www.facebook.com/ShibliNationaPostGraduatecollege/
Arcadis IBI Group,https://www.ibigroup.com/
Jobs in Azamgarh - Check Latest (80) Job Openings (February 2023 ...,https://www.quikr.com/jobs/azamgarh+zwqxj760939060
Top 10 Share Market Courses in Azamgarh- Training Classes ...,https://www.sulekha.com/share-marketing-job-training/azamgarh
Jobs In Azamgarh Up - 37491 Job Vacancies In Azamgarh Up ...,https://www.naukri.com/jobs-in-azamgarh-up
Purvanchal Center For Innovation and Incubation Foundation ...,http://www.pciif.com/
Amit Kumar Gupta - Principal Software Engineer - Cardlytics | LinkedIn,https://www.linkedin.com/in/amitkrg
Top Computer Job Works in Azamgarh - कंप्यूटर जॉब वर्क्स- आजमगढ़ ...,https://www.justdial.com/Azamgarh/Computer-Job-Works/nct-10613852
Machine Learning and Chemistry: Are We There Yet? – MolSSI,https://molssi.org/machine-learning-and-chemistry-are-we-there-yet/
Data Science Training Course in Azamgarh - Fees- Placements,http://quickxpert.com/data-science-training-course-in-azamgarh
Rajkiya Engineering College- Deogaon- Azamgarh-276201 (UP)- India,http://gecazamgarh.ac.in/
List | What Type of a Data Structure is List | List for Data Science,https://www.analyticsvidhya.com/blog/2021/04/understanding-the-concept-of-list/
SAS Training- Courses & Classes | SAS India,https://www.sas.com/en_in/training/overview.html
Best Grader Operator Training Institute In Azamgarh (UP) | Grader ...,https://www.youtube.com/watch?v=YvgZJc9Wsug
(PDF) Exploitation of Machine Learning Algorithms for Detecting ...,https://www.researchgate.net/publication/364355413_Exploitation_of_Machine_Learning_Algorithms_for_Detecting_Financial_Crimes_Based_on_Customers
Adani Wilmar: Home,https://www.adaniwilmar.com/
Resume,https://www.slideshare.net/ramjatanyadav/resume-64394237
Rakesh Kumar Singh's Review On Feroze Gandhi Institute Of ...,https://collegedunia.com/reviews/15494-rakesh-kumar-singh-review-on-feroze-gandhi-institute-of-engineering-and-technology-fgiet-rae-bareli
POLICY WORDINGS,https://tagic-cms-dev.s3.ap-south-1.amazonaws.com/Policy_Wordings_home_guard_plus_policy.pdf_8d9747efb2.pdf
Domestic Travel Protection Policy Wording.cdr,https://tagic-cms-dev.s3.ap-south-1.amazonaws.com/Policy_Wordings_domestic_travel_protection.pdf_d5dea0cdc2.pdf
