Title,URL
Faculty - NIT Trichy,https://www.nitt.edu/home/academics/departments/cse/faculty
Department of Computer Science- Bharathidasan University ...,https://in.linkedin.com/company/department-of-computer-science-bharathidasan-university-tiruchirappalli
Best Data Science Course in Trichy - IIT Madras CCE Training,https://intellipaat.com/data-scientist-course-training-trichy/
126 Data Scientist jobs in Tiruchirappalli- Tamil Nadu- India (3 new),https://in.linkedin.com/jobs/data-scientist-jobs-tiruchirappalli
Chockalingam Ravi Sundaram - Senior Machine Learning Engineer ...,https://www.linkedin.com/in/chockalingam-ravi-sundaram-723592102
Machine Learning Internship in Tiruchirappalli | Internshala,https://internshala.com/internships/machine-learning-internship-in-tiruchirappalli/
Venkat Gunabalan - Engineering Manager - Microsoft | LinkedIn,https://www.linkedin.com/in/venki421
1 Subject Matter Expert (SME) Jobs for Freshers in Tiruchirappalli ...,https://internshala.com/fresher-jobs/subject-matter-expert-(sme)-jobs-in-Tiruchirappalli/
Nithin Shrivatsav Srikanth - Algorithm Engineer (Computer Vision ...,https://www.linkedin.com/in/nithin-shrivatsav-srikanth
Careers | Modelon,https://modelon.com/company/careers/
FDP on MACHINE LEARNING and DEEP ... - uLektz Events,https://www.ulektzevents.com/FDP-on-MACHINE-LEARNING-and-DEEP-LEARNING-2023,-CARE-College-of-Engineering,-Faculty-Development-Program,-Tiruchirappalli-MjQzNA==
Job search | Amazon.jobs,https://www.amazon.jobs/en/search?base_query=&loc_query=Tamil+Nadu%2C+India&region=Tamil+Nadu&country=IND
Artificial Intelligence Course in Tiruchirappalli - Best Training ...,http://quickxpertinfotech.com/artificial-intelligence-course-in-tiruchirappalli
Artificial Intelligence and Machine Learning | Trichy - SRM University,https://srmtrichy.edu.in/engineering-and-technology/artificial-intelligence-and-machine-learning/
Machine Learning (ML) Course Training in Trichy,https://360digitmg.com/india/machine-learning-course-training-in-trichy
Online Deep Learning Trainer in Trichy Main Rd- Tiruchirappalli ...,https://www.urbanpro.com/tiruchirappalli/online-deep-learning-trainer-in-trichy-main-rd/35023409
537 Technology Hiring At Omega Healthcare- Trichy Jobs and ...,https://in.indeed.com/Technology-Hiring-At-Omega-Healthcare,-Trichy-jobs-in-Tiruchchirappalli,-Tamil-Nadu
IIIT Trichy,http://www.iiitt.ac.in/
Lincode Labs Salaries in Tiruchirappalli | AmbitionBox,https://www.ambitionbox.com/salaries/lincode-labs-salaries/tiruchirappalli-location
| IIM Tiruchirappalli,https://www.iimtrichy.ac.in/student-profiles/view/EDPM/2021/719/Rajesh_Shankaranarayana
CARE College of Engineering- Trichy FDP on Deep Learning ...,https://www.facultyplus.com/care-college-of-engineering-trichy-fdp-on-deep-learning/
Current Openings | Tiger Analytics,https://www.tigeranalytics.com/current-openings/
Indian Institute of Information Technology Tiruchirappalli invites ...,https://www.facultytick.com/2022/08/18/indian-institute-of-information-technology-tiruchirappalli-invites-eligible-candidates-for-appearing-in-walk-in-interview-for-the-following-temporary-faculty-posts/
Python Training in Tiruchirappalli | Best Python Course with ...,https://www.acte.in/python-training-in-tiruchirappalli
Artificial Intelligence Course in Trichy | Artificial Intelligence Training ...,https://www.fita.in/artificial-intelligence-course-in-trichy/
Freshworks careers | Explore Job Opportunities at Freshworks,https://www.freshworks.com/company/careers/
Machine Learning- Cyber Security- IOT and Data Analytics Trainer ...,https://www.quikr.com/jobs/machine-learning-cyber-security-iot-and-data-analytics-trainer-trichy/p/360376935
Access Healthcare: Revenue cycle- medical billing- medical coding,https://www.accesshealthcare.com/
Improving the prediction accuracy of low back pain using machine ...,https://www.researchgate.net/publication/348130988_Improving_the_prediction_accuracy_of_low_back_pain_using_machine_learning_through_data_pre-processing_techniques
Heuristic Based Approach for BI-Criteria Optimization of Minimizing ...,https://citeseerx.ist.psu.edu/document?repid=rep1&type=pdf&doi=3e4a96e0abbe1290e8577bc1e3e15cde4a3bf8cf
Mahalakshmi Gurudevan - Oracle Database Administrator ...,https://za.linkedin.com/in/mahalakshmi-gurudevan-07a24140
Covid‐19 cases prediction using SARIMAX Model by tuning ...,https://europepmc.org/article/pmc/pmc9349557
Modified multi-objective firefly algorithm for task scheduling problem ...,https://dl.acm.org/doi/abs/10.1504/IJBIC.2016.081325
International Conference on Sustainable Computing in Science ...,https://papers.ssrn.com/sol3/Delivery.cfm/SSRN_ID3355131_code3076116.pdf?abstractid=3355131&mirid=1
Ahamed wasim sathak - الرياض السعودية | ملف شخصي احترافي ...,https://sa.linkedin.com/in/ahamed-wasim-sathak-b6b873193?trk=people-guest_people_search-card
The total number of candidates... - University of Hyderabad | Facebook,https://m.facebook.com/story.php?story_fbid=10158734246851053&id=170140271052&m_entstream_source=permalink
Palantir Technologies - Forward Deployed Software Engineer: UK ...,https://jobs.lever.co/palantir/1d51a14a-e65c-479b-a36c-ba8745df4c7d/apply
