Title,URL
Machine Learning Jobs In Pune,https://www.naukri.com/machine-learning-jobs-in-pune
1-000+ Machine Learning jobs in Pune- Maharashtra- India (31 new),https://in.linkedin.com/jobs/machine-learning-jobs-pune
Machine learning Jobs in Pune- February 2023 | Glassdoor,https://www.glassdoor.co.in/Job/pune-machine-learning-jobs-SRCH_IL.0,4_IC2856202_KO5,21.htm
390 Deep Learning jobs in Pune- Maharashtra- India (11 new),https://in.linkedin.com/jobs/deep-learning-jobs-pune
576 Machine Learning Job Vacancies in Pune - Jan (2023),https://www.foundit.in/search/machine-learning-jobs-in-pune
20 Best machine learning jobs in Pune- Maharashtra (Hiring Now ...,https://www.simplyhired.co.in/search?q=machine+learning&l=pune%2C+maharashtra
CloudMoyo is hiring Machine Learning Engineer job in Pune ...,https://cutshort.io/job/Machine-Learning-Engineer-Pune-CloudMoyo-Ulo9Pu5Y
Machine Learning Science | Amazon.jobs,https://www.amazon.jobs/en/job_categories/machine-learning-science
Search Jobs - Google Careers,https://careers.google.com/jobs/
Machine Learning - CONSULTANT,https://jobs.atos.net/job/Pune%2C-Maharashtra-Machine-Learning-CONSULTANT-411045/868873001/
Careers at Microsoft | Microsoft jobs,https://careers.microsoft.com/us/en/
Careers | Autodesk,https://www.autodesk.com/careers/overview
Machine learning engineer Jobs in Pune- February 2023 | Glassdoor,https://www.glassdoor.com/Job/pune-machine-learning-engineer-jobs-SRCH_IL.0,4_IC2856202_KO5,30.htm
Senior Machine Learning Engineer - C12 - AVP (CTS-07152022 ...,https://jobs.citi.com/job/pune/senior-machine-learning-engineer-c12-avp-cts-07152022-r22053504/287/40711735424
Machine Learning Jobs in Pune in 2023 | Work From Home Jobs,https://www.turing.com/jobs/machine-learning-jobs-in-pune
Red Hat Jobs | Opportunities are open,https://www.redhat.com/en/jobs
Professional Certificate Program In AI And Machine Learning- Pune,https://www.simplilearn.com/pgp-ai-machine-learning-certification-training-course-pune-city
Deep Learning Scientist - Medical Imaging at Lenek Technologies ...,https://angel.co/company/lenek-technologies/jobs/2442799-deep-learning-scientist-medical-imaging
Entry Level Machine Learning Jobs,https://www.springboard.com/blog/data-science/entry-level-machine-learning-jobs/
Work with Us | BNY Mellon,https://www.bnymellon.com/us/en/careers/work-with-us.html
Explore job opportunities | Adobe careers,https://www.adobe.com/careers.html
Define your career with IBM,https://www.ibm.com/careers/in-en/
Jobs at NVIDIA | NVIDIA Careers,https://www.nvidia.com/en-in/about-nvidia/careers/
Specialist-Machine Learning Ops in Hadapsar Pune- India | Eaton,https://jobs.eaton.com/jobs/130618?lang=en-us
Machine Learning Jobs in Pune- Maharashtra (Feb 2023) - 110 ...,https://www.shine.com/job-search/machine-learning-jobs-in-pune
All Machine Learning jobs in Pune- Maharashtra — Jobs in AI/ML ...,https://ai-jobs.net/machine-learning-jobs-in-maharashtra/pune/
Data Scientist Jr. & Sr. | thyssenkrupp,https://jobs.thyssenkrupp.com/en/job/Data-Scientist-Jr.-Sr.-Pune?id=802001
Careers | CrowdStrike,https://www.crowdstrike.com/careers/
Careers at Airbnb,https://careers.airbnb.com/
Machine Learning Engineer Salary in Pune | AmbitionBox,https://www.ambitionbox.com/profile/machine-learning-engineer-salary/pune-location
PubMatic Data Scientist / Machine Learning Engineer ...,https://jobs.smartrecruiters.com/PubMatic/743999828609554-data-scientist-machine-learning-engineer
Careers at TIAA | TIAA jobs,https://careers.tiaa.org/global/en/
Machine Learning Jobs In Pune,https://www.timesjobs.com/jobs-in-pune/machine-learning-jobs
Machine Learning Fresher Jobs in Pune-Machine Learning Job ...,https://www.placementindia.com/job-search/machine-learning-fresher-jobs-in-pune.htm
Best Machine Learning Jobs for Fresher's in 2021,https://nearlearn.com/blog/machine-learning-jobs-for-freshers-in-2021/
Nutanix Careers | Jobs- Culture and Life at Nutanix,https://www.nutanix.com/company/careers
AIML Graph Engineer II in Pune- India - Mastercard Jobs,https://mastercard.jobs/pune-ind/aiml-graph-engineer-ii/F1DDE00EA26F454B932F71462989A48A/job/
Jobs at Synopsys | Synopsys Careers,https://www.synopsys.com/careers.html
Is Machine Learning a Good Career? (2023 Guide) | BrainStation®,https://brainstation.io/career-guides/is-machine-learning-a-good-career
Become a Machine Learning Engineer | Udacity,https://www.udacity.com/course/aws-machine-learning-engineer-nanodegree--nd189
Careers at Amdocs | AMDOCS,https://www.amdocs.com/careers/home
Urgent: Machine learning Jobs in Pune - February 2023 - 4788 ...,https://in.jooble.org/jobs-machine-learning/Pune
Careers at Zocdoc,https://www.zocdoc.com/about/careers-list/
Data & Analytics | Jobs & Internships | JPMorgan Chase & Co.,https://careers.jpmorgan.com/us/en/our-businesses/data-analytics
Search Jobs - Ubisoft,https://www.ubisoft.com/en-us/company/careers/search
Careers at NXP | NXP Semiconductors,https://www.nxp.com/company/about-nxp/careers:CAREERS
Openings for Machine Learning Candidates with Vyomlabs and ...,https://www.vyomlabs.com/jobs/openings-for-machine-learning-candidates-with-vyomlabs-and-partner-companies/
Machine Learning Course in Pune by CCE- IIT Madras - #1 ML ...,https://intellipaat.com/machine-learning-certification-training-course-pune/
Current Openings | Tiger Analytics,https://www.tigeranalytics.com/current-openings/
Careers | Cadence,https://www.cadence.com/en_US/home/company/careers.html
Professional ML Engineer Certification | Google Cloud,https://cloud.google.com/certification/machine-learning-engineer
Machine Learning Engineer,https://www.accenture.com/hu-en/careers/jobdetails?id=R00086201_en
Mastercard Global Career Opportunities | Technology Jobs,https://www.mastercard.us/en-us/vision/who-we-are/careers.html
21 Schneider Electric Machine Learning jobs in United States (1 new),https://www.linkedin.com/jobs/schneider-electric-machine-learning-jobs
All Jobs | Atlassian,https://www.atlassian.com/company/careers/all-jobs
Explore your career path with Zensar | Job opportunities | Zensar,https://www.zensar.com/careers/current-opportunities
Manager Data Scientist,https://michelinhr.wd3.myworkdayjobs.com/en-US/Michelin/job/Pune/Manager-Data-Scientist_R-2022045134?Location_Country=c4f78be1a8f14da0ab49ce1162348a5e
Project Services Manager Jobs in Pune | Rigzone,https://www.rigzone.com/a-project-services-manager-jobs/?fl=Pune
Interface Engineer Jobs in Pune | Rigzone,https://www.rigzone.com/a-interface-engineer-jobs/?fl=Pune
Plant Jobs in Pune | Rigzone,https://www.rigzone.com/a-plant-jobs/?fl=Pune
Infrastructure Jobs in Pune | Rigzone,https://www.rigzone.com/a-infrastructure-jobs/?fl=Pune
Customer Service Jobs in Pune | Rigzone,https://www.rigzone.com/a-customer-service-jobs/?fl=Pune
Well Production Jobs in Pune | Rigzone,https://www.rigzone.com/a-well-production-jobs/?fl=Pune
Sr Business Analyst job in Pune- India | IT jobs at Thermo Fisher ...,https://jobs.thermofisher.com/fr/fr/job/215630BR/Sr-Business-Analyst
Machine Learning Engineer Jobs in December 2022 – Startup Jobs,https://startup.jobs/roles/machine-learning-engineer
Evaluation of Machine Learning Phenomenon | Request PDF,https://www.researchgate.net/publication/273069755_Evaluation_of_Machine_Learning_Phenomenon
Uplers: Jobs | LinkedIn,https://au.linkedin.com/company/weareuplers/jobs
WHY JAVA IS A VERY HIGHLY PAID JOB IN 2022. by ...,https://issuu.com/creationinfotech/docs/complete_java_classes_in_pune.docx
Jobs/Internships at Maxlence Digital | Internshala,https://internshala.com/internships/internship-at-Maxlence%20Digital/
Big Data Jobs India | Facebook,https://www.facebook.com/groups/530066490396307/
Best Data Validation Freelancers for Hire in Pune | Data Validation ...,https://www.guru.com/d/freelancers/skill/data-validation/lc/india/maharashtra/pune/
Deep Learning Training- Course- Certification | Sulekha,https://www.sulekha.com/deep-learning-training/
Dinesh Kumar – Deep Learning Engineer – SalLab GmbH | LinkedIn,https://de.linkedin.com/in/dinesh-kumar-128b37113
Use of simulation-aided reinforcement learning for optimal ...,https://dl.acm.org/doi/10.5555/3466184.3466248
