Title,URL
Machine Learning Data Science Training | Institute in Jalandhar ...,https://itronixsolution.com/machine-learning-data-science-training-jalandhar/
Akash Devgun - Machine Learning Engineer -2 - MGM Resorts ...,https://www.linkedin.com/in/akash-devgun-b86b563b
Rameet Singh - Deep Learning Engineer - Jio Platforms Limited ...,https://in.linkedin.com/in/rameet-singh-2b3051a6
Machine Learning Course in Jalandhar,https://www.gtbinstitute.com/machine-learning-training-jalandhar.php
Castle Toyota Jalandhar | LinkedIn,https://in.linkedin.com/company/castle-toyota-jalandhar
17 Data Scientist Jobs and Vacancies in Punjab - 4 February 2023 ...,https://in.indeed.com/Data-Scientist-jobs-in-Punjab
HoloKitab | LinkedIn,https://in.linkedin.com/company/holokitab
Machine Learning Training in Jalandhar,https://gtbinstitute.com/gtbblog/machine-learning-training-in-jalandhar/
Country Inn & Suites By Carlson- Jalandhar | LinkedIn,https://in.linkedin.com/company/country-inn-&-suites-by-carlson-jalandhar
Jobs/Internships at Team Cultural Affairs (NIT Jalandhar) | Internshala,https://internshala.com/internships/internship-at-Team%20Cultural%20Affairs%20%28NIT%20Jalandhar%29/
Pallavi Sachdeva - Senior AI engineer - REAN Foundation | LinkedIn,https://in.linkedin.com/in/pallavi-sachdeva-8aa286164
Gaurav Handa - Machine Learning Engineer - DarkVision ...,https://ca.linkedin.com/in/gaurav-handa-0bb78b54
Sugam Mehta - Machine Learning Engineer - Indian Institute of ...,https://in.linkedin.com/in/sugammehta
Best Machine Learning Training in Jalandhar - Machine Learning ...,https://www.itronixsolutions.com/machine-learning-training-in-jalandhar/
Google Developer Groups Jalandhar | LinkedIn,https://in.linkedin.com/company/gdgjalandhar
Matlab Training In Jalandhar | CSC Academy Jalandhar | Punjab,https://www.cscacademyjalandhar.com/matlab-training-in-jalandhar
Careers at Tripadvisor | Tripadvisor jobs opportunities,https://careers.tripadvisor.com/
#Apeejay #Institute #Ramamandi #Jalandhar has been Ranked No ...,https://www.pinterest.com/pin/495747871486183693/
Under Armour Careers,https://careers.underarmour.com/
Which is the best data science training institute in Jalandhar? - Quora,https://www.quora.com/Which-is-the-best-data-science-training-institute-in-Jalandhar
Python Developer Jobs in Jalandhar- Mohali- Hyderabad by ...,https://www.placementindia.com/job-detail/python-developer-jobs-in-jalandhar-mohali-hyderabad-for-telcocrats-technologies-pvt-ltd-801485.htm
Machine Learning Training Course in Jalandhar - Fees- Placements,http://quickxpert.com/machine-learning-training-course-in-jalandhar
Internships - Oracle Labs,https://labs.oracle.com/pls/apex/labs/r/labs/internships
Top University in Jalandhar - Best Institute in Jalandhar Punjab,https://www.davuniversity.org/
See DevCommunity Roadshow - TechEvent at Google Developer ...,https://gdg.community.dev/events/details/google-gdg-jalandhar-presents-devcommunity-roadshow-techevent/
IIT-Mandi- US firm tie up for artificial intelligence,https://www.tribuneindia.com/news/archive/himachal/iit-mandi-us-firm-tie-up-for-artificial-intelligence-639561
MathWorks Senior Software Engineer Reviews | Glassdoor,https://www.glassdoor.com/Reviews/MathWorks-Senior-Software-Engineer-Reviews-EI_IE17117.0,9_KO10,34_IP2.htm
Bi-Objective Scheduling on Parallel Machines in Fuzzy Environment ...,https://www.researchgate.net/publication/278391947_Bi-Objective_Scheduling_on_Parallel_Machines_in_Fuzzy_Environment
Kanya Maha Vidyalaya -Autonomous-The Heritage Institution ...,https://www.youtube.com/watch?v=g8Cl2DbmLq0
Tweets with replies by GDGMadurai #devfestindia2021 ...,https://mobile.twitter.com/gdgmadurai/with_replies
Rohit Rohit - Houseman - Empire Hospitality Australia | LinkedIn,https://au.linkedin.com/in/rohit-rohit-68a147131
JALANDHAR PLUS - The Tribune- Chandigarh- India,https://m.tribuneindia.com/2010/20100122/jplus.htm
Reporting quality of randomized controlled trials in orthodontics ...,https://academic.oup.com/ejo/article-abstract/37/4/356/2570530
Karamvir Singh - Machine Operator - Freelance | LinkedIn,https://uk.linkedin.com/in/karamvir-singh-b5089b201
‫Robotics Wizards - المجموعات | فيسبوك‬,https://ar-ar.facebook.com/RoboticsWizards/groups/
Internet of things (IoT) applications to fight against COVID-19 ...,https://europepmc.org/article/pmc/7198990
Cyble Launches AmiBreached App to Help Users Ascertain Their ...,https://www.theweek.in/wire-updates/business/2020/09/08/pwr14-cyble-inc.html
Md Medicine Engineering Jobs in India - 31740 Md Medicine ...,https://www.timesjobs.com/jobskill/md-medicine-engineering-jobs
I Tweet- You Tweet- (S)He Tweets: Enhancing the ESL Language ...,https://www.igi-global.com/chapter/i-tweet-you-tweet-she-tweets/312954
Beginner Python lessons,https://www.superprof.co.uk/lessons/python/united-kingdom/beginner/145/
