Title,URL
Data scientist salary in Itarsi- Madhya Pradesh,https://in.indeed.com/career/data-scientist/salaries/Itarsi--Madhya-Pradesh
Akhilesh Malviya - Lead Engineer - Valeo | LinkedIn,https://in.linkedin.com/in/akhileshmalviya17
34 Railofy Jobs and Vacancies - 5 February 2023 | Indeed.com,https://in.indeed.com/Railofy-jobs
Aditi Raghuvanshi - Machine Learning Engineer - Compass | LinkedIn,https://in.linkedin.com/in/aditi-raghuvanshi-21462943
Top Computer Classes in Itarsi - Best Computer Training Institutes ...,https://www.justdial.com/Itarsi/Computer-Training-Institutes/nct-10124277
Somanshu Agarwal - Lead Software Engineer- Machine Learning ...,https://www.linkedin.com/in/somanshu25
GOVT. MGM COLLEGE ITARSI Jobs and Careers | AmbitionBox,https://www.ambitionbox.com/jobs/govt-dot-mgm-college-itarsi-jobs
LinkedIn Top Startups 2020: The 50 U.S. companies on the rise.,https://www.linkedin.com/pulse/linkedin-top-startups-2020-50-us-companies-rise-jessi-hempel
Adient: Home,https://www.adient.com/
Internship Jobs For Women | Work From Home Options | Full Time,https://internshala.com/internships-for-women/creative-writing-internship-in-itarsi/
HW News English - YouTube,https://www.youtube.com/c/HWNewsEnglish/videos
Check Latest 4 Work From Home Jobs Openings In Itarsi (February ...,https://www.quikr.com/jobs/work-from-home+itarsi+zwqxj2034660499
Asia - ProgressRail,https://www.progressrail.com/en/Segments/GlobalLocations/Asia.html
Jobs in Itarsi - Check Latest (66) Job Openings (February 2023 ...,https://www.quikr.com/jobs/itarsi+zwqxj760939060
Top 10 Tailoring Classes in Itarsi- Stitching- Sewing Courses ...,https://www.sulekha.com/tailoring-training/itarsi
LSEG (London Stock Exchange Group) | LinkedIn,https://uk.linkedin.com/company/london-stock-exchange-group
Hotel Jobs 2023-24 Job Vacancy- Itarsi - Recruitment | Careers ...,https://www.quikr.com/jobs/hotel-jobs+itarsi+zwqxj4157493934
Chapter 4 - Employee Orientation & Training - Ornamental ...,https://aggie-horticulture.tamu.edu/ornamental/safety-publications/safety-first-training-program/chapter-4-employee-orientation-training/
Ordnance Factory Board - Wikipedia,https://en.wikipedia.org/wiki/Ordnance_Factory_Board
Woodworking Machines - General Safety Tips : OSH Answers,https://www.ccohs.ca/oshanswers/safety_haz/woodwork/gen_safe.html
Indian Railways Senior Section Engineer Itarsi Employee Benefits ...,https://static.ambitionbox.com/benefits/indian-railways-benefits/senior-section-engineer/itarsi-location
Kobelco Construction Machinery Global Website,https://www.kobelcocm-global.com/
Global strategy on digital health 2020-2025,https://www.who.int/docs/default-source/documents/gs4dhdaa2a9f352b0445bafbc79ca799dce4d.pdf
M.Tech.Data Science & Engineering – BITS Pilani,https://bits-pilani-wilp.ac.in/m-tech/cluster/data-science-and-engineering.php
What Is a Pulmonologist? When to See One and More,https://www.healthline.com/health/what-is-a-pulmonologist
5 SMART goals for a QA analyst | TechTarget,https://www.techtarget.com/searchsoftwarequality/feature/Goal-1-for-the-QA-tester-Take-ownership
CHETNA - Itarsi : My approach and to students is to first understand ...,https://www.superprof.co.in/approach-and-students-first-understand-their-needs-and-what-problems-they-are-actually-facing-now-computer-teacher.html
Difference between External link and Internal link - GeeksforGeeks,https://www.geeksforgeeks.org/difference-between-external-link-and-internal-link/
Tubewell Drilling Service,https://www.indiamart.com/proddetail/tubewell-drilling-service-11382325430.html
Royal Trinity School (RTS)- Malviyaganj- Itarsi: Admission- Fee ...,https://school.careers360.com/schools/royal-trinity-school-malviyaganj-itarsi
Samsung Jobs- 211 Samsung Job Vacancies In February 2023 ...,https://www.naukri.com/samsung-jobs
Vardhaman Public School Itarsi | Itarsi,https://www.facebook.com/vpsitarsi/
RVNL,https://rvnl.org/
Computer institute near me Itarsi Madhya Pradesh,https://www.emaxindia.in/computer-institute-near-me-itarsi-madhya-pradesh/
Untitled,http://odmp.org/link?url=//amzeicrispunk.ml/199-fmJodmp651
Power Grid Corporation of India Directors Report- Power Grid Corp ...,https://www.moneycontrol.com/annual-report/powergridcorp/directors-report/PGC
(PDF) Synthesizing Mapping Relationships Using Table Corpus,https://www.researchgate.net/publication/316848394_Synthesizing_Mapping_Relationships_Using_Table_Corpus
Ballistic impact response of thermo-mechanically processed Al alloy ...,https://researchbank.swinburne.edu.au/file/2e1a98c9-ca72-47b5-bfa7-4d7f4ad88bc1/1/rahul_dubey_thesis.pdf
The Phoenix Newspaper - February 2012 by Darshan Solanki - Issuu,https://issuu.com/thephoenix-newspaper/docs/the_phoenix_newspaper_-_february_2012
