Title,URL
United Alpha Senior Secondary School | LinkedIn,https://www.linkedin.com/company/united-alpha-senior-secondary-school
GUNESH (INDIA) PRIVATE LIMITED | LinkedIn,https://in.linkedin.com/company/gunesh-india-private-limited
upGrad Careers,https://www.upgrad.com/us/careers/
THOUGHTWIN IT SOLUTIONS PVT LTD | LinkedIn,https://in.linkedin.com/company/thoughtwin
Aarcons Jobs | Neemuch,https://www.facebook.com/jobs.aarcons/
PIONEER TECHNOPLAYERS PRIVATE LIMITED | LinkedIn,https://in.linkedin.com/company/pioneer-technoplayers-private-limited
Top Computer Job Works in Neemuch - कंप्यूटर जॉब वर्क्स- नीमच ...,https://www.justdial.com/Neemuch/Computer-Job-Works/nct-10613852
Durgesh Dhakad - Software Engineer - Amdocs | LinkedIn,https://in.linkedin.com/in/durgesh-dhakad-56172a189
Moiz F Neemuchwala - Globee® Business Awards,https://globeeawards.com/moiz-f-neemuchwala/
Top 10 Share Market Courses in Neemuch- Training Classes ...,https://www.sulekha.com/share-marketing-job-training/neemuch
Yashashvi - Neemuch : Teacher in reputed school teaching ...,https://www.superprof.ng/teacher-reputed-school-teaching-computer-and-evs-creative-way-students-can-easily-understand-and-have-interest.html
Find Manufacturing Companies in Neemuch - Dun & Bradstreet,https://www.dnb.com/business-directory/company-information.manufacturing.in.madhya_pradesh.neemuch.html
UltraTech Cement Neemuch Reviews by 34 Employees | AmbitionBox,https://www.ambitionbox.com/reviews/ultratech-cement-reviews/neemuch-location
Code Nation: Home,https://codenation.org/
Adani Wilmar Neemuch Reviews by 10 Employees | AmbitionBox,https://www.ambitionbox.com/reviews/adani-wilmar-reviews/neemuch-location
HDFC Bank Vijay Talkies Cmp- Neemuch- 458441 Branch Social ...,https://near-me.hdfcbank.com/branch-atm-locator/hdfc-bank-neemuch-banks-vijay-talkies-cmp-neemuch-8446/Timeline?page=2
Neemuch Recruiters - Neemuch Placement Consultants - Naukri.com,https://www.naukri.com/neemuch-recruiters
30 Data Entry Jobs in Neemuch- Back Office- Data Entry- Back Office ...,https://www.quikr.com/jobs/data-entry-back-office+neemuch+zwqxj284607247
Careers — Sandvik Group,https://www.home.sandvik/en/careers/
ProtoTech Career - ProtoTech Solutions,https://prototechsolutions.com/careers/
Data Scientist In Neemuch,https://indisjob.com/list/job-single.php?id=41431
Plantations Practiced Modern Management,https://hbr.org/2013/09/plantations-practiced-modern-management
Former Wipro CEO Abidali Neemuchwala joins Dallas Venture ...,https://economictimes.indiatimes.com/small-biz/startups/newsbuzz/former-wipro-ceo-abidali-neemuchwala-joins-dallas-venture-partners-to-ramp-up-india-investment/articleshow/78109938.cms
Decoding HOLMES - Wipro's AI-based Automation platform,https://analyticsindiamag.com/decoding-holmes-wipros-ai-based-automation-platform/
The Pinnacle Global School (TPGS)- Neemuch- Neemuch ...,https://school.careers360.com/schools/the-pinnacle-global-school-jawad-road-neemuch
Machine learning Jobs: Jobs for freshers with Machine learning ...,https://www.freshersworld.com/machine-learning-jobs/3535242
How Are These Incredible Helicopter Stunts Possible? - YouTube,https://www.youtube.com/watch?v=icXbEiUg9i0
WWE Day 1 Kickoff: Jan. 1- 2022 - YouTube,https://www.youtube.com/watch?v=NCzztgTQldg
The Remote Control Car - Sharing is Caring | Go Buster | Baby ...,https://www.youtube.com/watch?v=pZwq71RDm4M
Adani Wilmar: Home,https://www.adaniwilmar.com/
Tejas Networks: A Leading Global Optical Networking Products ...,https://www.tejasnetworks.com/
Nakkhre wala Munda - City college of commerce multan - Multan ...,https://pk.linkedin.com/in/nakkhre-wala-munda-04aba7236?trk=public_profile_browsemap
Women Rights- Wage Labour and Sexual Exploitation: A Labour ...,https://journals.sagepub.com/doi/10.1177/2455632717738636?icid=int.sj-full-text.similar-articles.2
Delhi page 1.qxd,https://www.dailypioneer.com/uploads/2021/epaper/december/bhopal-english-edition-2021-12-24.pdf
