Title,URL
Computer Engineer Jobs In Ranipet Tamil Nadu - 2904 Computer ...,https://www.naukri.com/computer-engineer-jobs-in-ranipet-tamil-nadu
Sales Internship in Ranipet | Internshala,https://internshala.com/internships/sales-internship-in-ranipet/
385 Social Work Job Vacancies In Ranipet Tamil Nadu - Naukri.com,https://www.naukri.com/social-work-jobs-in-ranipet-tamil-nadu
Internship in Ranipet | Internshala,https://internshala.com/internships/internship-in-ranipet/
CAREERS - Mitsubishi Heavy Industries- Ltd. Global Website,https://www.mhi.com/recruit
Global Institute of Engineering& Technology- Ranipet- Faculty Jobs ...,https://www.facultyplus.com/global-institute-of-engineering-technology-ranipet-faculty-jobs-2022/
Software Engineer- Biomedical AI in Multiple Locations | GSK Careers,https://jobs.gsk.com/jobs/304708?lang=en-us
CNC Machinist Salary in Ranipet | AmbitionBox,https://www.ambitionbox.com/profile/cnc-machinist-salary/ranipet-location
Panasonic Career Opportunities,https://careers.na.panasonic.com/
Plastic Omnium- leader in sustainable and connected mobility,https://www.plasticomnium.com/en/
66 Computer Jobs and Vacancies in Arcot- Tamil Nadu - 6 February ...,https://in.indeed.com/Computer-jobs-in-Arcot,-Tamil-Nadu
▷ Assignment tutors in Ranipet - TeacherOn,https://www.teacheron.com/assignment-tutors-in-ranipet
Overview,https://amperecomputing.com/careers/overview.html
Ford Summer Internship Program,https://corporate.ford.com/careers/programs/students-and-recent-graduates/ford-summer-internship-program.html
AMANN Group: Premium sewing threads & smart yarns,https://www.amann.com/
Delivery Technologies Organization | Amazon.jobs,https://www.amazon.jobs/en/teams/last-mile
Artificial Intelligence Course Training in Ranipet - Fees- Placements,http://qxpsols.com/courses/artificial-intelligence-training-in-ranipet
Morgan Advanced Materials: Advancing materials science,https://www.morganadvancedmaterials.com/
Otis Careers | Jobs at Otis,https://www.otis.com/en/us/careers
ramind cold forge | LinkedIn,https://www.linkedin.com/company/ramind-cold-forge
Find Manufacturing Companies in Ranipet - Dun & Bradstreet,https://www.dnb.com/business-directory/company-information.manufacturing.in.tamil_nadu.ranipet.html
Diploma ece Jobs in Tamil Nadu- February 2023 | Glassdoor,https://www.glassdoor.com/Job/tamil-nadu-diploma-ece-jobs-SRCH_IL.0,10_IS4953_KO11,22.htm
Kennametal: Home,https://www.kennametal.com/us/en/home.html
MakerLabs.com | LinkedIn,https://ca.linkedin.com/company/makerlabs-ca
Careers - Draup,https://draup.com/careers/
Vacancies,https://www.ecb.europa.eu/careers/vacancies/html/index.en.html
Working as a Forklift Operator at Plastic Omnium: Employee ...,https://www.indeed.com/cmp/Plastic-Omnium/reviews?fjobtitle=Forklift+Operator
Tata Consultancy Services: Driving Innovation and Building on Belief,https://www.tcs.com/
38 Jobs in Ranipet- Vellore - QuikrJobs,https://www.quikr.com/jobs/ranipet+vellore+zwqxj3126537171
Careers | John Deere IN,https://www.deere.co.in/en/our-company/john-deere-careers/
Python Training in Ranipet- Best Python online Course in Ranipet ...,https://www.sulekha.com/python-programming-training/ranipet
Sterlite Technologies Inc. | US Made Fiber Optics | STL,https://www.stl.tech/
The Mobile Wallet Company | LinkedIn,https://uk.linkedin.com/company/mobilewalletcompany
How Motorcycles Work - The Basics - YouTube,https://www.youtube.com/watch?v=mdOJ717PKRc
How to conduct legal analysis and research on various legal matters ...,https://sites.google.com/site/honorarydegreeacademics/how-to-conduct-legal-analysis-and-research-on-various-legal-matters
Internships in Leisure Services: An Analysis of Student and ...,https://www.researchgate.net/publication/326125264_Internships_in_Leisure_Services_An_Analysis_of_Student_and_Practitioner_Perceptions_and_Expectations
Tweets with replies by Bhakti Kothari (@bhakti_kothari) / Twitter,https://mobile.twitter.com/bhakti_kothari/with_replies
