Title,URL
Hetarth Chopra - Machine Learning Engineer - Cactus ...,https://in.linkedin.com/in/hetarth-chopra
Python Course in Patiala,https://www.codingbytes.com/python-course/python-course-in-patiala/
Punjab Today | LinkedIn,https://in.linkedin.com/company/punjabtoday
Indian-American professor receives Amazon Research Award to ...,https://www.tribuneindia.com/news/diaspora/indian-american-professor-receives-amazon-research-award-to-study-evolving-machine-learning-systems-448854
Artificial Intelligence/ Machine Learning Instructor Job Vacancy at ...,https://timesascent.com/new-jobs/Artificial-Intelligence-Machine-Learning-Instructor/Yadavindra-Public-School/Patiala/667058
Traffic noise prediction using machine learning and monte carlo ...,https://iopscience.iop.org/article/10.1088/1742-6596/2162/1/012021/meta
Brief Review Of Various Machine Learning Algorithms by ...,https://papers.ssrn.com/sol3/papers.cfm?abstract_id=3747597
265 Data Analyst Job Vacancies In Patiala Punjab - Naukri.com,https://www.naukri.com/data-analyst-jobs-in-patiala-punjab
Internship in Patiala | Internshala,https://internshala.com/internships/internship-in-patiala/
Sawinder - Patiala- : Computer science expert with Doctorate of ...,https://www.superprof.ng/computer-science-expert-with-doctorate-philosophy-having-expertise-data-science-artificial-intelligence-machine-learning-deep.html
XenonStack Salaries in Patiala | AmbitionBox,https://www.ambitionbox.com/salaries/xenonstack-salaries/patiala-location
0 Web Development Jobs for Freshers in Patiala- Jan | Internshala,https://internshala.com/fresher-jobs/web-development-jobs-in-patiala/
Abbott Jobs | Apply Now | Abbott Laboratories Careers,https://www.jobs.abbott/us/en/
Law internship in Patiala with job offer,https://internshala.com/internships/law-internship-in-patiala/ppo-true/
Machine Operator Job Vacancies in Rajpura Patiala-Machine ...,https://www.placementindia.com/job-search/machine-operator-jobs-in-rajpura-patiala.htm
Kulwinder S. - Upwork Freelancer from Patiala- India - Upwork,https://www.upwork.com/freelancers/~0104e67cd588fab260
Python Course in Patiala | 100% placement- Call 7837505001,https://techedo.com/blog/python-course-in-patiala/
Digital Marketing Course in Patiala - IIT Madras CCE Training,https://intellipaat.com/digital-marketing-course-certification-patiala/
Baker Lab: Main,https://www.bakerlab.org/
Jagat Guru Nanak Dev Punjab State Open University- Patiala,https://psou.ac.in/
ਖਾਲੀ ਅਸਾਮੀਆਂ Vacancies,http://www.punjabiuniversity.ac.in/pages/Pages.aspx?dsenc=%E0%A8%96%E0%A8%BE%E0%A8%B2%E0%A9%80%20%E0%A8%85%E0%A8%B8%E0%A8%BE%E0%A8%AE%E0%A9%80%E0%A8%86%E0%A8%82%20Vacancies
Dilbag SINGH | Research Professor | PhD from TIET Patiala | NYU ...,https://www.researchgate.net/profile/Dilbag-Singh-12
San Jose - Heredia- Costa Rica | Amazon.jobs,https://www.amazon.jobs/locations/costa-rica
▷ Find Python trainer jobs- coaching jobs in Patiala city - UrbanPro,https://www.urbanpro.com/patiala/python-trainer-jobs
Thapar ACM Student Chapter | LinkedIn,https://pk.linkedin.com/company/thapar-acm-student-chapter?trk=public_profile_experience-item_profile-section-card_image-click
NXP Semiconductors Reviews | Glassdoor,https://www.glassdoor.com/Reviews/NXP-Semiconductors-Reviews-E13528_P4.htm
Inderveer Chana - Home,https://dl.acm.org/profile/81467670584
HCLTech - SAP Practice | LinkedIn,https://de.linkedin.com/company/hcl-sap-practice?trk=public_profile_experience-group-header
Journal Paper Format,https://citeseerx.ist.psu.edu/document?repid=rep1&type=pdf&doi=019a32f153ad609133ee2e619c611d55d42d3bde
PPSC Ltd | LinkedIn,https://uk.linkedin.com/company/ppsc-ltd
Arm Intern Interview Questions | Glassdoor,https://www.glassdoor.co.uk/Interview/Arm-Intern-Interview-Questions-EI_IE7834.0,3_KO4,10_IP2.htm
The Tribune- Chandigarh- India - Education Tribune,https://m.tribuneindia.com/2005/20051206/edu.htm
51152 Data Audit Jobs Openings in India,https://www.timesjobs.com/jobskill/data-audit-jobs
Top 3352 Career Opportunities 2023 - page 3 | INOMICS,https://inomics.com/de/top/business?page=2
Effect of COVID-19 outbreak on urban health and environment ...,https://europepmc.org/article/med/33072226
Template:Newsdirect old - SikhiWiki- free Sikh encyclopedia.,https://www.sikhiwiki.org/index.php/Template:Newsdirect_old
Guest editorial | Emerald Insight,https://www.emerald.com/insight/content/doi/10.1108/WJE-02-2022-668/full/html
HCL SAP Practice | LinkedIn,https://jp.linkedin.com/company/hcl-sap-practice?trk=public_profile_experience-item_profile-section-card_image-click
MapReduce - Counters are... •,https://www.slideshare.net/billonahill/intro-to-hadoop-14125097/138-MapReduce_Counters_are_A_distributed
