Title,URL
Computer Science Internship in Saharanpur | Internshala,https://internshala.com/internships/computer-science-internship-in-saharanpur/
42 Jobs and Vacancies in Saharanpur- Uttar Pradesh - 6 February ...,https://in.indeed.com/jobs-in-Saharanpur,-Uttar-Pradesh
15962 Data Analyst Job Vacancies In Saharanpur - Naukri.com,https://www.naukri.com/data-analyst-jobs-in-saharanpur
GIS Analyst at Terestreum Technologies • Gurgaon • Saharanpur ...,https://angel.co/company/terestreum-technologies/jobs/1931709-gis-analyst
Ocrolus: Intelligent Document Automation Software,https://www.ocrolus.com/
Top 10 Bank Security Guards Jobs in Saharanpur- ATM Security ...,https://www.sulekha.com/bank-atm-security-guards-jobs/saharanpur
Cloud Professional Services - Cloud Computing Consultants - AWS,https://aws.amazon.com/professional-services/
Join Alstom | Alstom,https://www.alstom.com/careers/join-alstom
ComEd - Careers,https://careers.comed.com/search/jobs
Unitech Machines Saharanpur Reviews by 15 Employees ...,https://www.ambitionbox.com/reviews/unitech-machines-reviews/saharanpur-location
243 Executive Process Engineer Jobs in Saharanpur- Uttar Pradesh,https://www.shine.com/job-search/executive-process-engineer-jobs-in-saharanpur
adidas Careers – Through sport- we have the power to change lives ...,https://careers.adidas-group.com/jobs?location=%5B%7B%22country%22%3A%22India%22%7D%5D&offset=0&keywords=&location_manual=India
Maintenance Engineering Engineer,https://jobsearch.alstom.com/job/Saharanpur-Maintenance-Engineering-Engineer-UP/833348601/
19 Best Freelance SEO Managers For Hire Near Saharanpur- IN ...,https://www.upwork.com/l/in/seo-managers-in-saharanpur/
V3iT | LinkedIn,https://www.linkedin.com/company/v3it-consulting-inc
Best Computer Center in Saharanpur May 20- 2020,https://www.itdmdel.com/best-computer-center-in-saharanpur/
Crypto Mining Job Jobs- Employment | Indeed.com,https://www.indeed.com/q-Crypto-Mining-Job-jobs.html
Dreamquark – DreamQuark is a product that helps banks- insurance ...,https://www.dreamquark.com/
Autonomous Systems Courses & Engineering | Udacity,https://www.udacity.com/school-of-autonomous-systems
VG Vinod Vydiswaran | umsi,https://www.si.umich.edu/people/vg-vinod-vydiswaran
Online Personal Trainer in Saharanpur (Job Id: 12621272),https://www.urbanpro.com/saharanpur/online-personal-trainer-in-saharanpur/34901412
(PDF) Analysis of Cloud Security Problem and Proposed Igloo ...,https://www.researchgate.net/publication/305639985_Analysis_of_Cloud_Security_Problem_and_Proposed_Igloo_Solution_Category_In_the_Cloud_Security
Exploration Jobs Openings In Chennai - TimesJobs.com,https://www.timesjobs.com/jobs-in-chennai/exploration-jobs
SDS,https://lamastex.github.io/scalable-data-science/sds/2/2/db/999_03_StudentProject_ArticleTopicInRTNetwork/
Ankit Kumar – Software Engineer – Capgemini Engineering | LinkedIn,https://de.linkedin.com/in/ankit-kumar88
Vol. 8 No. 7 OCT 2010 - International Journal of Computer Science ...,http://eprints.utm.my/id/eprint/37054/3/vol-8-no-7-oct-2010
Basmala Sameh - القاهرة القاهرة مصر | ملف شخصي احترافي | LinkedIn,https://eg.linkedin.com/in/basmala-sameh-259423223?trk=public_profile_browsemap
Browse Preprints - Authorea Team,https://www.authorea.com/browse-all?page=37&tags=%5B%22environmental+sciences%22%5D
Industrial Design Engineer Jobs,https://www.monsterindia.com/search/industrial-design-engineer-jobs
http://ijacsa.thesai.org,https://thesai.org/Downloads/IJACSA_Volume1No4.pdf
Stories of 02 March- 2022 | Deccan Herald,https://www.deccanherald.com/sitemap/detail/days/2022-03-02
Apply for Honorary LL.D. Award for Lawyers from Bombay High ...,https://sites.google.com/site/honorarydegreeacademics/apply-for-honorary-ll-d-award-for-lawyers-from-bombay-high-court-district-court-session-court-and-bar-council
State (C.B.I.) vs Ashok Kumar Aggarwal on 11 August- 2000,https://indiankanoon.org/doc/247426/?type=print
