Title,URL
Charan H U - Trainee Software Engineer - Tietoevry | LinkedIn,https://in.linkedin.com/in/charanhu
Forest Jobs In Shimoga Karnataka - 201 Forest Job Vacancies In ...,https://www.naukri.com/forest-jobs-in-shimoga-karnataka
Mohammed Parvez Khan Hakim - Shivamogga- Karnataka- India ...,https://in.linkedin.com/in/mohammed-parvez-khan-hakim-7372541b3
Tarun Shimoga - Software Development Engineer - Amazon Web ...,https://www.linkedin.com/in/tarunshimoga
0 Media Jobs for Freshers in Shivamogga- Feb | Internshala,https://internshala.com/fresher-jobs/media-jobs-in-Shivamogga/
artificial intelligence and machine learning - Shivamogga,https://jnnce.ac.in/jnndemo/depaiml.html
SQL Biotech Jobs- Employment | Indeed.com,https://www.indeed.com/q-SQL-Biotech-jobs.html
Data Science Course Training Institute in Shimoga,https://360digitmg.com/india/data-science-course-in-shimoga
Data Science Course in Mysore [with JobAssist],https://www.simplilearn.com/data-science-training-course-mysore-city
Best Data Science Institute - Fireblaze AI School,https://fireblazeaischool.in/data-science-course-training-shimoga
Pierian Services Shivamogga Reviews by 11 Employees ...,https://www.ambitionbox.com/reviews/pierian-services-reviews/shivamogga-location
Data Science Training in Shimoga- Course Fees- Certification ...,https://www.sulekha.com/data-science-certification-training/shimoga
Urgently Looking for Python Trainer at Home in B.B.Road ...,https://www.urbanpro.com/shimoga/urgently-looking-for-python-trainer-at-home-in-b-b-road-shivamogga/34944290
Moody's RMS - Careers at Risk Management Solutions,https://www.rms.com/careers
Careers - Accelirate,https://www.accelirate.com/careers/
Top Government Recognised Computer Training Institutes in Shimoga,https://www.justdial.com/Shimoga/Government-Recognised-Computer-Training-Institutes/nct-10891467
85 Data Annotation Jobs and Vacancies in Karnataka - 6 February ...,https://in.indeed.com/Data-Annotation-jobs-in-Karnataka
Careers | Saint-Gobain,https://www.saint-gobain.com/en/careers
Karnataka Bank: Personal Banking- NRI Banking & Business ...,https://karnatakabank.com/
About Our Company | John Deere US,https://www.deere.com/en/our-company/
Feature Based Twitter Sentimental Analysis on Tourism Domain ...,https://www.researchgate.net/publication/330181905_Feature_Based_Twitter_Sentimental_Analysis_on_Tourism_Domain
How to download Kcet admit card 2023 #kcet #kcet2022 #ಕನ್ನಡ ...,https://www.youtube.com/watch?v=ifXJho3Y8LI
Health-tech firm Qure.ai announces the appointment of ex-GE ...,https://www.theweek.in/wire-updates/business/2020/09/15/pwr11-qure.ai.html
Srinivas University,https://srinivasuniversity.edu.in/
Agent-Based Haptic Skill Acquisition and Interpretation Richard M ...,https://www.ri.cmu.edu/pub_files/pub2/voyles_richard_1997_1/voyles_richard_1997_1.pdf
Ethnopharmacology | Apply for Honorary DSc in ...,https://sites.google.com/site/honorarydegreeacademics/ethnopharmacology-apply-for-honorary-dsc-in-ethnopharmacology-admission-announcement
Systematic inference identifies a major source of heterogeneity in ...,https://www.science.org/doi/abs/10.1126/sciadv.abl4598?doi=10.1126/sciadv.abl4598
Career connect july 2016 issue by Surecom Media: CareerConnect ...,https://issuu.com/surecommediacareerconnectmagazine/docs/career_connect___july_2016_issue
Infopedia Report,https://www.slideshare.net/bikramagarwal/infopedia-report
Indian Social Entrepreneurs | SpringerLink,https://link.springer.com/chapter/10.1007/978-81-322-2827-1_4
Top Thiruvalluvar University - [TU] Affiliated Computer Applications ...,https://collegedunia.com/computer-applications/thiruvalluvar-university-tu-affiliated-colleges
