Title,URL
Computer Science Internship in Satna | Internshala,https://internshala.com/internships/computer-science-internship-in-satna/
Mining Engineering Jobs In Katni Satna Rewa Mp - 83 Mining ...,https://www.naukri.com/mining-engineering-jobs-in-katni-satna-rewa-mp
0 Finance Jobs for Freshers in Satna- Feb | Internshala,https://internshala.com/fresher-jobs/finance-jobs-in-satna/
RAMA POWER AND STEEL PRIVATE LIMITED | LinkedIn,https://in.linkedin.com/company/rama-power-and-steel-private-limited
AKS University- Satna M.P. - Deparment of Computer Science- AKS ...,https://ar-ar.facebook.com/aksuniversity/photos/a.2476847019020498/4362958123742702/?type=3&eid=ARA1QFd-W4z47h9VaazufTZrqf5o_dtwpihWENj7mCgJRWc__zo1s0uVPvJz5iPxgZY1dTbP6XjNh9dE
AKS University- Satna M.P. - Deparment of Computer Science- AKS ...,https://m.facebook.com/aksuniversity/photos/a.2476847019020498/4362958123742702/
B.Tech (CSE Artificial Intelligence) Course at AKS University- Satna,https://universitykart.com/university/universitycourse/aks-university-satna/b-tech-cse-in-artificial-intelligence-and-machine-learning
Artificial Intelligence Course in Satna - Best Training Institute - Fees ...,http://quickxpertinfotech.com/artificial-intelligence-course-in-satna
Great Oaks Career Campuses,https://www.greatoaks.com/
Creative Plan Designs- Ltd. | LinkedIn,https://www.linkedin.com/company/creative-plan-designs-ltd-
Sanjay - Satna- : Learn C- C Sharp- Asp net- SQL Server- JavaScript ...,https://www.superprof.ng/learn-sharp-asp-net-sql-server-javascript-html-windows-application-web-application.html
A machine learning approach for mapping the very shallow ...,https://geothermal-energy-journal.springeropen.com/articles/10.1186/s40517-019-0135-6
Red Hat Academy,https://www.redhat.com/en/services/training/red-hat-academy
Node JS Developer Salary in Satna | AmbitionBox,https://www.ambitionbox.com/profile/node-js-developer-salary/satna-location
EXIM.GOV: Win the Future,https://www.exim.gov/
The Best of Kenan Thompson on SNL - YouTube,https://www.youtube.com/watch?v=nHD9xo325uE
Energy-performance trade-off through restricted virtual machine ...,https://www.researchgate.net/publication/323949058_Energy-performance_trade-off_through_restricted_virtual_machine_consolidation_in_cloud_data_center
Untitled,http://enlightenmenteconomics.com/beta/wp-content/uploads/2017/05/SDEReviseCC.pdf
Tejas Networks: A Leading Global Optical Networking Products ...,https://www.tejasnetworks.com/
Guru Gobind Singh Indraprastha Vishwavidyalaya | Honorary PhD ...,https://sites.google.com/site/honorarydegreeacademics/guru-gobind-singh-indraprastha-vishwavidyalaya-honorary-phd-dsc-dlitt-dr-med-admission-courses-and-fee-online-application-form
1596 Mopping Floors Jobs Openings in India,https://www.timesjobs.com/jobskill/mopping-floors-jobs
1112 Test Estimates Jobs,https://www.timesjobs.com/jobskill/test-estimates-jobs
Product Security Jobs,https://www.monsterindia.com/search/product-security-jobs
Janwaar Castle paw#1 by ulrike reinhard - Issuu,https://issuu.com/we-magazine/docs/paw_final
Deloitte Reviews in Halifax- NS | Glassdoor,https://www.glassdoor.co.uk/Reviews/Deloitte-Halifax-Reviews-EI_IE2763.0,8_IL.9,16_IM984.htm
Power Grid Corporation of India Directors Report- Power Grid Corp ...,https://www.moneycontrol.com/annual-report/powergridcorp/directors-report/PGC
Cutesy Sweatshirts & Hoodies for Sale | Redbubble,https://www.redbubble.com/shop/cutesy+sweatshirts
