Title,URL
Home | Guru Ghasidas Vishwavidyalaya- Bilaspur (C.G.),https://www.ggu.ac.in/
Volunteering internship in Bilaspur with job offer,https://internshala.com/internships/volunteering-internship-in-bilaspur/ppo-true/
Data Manager Jobs In City Bilaspur And Cityfield Chhattisgarh ...,https://www.naukri.com/data-manager-jobs-in-city-bilaspur-and-cityfield-chhattisgarh-bilaspur-eastindia-chhattisgarh-bilaspur
NR Hospital | LinkedIn,https://in.linkedin.com/company/nrhospital
Machine Learning Internship Jobs in Bilaspur- Ajmer- Jaipur ...,https://www.placementindia.com/job-detail/machine-learning-internship-jobs-in-kota-bilaspur-ajmer-beawar-ajmer-for-maxgen-technology-pvt-ltd-910773.htm
Umang Moorarka - Machine Learning Engineer III - Adobe | LinkedIn,https://in.linkedin.com/in/umang-moorarka-422674a3
Python Course in Bilaspur,https://www.codingbytes.com/python-course/python-course-in-bilaspur/
Pranjalya Tiwari - Machine Learning Engineer - Deepsync ...,https://in.linkedin.com/in/pranjalya-tiwari
Data Science Training in Bilaspur- Course Fees- Certification | Sulekha,https://www.sulekha.com/data-science-certification-training/bilaspur
About Us - Great Learning,https://www.mygreatlearning.com/about-us
Home - Quantiphi- Inc.,https://quantiphi.com/
Careers | Cummins Inc.,https://www.cummins.com/careers
South Eastern Coalfields Limited,http://www.secl-cil.in/career.php
eCommerce Services | Amazon.jobs,https://www.amazon.jobs/eCS
Careers | Volkswagen Group,https://www.volkswagenag.com/en/career.html
SS Supply Chain Solutions (3SC): AI Powered Supply Chain ...,https://3scsolution.com/
Sikkim Manipal Institute of Technology – Sikkim Manipal University,https://smu.edu.in/smit.html/
Spatio temporal smoke detection using hybrid deep Q learning ...,https://journals.sagepub.com/doi/10.1177/0020720920931076
3 Best Freelance Salesforce Experts For Hire Near Detroit- MI ...,https://www.upwork.com/hire/salesforce-experts/us/detroit-mi/
Muhammad Sikander - majmatalburaq - najmatalburaq | LinkedIn,https://ae.linkedin.com/in/muhammad-sikander-0ba861213
Abhishek Kumar Gupta on Twitter: "6. Attended Google I/O sessions ...,https://mobile.twitter.com/Abhishek_Apk/status/1476984559568781312
Erp Data Jobs in India - TimesJobs,https://m.timesjobs.com/jobskill/erp-data-jobs
6819 Desktop Intelligence Jobs Openings in India - TimesJob.com,https://www.timesjobs.com/jobskill/desktop-intelligence-jobs
Beginner Python lessons,https://www.superprof.co.uk/lessons/python/united-kingdom/beginner/145/
Amazon.com Employment and Reviews | SimplyHired,https://www.simplyhired.com/company/Amazon.com/?l=Kansas+City%2C+KS
Exploiting Data Mining Techniques For Improving the Efficiency of ...,https://citeseerx.ist.psu.edu/document?repid=rep1&type=pdf&doi=0535797656ce7930601e1b0d48eb4530e6fcb054
(PDF) E-Learning: Bringing Education to Educatee,https://www.researchgate.net/publication/365374127_E-Learning_Bringing_Education_to_Educatee/download
Web Usage Mining with Web Logs: Computer Science & IT Book ...,https://www.igi-global.com/chapter/web-usage-mining-web-logs/11109
Association Rule Mining of Relational Data: Computer Science & IT ...,https://www.igi-global.com/chapter/association-rule-mining-relational-data/10803
AUGMENTED REALITY TECHNOLOGY IN TEACHING-LEARNING ...,https://www.srjis.com/pages/pdfFiles/165873935549.%20Sachin%20Kumar.pdf
System Engineer Salary in Beauty & Wellness Companies- India ...,https://www.ambitionbox.com/profile/system-engineer-salary/beauty-and-wellness-industry
ROZGAR PARVA- BILASPUR (HIMANCHAL PRADESH) Get Your ...,https://www.facebook.com/safeducatelearning/videos/rozgar-parva-bilaspur-himanchal-pradeshget-your-dream-jobsafeducate-learningnare/1177835162757191/
Ethnopharmacology | Apply for Honorary DSc in ...,https://sites.google.com/site/honorarydegreeacademics/ethnopharmacology-apply-for-honorary-dsc-in-ethnopharmacology-admission-announcement
