Title,URL
Data Science Course in Phusro - Best Training Institute - Fees ...,http://quickxpertinfotech.com/data-science-course-in-phusro
1 Fresher Jobs in Phusro- January | Internshala,https://internshala.com/fresher-jobs/jobs-in-phusro/
Top Computer Classes in Phusro Bazar - Best Computer Training ...,https://www.justdial.com/Bokaro/Computer-Training-Institutes-in-Phusro-Bazar/nct-10124277
Jobs in Phusro - Check Latest (54) Job Openings (February 2023 ...,https://www.quikr.com/jobs/phusro+zwqxj760939060
Rockdrill Infrastructure Pvt. Ltd. on LinkedIn: Phusro Urban Water ...,https://jm.linkedin.com/posts/rockdrill-infrastructure-pvt-ltd-2330ab236_phusro-urban-water-supply-scheme-29-mld-water-activity-7025053387108794369-VaYr
How To Create Nested Resources for a Ruby on Rails Application ...,https://www.digitalocean.com/community/tutorials/how-to-create-nested-resources-for-a-ruby-on-rails-application
Locations – Mindlance,https://mindlance.com/locations/
Freelance Web Developer Salary,https://careerkarma.com/blog/freelance-web-developer-salary/
Kumar Nishant - City Manager - UDHD Jharkhand | LinkedIn,https://in.linkedin.com/in/kumar-nishant-a65b3339
Test benches and tools | Bosch Automotive Aftermarket in the United ...,https://www.boschaftermarket.com/gb/en/diagnostics/test-equipment/test-benches-and-tools/
Rukmini Devi Public School phusro- Bokaro Steel City: Admission ...,https://school.careers360.com/schools/rukmini-devi-public-school-phusro-bokaro-steel-city
Make: DIY Projects and Ideas for Makers |,https://makezine.com/
Rashmi Priya Singh - JSM Inter college Phusro Bokaro Jharkhand,https://in.linkedin.com/in/rashmi-priya-singh-77584b215
What is OTT(Over-the-Top)? Everything You Need to Know | Endavo,https://www.endavomedia.com/what-is-ott/
Jhabbu Singh Memorial College- Phusro: Admission- Fees- Courses ...,https://www.careers360.com/colleges/jhabbu-singh-memorial-college-phusro
M.Tech.Data Science & Engineering – BITS Pilani,https://bits-pilani-wilp.ac.in/m-tech/cluster/data-science-and-engineering.php
B K B Transport Reviews by 6 Employees | AmbitionBox,https://www.ambitionbox.com/reviews/bkb-transport-reviews
Top 10 Machine Learning Freelancers in India | Best Machine ...,https://www.truelancer.com/machine-learning-freelancers-in-india
Five Percent Imperfect on LinkedIn: https://lnkd.in/epr3B9jN,https://et.linkedin.com/posts/fivepercentimperfect_httpslnkdinepr3b9jn-activity-7020706656191680512-DDKD
Services | Lenovo India,https://www.lenovo.com/in/en/services
BLA PROJECTS PRIVATE LIMITED Company Profile | Godda ...,https://www.dnb.com/business-directory/company-profiles.bla_projects_private_limited.d8338a65cb57d2815d07f5b9bd52746b.html
60+ "Kumar Ramani" profiles | LinkedIn,https://www.linkedin.com/pub/dir/Kumar/Ramani
Uttarakhand boy- son of farmer- gets Rs 2 crore job offer from Uber ...,https://www.dailyo.in/variety/uttarakhand-boy-at-iit-gets-2-crore-offer-in-uber-34974
McDermott International- Ltd على LinkedIn: #saudiarabia ...,https://bh.linkedin.com/posts/mcdermott-international-inc-_saudiarabia-sustainability-thisismcdermott-activity-7021448727789780992-MvFM
Wedding Invitation Card Maker - Apps on Google Play,https://play.google.com/store/apps/details?id=com.wedding.weddinginvitation&hl=en_US&gl=US
Fusion MicroFinance – NBFC | MFI Company- Microfinance- MSME ...,https://fusionmicrofinance.com/
Microbiology Jobs In Jharkhand - 67 Microbiology Job Vacancies In ...,https://www.naukri.com/microbiology-jobs-in-jharkhand
Careers in Nagpur - Join Our Team of Ideapreneurs in Nagpur ...,https://www.hcltech.com/careers/nagpur
theMANAGEMENT,https://icmai.in/upload/Institute/Journal/April2014-Issue.pdf
MARS Multi Gas Analyzer Petrol Cng Lpg- For To Check Vehicle ...,https://www.indiamart.com/proddetail/multi-gas-analyzer-petrol-cng-lpg-2849427078391.html
डीजे किशन साउंड Check Hard Bass Dj Kishan Phusro King no1 ...,https://www.youtube.com/watch?v=eHUmHu5hQY0
Untitled,http://www.bradfordnh.org/tech/?wptouch_switch=mobile&redirect=//temeacomp.gq/180-wwwbradfordnhorgUCc651
