Title,URL
184 Machine Learning Job Vacancies In Trivandrum - Naukri.com,https://www.naukri.com/machine-learning-jobs-in-trivandrum
29 Machine Learning jobs in Thiruvananthapuram- Kerala- India,https://in.linkedin.com/jobs/machine-learning-jobs-thiruvananthapuram
Machine learning Jobs in Thiruvananthapuram- February 2023 ...,https://www.glassdoor.co.in/Job/thiruvananthapuram-machine-learning-jobs-SRCH_IL.0,18_IC2870859_KO19,35.htm
130 Machine Learning jobs in Kerala- India (2 new),https://in.linkedin.com/jobs/machine-learning-jobs-kerala
Machine learning Jobs in Kerala- February 2023 | Glassdoor,https://www.glassdoor.com/Job/kerala-machine-learning-jobs-SRCH_IL.0,6_IS4942_KO7,23.htm
Urgent: Ai machine learning Jobs in Thiruvananthapuram - February ...,https://in.jooble.org/jobs-ai-machine-learning/Thiruvananthapuram
20 Best machine learning jobs in Thiruvananthapuram- Kerala ...,https://www.simplyhired.co.in/search?q=machine+learning&l=thiruvananthapuram%2C+kerala
Machine Learning Engineer Salary in Thiruvananthapuram ...,https://www.ambitionbox.com/profile/machine-learning-engineer-salary/thiruvananthapuram-location
395 Data Scientist jobs in Thiruvananthapuram- Kerala- India (3 new),https://www.linkedin.com/jobs/data-scientist-jobs-thiruvananthapuram?trk=public_profile_jserp
Data Scientist,https://alliance.wd3.myworkdayjobs.com/en-US/nissanjobs/job/Data-Scientist_R00117460-1
Machine Learning (ML) Course in Trivandrum - Fee 55% Off,https://datamites.com/machine-learning-course-training-trivandrum/
Data Science and Machine Learning tutors in Thiruvananthapuram,https://www.teacheron.com/data_science_and_machine_learning-tutors-in-thiruvananthapuram?ul=9c
Job Vacancies in Kerala | IT Jobs in Kerala | Technopark Job ...,https://www.technopark.org/job-search
FUTURE JOB PREDICTION IN TRIVANDRUM USING MACHINE ...,https://esource.dbs.ie/bitstream/handle/10788/3494/msc_saju_a_g_2018.pdf?sequence=1&isAllowed=y
Python Data Analyst on Treez - Remote Machine Learning jobs,https://www.remotemachinelearning.com/posts/402
Find jobs by job category,https://www.amazon.jobs/search-jobcategory
26 Best Freelance Data Analysts For Hire Near Thiruvananthapuram ...,https://www.upwork.com/l/in/data-analysts-in-thiruvananthapuram/
Home - Quantiphi- Inc.,https://quantiphi.com/
Selenium Certification in Thiruvananthapuram | Selenium Training ...,https://www.edureka.co/selenium-certification-training-thiruvananthapuram
Cloud Operations Engineer (Multi-cloud) at ThoughtSpot • India ...,https://angel.co/company/thoughtspot/jobs/2546350-cloud-operations-engineer-multi-cloud
Division on Solar-Terrestrial Sciences (ST) - Jobs - EGU,https://www.egu.eu/st/jobs/?page=1&limit=50
bibtex - [Verimag],https://www-verimag.imag.fr/details.html?pub_id=DBLP:conf/atva/SassiTDG12a&lang=en
51681 Learning Framework Development Jobs Openings in India,https://www.timesjobs.com/jobskill/learning-framework-development-jobs
(PDF) Decision tree based ensemble machine learning model for ...,https://www.researchgate.net/publication/360543827_Decision_tree_based_ensemble_machine_learning_model_for_the_prediction_of_Zika_virus_T-cell_epitopes_as_potential_vaccine_candidates
Oracle Member Of Technical Staff Reviews | Glassdoor,https://www.glassdoor.co.uk/Reviews/Oracle-Member-Of-Technical-Staff-Reviews-EI_IE1737.0,6_KO7,32.htm
Samson Thomas - System Administrator - Checksum Infosoft Pvt ...,https://ae.linkedin.com/in/samson-thomas-71b4831a0
GIS & IT Tools | In this tutorial- we have done: | Facebook,https://www.facebook.com/groups/GISandITTools/posts/495099931829061/
High Court of Delhi | LinkedIn,https://uk.linkedin.com/company/high-court-of-delhi?trk=public_profile_experience-item_profile-section-card_image-click
Suresh Kvs - TechLead - QatarAirways | LinkedIn,https://qa.linkedin.com/in/suresh-kvs-67039619
