Title,URL
Machine Learning Course in Lalitpur - Best Training Institute - Fees ...,http://quickxpertinfotech.com/machine-learning-course-in-lalitpur
AI Engineer (Machine Learning) Job in Nepal - PSP Corporation ...,https://merojob.com/ai-engineer-machine-learning/
Allied Food Industry | LinkedIn,https://www.linkedin.com/company/allied-food-industry
Nabin Rai - Mid Level Software Engineer (Machine Learning) - TAI Inc.,https://np.linkedin.com/in/nabin-rai
0 Media Jobs for Freshers in Lalitpur- Jan | Internshala,https://internshala.com/fresher-jobs/media-jobs-in-Lalitpur/
BerryBytes | Lalitpur,https://www.facebook.com/berrybytestech/
Pratik Dahal - Machine Learning Engineer - TAI Inc. | LinkedIn,https://np.linkedin.com/in/pratik-dahal-62bb94249
L&T Technology Services Ltd.: 4 Reviews in Lalitpur- Uttar Pradesh ...,https://in.indeed.com/cmp/L&T-Technology-Services-Ltd./reviews?fcountry=IN&floc=Lalitpur%2C+Uttar+Pradesh
Nawaraj Rai - Software Engineer - COTIVITI NEPAL | LinkedIn,https://np.linkedin.com/in/nawaraj-rai-a410b411b
Full-Stack Engineer for Machine Learning,https://build-network.com/full-stack-engineer-for-machine-learning
313 Software Developer Jobs found in Nepal,https://hamrodevjobs.com/
Intern Nepal,https://internepal.com.np/view-company-profile/150
Data Engineer - Asterdio,https://asterdio.com/career-details/data-engineer/
Machine Learning (ML) Internship in Kathmandu - InternSathi,https://internsathi.com/job/machine-learning-ml-internship-at-kathmandu-chulo-solution/
Job Vacancy In Bent Ray Technologies |Jobaxle.com,https://jobaxle.com/employer/bent-ray-technologies-390
How to Build a Career in Data Science?,https://www.techaxis.com.np/blog/blog_detail/how-to-build-a-career-in-data-science
Machine Learning Engineer - Part Time - Kathmandu Jobs,https://kathmandujobs.com/jobs/25813/machine-learning-engineer-part-time-job-in-lalitpur
Undergraduate Medical Students' and Interns' Knowledge and ...,https://pubmed.ncbi.nlm.nih.gov/36039185/
Aabesh K. - Scraping Expert - Upwork Freelancer from Lalitpur- Nepal,https://www.upwork.com/freelancers/~01c61904141323af51
CloudFactory: Human-in-the-loop Solutions that Accelerate the AI ...,https://www.cloudfactory.com/
Lalitpur Power Generation Company Overview and Company Profile ...,https://www.ambitionbox.com/overview/lalitpur-power-generation-company-overview
Impetus Careers | Make your mark,https://www.impetus.com/careers/
Lalitpur Engineering College,https://lec.edu.np/course/computer-engineering
Undergraduate Medical Students' and Interns' Knowledge and ...,https://www.ncbi.nlm.nih.gov/pmc/articles/PMC9419901/
Yogendra Pratap Singh - Lalitpur- Uttar Pradesh- India | LinkedIn,https://in.linkedin.com/in/realyogendra
Data Science/ Machine Learning Engineer,https://rollingnexus.com/jobs/GrowByData-Sevices/Data-Science-Machine-Learning-Engineer-7575775757848
Panasonic Career Opportunities,https://careers.na.panasonic.com/
adidas Careers – Through sport- we have the power to change lives ...,https://careers.adidas-group.com/jobs?location=%5B%7B%22country%22%3A%22India%22%7D%5D&offset=0&keywords=&location_manual=India
6 Best Social Media Marketing Courses in Lalitpur | IIDE,https://iide.co/blog/social-media-marketing-courses-in-lalitpur/
Smart Data Solutions: Home,https://sdata.us/
Aptechlalitpur :: Most Popular IT Courses,https://www.aptechlalitpur.com/
Code Himalaya: Home,https://codehimalaya.com/
Seed Team Associate | CloudFactory,https://www.talentconnects.com.np/jobs/seed-team-associate-731
Lalitpur Engineering College | BCA - BCE | TU Affiliated,https://www.itcollegenepal.com/lalitpur-engineering-college/
NAAMII – Nepal Applied Mathematics and Informatics Institute for ...,https://www.naamii.org.np/
Chulo Solutions | Lalitpur,https://hi-in.facebook.com/chulo.solutions/
Member Spotlight: Deepak Kumar Karna,https://academy.oracle.com/en/about-success-spotlight-deepak.html
Sagarmatha Engineering College,https://www.sagarmatha.edu.np/
GoLang Engineer,https://www.build-network.com/golang-engineer-2
Machine Learning Engineer - Chulo Solutions,https://www.kumarijob.com/hotjob/machine-learning-engineer/29121
Japan Dev: Tech Jobs in Japan,https://japan-dev.com/
What is Machine Learning: Supervised- Unsupervised- Semi ...,https://towardsdatascience.com/what-is-machine-learning-a-short-note-on-supervised-unsupervised-semi-supervised-and-aed1573ae9bb
V-Bazaar opens first store in Lalitpur- 30th in Uttar Pradesh,https://in.fashionnetwork.com/news/V-bazaar-opens-first-store-in-lalitpur-30th-in-uttar-pradesh,1072403.html
Microdegree™ in AI | PCPS College,https://patancollege.edu.np/course/microdegree-in-ai/
Lalitpur- Nepal - Wikipedia,https://en.wikipedia.org/wiki/Lalitpur,_Nepal
Quantic School of Business and Technology: The Modern MBA,https://quantic.edu/
Freelance / Self-Employed | LinkedIn,https://uk.linkedin.com/company/ninafreelance?trk=public_profile_experience-item_profile-section-card_subtitle-click
Logpoint | LinkedIn,https://uk.linkedin.com/company/logpoint?trk=public_profile_experience-group-header
Chaudhary Group,https://www.chaudharygroup.com/
Logpoint | LinkedIn,https://au.linkedin.com/company/logpoint?trk=public_profile_experience-item_profile-section-card_image-click
Industrial Tailoring Training at Nepal Don Bosco- Thecho-Lalitpur ...,https://www.youtube.com/watch?v=ugZFSsv8kaA
F1Soft International Pvt. Ltd.,https://f1soft.com/
WorldLink US | LinkedIn,https://kr.linkedin.com/company/worldlink-us?trk=public_profile_experience-item_profile-section-card_image-click
(PDF) Response Analysis of Different Convolutional Neural Network ...,https://www.researchgate.net/publication/351841108_Response_Analysis_of_Different_Convolutional_Neural_Network_Architectures
The annual average direct impact of labour force ageing on ...,https://www.researchgate.net/figure/The-annual-average-direct-impact-of-labour-force-ageing-on-productivity-growth-in_tbl4_4934738
Provincial profile in Canada | Download Table,https://www.researchgate.net/figure/Provincial-profile-in-Canada_tbl1_4934738
Hyperspectral imaging using multivariate analysis for simulation and ...,https://www.researchgate.net/publication/340048362_Hyperspectral_imaging_using_multivariate_analysis_for_simulation_and_prediction_of_agricultural_crops_in_Ningxia_China
(PDF) Bed planters for service mechanics BOOK VIII Experiential ...,https://www.researchgate.net/publication/343304941_Bed_planters_for_service_mechanics_BOOK_VIII_Experiential_learning_modules_for_sustainable_intensification_and_agricultural_service_provision
(PDF) Estimation of Underreported Cases of Infections and Deaths ...,https://www.researchgate.net/publication/357725955_Estimation_of_Underreported_Cases_of_Infections_and_Deaths_from_COVID-19_for_Countries_with_Limited_and_Scarce_Data_Examples_from_Nepal
Detailed Table of Contents,https://www.igi-global.com/pdf.aspx?tid=280952&ptid=266388&ctid=15&t=Detailed%20Table%20of%20Contents&isxn=9781799879671
print : Nichols Humanitarian Fund : simplebooklet.com,https://cdn.vanderbilt.edu/vu-wp0/wp-content/uploads/sites/125/2013/08/27183521/Nichols_Fund_Report_2014.pdf
Items where Year is 2016 - ARRO - Anglia Ruskin Research Online,https://arro.anglia.ac.uk/view/year/2016.default.html
Citation: Walsh- Sara (2017) Mainstreaming disaster risk reduction ...,https://core.ac.uk/download/pdf/196577016.pdf
