Title,URL
Machine Learning Course in Dibrugarh - Best Training Institute ...,http://quickxpertinfotech.com/machine-learning-course-in-dibrugarh
SPE Dibrugarh University Student Chapter | LinkedIn,https://in.linkedin.com/company/spe-dibrugarh-university-student-chapter
Recruitments – Dibrugarh University,https://dibru.ac.in/recruit/
FIPI Dibrugarh University SC | LinkedIn,https://in.linkedin.com/company/fipi-dibrugarh-university-sc
R. B. ENGINEERING AND INFRASTRUCTURE PRIVATE LIMITED ...,https://ca.linkedin.com/company/r.-b.-engineering-and-infrastructure-private-limited
Engineering Internship in Dibrugarh mb and og part | Internshala,https://internshala.com/internships/engineering-internship-in-dibrugarh%20mb%20and%20og%20part/
Data Science Training in Dibrugarh- Course Fees- Certification ...,https://www.sulekha.com/data-science-certification-training/dibrugarh
upGrad hiring Admissions Counselor in Dibrugarh - Join leading ...,https://earlytutors.com/jobs/upgrad-admissions-counselor-in-dibrugarh-as/
Jobs in Dibrugarh - Check Latest (113) Job Openings (February ...,https://www.quikr.com/jobs/dibrugarh+zwqxj760939060
A Review of Uncertainty Quantification in Deep Learning ...,https://arxiv.org/pdf/2011.06225
Dibrugarh University has 4 assistant professor vacancies: Check ...,https://www.eastmojo.com/career/2021/10/11/dibrugarh-university-has-4-assistant-professor-vacancies-check-details/
Dibrugarh University Walk-in-interview for the temporary posts of ...,https://www.facultytick.com/2022/11/10/dibrugarh-university-walk-in-interview-for-the-temporary-posts-of-assistant-professor-on-contract-basis-in-the-m-sc-tech-applied-geophysics-programme-department-of-applied-geology/
Dibrugarh University Recruitment 2022 - Assistant Professor ...,https://www.sentinelassam.com/jobs-in-assam/jobs-in-dibrugarh/dibrugarh-university-assistant-professor-assam-job-recruitment-622311
Dibrugarh Bar Association Lawyer Salaries in India | AmbitionBox,https://www.ambitionbox.com/salaries/dibrugarh-bar-association-salaries/lawyer
How to Get a Job at Deloitte,https://careerkarma.com/blog/how-to-get-a-job-at-deloitte/
TOP 250+ Machine learning Interview Questions and Answers 05 ...,https://www.wisdomjobs.com/e-university/machine-learning-interview-questions-answers.html
Reliance Jiomart jobs in Dibrugarh- 2020 | jiomart jobs | Jio career -,https://jioguide.com/reliance-jio-jobs-in-dibrugarh-2020-jio-jobs-jio-career/
FIRHE2023: Fourth Industrial Revolution and Higher Education 2023,https://easychair.org/cfp/FIRHE2023
Machine Learning Jobs In Chennai,https://www.timesjobs.com/jobs-in-chennai/machine-learning-jobs
Department of Computer Science and Engineering- DUIET | Dibrugarh,https://www.facebook.com/cseduietofficial/
How to Apply for a PhD - Academic Positions,https://academicpositions.com/career-advice/how-to-apply-for-a-phd
Shanvi - Dibrugarh- : CSE Student who can legit explain the basics ...,https://www.superprof.ng/cse-student-who-can-legit-explain-the-basics-and-skills-pretty-well.html
Sanjeev Chakravarty - Sr. Director of Engineering- Analytics & AI ...,https://www.linkedin.com/in/sanjeevchakravarty
FIRHE '23,https://sites.google.com/dibru.ac.in/event1/home
Machine learning Jobs: Jobs for freshers with Machine learning ...,https://www.freshersworld.com/machine-learning-jobs/3535242
Honda Internships & Co-ops | Honda,https://www.honda.com/careers/find-a-job-internships-and-coops
Aakanksha- Nikita and Parishma are the owners of a handicraft unit ...,https://www.toppr.com/ask/en-us/question/aakanksha-nikita-and-parishma-are-the-owners-of-a-handicraft-unit-in-the-urban-area/
Online Training & Training Courses - Xerox,https://www.xerox.com/en-us/about/online-training
Soundcraft,https://www.soundcraft.com/en
Careers,https://teachmint.freshteam.com/jobs
Schlumberger Interview Questions | Glassdoor,https://www.glassdoor.com/Interview/Schlumberger-Interview-Questions-E588_P3.htm
OpenFlows WaterGEMS,https://www.wateronline.com/doc/openflows-watergems-0003
PDComp: An Effective PPI complex Finding Method | Request PDF,https://www.researchgate.net/publication/307436682_PDComp_An_Effective_PPI_complex_Finding_Method
Untitled,https://f1000research.com/articles/10-1144/v2/xml
Palantir Technologies - Forward Deployed Software Engineer: UK ...,https://jobs.lever.co/palantir/1d51a14a-e65c-479b-a36c-ba8745df4c7d/apply
Kamrup Express | Howrah To Dibrugarh Train | Train Information ...,https://www.youtube.com/watch?v=gtrxac4ddX0
DVR & Dr. HS MIC College of Technology,https://mictech.edu.in/
Packing Job Work From Home| pen- pencil packing job 30000/M ...,https://m.youtube.com/watch?v=vFGx6L1uF0E
Certified Email Marketing Professional,https://learning.shine.com/course/sales-and-marketing/certified-email-marketing-professional/pd-3262
https://knihovna.fme.vutbr.cz/images/knihovna/doku...,https://knihovna.fme.vutbr.cz/images/knihovna/dokumenty/20210621_Engineering_2015-2021_VUT.xlsx
