Title,URL
Devansh Computer Education - Home | Facebook,https://www.facebook.com/devanshcomputereducation/
Data scientist salary in Parbhani- Maharashtra,https://in.indeed.com/career/data-scientist/salaries/Parbhani--Maharashtra
Water | Free Full-Text | Novel Ensemble Machine Learning Modeling ...,https://www.mdpi.com/2073-4441/15/3/419
Engineering Internship in Parbhani | Internshala,https://internshala.com/internships/engineering-internship-in-parbhani/
Infotech Avenue | LinkedIn,https://in.linkedin.com/company/infotech-avenue
0 Computer Science Jobs for Freshers in Parbhani- Feb | Internshala,https://internshala.com/fresher-jobs/computer-science-jobs-in-parbhani
Computer Consultant Jobs In Parbhani - 14350 Computer ...,https://www.naukri.com/computer-consultant-jobs-in-parbhani
96-000+ Pgt Computer Science jobs in India (5-766 new),https://in.linkedin.com/jobs/pgt-computer-science-jobs-lucknow-up?trk=guest_job_details_jd_jserp_more_jobs_link
Careers at Commerce IQ,https://commerceiq.ai/careers/
Job search | Amazon.jobs,https://www.amazon.jobs/en/search?base_query=Amazon+Go&loc_query=India&country=IND
DEVANSH COMPUTER EDUCATION ...,https://www.instagram.com/devansh_computer_education/?hl=en
Top 10 Mobile Repairing Course in Parbhani- Cell Phone Service ...,https://www.sulekha.com/mobile-servicing-job-training/parbhani
Berar Finance Branch Manager Parbhani Reviews by 0 Employees ...,https://www.ambitionbox.com/reviews/berar-finance-reviews/branch-manager?location=parbhani
Vasantrao Naik Marathwada Krishi Vidyapeeth Parbhani ...,https://www.vnmkv.ac.in/
Rushabh Patel - Senior Machine Learning Engineer - VNS Health ...,https://www.linkedin.com/in/rushabhpatel5
36 Data Entry Jobs in Parbhani- Back Office- Data Entry- Back Office ...,https://www.quikr.com/jobs/data-entry-back-office+parbhani+zwqxj284607247
Game Design and Development BS | RIT,https://www.rit.edu/study/game-design-and-development-bs
Rahbar Foundation,https://www.rahbarfoundation.org/
APPLICATIONS OF COMPUTER AIDED ENGINEERING IN ...,https://nahep.vnmkv.org.in/media/2021/08/Python-Training-2.pdf
LEMKEN – Innovative farming technology for high-yield agriculture,https://lemken.com/en-en/
IIT Kharagpur inked a MoU with Vasantrao Naik Marathwada Krishi ...,https://kgpchronicle.iitkgp.ac.in/iit-kharagpur-inked-a-mou-with-vasantrao-naik-marathwada-krishi-vidyapeeth-in-digital-farming-solutions/
Weaving Saree in Power Loom - YouTube,https://www.youtube.com/watch?v=HAgX1LGPaBA
Hydraulic Bar Bending Machine - YouTube,https://www.youtube.com/watch?v=44yiMXAUGhI
B. Pharmacy full details explained in telugu #job opportunities ...,https://www.youtube.com/watch?v=oB8BPz9JcXc
Face Recognition in video images using Neural Network,https://www.jetir.org/papers/JETIR1806516.pdf
Ethnopharmacology | Apply for Honorary DSc in ...,https://sites.google.com/site/honorarydegreeacademics/ethnopharmacology-apply-for-honorary-dsc-in-ethnopharmacology-admission-announcement
Design and implementation of web-based aphid (Lipaphis erysimi ...,https://www.researchgate.net/publication/289183808_Design_and_implementation_of_web-based_aphid_Lipaphis_erysimi_forecast_system_for_oilseed_Brassicas
