Title,URL
Internship in Dehri on sone | Internshala,https://internshala.com/internships/internship-in-Dehri%20on%20sone/
Manoj Kumar Ranjan - Mechanical Engineer - Siemens Energy ...,https://in.linkedin.com/in/manoj-kumar-ranjan-959b0387
Sankhyana Consultancy Services Pvt. Ltd. | LinkedIn,https://bo.linkedin.com/company/sankhyana-consultancy-services-sas
Top Internet Job Work in Rohtas - Dehri-on-sone,https://www.justdial.com/Rohtas/Internet-Job-Work/nct-10273138
Dehri On Sone Sasaram Bihar Loc Sasaram Bihar India 2023-24 ...,https://www.quikr.com/jobs/dehri-on-sone-sasaram-bihar-loc-sasaram-bihar-india+aurangabad+zwqxj4157493934
Catalogue - Nseit Ltd. Dehri in Dehri On Sone - Dehri On Sone ...,https://www.justdial.com/jdmart/Dehri-On-Sone/Nseit-Ltd--Dehri--Dehri-On-Sone/9999P6188-6188-180906174309-D7V9_BZDET/catalogue
Top B.Ed. Colleges in Dehri-on-sone 2023 – Courses- Fees ...,https://university.careers360.com/colleges/list-of-bed-degree-colleges-in-dehri-on-sone
Sun Beam Public School Dehri-On-Sone- Rohtas: Admission- Fee ...,https://school.careers360.com/schools/sun-beam-public-school-dehri-on-sone-rohtas
M.Tech.Data Science & Engineering – BITS Pilani,https://bits-pilani-wilp.ac.in/m-tech/cluster/data-science-and-engineering.php
Jagjiwan Mahavidyalaya Dehri-On-Sone- Dehri-on-sone: Admission ...,https://school.careers360.com/schools/jagjiwan-mahavidyalaya-dehri-on-sone-rohtas
A proud Sankhyanite and a... - Sankhyana Consultancy Services ...,https://zh-cn.facebook.com/SankhyanaConsultancyServices/posts/a-proud-sankhyanite-and-a-proud-certified-sas-specialisthearty-congratulations-a/2470885096512356/
Cyber Security Salary in India in 2023 - How much one earn?,https://intellipaat.com/blog/cyber-security-salary-in-india/
GEMS Education - Wikipedia,https://en.wikipedia.org/wiki/GEMS_Education
List of State Nursing Council Recognised Institutions offering ANM ...,https://indiannursingcouncil.org/uploads/pdf/16194538731152389816086e7b1c191b.pdf
Business Loans - Get Business Loans Online Instantly | ICICI Bank,https://www.icicibank.com/business-banking/finance
Top 10 Personal Bodyguard Jobs- Private Security Jobs | Sulekha,https://www.sulekha.com/personal-bodyguard-jobs/
PE Seat for NIC-2022,https://bceceboard.bihar.gov.in/pdf_Seat/PE22_SEATM.pdf
Gaurav Sinha - Co-Founder & Chief Executive Officer - Binary Logic ...,https://www.linkedin.com/in/sinhagaurav783
V-Mart Store Manager Salaries in Patna | AmbitionBox,https://www.ambitionbox.com/salaries/v-mart-salaries/store-manager/patna-location
documents required,https://www.hdfcbank.com/personal/invest/mutual-funds/mf-knowledge-center/documents-required
Join as BDE at Byju's - Apply Fresher Jobs in Dehri BH,https://freshersjobsalert.com/career/byjus-career-in-dehri-bihar
Sankhyana Consultancy Services,https://www.facebook.com/SankhyanaConsultancyServices/
Whatsapp | Samsung India,https://www.samsung.com/in/support/whatsapp/
Hazaribagh- Jharkhand- India 14 day weather forecast,https://www.timeanddate.com/weather/india/hazaribagh/ext
Walkin Jobs - Walkin For Freshers & Experienced - Naukri.com,https://www.naukri.com/walkin-jobs
Montecarlo Limited,https://www.mclindia.com/
SBTE - Bihar,https://sbteonline.in/
GreatWhite,https://www.great-white.in/
Sr. Form No. Name Parentage Address District Category MM MO ...,https://www.kashmiruniversity.net/events/5488.pdf
Human Welfare Credit & Thrift Co-Operative Society Ltd,https://www.humancredit.in/
Common Service Centre (CSC) List - (Madhya Pradesh State),http://www.ayushmanbharat.mp.gov.in/uploads/media/CSC_List_Madhya_Pradesh_22Dec2018.pdf
Best Sports And Musculoskeletal Physiotherapists In Hyderabad ...,https://www.practo.com/hyderabad/sports-and-musculoskeletal-physiotherapist
Untitled,http://vlib.iue.it/carrie/cec/togan_memoirs.shtml
Implementation of 100 Tonner Vehicle,http://safetynkcpl.com/workshop.php
7 Things About... Olympic Swimming Pools - YouTube,https://www.youtube.com/watch?v=bZQ9ylTtBfQ
