Title,URL
Renaissance Panvel | LinkedIn,https://in.linkedin.com/company/renaissance-panvel
195 Data Science Jobs and Vacancies in Panvel- Maharashtra - 2 ...,https://in.indeed.com/Data-Science-jobs-in-Panvel,-Maharashtra
19 Computer Engineer Job Vacancies In Panvel - Naukri.com,https://www.naukri.com/computer-engineer-jobs-in-panvel
Machine Learning Jobs in Wells Fargo (Feb 2023) - 10618 Machine ...,https://www.shine.com/job-search/machine-learning-jobs-in-wells-fargo
Event Management internship in Panvel with job offer,https://internshala.com/internships/event-management-internship-in-panvel/ppo-true/
Manish Tandel - Machine Learning / DevOps Engineer - Extend ...,https://www.linkedin.com/in/manish-tandel
20 Best machine learning jobs in CBD Belapur- Navi Mumbai ...,https://www.simplyhired.co.in/search?q=machine+learning&l=cbd+belapur%2C+navi+mumbai%2C+maharashtra
Law internship in Panvel sub-district with job offer,https://internshala.com/internships/law-internship-in-panvel%20sub-district/ppo-true/
Panvel resident bags job offer from Microsoft,https://www.dnaindia.com/mumbai/report-panvel-resident-bags-job-offer-from-microsoft-2582574
Internship Trainee Job Vacancies in New Panvel- Navi Mumbai ...,https://www.placementindia.com/job-search/internship-trainee-jobs-in-new-panvel-navi-mumbai.htm
Home - Quantiphi- Inc.,https://quantiphi.com/
Machine learning Jobs in Mumbai- February 2023 | Glassdoor,https://www.glassdoor.co.in/Job/mumbai-machine-learning-jobs-SRCH_IL.0,6_IC2851180_KO7,23.htm
Most important predictors for fingerprinting | Download Table,https://www.researchgate.net/figure/Most-important-predictors-for-fingerprinting_tbl3_257449737
3 BHK Apartment / Flat for sale in Green World Airoli Navi Mumbai ...,https://www.99acres.com/3-bhk-bedroom-apartment-flat-for-sale-in-green-world-airoli-navi-mumbai-1680-sq-ft-r1-spid-Y64412726
Hiranandani Group forays into data centre parks with 'Yotta' - CRN ...,https://www.crn.in/data-center/hiranandani-group-forays-into-data-centre-parks-with-yotta/
IIFL Financial Analyst Reviews by 6 Employees | AmbitionBox,https://www.ambitionbox.com/reviews/iifl-reviews/financial-analyst
Poverty and under nutrition among under five age group children in ...,https://go.gale.com/ps/i.do?id=GALE%7CA481245246&sid=googleScholar&v=2.1&it=r&linkaccess=abs&issn=20672462&p=AONE&sw=w
Top Full Time Science Colleges in Mumbai - 2022 Rankings- Fees ...,https://collegedunia.com/science/mumbai/full-time-colleges
Smart Logistics - January 2013 by Infomedia18 - Issuu,https://issuu.com/infomedia18/docs/smart_logistics_january_2013
Aftermarket - September 2011 by Infomedia18 - Issuu,https://issuu.com/infomedia18/docs/aftermarket_september_2011
