Title,URL
2+ Machine Learning (ML) Jobs in Bhubaneswar | Machine ...,https://cutshort.io/jobs/machine-learning-ml-jobs-in-bhubaneswar
66 Machine Learning Job Vacancies In Bhubaneswar - Naukri.com,https://www.naukri.com/machine-learning-jobs-in-bhubaneswar
Machine learning Jobs in Bhubaneshwar- January 2023 | Glassdoor,https://www.glassdoor.co.in/Job/bhubaneswar-machine-learning-jobs-SRCH_IL.0,11_IC4469444_KO12,28.htm
21 Machine Learning Jobs and Vacancies in Orissa - 3 February ...,https://in.indeed.com/Machine-Learning-jobs-in-Orissa
Define your career with IBM,https://www.ibm.com/careers/in-en/
Machine Learning Engineer Salary in Bhubaneswar | AmbitionBox,https://www.ambitionbox.com/profile/machine-learning-engineer-salary/bhubaneswar-location
5 Hottest Jobs In Data Science- Machine Learning And Artificial ...,https://analyticsindiamag.com/5-hottest-jobs-in-data-science-machine-learning-and-artificial-intelligence-today/
Machine Learning Jobs in Bhubaneswar- Orrisa (Feb 2023) - 1324 ...,https://www.shine.com/job-search/machine-learning-jobs-in-bhubaneswar
How much is the Machine Learning Course Fee in Bhubaneswar?,https://datamites.com/blog/how-much-is-the-machine-learning-course-fee-in-bhubaneswar/
Join iMerit now to shape the future of AI and ML data | iMerit,https://imerit.net/careers/
Siddhanta Bhatta - Senior Software Engineer(Machine Learning ...,https://in.linkedin.com/in/siddhanta-bhatta-377880a7
Machine Learning Course in Bhubaneswar | Besant Technologies,https://www.besanttechnologies.com/machine-learning-course-in-bhubaneswar
Best Tech Companies and Startups to Work for in Bhubaneswar ...,https://angel.co/startups/location/bhubaneswar
371 Ibm Machine Learning jobs in India (8 new),https://in.linkedin.com/jobs/ibm-machine-learning-jobs
Machine Learning Engineer – YM Labs | Software Development ...,https://yellmonlabs.com/jobs/machine-learning-engineer/
Sainik School Bhubaneswar | LinkedIn,https://www.linkedin.com/company/sainik-school-bhubaneswar
Infosys Careers - Internships,https://www.infosys.com/careers/internships.html
Current Openings | Tiger Analytics,https://www.tigeranalytics.com/current-openings/
Confidence to Deploy AI with World-Class Training Data,https://appen.com/
Machine Learning Jobs: Salary- Freshers Jobs- Internships- Career ...,https://collegedunia.com/courses/machine-learning/career-options-and-jobs
▷ Python tutors in Bhubaneswar - TeacherOn,https://www.teacheron.com/python-tutors-in-bhubaneswar
Data Science Course in Bhubaneswar [#1 Training Institute],https://www.simplilearn.com/data-science-training-course-bhubaneswar-city
Jobs at Intel in India,https://www.intel.com/content/www/us/en/jobs/locations/india.html
Job Openings: Career Opportunities at Wolfram,https://www.wolfram.com/company/careers/opportunities/
Where are all the jobs? A machine learning approach for high ...,https://blogs.worldbank.org/developmenttalk/where-are-all-jobs-machine-learning-approach-high-resolution-urban-employment
A.I. Is Learning From Humans. Many Humans. - The New York Times,https://www.nytimes.com/2019/08/16/technology/ai-humans.html
Machine Learning Course in Bhubaneswar- Training | Sulekha,https://www.sulekha.com/machine-learning-courses/bhubaneswar
All jobs - Careers at Airbnb,https://careers.airbnb.com/positions/
Artificial intelligence and Machine Learning Workshop by Indian ...,https://unstop.com/competition/artificial-intelligence-and-machine-learning-workshop-wissenaire19-iit-bhubaneswar-indian-institute-of-technology-iit--78364
Python Training in Bhubaneswar | Best Python Course Institute,https://www.edureka.co/python-programming-certification-training-bhubaneswar
Jobs at NVIDIA | NVIDIA Careers,https://www.nvidia.com/en-in/about-nvidia/careers/
upGrad Careers,https://www.upgrad.com/us/careers/
StratLytics Consulting | LinkedIn,https://uk.linkedin.com/company/stratlytics-consulting
Best Data Science Course in Bhubaneswar - IIT Madras CCE Training,https://intellipaat.com/data-scientist-course-training-bhubaneswar/
Work With Us,https://www.worldbank.org/en/work-with-us
Careers - Amazon Science,https://www.amazon.science/careers
Lead Data Scientist Job in Yellomonkey Labs - Bhubaneswar ...,https://jobgrin.co.in/c/Yellomonkey-Labs/jobs/Lead-Data-Scientist-jX3x4pxKp1
Mathematics internship in Bhubaneswar with job offer,https://internshala.com/internships/mathematics-internship-in-bhubaneswar/ppo-true/
Internship On Machine Learning with Python (6 weeks ...,https://skyyrider.com/online-course-details?course=127
Job Openings and Applications,https://www.zeiss.com/corporate/int/careers/job-openings-and-applications.html
Data Architect–Structured/Unstructured Data Analytics – Infosys,https://www.analyticsvidhya.com/blog/2015/01/data-architect-structured-unstructured-data-analytics-infosys-bhubaneswarmysore-3-8-years-experience/
part time job in bbsr contact number,https://hccdps.org/ennvfxp/part-time-job-in-bbsr-contact-number
Artificial Intelligence Careers: Tips From 3 Experts | Built In,https://builtin.com/artificial-intelligence/career-in-artificial-intelligence
information-technology jobs at Chubb,https://careers.chubb.com/global/en/c/information-technology-jobs?from=40&s=1
358 Machine Learning Job Vacancies in Hyderabad - Feb (2023),https://www.foundit.in/search/machine-learning-jobs-in-hyderabad
Contify Careers & Job Opportunities,https://www.contify.com/careers/
Urgent: Machine design engineer Jobs in Bhubaneswar - February ...,https://in.jooble.org/jobs-machine-design-engineer/Bhubaneswar
Association for Computing Machinery,https://www.acm.org/
Best Data Engineering Courses & Certifications [2023] | Coursera,https://www.coursera.org/courses?query=data%20engineering
Master's Students - Machine Learning - CMU - Carnegie Mellon ...,https://www.ml.cmu.edu/people/masters-students.html
preplabs: A Project Based Learning Platform,https://preplabs.tech/
Welcome to Central Tool Room & Training Centre-Bhubaneswar,https://www.cttc.gov.in/
Rudra Prasad Dash | Developer Profile on HackerEarth.,https://www.hackerearth.com/@hotsonhonet
Join Our Growing Team If You Are Passionate and Solution Oriented,https://www.mygreatlearning.com/careers
Immediately Looking for Online Data Science Instructor in Aiginia ...,https://www.urbanpro.com/bhubaneswar/immediately-looking-for-online-data-science-instructor-in-aiginia/34844205
Careers | LightBeam.ai,https://www.lightbeam.ai/careers
Learn Artificial Intelligence with Online Courses- Classes- & Lessons ...,https://www.edx.org/learn/artificial-intelligence
Data Science with Python Training Course Bhubaneswar,https://staragile.com/in/data-science/data-science-with-python-certification-training-bhubaneswar
Best data science training institute in bhubaneswar - Dv Analytics,https://dvanalyticsmds.com/best-data-science-training-institute-in-bhubaneswar/
Home - Quantiphi- Inc.,https://quantiphi.com/
Data Science Course Eligibility- Criteria- Syllabus & Skills | Emeritus ...,https://emeritus.org/in/learn/data-science-course-eligibility-criteria-syllabus-skills/
Wipro Careers | Discover a World of Opportunities,https://careers.wipro.com/careers-home/
List of Jobs offered by Careerera,https://www.careerera.com/jobs-in-bhubaneswar
Rippling Careers & Jobs | Join The Rippling Team,https://www.rippling.com/careers
Best Data Science Certification Training Courses Bhubaneswar ...,https://www.excelr.com/data-science-course-training-in-bhubaneswar
Top Reasons Why Radiology Jobs are expected to Get Back in ...,https://cutm.ac.in/study-guide/top-reasons-why-radiology-jobs-are-expected-to-get-back-in-demand-after-covid-19-pandemic/
Silicon Labs,https://www.silabs.com/
Impetus Careers | Make your mark,https://www.impetus.com/careers/
Artificial Intelligence Course in Bhubaneswar | Best AI Training | ACTE,https://www.acte.in/ai-artificial-intelligence-training-in-bhubaneswar
Indian Institute of Technology Bhubaneswar,https://www.iitbbs.ac.in/profile.php/meenu/
Internships for students | Amazon.jobs,https://www.amazon.jobs/teams/internships-for-students
Jobs | Aptiv,https://www.aptiv.com/en/jobs
Gun.io on Twitter: "https://t.co/KPRq2uaQZD is hiring a #FullStack ...,https://twitter.com/gundotio/status/1589060330419798016
Tweets with replies by Bhajneet Dhingra (@bhajnetd) / Twitter,https://mobile.twitter.com/bhajnetd/with_replies
Online Upskilling Platform Scaler Academy Launches “Forever” - A ...,https://techrseries.com/career-development/online-upskilling-platform-scaler-academy-launches-forever-a-lifelong-career-accelerator-program/
Internet of Things Security Using Machine Learning | Request PDF,https://www.researchgate.net/publication/343223425_Internet_of_Things_Security_Using_Machine_Learning
Sikkim Manipal Institute of Technology – Sikkim Manipal University,https://smu.edu.in/smit.html/
Pre-Graduate Programme in Electrical Engineering at IIMT Studies ...,https://www.shiksha.com/college/iimt-studies-international-institute-of-management-and-technical-studies-bhubaneswar-49062/course-pre-graduate-programme-in-electrical-engineering-257730
Indian research shows managers fail to distinguish between ...,https://www.emerald.com/insight/content/doi/10.1108/HRMID-11-2021-0238/full/pdf?title=indian-research-shows-managers-fail-to-distinguish-between-different-performance-measures-but-show-a-concern-for-overall-performance
Javier M. Hernandez-Lopez - INSPIRE,https://inspirehep.net/authors/1259709
13th International Conference on Distributed Computing and ...,https://dl.acm.org/doi/proceedings/10.5555/3266891
Semantic Analysis and Topic Modelling of Web-Scrapped COVID-19 ...,https://europepmc.org/article/pmc/pmc9141192
Internship & Training on LinkedIn: #interested #follow #updates ...,https://au.linkedin.com/posts/internship-training_interested-follow-updates-activity-6892166114881744896-w3Us?trk=public_profile_like_view
Jobs in Bhubaneswar | Urgent hiring . Kisi ko urgent work ki need ho ...,https://www.facebook.com/groups/446580545945776/posts/928399331097226/
Data Science In Hindi- Data Science For Beginners- What Is Data ...,https://www.youtube.com/watch?v=U_CCKibxYjs
Abani K. Pradhan- Ph.D.,https://cfs3.umd.edu/about/people/faculty/pradhan
tensorflow/adanet - Gitter,https://gitter.im/tensorflow/adanet?at=5f07f7558b72655b5561ac2b
Jyotir Moy Chatterjee | LBEF - Academia.edu,https://lbef.academia.edu/JyotirMoyChatterjee
Sadananda Acharya- PMP - Project Manager - Virtusa | LinkedIn,https://ca.linkedin.com/in/sadananda-acharya-pmp-49031211
National Education Policy 2020 and ICT in education,https://www.slideshare.net/deepali2009/national-education-policy-2020-and-ict-in-education
1018 Construction Engineering Job Vacancies in Bangalore - Nov ...,https://www.monsterindia.com/search/construction-engineering-jobs-in-bangalore
A novel alternative to conventional machine vision features ...,https://www.inderscienceonline.com/doi/10.1504/IJBIC.2009.022777
File Exchange - MATLAB Central - Authors,https://de.mathworks.com/matlabcentral/fileexchange/authors?recency=all&s_tid=gn_mlc_fex_alldays
Process Plan and Scheduling Integration for Near Optimal Process ...,https://link.springer.com/chapter/10.1007/978-3-642-35380-2_88
Robiul Alam - Cox's Bazar- Chattogram- Bangladesh | Professional ...,https://bd.linkedin.com/in/robiul-alam-73846420b
