Title,URL
Modinagar Paper Mills Limited | LinkedIn,https://in.linkedin.com/company/modinagar-paper-mills-limited
0 Photography Jobs for Freshers in Modinagar- Jan | Internshala,https://internshala.com/fresher-jobs/photography-jobs-in-Modinagar/
Machine Learning Engineer in Noida- Uttar Pradesh- India | Other at ...,https://careers.adobe.com/us/en/job/R132834/Machine-Learning-Engineer
Internship in Modinagar | Internshala,https://internshala.com/internships/internship-in-modinagar/
Job Description - Management Trainee - Machine Learning ...,https://genpact.taleo.net/careersection/sgy_external_career_section/jobdetail.ftl?job=948599&src=DS-10971
Esri R&D Center- New Delhi | Jobs for Data Scientists- GIS Analysts ...,https://www.esri.com/en-us/about/about-esri/rd-center-new-delhi
Fynd - SDE 1 / SDE 2 - Machine Learning,https://jobs.lever.co/fynd/d3b83d37-e5c8-4a5d-87ad-b2b1e5f369b5
Hackveda Deep Learning Engineer | SmartRecruiters,https://jobs.smartrecruiters.com/Hackveda/743999694330745-deep-learning-engineer
472 Machine Learning Jobs and Vacancies in Noida- Uttar Pradesh ...,https://in.indeed.com/Machine-Learning-jobs-in-Noida,-Uttar-Pradesh
Urgent: Part-time night shift Jobs in Modinagar - February 2023 ...,https://in.jooble.org/jobs-part+time-night-shift/Modinagar
Prerak G. - Applications and Sales Engineer - Bender Inc. | LinkedIn,https://www.linkedin.com/in/prerakg
SDE 1 / SDE 2 - Machine Learning at Fynd • Noida | Wellfound ...,https://angel.co/company/gofynd/jobs/1621290-sde-1-sde-2-machine-learning
Win Medicare Modinagar Reviews by 7 Employees | AmbitionBox,https://www.ambitionbox.com/reviews/win-medicare-reviews/modinagar-location
Job search | Amazon.jobs,https://www.amazon.jobs/en/search?base_query=&loc_query=Noida%2C+UP%2C+India&latitude=28.53342&longitude=77.3819&loc_group_id=&invalid_location=false&country=IND&city=Noida&region=Uttar+Pradesh&county=Gautam+Buddha+Nagar
Westinghouse Electric Company: Shaping Tomorrow's Energy,https://www.westinghousenuclear.com/
Machine Learning Engineer at Masters India IT Solutions - Noida ...,https://ai-jobs.net/job/36698-machine-learning-engineer/
Modinagar Paper Mills to Setup Another Semi Kraft Machine ...,https://papermart.in/modinagar-paper-mills-to-setup-another-semi-kraft-machine/
8 Best Career Scopes in AI and ML engineering - CIT - Cambridge ...,https://engg.cambridge.edu.in/blogs/8-best-career-scopes-in-ai-and-ml-engineering/
Forensic Facial Reconstruction: The Final Frontier - PMC,https://www.ncbi.nlm.nih.gov/pmc/articles/PMC4606364/
Data Scientist | Crowe,https://jobs.crowe.com/job/17306413/data-scientist-noida-in/
Data Analyst Salary in India [Freshers & Experienced] -2023,https://intellipaat.com/blog/data-analyst-salary-in-india/
Deep learning engineer/ Data scientist (computer vision or nlp ...,https://paxcom.freshteam.com/jobs/qIg7_z8WNwrC/deep-learning-engineer-data-scientist-computer-vision-or-nlp-specialisation
Machine Learning Engineer - Python/Tensorflow - Vitrana,https://www.datayoshi.com/offer/894292/machine-learning-engineer-py
Product Owner - Director (DC) in New Delhi- India | Product ...,https://careers.bcg.com/job/19489BR/Product-Owner-Director-DC
Machine Learning Course in Noida,https://www.edureka.co/machine-learning-certification-training-noida
Careers | John Deere IN,https://www.deere.co.in/en/our-company/john-deere-careers/
Job Application for Senior Software Engineer- Data Engineering at ...,https://boards.greenhouse.io/udacity/jobs/6484290002
Machine learning Jobs in Noida- January 2023 | Glassdoor,https://www.glassdoor.co.in/Job/noida-machine-learning-jobs-SRCH_IL.0,5_IC4477468_KO6,22.htm
Modinagar Institute of Technology [MIT]- Ghaziabad: Courses- Fees ...,https://universitykart.com/university/universitydetails/modinagar-institute-of-technology-ghaziabad
Urgently Looking for Online BTech Tutor for BTech Computer ...,https://www.urbanpro.com/ghaziabad/urgently-looking-for-online-btech-tutor-for-btech-computer-science-engineering-in-modi-nagar/34787717
Top 10 Baby sitter in Modinagar- Nanny in Modinagar- Child Care ...,https://www.sulekha.com/child-care-services/modinagar
Machine Learning Engineer job at Rooter Sports Technologies ...,https://www.instahyre.com/job-221532-machine-learning-engineer-at-rooter-sports-technologies-delhi/
Getdefault Automation Engineer - Triplebyte,https://triplebyte.com/company/public/getdefault/YaMt478/automation-engineer
Data Center Technician - Google - Delhi- India - Google Careers,https://careers.google.com/jobs/results/122869506839061190-/?page=2
Jobs in Modinagar - Check Latest (60) Job Openings (February ...,https://www.quikr.com/jobs/modinagar+zwqxj760939060
Modinagar Official | Facebook,https://www.facebook.com/groups/ModinagarOfficial/
Specialist- Applied Data Science – CIMMYT,https://www.cimmyt.org/careers/jobs/specialist-applied-data-science/
Software Engineer- Data Science (Python) - BOLD,https://www.bold.com/job-description/software-engineer-data-science-python/
Engineering Roles at Helloverify | Y Combinator,https://www.ycombinator.com/companies/helloverify/jobs/7a8euatHb-engineering-roles
Computer Vision Systems (algorithm) Engineer in ... - Qualcomm Jobs,https://qualcomm.dejobs.org/noida-ind/computer-vision-systems-algorithm-engineer/503D24EBC5CD488CB42D184062742D4F/job/?vs=25&utm_source=RR%20RSS%20Feed-DE&utm_medium=Other&utm_campaign=RR%20RSS%20Feed
Sewing stars of Sulabh Vocational Training Centre - YouTube,https://www.youtube.com/watch?v=Dww6G65LmKg
Spinco Biotech Pvt Ltd,https://www.spincotech.com/
Machine Learning Engineer (Remote) - MonetizeMore - Career Page,https://monetizem.applytojob.com/apply/FIyhFHYKki/Machine-Learning-Engineer-Remote
CHRIST (Deemed to be University)- Delhi NCR - 201003,https://ncr.christuniversity.in/
