Title,URL
A machine learning-based on-demand sweat glucose reporting ...,https://www.nature.com/articles/s41598-022-06434-x
PALI Meat | LinkedIn,https://www.linkedin.com/company/pali-meat
Reddit is buying machine learning platform Spell | TechCrunch,https://techcrunch.com/2022/06/16/reddit-spell-machine-learning/
Pali Capital | LinkedIn,https://www.linkedin.com/company/pali-capital
Google AI Introduces PaLI: A Jointly-Scaled Multilingual Language ...,https://www.marktechpost.com/2022/09/18/google-ai-introduces-pali-a-jointly-scaled-multilingual-language-image-model-in-over-100-languages/
Pali Adventures: Overnight Summer Camp in Southern California,https://paliadventures.com/
Prakash Pali - Senior Engineer - Qualcomm | LinkedIn,https://in.linkedin.com/in/prakashpali
Netflix Games Jobs- Employment | Indeed.com,https://www.indeed.com/m/jobs?q=Netflix+Games
Machine Learning Training Course in Pali - Fees- Placements,http://quickxpert.com/machine-learning-training-course-in-pali
Working at Pali Institute: Employee Reviews | Indeed.com,https://www.indeed.com/cmp/Pali-Institute/reviews
Reddit Acquires Spell to Add Muscle to Its Machine Learning ...,https://www.adweek.com/media/reddit-acquires-spell-to-add-muscle-to-its-machine-learning-technology/
Working as an Instructor at Pali Institute: Employee Reviews | Indeed ...,https://www.indeed.com/cmp/Pali-Institute/reviews?fjobtitle=Instructor
The Buddhist and Pali University of Sri Lanka | World University ...,https://www.timeshighereducation.com/world-university-rankings/buddhist-and-pali-university-sri-lanka
Blogging Internship in Pali | Internshala,https://internshala.com/internships/blogging-internship-in-pali
Careers – Pit Road Fund,https://pitroadfund.com/careers/
Data science certification – why it is important and where to get it ...,https://www.saipali.education/data-science-certification-why-it-is-important-and-where-to-get-it/
Reddit's new chief product officer Pali Bhat on what's next,https://www.fastcompany.com/90757049/pali-bhat-reddit
Amazon Pay | Amazon.jobs,https://www.amazon.jobs/payments
Data Science Careers | BestColleges,https://www.bestcolleges.com/careers/technology/data-science/
Palo Alto Networks: Global Cybersecurity Leader,https://www.paloaltonetworks.com/
Cal Poly | Learn by Doing,https://www.calpoly.edu/
Pali Indrasekara (@IndrasekaraPali) / Twitter,https://mobile.twitter.com/indrasekarapali
Aquabyte: Home,https://aquabyte.ai/
SAI PALI INSTITUTE | Kampala,https://pt-br.facebook.com/saipalicampus/
Google Introduces PaLI- Scaling Language-Image Learning in 100+ ...,https://analyticsindiamag.com/google-introduces-pali-scaling-language-image-learning-in-100-languages/
Text to Speech Software – Amazon Polly – Amazon Web Services,https://aws.amazon.com/polly/
BSEO: Data Science Analysis Guide – George Karapalidis,https://seeker.digital/brighton-seo/april-2019/george-karapalidis-data-science-analysis-guide/
Pali Hungin: 'We can't replace doctors with technology alone ...,https://www.theguardian.com/society/2020/mar/03/pali-hungin-doctors-technology-ai-medics-role-vital
Cancers | Free Full-Text | An Effective Method for Lung Cancer ...,https://www.mdpi.com/2072-6694/14/21/5457
Reddit's first chief product officer has a vision,https://www.protocol.com/reddit-cpo-pali-bhat-interview
spell: Reddit acquires machine learning platform Spell - The ...,https://economictimes.indiatimes.com/tech/technology/reddit-acquires-machine-learning-platform-spell/articleshow/92278504.cms
PaLI: A Jointly-Scaled Multilingual Language-Image Model | DeepAI,https://deepai.org/publication/pali-a-jointly-scaled-multilingual-language-image-model
▷ Online Blockchain Technology tutor jobs in Pali Hill (Masters ...,https://www.teacheron.com/online-blockchain_technology-tutor-jobs-in-pali_hill?ll=masters_postgraduate&hl=masters_postgraduate
Manufacturing Jobs in Pali Gaon- Faridabad | Find Latest ...,https://www.jobhai.com/manufacturing-jobs-in-pali-gaon-faridabad-lccty
Is machine learning jobs in demand? — JIET Jodhpur,https://www.jietjodhpur.ac.in/blog/is-machine-learning-jobs-in-demand
Artificial Intelligence Is Stupid and Causal Reasoning Will ... - Frontiers,https://www.frontiersin.org/articles/10.3389/fpsyg.2020.513474/full
Palo Alto Unified School District: Home,https://www.pausd.org/
Aditya Birla Group Pali Reviews by 24 Employees | AmbitionBox,https://www.ambitionbox.com/reviews/aditya-birla-group-reviews/pali-location
ED Hospital Management | Physician and APP Jobs,https://www.usacs.com/
Palisade | Software Tools for Risk Modeling & Decision Analysis,https://www.palisade.com/
Divya - Pali- : For Students who want to learn Python and SQL from ...,https://www.superprof.ng/for-students-who-want-learn-python-and-sql-from-experienced-professionals.html
SUNY Polytechnic Institute,https://sunypoly.edu/
Paly Robotics: Home,https://www.palyrobotics.com/
Eric Polley | Public Health Sciences,https://pbhs.uchicago.edu/program/faculty/eric-polley
Amneal Pharmaceuticals: We make healthy possible,https://amneal.com/
General Dynamics Mission Systems,https://gdmissionsystems.com/
Pāli Level 2 - OCBS Courses,https://ocbs-courses.org/catalogue/online-course/pali-level-2/
The Weather Company- an IBM Business | Accurate Weather ...,https://www.ibm.com/weather
Nikhil Pali - Engineering And Maintenance Manager - Glen Dimplex ...,https://ca.linkedin.com/in/nikhil-pali-4a154b23
Amended and Restated Articles of Incorporation of Hawai'i Pacific ...,https://www.hawaiipacifichealth.org/media/1922/articles_of_inforporation.pdf
Install Hadoop | Setting up a Single Node Hadoop Cluster | Edureka,https://www.edureka.co/blog/install-hadoop-single-node-hadoop-cluster
India - Jobs at Apple (IN),https://jobs.apple.com/en-in/search?location=india-INDC
Electrician Apprentice Related Instruction | Ogden-Weber Technical ...,https://www.otech.edu/electrician-apprentice/
$17-$35/hr Forestry Jobs in Hawaii (NOW HIRING) ZipRecruiter,https://www.ziprecruiter.com/Jobs/Forestry/--in-Hawaii
Using AWS Data Wrangler with AWS Glue Job 2.0,https://www.analyticsvidhya.com/blog/2021/01/using-aws-data-wrangler-with-aws-glue-job-2-0/
8 Books Recommended By Chamath Palihapitiya,https://www.kevinrooke.com/book-recommendations/chamath-palihapitiya
Mining Jobs In Pali In Rajasthan - 1279 Mining Job Vacancies In ...,https://www.naukri.com/mining-jobs-in-pali-in-rajasthan
Coursera Online Course Catalog by Topic and Skill | Coursera,https://www.coursera.org/browse
Passive Sweat-Based Pruritic Cytokine Detection and Monitoring ...,https://iopscience.iop.org/article/10.1149/2754-2726/ac82bc/meta
How to Develop a Neural Machine Translation System from Scratch ...,https://machinelearningmastery.com/develop-neural-machine-translation-system-keras/
5th Grade Visits Pali Camp! — The Country School,https://www.country-school.org/blog/2019/3/22/5th-grade-visits-pali-camp
Interview Experience by Shivam Pali | Oct 2021 (Exp. 0-2 Years),https://www.codingninjas.com/codestudio/interview-experiences/mpl/interview-experience-by-shivam-pali-oct-2021-exp-0-2-years-1184
The Adecco Group - the industry leader in Human Resources,https://www.adeccogroup.com/
With cash evaporating quickly- Palisade Bio cuts 20% of staff,https://www.fiercebiotech.com/biotech/cash-evaporating-quickly-palisade-bio-cuts-staff-save-money-and-focus-sole-gi-med
Paul D. Camp Community College,https://www.pdc.edu/
Alaheʻe KĀwelu Koa Kupukupu Koʻokoʻolau MĀmaki 'Ōhi'a 'Ūlei ...,https://koolauwatershed.org/wp-content/uploads/Pali-Lookout-Native-Plant-Sign-and-Mahalos.pdf
Tata Consultancy Services: Driving Innovation and Building on Belief,https://www.tcs.com/
Post-doctoral Fellowships at The University of Hong Kong - China ...,https://www.chinauniversityjobs.com/jobs/post-doctoral-fellowships-at-the-university-of-hong-kong/
Crisis Worker Job Description For 2023 - Zippia,https://www.zippia.com/crisis-worker-jobs/job-description/
Sarvapali D. (Gopal) Ramchurn | Professor of Artificial Intelligence,http://www.sramchurn.com/
Office of Scholarly Engagement | St. Catherine University,https://www.stkate.edu/academics/scholarly-engagement
Stitching Services- Stitching Job Work in Pali- सिलाई सेवाएं- पाली,https://dir.indiamart.com/pali/stitching-services.html
How to Prep Wood for Furniture Making - Furniture Design and ...,https://www.youtube.com/watch?v=ZvggB9FT4gM
Machine Learning Techniques Application: Social Media ...,https://www.researchgate.net/publication/350337131_Machine_Learning_Techniques_Application_Social_Media_Agriculture_and_Scheduling_in_Distributed_Systems
Building Smarter Software With A.I. & Machine Learning - Public ...,https://video.motorolasolutions.com/detail/videos/public-safety/video/5847091646001/building-smarter-software-with-a.i.-machine-learning?autoStart=true
Dynamatic Technologies Limited,https://dynamatics.com/
pipeline-framework · GitHub Topics · GitHub,https://github.com/topics/pipeline-framework?l=python&o=asc&s=forks
DIPLOMA | LinkedIn,https://uk.linkedin.com/company/diploma?trk=public_profile_profile-section-card_subtitle-click
Course Descriptions | UWest,https://www.uwest.edu/wp-content/uploads/2022/10/UWest_2022-23_Course-Descriptions.pdf
The Murderous Coronavirus: Data and Statistics to Die or to Adapt ...,https://journals.sagepub.com/doi/10.1177/0896920520974080
Who am I computing? « On the Human,https://nationalhumanitiescenter.org/on-the-human/2009/05/who-am-i-computing/
Use connotes in a sentence - RhymeZone,https://www.rhymezone.com/r/rhyme.cgi?typeofrhyme=wke&loc=thesql&Word=connotes
The Social Sustainability of Citizen-centered Urban Governance ...,https://go.gale.com/ps/i.do?id=GALE%7CA606326215&sid=googleScholar&v=2.1&it=r&linkaccess=abs&issn=19489145&p=AONE&sw=w
Search results - iTWire,https://itwire.com/search-results/McKinsey.html
Paulo Roberto Rosa - Full Stack Engineer - BossaBox Prolancer ...,https://br.linkedin.com/in/paulorobertorosa/en?trk=people-guest_people_search-card
Daniela Skripkova posted on LinkedIn,https://sk.linkedin.com/posts/daniela-skripkova-4880647_podcast-eset-esetcampus-activity-6894907565751574528-JB_U?trk=public_profile_like_view
feb16 03,https://www.arunachaltimes.in/archives/feb16%2003.html
'braille' in Metaglossia: The Translation World | Scoop.it,https://www.scoop.it/topic/translation-world/?&tag=braille
3 BHK Apartment / Flat for sale in Green World Airoli Navi Mumbai ...,https://www.99acres.com/3-bhk-bedroom-apartment-flat-for-sale-in-green-world-airoli-navi-mumbai-1680-sq-ft-r1-spid-Y64412726
Open Research Online oro.open.ac.uk,https://oro.open.ac.uk/47451/1/Citizen%20Inquiry_Aristeidou_fin.pdf
Learning in Indigenous Mountain Forest Communities. Case studies ...,https://abstracts.boku.ac.at/download.php?dataset_id=11806&property_id=107
Contents,http://www.catalog.hawaii.edu/15-16/pdf/087-178artsandSci15.pdf
