Title,URL
Python Course in Bathinda,https://www.codingbytes.com/python-course/python-course-in-bathinda/
adesh hospital bathinda | LinkedIn,https://in.linkedin.com/company/adesh-hospital-bathinda
Computer Vision part time job/internship at Bathinda in IVizz ...,https://internshala.com/internship/detail/computer-vision-part-time-job-internship-at-bathinda-in-ivizz1672396885
7 Best Freelance Mobile App Developers For Hire Near Bathinda- IN ...,https://www.upwork.com/l/in/mobile-app-developers-in-bathinda/
189 Job Vacancy Jobs and Vacancies in Bathinda- Punjab - 5 ...,https://in.indeed.com/Job-Vacancy-jobs-in-Bathinda,-Punjab
6 Best Freelance iPhone App Developers For Hire Near Bathinda ...,https://www.upwork.com/hire/iphone-app-developers/in/bathinda/
AIIMS || Bathinda: Home |,https://aiimsbathinda.edu.in/
Data Science Training in Bathinda- Course Fees- Certification ...,https://www.sulekha.com/data-science-certification-training/bathinda
Store Manager - Bathinda - White Force Outsourcing Services - 7 to ...,https://www.naukri.com/job-listings-store-manager-white-force-outsourcing-services-private-limited-bathinda-7-to-10-years-170123501303
Accounts GST Tally SAP Course Bathinda | ICA Edu Skills,https://www.icajobguarantee.com/centers/accounts-gst-tally-sap-course-bathinda/
Google Jobs In Bathinda - 6110 Google Job Vacancies In Bathinda ...,https://www.naukri.com/google-jobs-in-bathinda
Google Salaries in Bathinda | AmbitionBox,https://www.ambitionbox.com/salaries/google-salaries/bathinda-location
Welcome to Municipal Corporation- Bathinda,https://www.mcbathinda.com/
IIT-Mandi- US firm tie up for artificial intelligence,https://www.tribuneindia.com/news/archive/himachal/iit-mandi-us-firm-tie-up-for-artificial-intelligence-639561
Priyanka Singla - University of Massachusetts Amherst - Amherst ...,https://www.linkedin.com/in/pr-s18
Welcome to GURU NANAK DEV KHALSA GIRLS COLLEGE ...,http://www.gndkgirlscollege.org/About-us.html
List of Top B.Tech in Information Technology Colleges in Bathinda ...,https://universitykart.com/topcolleges/btech-information-technology-colleges-bathinda
Jobs at Lenovo,https://jobs.lenovo.com/
Bathinda Edition - The Tribune- Chandigarh- India,https://m.tribuneindia.com/2011/20110819/bathinda.htm
Unilever Manager Reviews | Glassdoor,https://www.glassdoor.com/Reviews/Unilever-Manager-Reviews-EI_IE3513.0,8_KO9,16_IP3.htm
Literature survey on various scheduling approaches in grid ...,https://www.researchgate.net/publication/313807639_Literature_survey_on_various_scheduling_approaches_in_grid_computing_environment
Tableau Server Administration Jobs in India - 20282 Tableau Server ...,https://www.timesjobs.com/jobskill/tableau-server-administration-jobs
Vol. 8 No. 7 OCT 2010 - International Journal of Computer Science ...,http://eprints.utm.my/id/eprint/37054/3/vol-8-no-7-oct-2010
BATHINDA MGNREGA RECRUITMENT 2022 | VARIOUS POSTS ...,https://m.youtube.com/watch?v=Z4O_9ovzCqc
Ethnopharmacology | Apply for Honorary DSc in ...,https://sites.google.com/site/honorarydegreeacademics/ethnopharmacology-apply-for-honorary-dsc-in-ethnopharmacology-admission-announcement
