Title,URL
LA MORENA | LinkedIn,https://www.linkedin.com/company/la-morena
DeepLearning.AI: Start or Advance Your Career in AI,https://www.deeplearning.ai/
Morena Dancewear Pty Ltd | LinkedIn,https://www.linkedin.com/company/morena-dancewear-pty-ltd
Otsogile Onalepelo (Morena) on LinkedIn: Thank you-thank you,https://bw.linkedin.com/posts/bwooo_thank-youthank-you-activity-6819634205702676480-itOj?trk=public_profile_like_view
Morena Rong - Software Engineer - Meta | LinkedIn,https://www.linkedin.com/in/morenarong
K.S.OILS LIMITED | LinkedIn,https://in.linkedin.com/company/k.s.oils-limited
Metabolites | Free Full-Text | Metabolomics-Guided Elucidation of ...,https://www.mdpi.com/2218-1989/11/7/445
Morena M. - Consultant - Mosaic North America | LinkedIn,https://ca.linkedin.com/in/morena-motsiri?trk=public_profile_browsemap
1 Digital Marketing Jobs for Freshers in Morena- Jan | Internshala,https://internshala.com/fresher-jobs/digital-marketing-jobs-in-morena/
Meet Alberto Morena | Code4Life,https://code4life.roche.com/meet-alberto-morena.html
1 Fresher Jobs in Morena- January | Internshala,https://internshala.com/fresher-jobs/jobs-in-morena/
Best Tech Companies and Startups to Work for in Gwalior- Madhya ...,https://angel.co/startups/location/gwalior
Moraine Valley Community College: Homepage,https://www.morainevalley.edu/
Meet Alex Morena and Dave Smith of Smith & Sons Machine ...,http://bostonvoyager.com/interview/meet-alex-morena-dave-smith-smith-sons-machine-south-boston/
5 Benefits of Learning Code as a UI/UX Designer,https://authenticjobs.com/5-benefits-of-learning-code-as-a-ui-ux-designer/
Advantis Medical: Ranked #1 Travel Nursing Agency 2021,https://www.advantismed.com/
Jorge de la Morena Vela - Production Engineer - FlyingBasket ...,https://it.linkedin.com/in/jorge-de-la-morena-vela-47ba7b206/en
Data Science Training Course in Morena - Fees- Placements,http://quickxpert.com/data-science-training-course-in-morena
Moraine Park Technical College | Home Grown | Life Ready,https://www.morainepark.edu/
Careers | Lonza,https://www.lonza.com/careers
▷ Tutoring Jobs in Morena - UrbanPro,https://www.urbanpro.com/morena/tutor-jobs
Director Jobs In Morena - 20296 Director Job Vacancies In Morena ...,https://www.naukri.com/director-jobs-in-morena
Badisheng Morena - Johannesburg Metropolitan Area | Professional ...,https://za.linkedin.com/in/badishengmorena
Medical Representative Jobs In Morena Mp - 1033 Medical ...,https://www.naukri.com/medical-representative-jobs-in-morena-mp
IRIS+ Part One: Designing + Coding a Museum AI – American ...,https://www.aam-us.org/2018/06/12/iris-part-one-designing-coding-a-museum-ai/
New Computational Approach Predicts Chemical Reactions at High ...,https://www.engineering.columbia.edu/news/new-computational-approach-predicts-chemical-reactions-at-high-temperatures
Morena - ArtStation,https://www.artstation.com/artwork/gJREvK
TSS International School Morena School Teacher Salaries in India ...,https://www.ambitionbox.com/salaries/tss-international-school-morena-salaries/school-teacher
Morena Grand Opening! | Miami.com | Miami Herald,https://www.miamiherald.com/miami-com/nightlife/article225851780.html
Debt Is Not Free,https://www.imf.org/en/Publications/WP/Issues/2020/01/03/Debt-Is-Not-Free-48894
Who Was Katherine Johnson? | NASA,https://www.nasa.gov/audience/forstudents/k-4/stories/nasa-knows/who-was-katherine-johnson-k4
Phillips-Medisize: Product Design- Development and Manufacturing,https://www.phillipsmedisize.com/
Parks Jobs,https://www.parks.ca.gov/jobs
Bids & Contracts | Purchasing & Contracting | City of San Diego ...,https://www.sandiego.gov/purchasing/bids-contracts
Red Hat Academy,https://www.redhat.com/en/services/training/red-hat-academy
Staff Directory | Mrs Morena Pelle,https://www.adelaide.edu.au/directory/morena.pelle
Amazon Lab126 | Amazon.jobs,https://amazon.jobs/en/teams/lab126/
Mi Morena SF | San Francisco CA,https://www.facebook.com/mimorenasf/
Jon Moreno-Medina - UTSA Business,https://business.utsa.edu/faculty/jonathan-moreno-medina/
Morena Ortega - Tolentino Technical Institute - Malta | LinkedIn,https://mt.linkedin.com/in/morena-ortega-99255b10a
Nicolás Yáñez Morena - Product Owner - Cencosud S.A. | LinkedIn,https://cl.linkedin.com/in/nyanezm
Gino Morena Enterprises Stylique Salon Salon Manager Resume ...,https://online.resumehelp.com/+resumes+salon-manager+gino-morena-enterprises-stylique-salon+7035587
Print- scan and copy | VCU Libraries,https://www.library.vcu.edu/spaces-tech/printing-and-scanning/
Aniket - Morena : Drawing with learning unique way ideas explore ...,https://www.superprof.ng/drawing-with-learning-unique-way-ideas-explore-new-things-creativity-fun-everything.html
Top 10 Mobile Repairing Course in Morena- Cell Phone Service ...,https://www.sulekha.com/mobile-servicing-job-training/morena
Orangeburg County- SC | Official Website,https://www.orangeburgcounty.org/
Juan Sebastian Ossa - Senior Flood Engineer and Data Scientist ...,https://au.linkedin.com/in/juan-sebastian-ossa-8b21067a
Customer reviews: KLARSTEIN Bella Morena Electric ... - Amazon.com,https://www.amazon.com/KLARSTEIN-Tilt-Head-Stainless-Planetary-Multifunctional/product-reviews/B07GH8LLTK?reviewerType=all_reviews
Human Capital at the Crossroads: Reversing the Losses ...,https://live.worldbank.org/sm22/investinpeople
David de la Morena - Industrialization and Process Innovation ...,https://be.linkedin.com/in/david-de-la-morena/en?trk=people-guest_people_search-card
Pavilion Dining - Dining - University of San Diego,https://www.sandiego.edu/dining/campus/pavilion.php
End-to-end machine learning project: Telco customer churn | by ...,https://towardsdatascience.com/end-to-end-machine-learning-project-telco-customer-churn-90744a8df97d
Data Scientist V Salary in Cordova- ES | Salary.com,https://www.salary.com/research/es-salary/benchmark/data-scientist-v-salary/es/cordova
Benjamin Suarez-Jimenez- Ph.D. - University of Rochester Medical ...,https://www.urmc.rochester.edu/people/31987233-benjamin-suarez-jimenez
Homeland: Morena Baccarin on Jessica's Ambition and How She'd ...,https://www.ign.com/articles/2012/10/06/homeland-morena-baccarin-on-jessicas-ambition-and-how-shed-handle-the-truth-about-brody
Jobs in Morena - Check Latest (65) Job Openings (February 2023 ...,https://www.quikr.com/jobs/morena+zwqxj760939060
DoorDash | Open Positions,https://careers.doordash.com/job-search
Ragtag – A Adventure Short Story by Rayhan Hidayat – Reedsy ...,https://blog.reedsy.com/short-story/pf4qj8/
Module: Quantitative biology,https://www.unipg.it/en/ects/ects-course-catalogue-2022-23?annoregolamento=2022&layout=insegnamento&idcorso=240&idinsegnamento=211197
(PDF) Artificial Intelligence in Cancer Surgery,https://www.researchgate.net/publication/358848845_Artificial_Intelligence_in_Cancer_Surgery
Tweets with replies by Dr Jennifer Wurtzel (@jwurtzel) / Twitter,https://mobile.twitter.com/jwurtzel/with_replies
Microsoft New England - Post | Facebook,https://it-it.facebook.com/MicrosoftNewEngland/posts/?ref=page_internal
Cytoplasmic zinc promotes IL-1β production by monocytes and ...,https://www.science.org/doi/abs/10.1126/scisignal.abi7400?af=R&utm_source=sfmc&utm_medium=email&utm_campaign=SIGeToc&utm_content=alert&et_rid=16748179&et_cid=4065441&intcmp=trendmd-stke
Robotics curated by Packt | Perlego,https://www.perlego.com/reading-list/80/robotics
Publications | FUTUR,https://futur.upc.edu/publications/p/3
Copyright 2012 Maria Galmarini,https://core.ac.uk/download/pdf/10201095.pdf
ACTIV FITNESS - ﻿The Number 1 in Fitness in Switzerland!,https://www.activfitness.ch/en/
PREVAILING SOCIAL MOBILISATION MODELS AROUND THE ...,https://www.sitra.fi/app/uploads/2019/10/prevailing-social-mobilisation-models-around-the-world.pdf
"Rowing one's own boat": the centrality of work in the world of single ...,http://socialsciences.scielo.org/pdf/s_pagu/v2nse/scs_a02.pdf
Journal Articles — IDEAI-UPC. Intelligent Data Science and Artificial ...,https://ideai.upc.edu/en/publications/journal-papers
Your Short Sleeve Baby One-Piece for Sale | Redbubble,https://www.redbubble.com/shop/your+baby-onepieces
Eye of the Tiger (Issue 8- Volume 14) by Eye of the Tiger - Issuu,https://issuu.com/eyeofthetigernews/docs/eye_of_the_tiger_-_feb._22__2016
https://knihovna.fme.vutbr.cz/images/knihovna/doku...,https://knihovna.fme.vutbr.cz/images/knihovna/dokumenty/20210621_Engineering_2015-2021_VUT.xlsx
Supervisor list 2022-2023 Master's project,https://studerende.au.dk/fileadmin/studerende.au.dk/BSS/HA__Cand.merc__HD_og_Master/Cand_merc_og_HA_uddannelserne/CM_Supervisor_list_from_Department_of_Management_2022_07_11.pdf
Top 10 Best Embroidery in San Diego- CA - January 2023 - Yelp,https://www.yelp.com/search?find_desc=embroidery&find_loc=San+Diego%2C+CA
Morena Baccarin takes off her dress to get fucked hard [deepfake ...,https://sexcelebrity.net/morena-baccarin-takes-off-her-dress-to-get-fucked-hard-deepfake/
Project Division A | University of Tübingen,https://uni-tuebingen.de/en/research/core-research/collaborative-research-centers/sfb-1070/research/project-division-a/
#kaizen #workculture #values - Mike Grogan sa LinkedIn,https://ph.linkedin.com/posts/mikepatrickgrogan_kaizen-workculture-values-activity-6953509928422584320-W55l?trk=public_profile_like_view
Novel Secreted Peptides From Rhizopus arrhizus var. ,https://europepmc.org/article/med/35387075
