Title,URL
Job Openings Archive - CapeStart,https://www.capestart.com/careers/
CapeStart Salaries in Nagercoil | Glassdoor,https://www.glassdoor.com/Salary/CapeStart-Nagercoil-Salaries-EI_IE1842557.0,9_IL.10,19_IC2833221.htm
Career Opportunities: Join Our Team,https://www.capestart.com/about-us/careers/
45 Python Jobs and Vacancies in Nagercoil- Tamil Nadu - 6 ...,https://in.indeed.com/Python-jobs-in-Nagercoil,-Tamil-Nadu
Current Openings I Instacart Jobs and Careers I Apply Today!,https://instacart.careers/current-openings/
Careers | Nasdaq,https://www.nasdaq.com/about/careers
Matt Engineering Equipments | LinkedIn,https://in.linkedin.com/company/matt-engineering-equipments/
761 Machine Learning Jobs and Vacancies in Tamil Nadu - 5 ...,https://in.indeed.com/Machine-Learning-jobs-in-Tamil-Nadu
The Italian Cake Shop Nagercoil | LinkedIn,https://in.linkedin.com/company/the-italian-cake-shop-nagercoil
Web Development internship in Nagercoil with job offer,https://internshala.com/internships/web-development-internship-in-nagercoil/ppo-true/
Online Deep Learning Projects in Python tutor required-Nagercoil,https://www.teacheron.com/teacher-job/3ym1
Artificial Intelligence Course in Nagercoil - Best Training Institute ...,http://quickxpertinfotech.com/artificial-intelligence-course-in-nagercoil
Comorins | LinkedIn,https://in.linkedin.com/company/comorins
Aporia | LinkedIn,https://www.linkedin.com/company/aporiaai
CapeStart Software Engineer Reviews by 5 Employees | AmbitionBox,https://www.ambitionbox.com/reviews/capestart-reviews/software-engineer
CapeStart | LinkedIn,https://www.linkedin.com/company/cape-start
UiPath Careers and Employment | UiPath,https://www.uipath.com/company/careers
Python Course in Nagercoil,https://www.codingbytes.com/python-course/python-course-in-nagercoil/
0 Marketing/Sales Jobs for Freshers in Nagercoil- Feb | Internshala,https://internshala.com/fresher-jobs/marketing%2Fsales-jobs-in-nagercoil
CapeStart Salaries in Nagercoil | Glassdoor,https://www.glassdoor.co.in/Salary/CapeStart-Nagercoil-Salaries-EI_IE1842557.0,9_IL.10,19_IC2833221.htm
GDIT - Evolve your world.,https://www.gdit.com/
Software Engineer - OSD Developer job at Amadis Technologies ...,https://www.instahyre.com/job-202194-software-engineer-osd-developer-at-amadis-technologies-chennai-nagercoil/
PYTHON RESEARCH PROGRAMMER | Chetti Kulam- Nagercoil ...,https://www.quikr.com/jobs/python-research-programmer-nagercoil/p/361534452
Hitachi - Careers,https://careers.hitachi.com/jobs/search
5 Tips to Get a Job as a Python Fresher - GeeksforGeeks,https://www.geeksforgeeks.org/5-tips-to-get-a-job-as-a-python-fresher/
Intrado,https://www.intrado.com/
Data Science Training in Vadasery- Nagercoil- Course fees ...,https://www.sulekha.com/data-science-certification-training/vadasery-nagercoil
Ethical Hacking Career: Salary- Job Trends and Requirement ...,https://www.edureka.co/blog/ethical-hacking-career/
Oqton: Manufacturing Software Solutions,https://oqton.com/
Ardent Learning - Custom eLearning & Corporate Training,https://www.ardentlearning.com/
Natural Language Jobs in Nagercoil- Tamil Nadu (Jan 2023) - 294 ...,https://www.shine.com/job-search/natural-language-jobs-in-nagercoil
Job Vacancies in Kerala | IT Jobs in Kerala | Technopark Job ...,https://www.technopark.org/job-search
Online Job Portal,https://www.tnprivatejobs.tn.gov.in/candidate/Home/employer_profile_single/2200629181018001
Sree Parthasarathy A (@sreeparthadme) / Twitter,https://mobile.twitter.com/sreeparthadme
(PDF) A Self-Adjusting Search Domain Method-Based Genetic ...,https://www.researchgate.net/publication/364312009_A_Self-Adjusting_Search_Domain_Method-Based_Genetic_Algorithm_for_Solving_Flexible_Job_Shop_Scheduling_Problem
BE/B.Tech(CSE-IT-EC-EN- EE)/BCA/MCA/B.Sc(IT) JOB SEEKERS,https://www.facebook.com/groups/1453152564905799/?locale=sl_SI
6032 Lecturer University Jobs Openings in India,https://m.timesjobs.com/jobskill/lecturer-university-jobs
Assistant Teacher Jobs - Jobs For Assistant Teacher- TimesJob.com,https://www.timesjobs.com/jobs-by-roles/assistant-teacher-jobs
International Conference on Advancements in Computing ...,https://papers.ssrn.com/sol3/Delivery.cfm/SSRN_ID3472265_code3475218.pdf?abstractid=3472265&mirid=1
An Overview of Fog Data Analytics for IoT Applications | sensors,https://mdpi-res.com/d_attachment/sensors/sensors-23-00199/article_deploy/sensors-23-00199-v4.pdf?version=1672972467
Evaluation of Novel Approaches to Software Engineering,https://link.springer.com/content/pdf/10.1007%2F978-3-030-70006-5.pdf
