Title,URL
Karishma Joshi - ML Application Engineer - Intel Corporation ...,https://in.linkedin.com/in/karishma-joshi-533957119
Hogares DEESA | LinkedIn,https://www.linkedin.com/company/hogares-deesa
Shiva Spice World | LinkedIn,https://in.linkedin.com/company/shiva-spice-world
Top 10 Tailoring Classes in Deesa- Stitching- Sewing Courses ...,https://www.sulekha.com/tailoring-training/deesa
378 Delivery Boy Job Vacancies In Deesa Gujarat - Naukri.com,https://www.naukri.com/delivery-boy-jobs-in-deesa-gujarat
HW News English - YouTube,https://www.youtube.com/c/HWNewsEnglish/videos
Branch in Deesa Highway- Deesa- 385535 | HDFC Bank,https://near-me.hdfcbank.com/branch-atm-locator/hdfc-bank-deesa-banks-deesa-highway-deesa-8569/Home
College of Engineering & Computer Science | Florida Atlantic ...,https://www.fau.edu/engineering/
Flipkart Delivery Jobs 2023-24 Job Vacancy- Deesa - Recruitment ...,https://www.quikr.com/jobs/flipkart-delivery-jobs+deesa+zwqxj4157493934
Madhav Creation - Metal Laser Cutting Service & Cnc Job Work from ...,https://www.indiamart.com/madhav-creation-deesa/
Reliance jio Deesa Reviews by 7 Employees | AmbitionBox,https://www.ambitionbox.com/reviews/ireliance-jio-reviews/deesa-location
Jobs in Deesa - Check Latest (64) Job Openings (February 2023 ...,https://www.quikr.com/jobs/deesa+zwqxj760939060
Georgetown County School District: Home,https://gcsd.k12.sc.us/
Daikin Global | A leading air conditioning and refrigeration innovator ...,https://www.daikin.com/
ALL ELECTRICAL SOLUTIONS LTD | LinkedIn,https://uk.linkedin.com/company/all-electrical-solutions-ltd
Follett Bookstore | College of DuPage,https://www.cod.edu/academics/bookstore.aspx
C.M.Enterprises Salaries in Deesa | AmbitionBox,https://www.ambitionbox.com/salaries/c-dot-m-dot-enterprises-salaries/deesa-location
Accessibility Services | Columbus State Community College,https://www.cscc.edu/services/disability/
Washington Credit Union | Loans | Savings Accounts | Gesa,https://www.gesa.com/
INDUSTRIAL TRAINING INSTITUTE- DEESA (Government) | ITI ...,https://iti.directory/banas-kantha/industrial-training-institute-deesa-government
DeepTechForum | LinkedIn,https://ch.linkedin.com/company/deeptechforum
Post Graduate Programme In Artificial Intelligence And Machine ...,https://bits-pilani-wilp.ac.in/certification-programmes/pgp-ai-ml.php
Career at AU Small Finance Bank | Find the Current Job Openings ...,https://www.aubank.in/careers
Kesar School for Children Deesa- Palanpur: Admission- Fee- Affiliation,https://school.careers360.com/schools/kesar-school-for-children-deesa-palanpur
What is Supply Chain Management? | Oracle India,https://www.oracle.com/in/scm/what-is-supply-chain-management/
Bitmap Indexing in DBMS - GeeksforGeeks,https://www.geeksforgeeks.org/bitmap-indexing-in-dbms/
Hiring Bias: How to Move Beyond the Hidden Traps | DDI,https://www.ddiworld.com/blog/hiring-bias
Top Engineering Colleges in Banaskantha - Best College of ...,https://www.justdial.com/Banaskantha/Engineering-Colleges-in-Deesa/nct-10188852
Home - Gujarat Biotechnology Research Center,https://gbrc.gujarat.gov.in/
6259 Cardiac Surgery Fresher Jobs Openings in India - TimesJob.com,https://www.timesjobs.com/jobskill/cardiac-surgery-fresher-jobs
Senior Engineering Manager Jobs In Ahmedabad - Senior ...,https://www.timesjobs.com/jobs-in-ahmedabad/senior-engineering-manager-jobs
Coordination Budget Preparation And Analysis Improve Systems ...,https://www.timesjobs.com/jobskill/coordination-budget-preparation-and-analysis-improve-systems-jobs
86319 Active Directory Services Jobs Openings in India,https://www.timesjobs.com/jobskill/active-directory-services-jobs
https://www.gutenberg.org/files/54825/54825-0.txt,https://www.gutenberg.org/files/54825/54825-0.txt
