Title,URL
Data scientist salary in Malappuram- Kerala,https://in.indeed.com/career/data-scientist/salaries/Malappuram--Kerala
Mohammed Rizin V K - Junior Data Scientist - Fathom.io | LinkedIn,https://in.linkedin.com/in/fenomenrizin
Edapt | LinkedIn,https://www.linkedin.com/company/edapteducation
Data Science Course Malappuram | Free Internship | SMEClabs,https://www.smeclabs.com/data-science-course-malappuram/
Media Internship in Malappuram | Internshala,https://internshala.com/internships/media-internship-in-malappuram/
Genus Consultant Desk | Malappuram,https://www.facebook.com/Genuscorps/
Social Media Marketing Internship in Malappuram | Internshala,https://internshala.com/internships/social-media-marketing-internship-in-malappuram/
Accounts | GST | Tally | SAP | ICA Edu Skills | malappuram,https://www.icajobguarantee.com/centers/accounts-gst-tally-sap-course-malappuram/
Fathima Riswana K - Malappuram : Post Graduate in Computer ...,https://www.superprof.co.uk/post-graduate-computer-science-and-engineering-teaches-programming-language-html-and-computer-basics-for-school-students.html
Data Science Training in Malappuram- Course Fees- Certification ...,https://www.sulekha.com/data-science-certification-training/malappuram
▷ Online tutors in Malappuram - TeacherOn,https://www.teacheron.com/online-tutors-in-malappuram
ASAP Malappuram (@asapmalappuram) • Instagram photos and ...,https://www.instagram.com/asapmalappuram/?hl=en
Fathima - Malappuram- : Give tuition to higher secondary students ...,https://www.superprof.ie/give-tuition-higher-secondary-students-for-computer-science-and-all-subject-for-high-school-students-kerala.html
Careers | Leonardo DRS,https://www.leonardodrs.com/careers/
fresher hardware programming jobs in malappuram jobs - 15 Active ...,https://www.shine.com/job-search/fresher-hardware-programming-jobs-in-malappuram
Department of Education - Malappuram | AMU,https://www.amu.ac.in/department/education-malappuram
The Coca-Cola Company: Refresh the World. Make a Difference,https://www.coca-colacompany.com/home
AWS Course in Malappuram | AWS Course in Perinthalmanna,https://www.etudemy.com/aws-course-in-malappuram/
Other Jobs in Malappuram- Job Vacancies & Openings in ...,https://www.olx.in/malappuram_g4058879/other-jobs_c65
Sales Jobs In Malappuram - 107 Sales Job Vacancies In ...,https://www.naukri.com/sales-jobs-in-malappuram
Intel Corporation Intern Reviews | Glassdoor,https://www.glassdoor.com/Reviews/Intel-Corporation-Intern-Reviews-EI_IE1519.0,17_KO18,24_IP2.htm
Tweets with replies by Mohammed Rizin (@MohammedRizin) / Twitter,https://twitter.com/MohammedRizin/with_replies
Ramees 's Interviews Questions,https://www.c-sharpcorner.com/members/mohammed-ramees/interview-questions
Lessons from MalappuramÂ - PCQuest,https://www.pcquest.com/lessons-malappuram/
The Tribune- Chandigarh- India - Editorial,https://m.tribuneindia.com/2003/20030805/edit.htm
Raj Varun - Luton- England- United Kingdom | Professional Profile ...,https://uk.linkedin.com/in/raj-varun-3a78041b5?trk=public_profile_browsemap
(PDF) A dual autoencoder and singular value decomposition based ...,https://www.researchgate.net/publication/351562297_A_dual_autoencoder_and_singular_value_decomposition_based_feature_optimization_for_the_segmentation_of_brain_tumor_from_MRI_images
IGNOU Courses & Fees 2023,https://www.shiksha.com/university/ignou-indira-gandhi-national-open-university-delhi-3030/courses/4
Ethnopharmacology | Apply for Honorary DSc in ...,https://sites.google.com/site/honorarydegreeacademics/ethnopharmacology-apply-for-honorary-dsc-in-ethnopharmacology-admission-announcement
THE IEEE REGION TEN NEWSLETTER,https://www.ieeer10.org/wp-content/uploads/2021/03/2011-03-R10-eNewsletter-March2011.pdf
Top Pharmacy Certification Colleges in India - 2023 Rankings- Fees ...,https://collegedunia.com/pharmacy/certification-colleges
Backyard Poultry Production In Kerala,https://pt.slideshare.net/irshad2k6/backyard-poultry-production-in-kerala
Empowering Telecentre Managers for Inclusion and Equity ...,https://issuu.com/telecentre_magazine/docs/telecentre_december_2007_issue
1-800-543-3764: Environmental DVDs and ... - Bullfrog Films,http://www.bullfrogfilms.com/lev10-12.html
