Title,URL
Pavani Uriti - Associate Engineer - Nagarro | LinkedIn,https://in.linkedin.com/in/pavani-uriti-124b5a213
Computer Operator Jobs In Machilipatnam Salem - 23 Computer ...,https://www.naukri.com/computer-operator-jobs-in-machilipatnam-salem
Artificial Intelligence Course in Machilipatnam - Best Training ...,http://quickxpertinfotech.com/artificial-intelligence-course-in-machilipatnam
Top 10 Tailoring Classes in Machilipatnam- Stitching- Sewing Courses,https://www.sulekha.com/tailoring-training/machilipatnam
Bel Machilipatnam Reviews by 43 Employees | AmbitionBox,https://www.ambitionbox.com/reviews/bel-reviews/machilipatnam-location
Check Latest 54 Work From Home Jobs Openings In Machilipatnam ...,https://www.quikr.com/jobs/work-from-home+machilipatnam+zwqxj2034660499
Tech Mahindra | Connected World- Connected Experiences,https://www.techmahindra.com/
Job Consultancy & Placement Services For Candidate in ...,https://www.justdial.com/Machilipatnam/Placement-Services-Candidate/nct-10372869
CLAAS of America | Precision Agricultural Equipment and ...,https://www.claasofamerica.com/
Rotary International: Home EN,https://www.rotary.org/
Cloud Engineer Jobs Opening in Cassius Technologies at ...,https://www.freshersworld.com/jobs/cloud-engineer-jobs-opening-in-cassius-technologies-at-machilipatnam-1663624
What is Exploratory Data Analysis ? - GeeksforGeeks,https://www.geeksforgeeks.org/what-is-exploratory-data-analysis/
KRISHNA UNIVERSITY::MACHILIPATNAM,https://kru.ac.in/wp-content/uploads/2021/01/KrU-M.Sc-Computer-Science-Syllabus-R20-2020-21.pdf
Anblicks | LinkedIn,https://www.linkedin.com/company/anblicks
state bank of india - krishna district- andhrapradesh pin-521002,https://www.sbi.co.in/webfiles/uploads/files/1513430711310_TENDER_NOTICE.pdf
54 Data Science Jobs and Vacancies in Andhra Pradesh - 4 ...,https://in.indeed.com/Data-Science-jobs-in-Andhra-Pradesh
Machilipatnam MBFC (@MTMaheshFC) / Twitter,https://twitter.com/MTMaheshFC
APSSDC KRISHNA DISTRICT,https://www.facebook.com/apssdckrishna/?locale=zh_CN
Intern Jobs in Vijayawada | Careerjet,https://www.careerjet.co.in/intern-jobs/vijayawada-220321.html
Find Manufacturing Companies in Machilipatnam - Dun & Bradstreet,https://www.dnb.com/business-directory/company-information.manufacturing.in.andhra_pradesh.machilipatnam.html
District Medical and Health Department | Krishna District ...,https://krishna.ap.gov.in/dmho/
R K Junior College Kennedy Road- Machilipatnam: Admission- Fee ...,https://school.careers360.com/schools/r-k-junior-college-kennedy-road-machilipatnam
Who Is Abbas Siddiqui & Why Is Congress Divided Over Alliance ...,https://www.youtube.com/watch?v=rzCLAFzLJD8
(PDF) An Evaluation Of Feature Selection Algorithms In Machine ...,https://www.researchgate.net/publication/339828637_An_Evaluation_Of_Feature_Selection_Algorithms_In_Machine_Learning
DVR & Dr. HS MIC College of Technology,https://mictech.edu.in/
Search jobs - UCPH Projects & Jobs,https://karriere.ku.dk/jobs?order_by=startDate&limit=10&offset=54810
ST COURIER PVT LTD | The People's Choice,http://stcourier.com/
Vistas of Eco-criticism Vis-a-vis Gaia Hypothesis - Developing a ...,https://www.amrita.edu/publication/vistas-of-eco-criticism-vis-a-vis-gaia-hypothesis-developing-a-comprehensive-eco-literary-perspective/
Apply for Honorary LL.D. Award for Lawyers from Bombay High ...,https://sites.google.com/site/honorarydegreeacademics/apply-for-honorary-ll-d-award-for-lawyers-from-bombay-high-court-district-court-session-court-and-bar-council
Top Thiruvalluvar University - [TU] Affiliated Computer Applications ...,https://collegedunia.com/computer-applications/thiruvalluvar-university-tu-affiliated-colleges
