Title,URL
Bhadrak Job Portal,https://www.facebook.com/jobs.bhadrak/
0 Finance Jobs for Freshers in Bhadrak- Feb | Internshala,https://internshala.com/fresher-jobs/finance-jobs-in-bhadrak/
Top 10 Bank Security Guards Jobs in Bhadrak- ATM Security Jobs ...,https://www.sulekha.com/bank-atm-security-guards-jobs/bhadrak
Maverick Digital (a Media.Monks company) | LinkedIn,https://www.linkedin.com/company/maverickdigital
Anisha Jena - Project Engineer - Wipro Limited | LinkedIn,https://in.linkedin.com/in/anisha-jena-464213160
iGlobe Software Solution | LinkedIn,https://www.linkedin.com/company/iglobesoftware
Manoj Sahoo - Civil Engineer - Megha Engineering and ...,https://in.linkedin.com/in/manoj-sahoo-269596192
Adani Ports and SEZ Dhamra Port- Bhadrak- Odisha,https://www.ship-technology.com/projects/dhamra-port-odisha/
33 Jobs in Bhadrak- Odisha- India (4 new),https://in.linkedin.com/jobs/jobs-in-bhadrak
Artificial Intelligence Training Course in Bhadrak - Fees- Placements,https://www.quickxpert.com/artificial-intelligence-training-course-in-bhadrak
Tushar Mahuri - Bhadrak- Odisha- India,https://in.linkedin.com/in/tushar-mahuri-84a3451aa
Graduate Civil Engineer Salary in Bhadrak | AmbitionBox,https://www.ambitionbox.com/profile/graduate-civil-engineer-salary/bhadrak-location
machine learning – ICRISAT,https://www.icrisat.org/tag/machine-learning/
Jobs – Google Operations Center,https://googleoperationscenter.com/jobs/
Jobs in Bhadrak - Check Latest (90) Job Openings (February 2023 ...,https://www.quikr.com/jobs/bhadrak+zwqxj760939060
Data scientist salary in Cuttack- Orissa,https://in.indeed.com/career/data-scientist/salaries/Cuttack--Orissa
Adani Ports and SEZ Salaries in Bhadrak | AmbitionBox,https://www.ambitionbox.com/salaries/adani-ports-and-special-economic-zone-limited-ap-salaries/bhadrak-location
Industrial Robot Supplier and Manufacturer | ABB Robotics,https://new.abb.com/products/robotics
Bhadrak Autonomous College - ODISHA,https://bhadrakcollege.nic.in/
Branch in Salandi Bypass- Bhadrak- 756100 | HDFC Bank,https://near-me.hdfcbank.com/branch-atm-locator/hdfc-bank-bhadrak-banks-salandi-bypass-bhadrak-11022/Home
Microsoft Customer Story-Improving farm productivity using data ...,https://customers.microsoft.com/EN-US/story/1486035443939169041-stewart-dairylands-forestry-fishing-azure-en-british-indian-ocean-territory
Dhamra Port is a fresh evolved Port in Bhadrak district- Odisha- India ...,https://in.pinterest.com/pin/565131453231683068/
Monalisa - Bhadrak- : Student in engineering college IIIT ...,https://www.superprof.ng/student-engineering-college-iiit-bhubaneswar-studying-btech-3rd-year-electrical-and-electronics.html
Dhamra Port Company Limited (DPCL) - Enterprise Odisha 2013 ...,https://www.youtube.com/watch?v=LV3dbKCo2t8
Home | OMC Limited,https://omcltd.in/
NCC,https://ncclimited.com/
Climate Change- Migration and Women: Analysing Construction ...,https://journals.sagepub.com/doi/10.1177/0049085718821756?icid=int.sj-full-text.similar-articles.1
Power management of a hybrid renewable system for artificial ...,https://www.researchgate.net/publication/301296280_Power_management_of_a_hybrid_renewable_system_for_artificial_islands_A_case_study
Prediction of traffic noise induced annoyance of vendors through ...,https://www.researchgate.net/publication/362348863_Prediction_of_traffic_noise_induced_annoyance_of_vendors_through_noise_indices_using_structural_equation_modeling_Artificial_neural_network_model
Willingness-to-pay for improved cyclone early warning services ...,https://www.researchgate.net/publication/351982533_Willingness-to-pay_for_improved_cyclone_early_warning_services_across_coastal_Bangladesh_Application_of_choice_experiment
3cZ_X F_ZW`c^ 4ZgZ] 4`UV+ 94 e` 4V_ecV,https://www.dailypioneer.com/uploads/2021/epaper/july/bhubaneswar-english-edition-2021-07-10.pdf
