Title,URL
2 Marketing/Sales Jobs for Freshers in Lakhimpur kheri- Jan ...,https://internshala.com/fresher-jobs/marketing%2Fsales-jobs-in-Lakhimpur%20kheri/
Engineering | Life at Spotify,https://www.lifeatspotify.com/job-categories/engineering
1 Other Jobs for Freshers in Lakhimpur kheri- Feb | Internshala,https://internshala.com/fresher-jobs/other-jobs-in-Lakhimpur%20kheri/
Ajmani Auto Care | LinkedIn,https://in.linkedin.com/company/ajmani-auto-care
upGrad hiring Admissions Counselor in North Lakhimpur - Join ...,https://earlytutors.com/jobs/upgrad-admissions-counselor-in-north-lakhimpur-as/
Bacardi Careers | Bacardi Jobs - Bacardi Limited,https://www.bacardilimited.com/careers/
Flexible Packaging Jobs In Lakhimpur Kheri Up - 1034 Flexible ...,https://www.naukri.com/flexible-packaging-jobs-in-lakhimpur-kheri-up
Careers | Khan Academy,https://www.khanacademy.org/careers
Transportation Jobs In Lakhimpur Assam - 78 Transportation Job ...,https://www.naukri.com/transportation-jobs-in-lakhimpur-assam
122 Distillation Jobs and Vacancies - 6 February 2023 | Indeed.com,https://in.indeed.com/Distillation-jobs
Bayer – Global Home | Bayer Global,https://www.bayer.com/en/
Careers | Flex,https://flex.com/careers
Hemant Joshi - Staff Engineer (VCF-LCM Team) - VMware | LinkedIn,https://www.linkedin.com/in/hemant-joshi-b1927a2
Artificial intelligence- machine learning spawn new jobs in ...,https://economictimes.indiatimes.com/jobs/artificial-intelligence-machine-learning-spawn-new-jobs-in-ecommerce/articleshow/71480985.cms
Abhinav Sharma - Graduate Research Assistant - Ontario Tech ...,https://fr.linkedin.com/in/abhinav-sharma-777043146
Top 10 Tailoring Classes in North Lakhimpur- Stitching- Sewing ...,https://www.sulekha.com/tailoring-training/northlakhimpur
Reliance Jiomart jobs in Lakhimpur Kheri–2020 | jio mart career,https://jioguide.com/reliance-jio-jobs-in-lakhimpur-kheri-2020-jio-jobs-jio-career/
Dscl Sugar Ajwapur Lakhimpur Kheri Overview and Company ...,https://www.ambitionbox.com/overview/dscl-sugar-ajwapur-lakhimpur-kheri-overview
Urgent: Jobs in Lakhimpur- Assam - February 2023 - Current ...,https://in.jooble.org/jobs/Lakhimpur%2C-Assam
FMC Corporation,https://www.fmc.com/en
Explore job opportunities | Careers | Samsung IN,https://www.samsung.com/in/about-us/careers/
Jobs in Lakhimpur - Check Latest (77) Job Openings (February ...,https://www.quikr.com/jobs/lakhimpur+zwqxj760939060
M.Tech.Data Science & Engineering – BITS Pilani,https://bits-pilani-wilp.ac.in/m-tech/cluster/data-science-and-engineering.php
Lakhimpur Girls' College,https://lgcollege.ac.in/
Journal of Critical Reviews,https://www.jcreview.com/issue.php?volume=Volume%207%20&issue=Issue-4&year=2020
Find Manufacturing Companies in Lakhimpur Kheri - Dun & Bradstreet,https://www.dnb.com/business-directory/company-information.manufacturing.in.uttar_pradesh.lakhimpur_kheri.html
Home | Assam Skill Development Mission | Government Of Assam ...,http://asdm.assam.gov.in/
How to Make Career in Journalism in 2023 | upGrad blog,https://www.upgrad.com/blog/career-in-journalism/
Machine learning Jobs: Jobs for freshers with Machine learning ...,https://www.freshersworld.com/machine-learning-jobs/3535242
Northeast Iowa Community College,https://www.nicc.edu/
MPS Limited: Make Learning Smarter,https://www.mpslimited.com/
Dr Das Hospital & Diagnostic centre- - Nakari. | North Lakhimpur,https://www.facebook.com/profile.php?id=100057598833325
BTL Corporate,https://www.btlnet.com/
Matching ditribution between training courses and jobs for the ...,https://www.researchgate.net/figure/Matching-ditribution-between-training-courses-and-jobs-for-the-employees-of-our-training_fig1_304743572
IIT-Madras to provide technical expertise to boost digital payment ...,https://timesofindia.indiatimes.com/business/india-business/iit-madras-to-provide-technical-expertise-to-boost-digital-payment/articleshow/82520454.cms
Home | OMC Limited,https://omcltd.in/
Opinions - The Tribune- Chandigarh- India,https://m.tribuneindia.com/2010/20100324/edit.htm
Stories of 02 March- 2022 | Deccan Herald,https://www.deccanherald.com/sitemap/detail/days/2022-03-02
Excellent Situotion on Chino's,https://www.marxists.org/subject/china/peking-review/1970/PR1970-39.pdf
The Road Forward for Ghina's,https://www.marxists.org/subject/china/peking-review/1970/PR1970-07.pdf
aug15 11,http://www.arunachaltimes.in/archives/aug15%2011.html
POLICY WORDINGS,https://tagic-cms-dev.s3.ap-south-1.amazonaws.com/Policy_Wordings_home_guard_plus_policy.pdf_8d9747efb2.pdf
Domestic Travel Protection Policy Wording.cdr,https://tagic-cms-dev.s3.ap-south-1.amazonaws.com/Policy_Wordings_domestic_travel_protection.pdf_d5dea0cdc2.pdf
