Title,URL
0 Marketing/Sales Jobs for Freshers in Hajipur- Feb | Internshala,https://internshala.com/fresher-jobs/marketing%2Fsales-jobs-in-hajipur/
Accounts | GST | Tally | SAP | ICA Edu Skills | Hajipur,https://www.icajobguarantee.com/centers/accounts-gst-tally-sap-course-hajipur/
618 Belts Trainer Job Vacancies In Hajipur - Naukri.com,https://www.naukri.com/belts-trainer-jobs-in-hajipur
Machine learning Jobs: Jobs for freshers with Machine learning ...,https://www.freshersworld.com/machine-learning-jobs/3535242
Anushka Raj - Software Engineer Trainee - Shivguru IT solutions ...,https://in.linkedin.com/in/anushka-raj
Khabai Tech | LinkedIn,http://www.linkedin.com/company/khabai-tech/
Sanjeet kumar - Senior Machine Learning Engineer - Cataloging.Ai ...,https://in.linkedin.com/in/sanjeet-k
Recruitment/Selection Notification,https://ecr.indianrailways.gov.in/view_section.jsp?fontColor=black&backgroundColor=LIGHTSTEELBLUE&lang=0&id=0,2,393,1156
EFI - Careers,https://www.efi.com/about-efi/careers/
Top 10 Job Training in Hajipur- Centers- Institutes- Courses ...,https://www.sulekha.com/job-training/hajipur
AWS Academy | Training and Certification | AWS,https://aws.amazon.com/training/awsacademy/
Go-Tech Energy Co. Ltd. | LinkedIn,https://www.linkedin.com/company/gotech-energy-co-ltd-
The Weather Company- an IBM Business | Accurate Weather ...,https://www.ibm.com/weather
Job search | Amazon.jobs,https://www.amazon.jobs/en/search?base_query=&loc_query=Tamil+Nadu%2C+India&region=Tamil+Nadu&country=IND
Ministry of Social Justice & Empowerment- GOI on Twitter: "45 ...,https://twitter.com/msjegoi/status/1320612177884033024?lang=en
Tech Архіви - STEMINIST,https://steminist.com.ua/en/category/tech/
CIPET | Central Institute of Petrochemicals Engineering ...,https://www.cipet.gov.in/
Flipkart Salaries in Hajipur | AmbitionBox,https://www.ambitionbox.com/salaries/flipkart-salaries/hajipur-location
Elekta Care™ Customer Services | Services | Elekta,https://www.elekta.com/services/elekta-care-customer-services/
Venkata Chandrasekhar Nainala - Scientific Lead Architect and ...,https://uk.linkedin.com/in/vcs76
Jobs in Hajipur - Check Latest (76) Job Openings (February 2023 ...,https://www.quikr.com/jobs/hajipur+zwqxj760939060
Dak Bungalow Road- Hajipur- 844101 Branch Contact Information ...,https://near-me.hdfcbank.com/branch-atm-locator/hdfc-bank-hajipur-bihar-banks-dak-bungalow-road-hajipur-8243/Contact-Us
Program - ISPOR,https://www.ispor.org/conferences-education/conferences/past-conferences/ispor-2022/program/program
Blood Gas Systems - Siemens Healthineers,https://www.siemens-healthineers.com/blood-gas/blood-gas-systems
Paper Plate Making Machine in Hajipur- पेपर प्लेट मेकिंग मशीन ...,https://dir.indiamart.com/hajipur/paper-plate-making-machine.html
IHM Hajipur | Hajipur,https://m.facebook.com/people/IHM-Hajipur/100070596437962/
Find Beverage Manufacturing Companies in Hajipur - Dun ...,https://www.dnb.com/business-directory/company-information.beverage_manufacturing.in.bihar.hajipur.html
Supporting Education | Rotary International,https://www.rotary.org/en/our-causes/supporting-education
R K Logistics Jobs - R K Logistics Recruitment & Careers (Feb 2023 ...,https://www.shine.com/job-search/r-k-logistics-jobs
Venkata Chandrasekhar Nainala – Cheminformatics and ...,https://cheminf.uni-jena.de/members/venkata-chandrasekhar-nainala/
Delhi Public School- Anjanpeer Hajipur | Hajipur,https://www.facebook.com/dpshajipursociety.co.in/
IHM Hajipur | Hajipur | Facebook,https://www.facebook.com/people/IHM-Hajipur/100070596437962/
How to: fly a helicopter - YouTube,https://www.youtube.com/watch?v=I9ScVZ437xA
What is Aluminium Anodizing and How Does It Work | Anodizing ...,https://www.youtube.com/watch?v=0yl35W0o9S0
Online Dance Class | Basic Steps Routine | 4*8 Combo | Deepak ...,https://www.youtube.com/watch?v=t5xjUisS3fw
What is D.Pharma Course with full information? – [Hindi] – Quick ...,https://www.youtube.com/watch?v=RM72BE4oUmc
Patna Top Schools Admission Date 2020 | यहां देख लीजिए पूरी जानकारी ...,https://www.youtube.com/watch?v=N1qkVygy8X4
Amazon.com Employment and Reviews | SimplyHired,https://www.simplyhired.com/company/Amazon.com/?l=Kansas+City%2C+KS
(PDF) CRISPR: kick-starting the revolution in drug discovery,https://www.researchgate.net/publication/337870068_CRISPR_kick-starting_the_revolution_in_drug_discovery
Fluorescent Labels for Proteomics and Genomics | Request PDF,https://www.researchgate.net/publication/7354451_Fluorescent_Labels_for_Proteomics_and_Genomics
