Title,URL
Researcher Jobs in La Habra- CA (Hiring Now!) - Zippia,https://www.zippia.com/researcher-la-habra-ca-jobs/
Flexible Software Internship Jobs in La Habra- CA | Indeed.com,https://www.indeed.com/m/jobs?q=Software+Internship&l=La+Habra,+CA
La Habra Library | OC Public Libraries,https://www.ocpl.org/libraries/la-habra
Internship Jobs- Employment in La Habra- CA | Indeed.com,https://www.indeed.com/q-Internship-l-La-Habra,-CA-jobs.html
Amazon Amazon Warehouse Jobs in La Habra | Glassdoor,https://www.glassdoor.com/Jobs/Amazon-amazon-warehouse-La-Habra-Jobs-EI_IE6036.0,6_KO7,23_IL.24,32_IC1146801.htm
Store Employee in La Habra- California | 7-Eleven- Inc.,https://careers.7-eleven.com/jobs/117320?lang=en-us
LA Pilates | LinkedIn,https://www.linkedin.com/company/la-pilates
Principal Machine Learning Engineer Deep Learning at Acceler8 ...,https://california.tarta.ai/j/L-GNHYYBH2nBUJTFsgzR0223-principal-machine-learning-engineer-deep-learning-in-la-habra-california-at-acceler8-talent
HOSKINS EQUIPMENT LLC | LinkedIn,https://www.linkedin.com/company/hoskins-equipment-llc
Pizza Delivery Driver/Cook - Atomic Pizza | La Habra- CA,https://www.simplyhired.com/job/WePx85HblWAzHwTzmey3JywMTCWPOm8RWk3WFZjRFCDJdOQ2AraeVA
Park Regency Retirement | LinkedIn,https://www.linkedin.com/company/park-regency-retirement
eLibrary | OC Public Libraries,https://ocpl.org/elibrary
The Future of Jobs Report 2020 | weforum.org,https://www3.weforum.org/docs/WEF_Future_of_Jobs_2020.pdf
Regal Jobs & Careers | Regal Theaters,https://www.regmovies.com/static/en/us/about/job-opportunities
0 Web Development Jobs for Freshers in Habra- Feb | Internshala,https://internshala.com/fresher-jobs/web-development-jobs-in-Habra/
Preschool Teacher Job Opening in La Habra- CA at Dream-I ...,https://www.salary.com/job/dream-i-education/preschool-teacher/a3879850-8d43-4adf-a004-a8d74a16f57c
Health - Best Buy Jobs,https://jobs.bestbuy.com/health
Engineering | Careers | Splunk,https://www.splunk.com/en_us/careers/engineering.html
Wells Fargo: It all begins with you,https://www.wellsfargojobs.com/en/
Pharmacy Customer Service Associate at WALGREENS,https://jobs.walgreens.com/en/job/la-habra/pharmacy-customer-service-associate/1242/42992872480
Business Intelligence (BI) Tools | Microsoft Azure,https://azure.microsoft.com/en-us/solutions/business-intelligence/
Horizon Enterprise- Inc. Careers- Perks + Culture | Built In,https://builtin.com/company/horizon-enterprise-inc
Columbus City Schools / Homepage,https://www.ccsoh.us/
Brendan Rossmango - La Habra- California- United States,https://ca.linkedin.com/in/brendan-rossmango-572967195
Isabela From Ecuador Reviews Turing.com: 'You Can Find Time To ...,https://www.turing.com/blog/turing-review-from-isabela-from-ecuador/
How Robots Change the World - What automation really means for ...,https://www.oxfordeconomics.com/resource/how-robots-change-the-world/
Southern California University of Health Sciences | SCU,https://www.scuhs.edu/
SchoolSpring Featured Jobs,https://www.schoolspring.com/find/california_teaching_jobs_in_california.cfm
Early Career Programs | SAS,https://www.sas.com/en_us/careers/students-and-graduates/sas-academy.html
Orange County | American Red Cross,https://www.redcross.org/local/california/southern-california/about-us/locations/orange-county.html
Google Machine Learning Engineer Reviews | Glassdoor,https://www.glassdoor.co.in/Reviews/Google-machine-learning-engineer-Reviews-EI_IE9079.0,6_KO7,32.htm
Can robots impact our health? One study says yes – Whittier Daily ...,https://www.whittierdailynews.com/2018/03/24/can-robots-impact-our-health-one-study-says-so/
Yakima School District / Homepage,https://www.ysd7.org/
Data Science Training Course in Habra - Fees- Placements,http://quickxpert.com/data-science-training-course-in-habra
County of Orange Social Services Agency: Home,https://ssa.ocgov.com/
Spartanburg County School District #6,https://www.spart6.org/
Coding Dojo - Coding Bootcamp- Data Science- Cybersecurity,https://www.codingdojo.com/
Ipsen - Innovation for patient care - Ipsen,https://www.ipsen.com/
$22-$36/hr 1ST Class Machinist Jobs in Los Angeles- CA,https://www.ziprecruiter.com/Jobs/1ST-Class-Machinist/-in-Los-Angeles,CA
null | Credit Union Journal | American Banker,https://www.americanbanker.com/creditunions/news/five-more-cu-card-portfoliossold
Learning how to stucco any wood-sided home - YouTube,https://www.youtube.com/watch?v=_GDEBxsooZ8
The Verge,https://www.theverge.com/
Institute of Medical and Business Careers | Official Site,https://imbc.edu/
Wayne Perry - Wayne Perry,https://wpinc.com/
Tweets with replies by Patricia Vitoria (@VcPatricia) / Twitter,https://mobile.twitter.com/VcPatricia/with_replies
25 Highest Rated Sewing Tutors Near Carson- CA,https://www.wyzant.com/Carson_CA_sewing_lessons.aspx
Georgia Highlands Medical Services,https://www.ghms-inc.org/
Google Software Engineer(Internship) Interview Questions,https://www.glassdoor.ca/Interview/Google-Interview-Questions-E9079.htm?filter.jobTitleExact=Software+Engineer%28Internship%29
(PDF) ASAX: Software architecture and rule-based language for ...,https://www.researchgate.net/publication/225127512_ASAX_Software_architecture_and_rule-based_language_for_universal_audit_trail_analysis
Google Quantitative Analyst Interview Questions | Glassdoor,https://www.glassdoor.co.uk/Interview/Google-Quantitative-Analyst-Interview-Questions-EI_IE9079.0,6_KO7,27.htm
Live Encounters Poetry & Writing Volume Two December 2018 by ...,https://issuu.com/liveencounters/docs/le_p_w_dec_vol_two_2018
Top 10 Best Car Paint Job in West Covina- CA - December 2022 - Yelp,https://www.yelp.com/search?find_desc=car+paint+job&find_loc=West+Covina%2C+CA
BiocViews - Bioconductor,https://www.bioconductor.org/packages/devel/BiocViews.html#___ResearchField
BiocViews - Bioconductor,https://bioconductor.org/packages/devel/BiocViews.html#___Technology
Tweets with replies by Shibani Mukerji (@NeuroIDdoc) / Twitter,https://twitter.com/NeuroIDdoc/with_replies
Replying to @tsherpaa HOW TO GET A JOB IN TECH and PARLAY ...,https://www.tiktok.com/@durumalarms/video/7161579541528546606
University of Michigan on The Conversation,https://theconversation.com/institutions/university-of-michigan-1290?page=12
HTML Sitemap - April 2000 Page 28 - Los Angeles Times,https://www.latimes.com/sitemap/2000/4/p/28
$1; 35 &/ /($51-1* *8-'(,http://www.etsit.upm.es/fileadmin/documentos/servicios/internacionales/extranjeros/Syllabus_MSTC/Big_Data/GA_09AT_93000944_2S.pdf
$1; 35 &/ /($51-1* *8-'(,https://www.etsit.upm.es/fileadmin/documentos/servicios/internacionales/extranjeros/Syllabus_MUIT_2/Machine_Learning_and_Multimedia_Datascience/GA_09AQ_93001071_1S_2020-21.pdf
Top 10 Best Appliance Repair in La Palma- CA | Angi,https://www.angi.com/companylist/us/ca/la-palma/appliance-repair.htm
Cross-Lingual Word Sense Disambiguation for Low-Resource ...,https://search.proquest.com/openview/9c9e603ef53e92e3b0185b4a672e2cd0/1?pq-origsite=gscholar&cbl=18750&diss=y
Políticas de Uso de la Biblioteca | Harris County Public Library,https://www.hcpl.net/es/services/library-use-policies
Kentucky SBDC Presentation,https://www.slideshare.net/KAED1/kentucky-sbdc-presentation
A Museum in a Book: Analyzing Culture Through Decolonizing Arts ...,https://digitalcommons.chapman.edu/cgi/viewcontent.cgi?article=1011&context=theatre_articles
T3EP14: ¿Se convertirá el machine learning en un problema social ...,https://anchor.fm/let-swift-podcast/episodes/T3EP14-Se-convertir-el-machine-learning-en-un-problema-social-e1paav7
ANX-PR/CL/001-01 LEARNING GUIDE,https://www.upm.es/comun_gauss/publico/guias/2020-21/1S/GA_09AQ_93000820_1S_2020-21.pdf
