Title,URL
Jobs in Achalpur - Check Latest (61) Job Openings (February 2023 ...,https://www.quikr.com/jobs/achalpur+zwqxj760939060
Pushkar Nandgaonkar - Machine Learning Engineer - SofStack ...,https://in.linkedin.com/in/pushkar-nandgaonkar-57b74312a
Anup Dudani - Senior Software Engineer - Big Data - ServiceNow ...,https://www.linkedin.com/in/anupdudani
Government Industrial Training Institute- Achalpur- Dist: Amravati | ITI ...,https://iti.directory/amravati/government-industrial-training-institute-achalpur-dist-amravati
List of Top Institutes For ITI in Achalpur City - Best Government ITI ...,https://www.justdial.com/Amravati/Institutes-For-ITI-in-Achalpur-City/nct-10269316
M.Tech.Data Science & Engineering – BITS Pilani,https://bits-pilani-wilp.ac.in/m-tech/cluster/data-science-and-engineering.php
Top Tutorials in Achalpur City - Best Private Tutorials - Justdial,https://www.justdial.com/Amravati/Tutorials-in-Achalpur-City/nct-10502492/page-3
For what vegetable do people throw away the outside- cook the ...,https://www.toppr.com/ask/en-us/question/for-what-vegetable-do-people-throw-away-the-outside-cook-the-inside-eat-the-outside/
Finlay Mills Salaries in India | AmbitionBox,https://www.ambitionbox.com/salaries/finlay-mills-salaries/achalpur-location
Hire Best Freelance Software Developers in Bengaluru | Arc,https://arc.dev/remote-freelance-developers/bengaluru/software
reliance retail Jobs,https://www.naukri.com/reliance-retail-jobs
Users - MSSDS,https://kaushalya.mahaswayam.gov.in/users/find_center
ICICI Bank Salaries in India | AmbitionBox,https://www.ambitionbox.com/salaries/icici-bank-salaries/achalpur-location/supply-chain-department
Electrical Engineering Fresher Required In B Ajaj Motors 827 483 ...,https://www.yuvajobs.com/jobs-vacancy-electrical-engineering-fresher-required-in-b-ajaj-motors-827-483-44-16-idealcrew-technology-14258940.html
Keshav Mahavidyalaya,https://keshav.du.ac.in/
Python Packages for PDF Data Extraction | by Rucha Sawarkar ...,https://medium.com/analytics-vidhya/python-packages-for-pdf-data-extraction-d14ec30f0ad0
WedJobs: Find the Perfect Job in the Indian Wedding Industry,https://wedjobs.in/
India,https://jfairs.com/jobs/index.php?mod=search&location=99&locationName=India
Akola District | Secure- Scalable and Sugamya Website as a Service ...,https://akola.gov.in/
Careers - Ecom Express,https://ecomexpress.in/careers/
Jana Small Finance Bank | Online Banking and Financial Services,https://www.janabank.com/
Deloitte Women in Cloud | Deloitte,https://www.deloitte.com/global/en/about/people/social-responsibility/deloitte-women-in-cloud.html
Welcome To Government Polytechnic- Nagpur,https://www.gpnagpur.ac.in/
Discover Pesticide- Fertilizer- and Other Agricultural Chemical ...,https://www.dnb.com/business-directory/company-information.pesticide_fertilizer_and_other_agricultural_chemical_manufacturing.in.maharashtra.html
District Balrampur- Government of Chhattisgarh | Anokha Balrampur ...,https://balrampur.gov.in/
Acnmicroproject-220816170055-de209d68 - GOVERNMENT ...,https://www.studocu.com/in/document/government-polytechnic-nagpur/computer-engineering/acnmicroproject-220816170055-de209d68/40591395
MSC BANK,https://www.mscbank.com/
Molding Machines in Nagpur- मोल्डिंग मशीन- नागपुर- Maharashtra ...,https://dir.indiamart.com/nagpur/molding-machines.html
Careers in Nagpur - Join Our Team of Ideapreneurs in Nagpur ...,https://www.hcltech.com/careers/nagpur
Aditya Rajesh Daga - phone & email - Plasti Surge Industries Pvt ...,https://www.easyleadz.com/people/aditya-rajesh-daga-2494971
India Convergence of Agricultural Interventions in Maharashtra's ...,https://www.ifad.org/documents/38711624/40330090/India%201100001470:%20C-AIM%20Project%20Completion%20Report/8cda4a63-3dd3-bd41-be93-106f3e544bc4
The Threads Unnoticed - A craft documentation of Panja Dhurrie ...,https://issuu.com/paahiniagarwal9622/docs/digi__1_
https://manuu.ac.in/DistanceMode/despatch%20list%2...,https://manuu.ac.in/DistanceMode/despatch%20list%20of%20ma%20urdu%201st%20yr%20500%20articles%20dt.%20%208.6.16.xls
Sant Gadge Baba Amravati University- Amravati- Maharashtra- India,https://www.sgbau.ac.in/
Nira Solar - Wholesale Sellers of Growatt Solar PV Inverter ...,https://www.indiamart.com/nira-solar-structure/
Elp Meaning In Indian Railway Station,https://fullforms.tuteehub.com/abbreviation/elp-meaning-in-indian-railway-station-2264295
Siddhant Deshmukh – Development Engineer – Intenta GmbH ...,https://de.linkedin.com/in/siddhant-deshmukh-1303
Top Machine Learning and Artificial Intelligence Colleges in India ...,https://www.jagranjosh.com/colleges/law/machine-learning-and-artificial-intelligence-engineering
First Name Father/Husband First Name Address State PINCode ...,https://www.tcs.com/content/dam/tcs/pdf/discover-tcs/investor-relations/faq/unclaimed_dividend_details_for_2013/FinancialYear10-11/TCS%20First%20Interim%20Dividend%20for%202010-11.pdf
NTCL :: National Textile Corporation Limited (NTC),https://www.ntcltd.org/photo_details1.aspx?id=JdPp8b6L2lCX22U10LfFtQ==&name=ZFB1Fn3E45XdXIzAQHnch7mC/gM1t5dm5Bja+QoBtJetxY31JPmSGy75c6nxO9cWKiWFAcvut/lBnMydw+Wb0ikKanw10wboL4kfAP0zLqImbfYwD26qp5N9MA4pTZ+LSBmPC4T3ydkikg3ZZlQMREs/O0WdLtgSsYCc0DjNPQE=
ANNUAL REPORT 2018-19,https://texmin.nic.in/sites/default/files/Textiles-AnnualReport2018-2019%28English%29.pdf
Best CBSE Schools in Paratwada- Maharashtra - Podar International ...,https://www.podareducation.org/school/paratwada
BS Patil Arts & Commerce College Paratwada- Amravati: Admission ...,https://school.careers360.com/schools/bs-patil-arts-commerce-college-achalpur-camp-paratwada
Identification of the Breeding Range of the Hooded Crane | Request ...,https://www.researchgate.net/publication/338953802_Identification_of_the_Breeding_Range_of_the_Hooded_Crane
