Title,URL
Find jobs by job category,https://www.amazon.jobs/search-jobcategory
Sekhri's Academy | Immigration | Infotech | LinkedIn,https://www.linkedin.com/company/sekhris
Machine Learning Training Course in Batala - Fees- Placements,http://quickxpert.in/machine-learning-course-in-batala
Baring Union Christian College- Batala,https://buccbatala.org/
Careers - Butterfly Network,https://www.butterflynetwork.com/careers
Urgent: Requirements hyundai Jobs in Batala - February 2023 - 290 ...,https://in.jooble.org/jobs-requirements-hyundai/Batala
upGrad hiring Admissions Counselor in Batala - Join leading startup,https://earlytutors.com/jobs/upgrad-admissions-counselor-in-batala-pb/
institute for machine tools technology,https://imttbatala.com/
Page 9 - School Jobs In Batala Punjab - 911 School Job Vacancies ...,https://www.naukri.com/school-jobs-in-batala-punjab-9
Jagdeep Foundry Batala Reviews by 2 Employees | AmbitionBox,https://www.ambitionbox.com/reviews/jagdeep-foundry-reviews/batala-location
SL Bawa DAV College Batala Librarian and AP Proven 5 ...,https://www.gyanmalalibrary.com/sl-bawa-dav-college-batala-librarian.html
Rolling Shutters Making Machine in Batala- रोलिंग शटर मेकिंग मशीन ...,https://dir.indiamart.com/batala/rolling-shutters-making-machine.html
Top Computer Classes in Batala City - Best Computer Training ...,https://www.justdial.com/Batala/Computer-Training-Institutes-in-Batala-City/nct-10124277
Find Manufacturing Companies in Batala - Dun & Bradstreet,https://www.dnb.com/business-directory/company-information.manufacturing.in.punjab.batala.html
Top Embroidery Job Works in Batala City - Best Embroidery Works ...,https://www.justdial.com/Gurdaspur/Embroidery-Job-Works-in-Batala-City/nct-10187270
Electronics | September-1 2021 - Browse Articles,https://www.mdpi.com/2079-9292/10/17
Gear Head Lathe Machine in Batala- गियर हेड लेथ मशीन- बटाला- Punjab,https://dir.indiamart.com/batala/gear-head-lathe-machine.html
Processing frameworks for Hadoop – O'Reilly,https://www.oreilly.com/content/processing-frameworks-for-hadoop/
Top 10 Tailoring Classes in Batala- Stitching- Sewing Courses ...,https://www.sulekha.com/tailoring-training/batala
81 Maths 10th Jobs and Vacancies - 5 February 2023 | Indeed.com,https://in.indeed.com/Maths-10th-jobs
Lathe - Wikipedia,https://en.wikipedia.org/wiki/Lathe
The Stalwart International School- Batala | Batala,https://www.facebook.com/TheSWISofficial/
Ukheshe | LinkedIn,https://uk.linkedin.com/company/ukheshetech
Content Writing (Technical) work from home job/internship at ...,https://internshala.com/internship/detail/content-writing-technical-work-from-home-job-internship-at-keyideas-infotech-private-limited1673080326
Fibroscan (Transient Elastography) for the Measurement of Liver ...,https://www.ncbi.nlm.nih.gov/pmc/articles/PMC3594956/
Jobs in Batala - Check Latest (84) Job Openings (February 2023 ...,https://www.quikr.com/jobs/batala+zwqxj760939060
Deaf daughter denied admission- Batala mum opens own institute,https://www.tribuneindia.com/news/punjab/deaf-daughter-denied-admission-batala-mum-opens-own-institute-448675
Difference between HTML and HTML5 - GeeksforGeeks,https://www.geeksforgeeks.org/difference-between-html-and-html5/
BATALA CAMPUS – I.K. Gujral Punjab Technical University Jalandhar,https://ptu.ac.in/batala-campus/
Happy Scribe: Audio Transcription & Video Subtitles,https://www.happyscribe.com/
Computer institute near me Batala Punjab,https://www.emaxindia.in/computer-institute-near-me-batala-punjab/
7.5kW Semi Automatic Rolling Shutter Making Machine- Job ...,https://www.indiamart.com/proddetail/rolling-shutter-making-machine-23545291197.html
Top Engineers - Manufacturer of Lathe Machine & Grinding Machine ...,https://www.indiamart.com/topengineers-punjab/
Friends Academy | Batala,https://m.facebook.com/people/Friends-Academy/100047288065987/
No country for foundries anymore - The Economic Times,https://economictimes.indiatimes.com/industry/indl-goods/svs/metals-mining/no-country-for-foundries-anymore/articleshow/55627821.cms
M.Tech.Data Science & Engineering – BITS Pilani,https://bits-pilani-wilp.ac.in/m-tech/cluster/data-science-and-engineering.php
Best computer courses | 7 courses for undergrad aspirants,https://ischoolconnect.com/blog/best-computer-courses-for-undergrad-aspirants-and-how-to-pick-one/
Batala Steel Processor P Ltd - Email & Phone of top management ...,https://www.easyleadz.com/company/batala-steel-processor-p
Taper Turning On Lathe Machine टेपर टर्निंग - YouTube,https://www.youtube.com/watch?v=gkByhlpZBgQ
The Power Behind CorelDRAW Graphics Suite 2021 | Full Tutorial ...,https://www.youtube.com/watch?v=kSQe1fEf4gU
Packing work from home jobs? Real or Fake? - YouTube - YouTube,https://www.youtube.com/watch?v=wF_YC_5-WRg
Spring Patti / Leaf Bending Machine With Single Phase Motor ...,https://www.youtube.com/watch?v=682qVWrbxH4
BharatPe for Merchants - bharatpe app kaise use kare | bharatpe ...,https://www.youtube.com/watch?v=Y_HMYc8yYGI
Clean Up Song | CoComelon Nursery Rhymes & Kids Songs ...,https://www.youtube.com/watch?v=v1rBxf4VgaA
G D A nursing course - general duty assistant,https://www.youtube.com/watch?v=pOZ1HPeQ4M0
JavaScript Tutorial In Hindi - YouTube,https://www.youtube.com/watch?v=hKB-YGF14SY
BIGO TECHNOLOGY PTE. LTD.,https://www.bigo.sg/
Sap Basis Mca Computer Jobs in India - TimesJobs,https://www.timesjobs.com/jobskill/sap-basis-mca+computer-jobs
Several teams formed to nab Pathankot car snatchers: Police - Early ...,http://www.earlytimes.in/newsdet.aspx?q=247796
JKSAC submits memorandum to Parliamentary sub- committee ...,http://www.earlytimes.in/newsdet.aspx?q=115062
https://www.gutenberg.org/files/32231/32231-0.txt,https://www.gutenberg.org/files/32231/32231-0.txt
Apply for Honorary LL.D. Award for Lawyers from Bombay High ...,https://sites.google.com/site/honorarydegreeacademics/apply-for-honorary-ll-d-award-for-lawyers-from-bombay-high-court-district-court-session-court-and-bar-council
Preface The EU-INDIA Cross-Cultural Innovation Network The EU ...,https://citeseerx.ist.psu.edu/document?repid=rep1&type=pdf&doi=ee96140af0ef37922b44a7e2e3ed7aefac39e120
The Tribune- Chandigarh- India - Opinions,https://m.tribuneindia.com/2013/20130918/edit.htm
Chandigarh Stories - The Tribune- Chandigarh- India,https://m.tribuneindia.com/2009/20090704/cth1.htm
Ludhiana Stories - The Tribune- Chandigarh- India,https://m.tribuneindia.com/2001/20010729/ldh1.htm
Punjab - The Tribune- Chandigarh- India,https://m.tribuneindia.com/2006/20060502/punjab1.htm
Warranty and discrete preventive maintenance | Request PDF,https://www.researchgate.net/publication/222837624_Warranty_and_discrete_preventive_maintenance
(PDF) Leveraging Six Sigma Disciplines to Reduce Scrap in Indian ...,https://www.researchgate.net/publication/328281068_Leveraging_Six_Sigma_Disciplines_to_Reduce_Scrap_in_Indian_Foundry_SMEs
INDY Week 7.6.16 by Indy Week - Issuu,https://issuu.com/indyweeknc/docs/7.06_flipbook
