Title,URL
148 Dtp Job Vacancies In Chittoor Ap - Naukri.com,https://www.naukri.com/dtp-jobs-in-chittoor-ap
24 Software Engineer jobs in Chittoor- Andhra Pradesh- India,https://in.linkedin.com/jobs/software-engineer-jobs-chittoor
Navya Dass Chittoor - Software Development Engineer - Amazon ...,https://www.linkedin.com/in/navya-dass
Web Development internship in Chittoor with job offer,https://internshala.com/internships/web%20development-internship-in-chittoor/ppo-true/
Best Private Engineering College in Chittoor,https://www.sitams.org/
Internship in Chittoor | Internshala,https://internshala.com/internships/internship-in-chittoor/
25 Machine Learning Jobs and Vacancies in Andhra Pradesh - 3 ...,https://in.indeed.com/Machine-Learning-jobs-in-Andhra-Pradesh
Job Openings and Applications,https://www.zeiss.com/corporate/int/careers/job-openings-and-applications.html
Increase Your Salary With Data Science Skills,https://www.business-science.io/business/2020/04/13/increase-salary-data-science.html
Data Science Course in Chittoor - Best Training Institute - Fees ...,http://quickxpertinfotech.com/data-science-course-in-chittoor
Vimsons Electricals Graduate Trainee Salaries in Chittoor ...,https://www.ambitionbox.com/salaries/vimsons-electricals-salaries/graduate-trainee/chittoor-location
Chittoor District Job Mela 2023,https://education.sakshi.com/en/jobs/pvt-jobs/chittoor-district-job-mela-2023-122674
Hari Hara Suthan Chittoor - Postdoctoral Research Associate ...,https://uk.linkedin.com/in/hari-hara-suthan-chittoor-9875539b
PeopleGrove | Higher Education's First Career Access Platform™,https://www.peoplegrove.com/
Siddharth Institutions invites eligible candidates for appearing in ...,https://www.facultytick.com/2022/02/25/siddharth-institutions-invites-eligible-candidates-for-appearing-in-walk-in-interview-for-the-following-teaching-faculty-positions/
Our Careers | SHL,https://www.shl.com/careers/
Madanapalle Institute of Technology & Science,https://www.mits.ac.in/
Seller Support | Amazon.jobs,https://www.amazon.jobs/en/teams/seller-support
F I Technologies | Chittoor,https://www.facebook.com/FITechnologies/
Hands-On Workshop on Data Science and Machine Learning | Sri ...,https://www.codingninjas.com/events/hands-on-workshop-on-data-science-and-machine-learning-sri-venkateswara-college-of-engineering-and-technology-chittoor
Apollo University- Chittoor | UG and PG programs | BTech- MBA- BSc ...,https://apollouniversity.edu.in/
Reliance Jiomart jobs in Chittoor- 2020 | jiomart jobs | Jio career -,https://jioguide.com/reliance-jio-jobs-in-chittoor-2020-jio-jobs-jio-career/
Regular Faculty - Indian Institute of Information Technology,https://www.iiits.ac.in/people/regular-faculty/
SIETK College,http://www.sietk.org/
Tableau Training in Mittoor- Chittoor | Sulekha,https://www.sulekha.com/tableau-training/mittoor-chittoor
Raj Reddy - Wikipedia,https://en.wikipedia.org/wiki/Raj_Reddy
IIIT Sri City Chittoor Recruiting Assistant Professors ! Apply Before ...,https://skilloutlook.com/govt-jobs/iiit-sri-city-chittoor-recruiting-assistant-professors-apply-before-04-dec-2021
Alameda County Library,https://aclibrary.org/
KUPPAM ENGINEERING COLLEGE,https://www.kec.ac.in/
Apollo University- Chittoor- partners UoH on medtech,https://www.newstap.in/education/apollo-university-chittoor-partners-university-of-hyderabad-on-medtech-1435356
Government Jobs | NIHFW- New Delhi,https://www.epratibha.net/Notification/government_jobs/1/1/223900000918
MOHAMMED MUNEER AHMED BASHA - Plant Engineer - DAIRY ...,https://ae.linkedin.com/in/mohammed-muneer-ahmed-basha-67ab8a66
(PDF) Scalable Non-Parametric Methods for Large Data Sets ...,https://www.researchgate.net/publication/225297809_Scalable_Non-Parametric_Methods_for_Large_Data_Sets_Scalable_Non-Parametric_Methods_for_Large_Data_Sets
Top 3319 Career Opportunities 2023 - page 6 | INOMICS,https://inomics.com/top/top/executive-senior-industry-position?page=5
Machining Jobs Openings In Gurgaon - TimesJobs.com,https://www.timesjobs.com/jobs-in-gurgaon/machining-jobs
Search results | SDSUnbound,https://digitallibrary.sdsu.edu/islandora/search?type=dismax&f%5B0%5D=mods_name_corporate_namePart_ms%3ABioinformatics%5C%20and%5C%20Medical%5C%20Informatics
Erp Data Jobs in India - TimesJobs,https://m.timesjobs.com/jobskill/erp-data-jobs
Architecture Based Instruction Processing Patents and Patent ...,https://patents.justia.com/patents-by-us-classification/712/200
Novel Big Data Networking Framework Using Multihoming ...,https://downloads.hindawi.com/journals/wcmc/2022/7451582.pdf
