Title,URL
Ganj Basoda- Vidisha- 464221 Branch Contact Information | HDFC ...,https://near-me.hdfcbank.com/branch-atm-locator/hdfc-bank-basoda-banks-ganj-basoda-vidisha-10856/Contact-Us
Internship programme - OECD,https://www.oecd.org/careers/internship-programme/
Branch in Ganj Basoda- Vidisha- 464221 | HDFC Bank,https://near-me.hdfcbank.com/branch-atm-locator/hdfc-bank-basoda-banks-ganj-basoda-vidisha-10856/Home
Aditya Chourasia - Junior Software Engineer - Meet Cable Vision ...,https://au.linkedin.com/in/aditya-chourasia
Ganj Basoda Vidisha 2023-24 Job Vacancy- Vidisha - Recruitment ...,https://www.quikr.com/jobs/ganj-basoda-vidisha+vidisha+zwqxj4157493934
Pacific GeoTech Systems Ltd. | LinkedIn,https://ca.linkedin.com/company/pacific-geotech-systems-ltd.
Atal Bihari Vajpayee Government Medical College- Vidisha,https://gmcvidisha.org/
BHASKAR DUBEY - Assistant Professor - LBS College- Ganjbasoda ...,https://in.linkedin.com/in/bhaskar-dubey-214a7a1b8
Top L.L.B Colleges in Ganj Basoda 2023 – Courses- Fees ...,https://law.careers360.com/colleges/list-of-llb-colleges-in-ganj-basoda
Kendriya Vidyalaya Ganj Basoda- Vidisha: Admission- Fee- Affiliation,https://school.careers360.com/schools/kendriya-vidyalaya-ganj-basoda-vidisha
M.Tech.Data Science & Engineering – BITS Pilani,https://bits-pilani-wilp.ac.in/m-tech/cluster/data-science-and-engineering.php
Olympic Chest Press Machine Retailer from Ganjbasoda,https://www.indiamart.com/roubgymfitnessequipment/chest-machine.html
Vatsalya Public School Ganj Basoda- Ganj Basoda: Admission- Fee ...,https://school.careers360.com/schools/vatsalya-public-school-ganj-basoda
Career at AU Small Finance Bank | Find the Current Job Openings ...,https://www.aubank.in/careers
School of Excellence Ganj Basoda- Vidisha: Admission- Fee- Affiliation,https://school.careers360.com/schools/school-of-excellence-ganj-basoda-vidisha
Post Graduate Programme In Artificial Intelligence And Machine ...,https://bits-pilani-wilp.ac.in/certification-programmes/pgp-ai-ml.php
Legs Smith machine- Weight Stack: 250 Kg at Rs 55500 in ...,https://www.indiamart.com/proddetail/smith-machine-22991022591.html
Laxman Panthi - Data Scientist - Medical Mutual | LinkedIn,https://www.linkedin.com/in/laxmanpanthi
Roub Gym Fitness Equipment- Ganjbasoda - Retailer of Gym ...,https://www.indiamart.com/roubgymfitnessequipment/
Working at Shriram Transport Finance in India: 210 Reviews about ...,https://www.indeed.com/cmp/Shriram-Transport-Finance/reviews?fcountry=IN&ftopic=mgmt&start=20&sort=rating_desc
Azad Pvt Iti in Ganjbasoda - Best Institutes For ITI in Vidisha - Justdial,https://www.justdial.com/Vidisha/Azad-Pvt-Iti-Ganjbasoda/9999P7592-7592-190824132954-C5N8_BZDET
Creative Clicks: Home,https://creativeclicks.com/
Careers | Bandhan bank,https://bandhanbank.com/careers
Untitled,http://ma.eco.utexas.edu/LinkClick.aspx?link=//wate.cfd/72Vsiutexas660
The Sanskaar Valley School - Bhopal,https://www.sanskaarvalley.org/
Sector-wise Training Partners approved by National Skill ...,https://www.aicte-india.org/sites/default/files/NSDC%20approved%20training%20partners%20details.pdf
ISKCON DEVOTEE Marriage | Looking for a devotee girl for self ...,https://www.facebook.com/groups/1186137641780757/posts/1425795551148297/
Untitled,http://www.southnassau.org/Click.aspx?url=//ldqafz.tokyo/143wwwsouthnassauorgBFe651
Tilak (@tweeluck) / Twitter,https://twitter.com/tweeluck
My Chhota School,https://www.mychhotaschool.com/
Recognition of Prior Learning (RPL),https://share.ansi.org/Shared%20Documents/Standards%20Activities/International%20Standardization/India%20SCCP%20II/Workshop%201%20Water%20and%20Sanitation/Presentations/Session%203%20-%20Indian%20Plumbing%20Skills%20Council.pdf
Aboutus Careers | Union Bank of India,https://www.unionbankofindia.co.in/english/aboutus-careers.aspx
Department of Micro- Small & Medium Enterprises,https://mpmsme.gov.in/
Pallavi J. - Director of Digital Engineering - EY | LinkedIn,https://uk.linkedin.com/in/pallavi-j-91a82b7
Punjab National Bank,https://www.pnbindia.in/tender.aspx
SGS Teacher Salaries in India | AmbitionBox,https://www.ambitionbox.com/salaries/sgs-salaries/teacher
LEADERSHIP. EMPOWERMENT. IMPACT.,https://aif.org/wp-content/uploads/2012/11/AR12.pdf
Untitled,https://www.nikonimagespace.com/?u=//amonme.tk/132-ryxdnikoni651
Careers - Ecom Express,https://ecomexpress.in/careers/
Top Machine Learning and Artificial Intelligence Colleges in India ...,https://www.jagranjosh.com/colleges/engineering/machine-learning-and-artificial-intelligence-engineering
Careers in Nagpur - Join Our Team of Ideapreneurs in Nagpur ...,https://www.hcltech.com/careers/nagpur
Untitled,http://odmp.org/link?url=//miebrinar.ml/199-ZhSodmp651
ITI Ganj Basoda in Vidisha- Madhya Pradesh Admission Course List ...,https://www.helpuindia.com/college/iti-ganj-basoda-16893/?page=100&
Republic of India. A Study of the Educational System of India ...,https://files.eric.ed.gov/fulltext/ED054021.pdf
India Reporter- Editor Jobs – Tehrani.com – Comm & Tech Blog,https://blog.tmcnet.com/blog/rich-tehrani/voip/india-reporter-editor-jobs.html
PhonePe ACE - Merchant Onboarding Simplified,https://www.phonepe.com/ace.html
Collaboration Key for Colleges and Universities in 10 Years - The ...,https://evolllution.com/opinions/audio-collaboration-the-name-of-the-game-for-colleges-and-universities-in-10-years/
RP Power | Kohler Power Systems,https://rppower.com/
IMT CDL: Best Distance Learning PGDM Institute in India,https://www.imtcdl.ac.in/
Auction Notices,https://www.hdfcbank.com/personal/resources/important-notices
Development of Novel Hybrid Models for Prediction of Drought-and ...,https://mdpi-res.com/d_attachment/sustainability/sustainability-14-02287/article_deploy/sustainability-14-02287.pdf?version=1645096052
Untitled,http://q961.com/spc/?wptouch_switch=mobile&redirect=//sofirrisurho.tk/199-Yhaq961660
Untitled,https://www.bradfordnh.org/tech/?wptouch_switch=mobile&redirect=//manfmote.tk/180-wwwbradfordnhorgQyI651
Amitabh bachchan reveals what Allahabad means to him - YouTube,https://www.youtube.com/watch?v=2aocOM69QF4
Untitled,http://www.bradfordnh.org/page/11/?wptouch_switch=mobile&redirect=//esovlolansliper.tk/180-wwwbradfordnhorgYKt651
