Title,URL
Page 10 - Machine Jobs In Mumbai Bhiwadi Manesar Rewari Alwar ...,https://www.naukri.com/machine-jobs-in-mumbai-bhiwadi-manesar-rewari-alwar-gurgaon-rajasthan-bawal-delhi-ncr-jaipur-10
Vyas Alwar - Software Engineer - Microsoft | LinkedIn,https://www.linkedin.com/in/vyas-alwar-84342658
Sabhay Jain - Machine Learning Engineer - Proshort | LinkedIn,https://in.linkedin.com/in/sabhay-jain-7296a8182
Digital Marketing internship in Alwar with job offer,https://internshala.com/internships/digital-marketing-internship-in-alwar/ppo-true/
Jayakrishna Alwar - Software Development Engineer III - DP World ...,https://in.linkedin.com/in/jayakrishnaalwar
0 Graphic Design Jobs for Freshers in Alwar- Jan | Internshala,https://internshala.com/fresher-jobs/graphic-design-jobs-in-alwar
Lakshya Bhardwaj - Associate Software Engineer - IndiaMART ...,https://in.linkedin.com/in/lakshya-bhardwaj-1729w
Data scientist salary in Alwar- Rajasthan,https://in.indeed.com/career/data-scientist/salaries/Alwar--Rajasthan
Careers - Metso Outotec,https://www.mogroup.com/corporate/careers/
5 Best Freelance Android App Developers For Hire Near Alwar- IN ...,https://www.upwork.com/l/in/android-app-developers-in-alwar/
AAS Job Register: Current Job Ads,https://jobregister.aas.org/
Data Analyst vs. Data Scientist: Key Difference in 2022 | Simplilearn,https://www.simplilearn.com/tutorials/data-analytics-tutorial/data-analyst-vs-data-scientist
adidas Careers – Through sport- we have the power to change lives ...,https://careers.adidas-group.com/jobs?brand=adidas&locale=en
MITRC Alwar,https://www.mitrc.ac.in/academics/departments/cse/home
Masco job opportunities: Careers at Masco,https://jobs.masco.com/us/en/
Genpact | Transformation Happens Here,https://www.genpact.com/
Hoard: A Distributed Data Caching System to Accelerate Deep ...,https://www.researchgate.net/publication/329387914_Hoard_A_Distributed_Data_Caching_System_to_Accelerate_Deep_Learning_Training_on_the_Cloud
Chegg "tutors" Reviews | Glassdoor,https://www.glassdoor.com/Reviews/Chegg-tutors-Reviews-EI_IE237819.0,5_KH6,12.htm
UST Collaborates with Intel and SAP to Digitize the Industry 4.0 ...,http://www.uniindia.com/ust-collaborates-with-intel-and-sap-to-digitize-the-industry-4-0-journey-for-malaysian-smes/prnewswire/news/2874472.html
Google Reviews: What Is It Like to Work At Google? | Glassdoor,https://www.glassdoor.ca/Reviews/Google-Reviews-EI_IE9079.0,6.htm
Recent Patents in Signal Processing (July 2014) - Lidar based ...,https://signalprocessingsociety.org/newsletter/2014/07/recent-patents-signal-processing-july-2014-lidar-based-environment-perception-and
1 TPRS Enterprises Assistant Manager Sales & Marketing Interview ...,https://www.ambitionbox.com/interviews/tprs-enterprises-private-limited-interview-questions/assistant-manager-sales-and-marketing
Google Quantitative Analyst Interview Questions | Glassdoor,https://www.glassdoor.co.uk/Interview/Google-Quantitative-Analyst-Interview-Questions-EI_IE9079.0,6_KO7,27.htm
Research Development Scientist Jobs in Noida - Research ...,https://www.timesjobs.com/jobs-in-noida/research-development-scientist-jobs
Beginner Python lessons,https://www.superprof.co.uk/lessons/python/united-kingdom/beginner/145/
Amazon.com Employment and Reviews | SimplyHired,https://www.simplyhired.com/company/Amazon.com/?l=Kansas+City%2C+KS
Product Security Jobs,https://www.monsterindia.com/search/product-security-jobs
