Title,URL
0 HR Jobs for Freshers in Proddatur- Jan | Internshala,https://internshala.com/fresher-jobs/hr-jobs-in-Proddatur/
6 Best Freelance Data Entry Specialists For Hire Near Proddatur- IN ...,https://www.upwork.com/hire/data-entry-specialists/in/proddatur/
1000+ "Reddy's" profiles | LinkedIn,https://www.linkedin.com/pub/dir/+/Reddy%27s/in-7300-Proddatur-Area,-India
Top Embroidery Job Works in Proddatur - Best Embroidery Works ...,https://www.justdial.com/Proddatur/Embroidery-Job-Works/nct-10187270
Top 10 Tailoring Classes in Proddatur- Stitching- Sewing Courses ...,https://www.sulekha.com/tailoring-training/proddatur
Jobs in Proddatur - Check Latest (179) Job Openings (February ...,https://www.quikr.com/jobs/proddatur+zwqxj760939060
Python Training in Proddatur- Best Python online Course in ...,https://www.sulekha.com/python-programming-training/proddatur
Check Latest 63 Work From Home Jobs Openings In Proddatur ...,https://www.quikr.com/jobs/work-from-home+proddatur+zwqxj2034660499
Top Security Services in Proddatur - Best Security Guard Services ...,https://www.justdial.com/Proddatur/Security-Services/nct-10426615
1 Hvac Site Engineer Job Vacancies In Proddatur - Naukri.com,https://www.naukri.com/hvac-site-engineer-jobs-in-proddatur
S M Software Solutions Inc. | LinkedIn,https://ca.linkedin.com/company/s-m-software-solutions-inc
Data scientist salary in Andhra Pradesh,https://in.indeed.com/career/data-scientist/salaries/Andhra-Pradesh
Sai Rajeswari Institute of Technology- Proddatur,https://www.facebook.com/pages/Sai-Rajeswari-Institute-of-Technology-Proddatur/123655319036720/
Wordpress Course Training Institute In Proddatur- Andhra Pradesh ...,https://www.acesoftech.com/wordpress-course-training-institute-proddatur/
Mitchell Cancer Institute | USA Health,https://www.usahealthsystem.com/locations/mitchell-cancer-institute
Srinivasa Institute of Pharmaceutical Sciences- Proddatur ...,https://collegedunia.com/college/58523-srinivasa-institute-of-pharmaceutical-sciences-proddatur/placement
Maxi Construction Limited | LinkedIn,https://uk.linkedin.com/company/maxi-construction-limited
20 Best positive health science pvt ltd jobs (Hiring Now ...,https://www.simplyhired.co.in/search?q=positive+health+science+pvt+ltd
Quest Global: We strive to be the most trusted partner for the world's ...,https://www.quest-global.com/
K. Sudhir (@ksudhir1) / Twitter,https://twitter.com/ksudhir1
Gouthami Inst Of Technology Mgmt For Women-Proddatur- Andhra ...,https://www.shiksha.com/college/gouthami-inst-of-technology-mgmt-for-women-proddatur-andhra-pradesh-other-60755/courses
VBIT-Vignana Bharathi Institute of Technology Proddatur,https://www.university.youth4work.com/VBIT_Vignana-Bharathi-Institute-of-Technology-Proddatur
Top 7 Python ETL Tools To Learn - GeeksforGeeks,https://www.geeksforgeeks.org/top-7-python-etl-tools-to-learn/
Sai Rajeswari Institute of Technology- Proddatur,https://m.facebook.com/people/Sai-Rajeswari-Institute-of-Technology-Proddatur/100057232488511/
Chinese- Bangladeshi Staff Jointly Make "Bridge of Dreams" Come ...,https://www.youtube.com/watch?v=lHRJyGnjxKw
Vaagdevi Engineering College Proddatur AlumniNews 2K10 Best ...,https://www.youtube.com/watch?v=f9rKf4V2ebA
HISTORY - DAY - 20 | APPSC | UPSC | SSC | RRB |by Dr ...,https://www.youtube.com/watch?v=uuP-1IWG4-M
Netafim: Irrigation Services & Solutions,https://www.netafimindia.com/
Santosh Mehta - Veltech Dr.RR Dr.SR University - Chennai- Tamil ...,https://np.linkedin.com/in/santosh-mehta-48435b1ba
Working At VMware,https://careers.vmware.com/
Indian Social Entrepreneurs | SpringerLink,https://link.springer.com/chapter/10.1007/978-81-322-2827-1_4
