Title,URL
Machine Learning Course in Jamnagar - Best Training Institute ...,http://quickxpertinfotech.com/machine-learning-course-in-jamnagar
Jamnagar Brass Parts Ltd | LinkedIn,https://in.linkedin.com/company/jamnagar-brass-parts-ltd
Find a job at ASSA ABLOY | ASSA ABLOY,https://www.assaabloy.com/career/en/open-positions
Senor Metals Pvt. Ltd. - Unit - II | LinkedIn,https://in.linkedin.com/company/senormetalsunit2
Careers at CME Group,https://www.cmegroup.com/careers.html
162 Jobs and Vacancies in Jamnagar- Gujarat - 6 February 2023 ...,https://in.indeed.com/jobs-in-Jamnagar,-Gujarat
0 Content Writing Jobs for Freshers in Jamnagar- Jan | Internshala,https://internshala.com/fresher-jobs/content-writing-jobs-in-jamnagar/
Careers at Apple,https://www.apple.com/careers/in/
Best Google Cloud Platform (GCP) Courses & Certifications [2023 ...,https://www.coursera.org/courses?query=gcp
Careers at Ansys: Opportunities and Culture | Ansys,https://www.ansys.com/careers
Urgent: Internship months Jobs in Jamnagar - February 2023 - 43 ...,https://in.jooble.org/jobs-internship-months/Jamnagar
WHO Global Centre for Traditional Medicine,https://www.who.int/initiatives/who-global-centre-for-traditional-medicine
Machine Learning Jobs in Ahmedabad- Gujarat (Feb 2023) - 27 ...,https://www.shine.com/job-search/machine-learning-jobs-in-ahmedabad
Jamnagar - Wikipedia,https://en.wikipedia.org/wiki/Jamnagar
15788 Deep Learning Jobs Openings in India,https://www.timesjobs.com/jobskill/deep-learning-jobs
Shailja Goyal on LinkedIn: Delighted to share that I successfully ...,https://www.linkedin.com/posts/sgoyal17_delighted-to-share-that-i-successfully-passed-activity-6783528704527233024-GUC4?trk=public_profile_like_view
Concept of climate smart villages using artificial intelligence ...,https://www.researchgate.net/publication/365603152_Concept_of_climate_smart_villages_using_artificial_intelligencemachine_learning
MANISH VISHWAKARMA - Deputy Chief Engineer - Fichtner ...,https://eg.linkedin.com/in/manish-vishwakarma-66482032
IIT- NIT & BITS Placements | Facebook,https://www.facebook.com/groups/placementplatform/?locale=fr_FR
Product Security Jobs,https://www.monsterindia.com/search/product-security-jobs
10 Krishna Institute of Engineering and Technology- Ghaziabad ...,https://www.ambitionbox.com/colleges/krishna-institute-of-engineering-and-technology-ghaziabad-placement-interview-questions
Erp Data Jobs in India - TimesJobs,https://m.timesjobs.com/jobskill/erp-data-jobs
Read Business Today Articles from 14-Jun-20 | Scribd,https://www.scribd.com/issue/463398166/14-Jun-20
