Title,URL
C++ SWE (Apple Neural Engine - ML Acceleration team) - Careers ...,https://jobs.apple.com/en-us/details/200205376/c-swe-apple-neural-engine-ml-acceleration-team
Hardware - Careers at Apple,https://www.apple.com/careers/us/hardware.html
Hardware Design Engineer Intern - San Jose- California ... - Roku Jobs,https://www.weareroku.com/jobs/hardware-design-engineer-intern-san-jose-california-united-states
Hardware - Careers at Apple (IN),https://www.apple.com/careers/in/teams/hardware.html
Jobs at NVIDIA | NVIDIA Careers,https://www.nvidia.com/en-us/about-nvidia/careers/
What Is a Hardware Engineer? How to Become One- Salary- Skills ...,https://builtin.com/learn/careers/hardware-engineer
Jobs | Careers | Autonomous Vehicle Companies | Cruise,https://getcruise.com/careers/jobs/
Hardware Engineering jobs at Microsoft,https://careers.microsoft.com/us/en/c/hardware-engineering-jobs
Search Hardware Research and Development Jobs at Intel,https://jobs.intel.com/en/search-jobs/Hardware%20Research%20and%20Development/599/1
Careers | Google Quantum AI,https://quantumai.google/team/careers
142 Hardware Resources jobs in United States (6 new),https://www.linkedin.com/jobs/hardware-resources-jobs
Research jobs | Research jobs at Microsoft,https://careers.microsoft.com/us/en/c/research-jobs
4-000+ Hardware Architect jobs in United States (49 new),https://www.linkedin.com/jobs/hardware-architect-jobs
INTEL Hardware Engineer Jobs (Now Hiring) Near Me,https://www.ziprecruiter.com/co/Intel/Jobs/Hardware-Engineer
Best Hardware Engineer Jobs In Seattle 2023 | Built In Seattle,https://www.builtinseattle.com/jobs/dev-engineering/hardware
Apple Hardware Engineer Jobs | Glassdoor,https://www.glassdoor.com/Jobs/Apple-hardware-engineer-Jobs-EI_IE1138.0,5_KO6,23.htm
Find Hardware Engineers Jobs,https://hired.com/jobs/hardware-engineer
Software Development Engineer - AI/ML - AWS AI - Job ID: 1865677 ...,https://www.amazon.jobs/jobs/1865677/software-development-engineer--aiml--aws-ai
314 Qualcomm Hardware Engineer jobs in India (7 new),https://in.linkedin.com/jobs/qualcomm-hardware-engineer-jobs
Senior Product Manager- Hardware- Project Starline - Google ...,https://careers.google.com/jobs/results/112869339196990150-senior-product-manager-hardware-project-starline/?hl=pl
Best Hardware Engineer Jobs In Boston 2023 | Built In Boston,https://www.builtinboston.com/jobs/dev-engineering/hardware
Plumber: Diagnosing and Removing Performance Bottlenecks in ...,https://arxiv.org/pdf/2111.04131
Best Hardware Courses & Certifications [2023] | Coursera,https://www.coursera.org/courses?query=hardware
Hardware Club: Home page,https://www.hcvc.co/
Best Hardware Jobs In Chicago 2023 | Built In Chicago,https://www.builtinchicago.org/jobs/hardware-industry
[AISWorld] ScaDL 2022 - Call for Papers,https://lists.aisnet.org/pipermail/aisworld_lists.aisnet.org/20211123/043008.html
17 Hardware Intern jobs in United Kingdom,https://uk.linkedin.com/jobs/hardware-intern-jobs
982 Hardware Engineer jobs in Armenia (291 new),https://am.linkedin.com/jobs/hardware-engineer-jobs
Valve Corporation,https://www.valvesoftware.com/
Computer Hardware Jobs - 2023 | Indeed.com,https://uk.indeed.com/Computer-Hardware-jobs
AI Hardware & Edge AI Summit 2023,https://www.aihardwaresummit.com/
Hardware Digital Design & Verification Internship ... - Qualcomm Jobs,https://qualcomm.dejobs.org/bridgewater-nj/hardware-digital-design-verification-internship-summer-2023/C91BA61C127B49EFB8510B6CAB7B5301/job/?utm_campaign=Think%20Beyond%20The%20Label&utm_medium=Disability&utm_source=Think%20Beyond%20The%20Label-DE
Highest Paying Hardware Engineer Jobs in San Diego- CA | Ladders,https://www.theladders.com/jobs/hardware-engineer-jobs,san-diego-ca
The cost of “computational debt” in machine learning infrastructure ...,https://towardsdatascience.com/the-cost-of-computational-debt-in-machine-learning-infrastructure-228a95516047
Hardware Engineer Jobs | Wellfound (formerly AngelList Talent),https://angel.co/role/hardware-engineer
Hardware Logic Designer at INFUSEmedia,https://startup.jobs/hardware-logic-designer-infusemedia-2-4089472
Computer Hardware Engineer Careers & Job Skills ...,https://www.computerscience.org/careers/computer-hardware-engineer/
BIG Computer Science Bundle! (Machine Learning- Hardware ...,https://www.tes.com/teaching-resource/big-computer-science-bundle-machine-learning-hardware-and-software-ai-etc-12759325
87 Hardware Engineer Jobs in Karachi - 5 February- 2023 | Indeed ...,https://pk.indeed.com/q-hardware-engineer-l-karachi-jobs.html
Ace Careers: Homepage,https://careers.acehardware.com/
Job opportunity: Hardware System Engineer,https://vastdata.com/careers/co/tel-aviv/74.12D/hardware-system-engineer/all/
Find a job | Careers at Sony,https://www.sonyjobs.com/jobs.html
PlayStation careers (UK),https://www.playstation.com/en-gb/corporate/playstation-careers/
Hardware Design Engineer - Akka Technologies,https://www.akka-technologies.com/people-careers/job-offer/hardware-design-engineer/
Engineering | Life at Spotify,https://www.lifeatspotify.com/job-categories/engineering
AI and Compute,https://openai.com/blog/ai-and-compute/
31 Hardware Engineer jobs in Afghanistan,https://af.linkedin.com/jobs/hardware-engineer-jobs-houston?trk=guest_job_search_related_jserp_link
Intel | Data Center Solutions- IoT- and PC Innovation,https://www.intel.com/content/www/us/en/homepage.html
20 Hardware Engineer jobs in Reunion (1 new),https://re.linkedin.com/jobs/hardware-engineer-jobs
Information Technology ISSN - CTE,https://cte.haverhill-ps.org/programs/naf-academy-of-information-technology-issn/
6 Hardware System Engineer jobs in Ireland,https://ie.linkedin.com/jobs/hardware-system-engineer-jobs
2-044 Embedded Hardware Engineer Jobs and Vacancies in India ...,https://in.indeed.com/Embedded-Hardware-Engineer-jobs-in-India
AI Hardware | IBM Research,https://research.ibm.com/topics/ai-hardware
45 Hardware Designer jobs in Greater Regina Metropolitan Area (1 ...,https://ca.linkedin.com/jobs/hardware-designer-jobs-greater-regina-metropolitan-area
10 Metaverse Jobs That Will Exist by 2030 | .cult by Honeypot,https://cult.honeypot.io/reads/10-metaverse-jobs-that-will-exist-by-2030/
65 Hardware Engineer jobs in Turku- Southwest Finland- Finland (1 ...,https://fi.linkedin.com/jobs/hardware-engineer-jobs-turku
Hardware Engineer Jobs In San Francisco Bay Area 2023 | Built In ...,https://www.builtinsf.com/jobs/dev-engineering/hardware
28 Hardware In The Loop jobs in Australia,https://au.linkedin.com/jobs/hardware-in-the-loop-jobs
Request a Hardware Asset Refresh,https://docs.servicenow.com/en-US/bundle/tokyo-it-asset-management/page/product/hardware-asset-management/task/hardware-asset-refresh.html
Current job openings at Databricks | Databricks,https://www.databricks.com/company/careers/open-positions
Hardware Architecture Modeling Engineer - Intel - Santa Clara - WIZBII,https://en.wizbii.com/company/intel/job/similar-jobs-hardware-architecture-modeling-engineer
Urgent! Hardware engineer jobs in Germany - February 2023 (with ...,https://jooble.org/jobs-hardware-engineer/Germany
Best Senior Level C++ Jobs In Los Angeles 2022 | Built In Los Angeles,https://www.builtinla.com/jobs/los-angeles/dev-engineering/cpp/senior
Hardware Design Engineer Jobs (with Salaries) 2022 | Indeed.com ...,https://ca.indeed.com/jobs?q=Hardware+Design+Engineer&rbc=Advanced+Micro+Devices,+Inc.&jcid=14872b5be04c1bd6
Explore Career and Job Opportunities | Intuit Careers,https://www.intuit.com/careers/
Job Application for Director of Hardware Engineering at PlayStation ...,https://boards.greenhouse.io/sonyinteractiveentertainmentglobal/jobs/4688612004
How Computers Work: Hardware and Software - YouTube,https://www.youtube.com/watch?v=xnyFYiK2rSY
NCR Global – Digital Banking- POS Systems- Payment Solutions,https://www.ncr.com/
Juniper Careers,https://careers.juniper.net/
Best Hardware Engineering jobs that emphasize delivering a high ...,https://elpha.com/jobs/hardware-engineering/emphasize-delivering-a-high-quality-product;-don%E2%80%99t-ship-it-until-it-really-works
MACHINE LEARNING-BASED MODELING FOR PERFORMANCE ...,https://www.researchgate.net/publication/348047033_MACHINE_LEARNING-BASED_MODELING_FOR_PERFORMANCE_IMPROVEMENT_IN_AN_EXASCALE_SYSTEMS
University of Maryland College Park Employment Site | Search Jobs,https://ejobs.umd.edu/postings/search?commit=Search&page=1&query_organizational_tier_2_id%5B%5D=671&sort=809+asc&utf8=%E2%9C%93
Hardware and Software (video) | Khan Academy,https://www.khanacademy.org/computing/code-org/computers-and-the-internet/how-computers-work/v/khan-academy-and-codeorg-hardware-and-software
Top Drive.ai Alternatives- Competitors,https://www.cbinsights.com/company/driveai/alternatives-competitors
Hardware Jobs - Zaventem - ictjob.be,https://www.ictjob.be/en/search-it-jobs/hardware-zaventem
FPGA Implementation of Hardware Processing Modules As ...,https://repository.hkust.edu.hk/ir/Record/1783.1-82717
Cutting Jobs Openings In Hyderabad - TimesJobs.com,https://www.timesjobs.com/jobs-in-hyderabad/cutting-jobs
Networking Phone Cases for Sale | Redbubble,https://www.redbubble.com/shop/networking+phone-cases
