Title,URL
Data Science Course in Anantnag - Best Training Institute - Fees ...,http://quickxpertinfotech.com/data-science-course-in-anantnag
SMARTKIDS SCHOOL ANANTNAG JOBS 2023 | Jehlum - The Info ...,https://jehlum.in/jobs/smartkids-school-anantnag-jobs-2023/
Jobs in Anantnag - Check Latest (77) Job Openings (February 2023 ...,https://www.quikr.com/jobs/anantnag+zwqxj760939060
SAPHS- Sabir Abdullah Public High School Anantnag,https://www.facebook.com/SapsAnantnag/
Aaqib Rashid - Software Engineer - Infibeam.com | LinkedIn,https://in.linkedin.com/in/aaqib-rashid-05a73a173
Jehlum,https://www.facebook.com/jehlumjk/
Mohsin Wani - Anantnag- Jammu & Kashmir- India | Professional ...,https://in.linkedin.com/in/mohsin-wani-112a0320a
Top 10 Tailoring Classes in Anantnag- Stitching- Sewing Courses ...,https://www.sulekha.com/tailoring-training/anantnag
Kaisar Shabir - Anantnag- Jammu & Kashmir- India | Professional ...,https://in.linkedin.com/in/kaisar-shabir-bb74bb17a
Sameer Ahmad - false : Students particularly who resides around ...,https://www.superprof.ng/students-particularly-who-resides-around-anantnag-can-take-the-benefit-because-computer-today-need.html
Global Document Services - Xerox,https://www.xerox.com/en-us/services
(PDF) Job Satisfaction of Rural and Urban Male and Female Higher ...,https://www.researchgate.net/publication/325660196_Job_Satisfaction_of_Rural_and_Urban_Male_and_Female_Higher_Secondary_School_Teachers_A_Comparative_Study_of_District_Srinagar_and_Anantnag
GMC Anantnag Jobs read details apply now,https://www.homeacademy.in/2022/11/gmc-anantnag-jobs-read-details-apply-now.html
Reliance jio Salaries in Anantnag | AmbitionBox,https://www.ambitionbox.com/salaries/reliance-jio-salaries/anantnag-location
Rauf Bhat - Senior Machine Learning Engineer - Delivery Hero ...,https://www.linkedin.com/in/rauf-bhat-14801093
Bridgestone Global Website,https://www.bridgestone.com/
A survey on diabetes risk prediction using machine learning ...,https://journals.lww.com/jfmpc/Fulltext/2022/11000/A_survey_on_diabetes_risk_prediction_using_machine.50.aspx
Deputy Commissioner Anantnag (@DCAnantnag) / Twitter,https://twitter.com/dcanantnag?lang=en
Find Manufacturing Companies in Anantnag - Dun & Bradstreet,https://www.dnb.com/business-directory/company-information.manufacturing.in.jammu_&_kashmir.anantnag.html
G D Goenka Public School Anantnag,https://gdgoenkaanantnag.com/
Branch in Bijbehara- Anantnag- 192124 | HDFC Bank,https://near-me.hdfcbank.com/branch-atm-locator/hdfc-bank-bijbehara-banks-bijbehara-anantnag-11264/Home
Esri Land Cover,https://livingatlas.arcgis.com/landcover/
Manager-Business-Analysis-and-Planning-Senior-Consultant ...,https://www.techgig.com/jobs/Manager-Business-Analysis-and-Planning-Senior-Consultant/68515381
India - Jobs at Apple (IN),https://jobs.apple.com/en-in/search?location=india-INDC
CRUD - definition & overview | Sumo Logic,https://www.sumologic.com/glossary/crud/
Bookbinder Job Description,https://www.betterteam.com/bookbinder-job-description
Top Computer Classes in Anantnag - Best Computer Training ...,https://www.justdial.com/Anantnag/Computer-Training-Institutes/nct-10124277
Homepage - Kenwal,https://kenwal.com/
Read- Publish- Review | AGU,https://www.agu.org/Publish-with-AGU/Publish/
District Industries Centre - DIC Anantnag,https://m.facebook.com/District-Industries-Centre-DIC-Anantnag-602412380133881/photos/
Super Long Life Edge (Cutting Edge for Snow-Removal Moter Grader),https://www.komatsu.jp/en/-/media/home/aboutus/innovation/technology/techreport/2004/en/153_08_e.pdf?rev=ccec934a10a44d028f2bbbb81d8fe759&hash=C1B132CF13C777AC53252A8D34A2FEE0
Opportunities at PRS,https://prsindia.org/careers/opportunities-at-prs
CUK Holds Lecture On 'Research Prospects In AI & Machine Learning',https://kashmirobserver.net/2022/11/30/cuk-holds-lecture-on-research-prospects-in-ai-machine-learning/
Carestream Dental,https://www.carestreamdental.com/en-in/
Contact Us | Beckman Coulter,https://www.beckmancoulter.com/support/contact-us
Nehru Yuva Kendra Sangathan,https://nyks.nic.in/
HOWL | LinkedIn,https://au.linkedin.com/company/howlaustralia
Head of AI Data and Automation,https://jobs.ericsson.com/job/Calgary-Head-of-AI-Data-and-Automation-Albe/763431302/
CUK holds lecture on 'Research Prospects in Artificial Intelligence',http://risingkashmir.com/cuk-holds-lecture-on-research-prospects-in-artificial-intelligence
Careers- Recruitment- Jobs and Vacancies at IndusInd Bank,https://www.indusind.com/in/en/personal/career.html
Job Satisfaction of Rural and Urban Male and Female Higher ...,http://www.sciencepub.net/researcher/research0505/007_19852research0505_50_53.pdf
HOPE CLASSES ANANTNAG || Ahmad Zuwail sir || New branch of ...,https://www.youtube.com/watch?v=CWMdP89Kwkw
Today Protest In Anantnag Kashmir|Pakistan zindabaad|Hm kya ...,https://www.youtube.com/watch?v=x3td-vp1Dv8
Principal DIET sells poplar trees worth lakhs for peanuts - Early Times,http://www.earlytimes.in/newsdet.aspx?q=189406
Compensation And Benefits Management Jobs in India - 71540 ...,https://www.timesjobs.com/jobskill/compensation-and-benefits-management-jobs
